protein,degree,betweenness,closeness,eigenvector,clustering,OS,P_Ci,GO_Nb,essential,phys_1,phys_2,phys_3,phys_4,phys_5,phys_6,phys_7,phys_8,phys_9,phys_10,N_c,Sim_Loc,Ortho_Sim_Loc
MEL1,1,0.0,0.19667722550642588,1.339685137423511e-07,0.0,0.0,0.0,0.0,0,0.0,0.0,0.0,0.0,0.0,0.0,0.0,0.0,0.0,0.0,0.0,0.0,0.0
YJL092W,7,0.001242600855886685,0.24666368167844682,8.845618490669234e-06,0.0,5.120361083249749,1.0,0.0,0,0.07496,-0.57666,47.88868,8.86456,163.0,177.0,83170.0,0.0,0.61926,7e-05,0.0,0.0,0.5
SSR1,2,2.548055612788053e-05,0.18064612143576442,2.8697753523113043e-08,0.0,0.0,0.0,0.0,0,0.0,0.0,0.0,0.0,0.0,0.0,0.0,0.0,0.0,0.0,0.0,0.0,0.0
YOL132W,2,1.7827488931088657e-05,0.17876339897301285,1.626820790727309e-08,0.0,1.0,0.0,0.0,0,0.11677,-0.37792,37.91106,4.76447,71.0,43.0,56365.0,0.0,1.04744,9e-05,0.0,0.0,0.5
YPL149W,3,0.00021888778955981566,0.22088122740269198,2.088770623448553e-06,0.3333333333333333,1.7476923076923077,0.0,4.3358974358974365,0,0.11224,-0.01973,45.32041,8.64764,28.0,31.0,54805.0,0.0,1.63307,0.00026,0.0,0.0,0.5
YAL001C,5,0.0,0.21482098709919706,1.9530332044059337e-06,1.0,3.0,0.5,6.316666666666666,1,0.07931,-0.51155,31.93959,9.37933,152.0,189.0,135525.0,0.0,1.02588,7e-05,0.6846499175810571,0.2889671908216764,0.5481611984702793
YBR123C,7,0.00011469958993962251,0.23330828068569512,1.0314813361513584e-05,0.5238095238095238,6.561314791403287,1.0,5.623809523809523,1,0.08783,-0.54607,39.94485,5.23065,105.0,86.0,59165.0,0.0,0.80439,7e-05,0.3153500824189429,0.23974612282610783,0.5182696708242246
YDR362C,7,0.00011571872672798201,0.23557752539950425,2.2800969564504287e-05,0.47619047619047616,3.3341772151898734,1.0,9.25,1,0.08631,-0.31592,38.02146,6.15497,87.0,80.0,68645.0,0.0,0.91885,8e-05,0.3153500824189429,0.23974612282610783,0.5359528164450693
YGR047C,10,0.0005413540125150679,0.22549115838536618,6.756804680439119e-06,0.26666666666666666,7.614393125671321,1.0,5.623809523809523,1,0.11024,-0.5759,40.09903,5.13934,181.0,142.0,137615.0,0.0,1.14462,4e-05,0.6846499175810571,0.40640486218295563,0.5266866219983306
YOR110W,18,0.0016319630833026993,0.26373858174437737,9.035705706972953e-05,0.1568627450980392,15.125,1.0,25.47619047619048,1,0.08966,-0.57586,39.77979,4.8277,69.0,46.0,67310.0,0.0,1.36961,0.0001,0.3153500824189429,0.23974612282610783,0.5079254916636731
YPL007C,5,0.0,0.21482098709919706,1.9530332044059337e-06,1.0,3.0,1.0,7.8,1,0.11395,-0.24082,33.0626,5.86932,69.0,61.0,105865.0,0.0,1.56414,9e-05,0.3153500824189429,0.23974612282610783,0.5399576871376847
YAL003W,8,0.00021142419535129272,0.22534130739574296,3.2123244671945794e-05,0.39285714285714285,4.46925566343042,0.0,9.1,1,0.07767,-0.4165,42.12621,4.29535,44.0,20.0,21095.0,0.0,0.9323,0.00019,0.3153500824189429,0.0,0.5
YBR025C,10,0.000411534515662675,0.24318015420508213,8.879462095720672e-05,0.1111111111111111,8.935935935935936,0.0,13.666666666666668,0,0.06853,-0.28858,35.82411,7.05292,57.0,57.0,32150.0,0.0,0.72781,0.00016,0.0,0.0,0.5
YBR118W,8,0.0003073637548596281,0.241395687819699,8.47160703828051e-05,0.2857142857142857,6.66735324407827,0.0,13.0,0,0.0,0.0,0.0,0.0,0.0,0.0,0.0,0.0,0.0,0.0,0.0,0.0,0.5
YKL081W,11,0.0004123561033957788,0.22918408314835828,9.436180864375375e-05,0.2545454545454545,9.326197757390418,0.0,24.666666666666668,0,0.11893,-0.39563,35.82551,7.62738,55.0,56.0,84590.0,0.0,1.81838,0.00016,0.0,0.0,0.5
YKR084C,6,4.320467881072161e-05,0.21199031717204597,6.0316247932626815e-06,0.6,1.9244186046511629,0.0,5.3,0,0.08183,-0.45974,34.45025,5.19598,91.0,70.0,61475.0,0.0,0.89446,8e-05,0.0,0.0,0.5
YOL139C,31,0.001754302233593217,0.2806294025512811,0.001762586478496212,0.18494623655913978,28.149193548387096,0.0,144.82500000000005,1,0.0939,-0.58873,36.70516,5.29108,35.0,26.0,46980.0,0.0,1.93701,0.00022,0.3153500824189429,0.0,0.5
YPL048W,4,0.0,0.1904734327993572,2.144023909582195e-06,1.0,1.0,0.5,0.8999999999999999,0,0.12048,-0.46554,29.73157,8.42938,54.0,57.0,89060.0,0.0,1.89139,0.00018,0.0,0.0,0.5
YPL226W,2,0.0,0.18931999034854508,1.9966010242217447e-06,1.0,1.8450704225352113,0.5,0.3,0,0.08027,-0.51522,37.66807,5.60541,169.0,147.0,139590.0,0.0,1.03916,4e-05,0.0,0.0,0.5
YPR080W,5,6.39942773109775e-06,0.2010639780731401,3.3965471845121835e-06,0.9,0.0,0.0,5.3,0,0.0,0.0,0.0,0.0,0.0,0.0,0.0,0.0,0.0,0.0,0.0,0.0,0.0
YAL004W,2,3.775869960446195e-05,0.2302254481263657,3.6840028515626505e-05,0.0,1.4263233190271818,0.0,0.0,0,0.07907,-0.01814,24.21209,5.23712,21.0,14.0,27750.0,0.0,1.16895,0.00022,0.0,0.0,0.5
YGL181W,43,0.007212088121012776,0.2861862400360659,0.001507087754429092,0.015503875968992248,34.74691358024691,1.0,2.1142857142857143,0,0.09596,-0.86263,55.38997,7.04706,43.0,43.0,37985.0,0.0,0.8554,0.00016,0.0,0.0,0.5
YML109W,30,0.005701981685030227,0.2651026374353815,0.0014224819588433103,0.07816091954022988,21.61995753715499,0.0,77.65119047619046,0,0.04671,-0.84055,49.46688,5.22443,152.0,113.0,49070.0,0.0,0.46514,5e-05,0.0,0.0,0.5
YAL005C,11,0.0009497991212347309,0.2526581449690791,6.62758746967155e-05,0.10909090909090909,9.847628657921291,0.0,6.248626373626372,0,0.06075,-0.43847,32.08911,4.99786,100.0,79.0,20775.0,0.0,0.29825,7e-05,0.0,0.0,0.5
YAR002W,10,0.0012557720940302834,0.261439218034252,7.852616510050267e-05,0.06666666666666667,8.101917255297678,0.3333333333333333,0.0,0,0.0705,-0.83265,58.93321,9.3371,60.0,73.0,22350.0,0.0,0.37857,0.00016,0.0,0.0,0.5
YDR192C,31,0.004015477182434408,0.2853710529731031,0.0005206583596896635,0.05591397849462366,23.275077559462254,0.25,32.653571428571425,0,0.08837,-0.40744,38.19279,9.93915,10.0,18.0,0.0,0.0,0.0,0.00023,0.0,0.0,0.5
YHR069C,15,0.00010703856855291541,0.24856922607846643,0.0004970697698884844,0.5904761904761905,8.301369863013699,0.3333333333333333,54.58528138528138,1,0.0585,-0.39081,40.87493,5.8642,41.0,36.0,38765.0,0.0,0.98321,0.00015,0.3153500824189429,0.16204621790391252,0.5097602094942125
YLR310C,16,0.0028819913065608964,0.2510608642940838,9.775906610318941e-05,0.06666666666666667,13.173212487411883,0.0,25.196428571428573,1,0.08496,-0.52624,46.51606,6.66473,187.0,181.0,140510.0,0.0,0.78458,4e-05,0.6846499175810571,0.0,0.5
YLR335W,17,0.0013066958845883035,0.2648637057787372,6.353676905020629e-05,0.19117647058823528,14.732862903225806,0.3333333333333333,18.489210789210787,0,0.07083,-0.90403,38.60028,6.8045,104.0,104.0,9065.0,0.0,0.1164,9e-05,0.0,0.0,0.5
YLR347C,62,0.009283428091809303,0.3027351593486384,0.003395528443574546,0.06980433632998413,50.66700507614213,0.3333333333333333,119.98531746031752,1,0.07666,-0.01614,44.74626,4.51556,107.0,62.0,86635.0,0.0,0.91411,5e-05,0.6846499175810571,0.22418506295530205,0.502212337818452
YNL007C,3,2.451774286991366e-05,0.22039531299812629,1.7662117321220032e-06,0.0,3.0,0.5,0.0,1,0.09943,-0.67017,47.40483,9.02252,36.0,41.0,24870.0,0.0,0.66162,0.00024,0.3153500824189429,0.19338324065864865,0.5322305401097748
YNL064C,11,0.0003461374097316188,0.2475919262680029,4.269798364034158e-05,0.01818181818181818,9.953582240161452,0.0,0.5882352941176471,0,0.07579,-0.53814,34.45064,5.95148,65.0,60.0,23265.0,0.0,0.52082,0.00013,0.0,0.0,0.5
YOR098C,42,0.015236907425607425,0.2782556909023812,9.522132539397854e-05,0.022067363530778164,29.2982982982983,0.3333333333333333,25.47344322344322,1,0.07156,-0.79563,42.1789,9.62897,91.0,123.0,13200.0,0.0,0.11622,8e-05,0.6846499175810571,0.22418506295530205,0.5038259058712691
YOR160W,7,0.0001163006517363652,0.2575291613761479,4.452005130867383e-05,0.09523809523809523,3.1577287066246056,1.0,1.1428571428571428,1,0.09774,0.08169,38.68725,4.68829,126.0,77.0,120885.0,0.0,1.09157,4e-05,0.6846499175810571,0.40640486218295563,0.5643508198361623
YPL240C,18,0.0017969055604016636,0.24707845161568992,7.614580121555407e-06,0.0915032679738562,16.089627391742194,0.0,27.27087912087912,0,0.08181,-0.57532,43.20145,4.84198,142.0,104.0,57300.0,0.0,0.70388,6e-05,0.0,0.0,0.5
YAL007C,2,0.0,0.17842332450722592,1.4351809780182795e-07,1.0,1.0,0.5,2.3,0,0.10233,0.14791,33.46744,4.99969,25.0,20.0,24660.0,0.0,1.0248,0.00021,0.0,0.0,0.5
YGL200C,9,9.943909594882122e-05,0.21155284615230233,4.417819354962044e-06,0.6111111111111112,7.285423037716615,0.3333333333333333,19.05,0,0.133,-0.2197,30.32167,6.3006,24.0,22.0,23295.0,0.0,0.99841,0.00027,0.0,0.0,0.5
YML012W,9,0.00016788957614930083,0.21629669554835737,5.2158679360999965e-06,0.6111111111111112,1.221122112211221,0.3333333333333333,29.75,0,0.08057,-0.25592,39.33839,5.35602,32.0,27.0,24200.0,0.0,1.0039,0.00022,0.0,0.0,0.5
YAL011W,6,0.00042801108154440866,0.2420451710562005,4.221904238945526e-05,0.06666666666666667,4.66088840736728,1.0,0.0,0,0.0544,-1.10736,60.39984,9.18475,109.0,125.0,54235.0,0.0,0.74793,0.00013,0.0,0.0,0.5
YDL181W,20,0.0019067795133761248,0.25884478304612585,6.492377337489637e-05,0.4789473684210526,9.62374245472837,0.0,63.66666666666666,0,0.05882,-1.11059,62.52129,10.07208,13.0,19.0,1490.0,0.0,0.15096,0.00102,0.0,0.0,0.5
YER081W,95,0.02351199709767222,0.29142712252251246,0.003160413604140381,0.0015677491601343784,86.71414242728184,0.0,12.0,0,0.06397,-0.05075,43.29832,5.35785,49.0,36.0,37985.0,0.0,0.742,0.0001,0.0,0.0,0.5
YHR158C,11,0.001369446612622251,0.2629990248359599,3.7633082281658724e-05,0.01818181818181818,6.811643835616438,0.0,5.333333333333333,0,0.06529,-0.73969,42.52337,5.20721,180.0,132.0,93335.0,0.0,0.71198,4e-05,0.0,0.0,0.5
YIR018W,4,0.0002318418643071452,0.20332687524333595,6.305043536842397e-07,0.0,1.7302551640340218,0.5,0.0,0,0.02857,-1.04163,56.25224,8.91217,36.0,43.0,12460.0,0.0,0.43895,0.00031,0.0,0.0,0.5
YOR127W,9,0.0002397325156306099,0.24071024164667304,3.56593253879727e-06,0.08333333333333333,5.138150903294368,0.0,7.195804195804195,0,0.06356,-0.67269,57.20089,6.02948,135.0,124.0,76315.0,0.0,0.67637,5e-05,0.0,0.0,0.5
YOR269W,8,0.00015456279770851395,0.23050233503846076,3.882339557198597e-06,0.03571428571428571,6.563440860215054,0.3333333333333333,0.0,0,0.09312,-0.36215,28.89838,7.31879,52.0,52.0,100140.0,0.0,1.75993,0.00013,0.0,0.0,0.5
YAL012W,6,0.000770768833592893,0.25786058235013304,8.948692353914937e-05,0.2,4.355601233299075,0.0,0.0,1,0.06599,-0.14442,30.46345,6.05597,42.0,35.0,25900.0,0.0,0.60882,0.00014,0.3153500824189429,0.0,0.5
YER003C,1,0.0,0.20373095416534284,1.1775645945400052e-06,0.0,1.0,0.0,0.0,1,0.08858,-0.48951,44.72238,5.65485,62.0,52.0,28015.0,0.0,0.58137,0.00012,0.3153500824189429,0.0,0.5
YGR061C,5,3.362038089121229e-05,0.22905308679010256,3.6108889618430524e-06,0.5,3.317574511819116,0.0,4.25,0,0.07585,-0.2204,38.10022,5.1452,165.0,123.0,142440.0,0.0,0.95659,3e-05,0.0,0.0,0.5
YGR204W,12,0.0026236554717459877,0.25409999165756997,2.808675787175679e-05,0.13636363636363635,7.503619441571872,0.5,4.25,0,0.05814,-0.12431,33.87749,6.3736,107.0,100.0,43165.0,0.0,0.42234,6e-05,0.0,0.0,0.5
YJR091C,294,0.14465049624472834,0.3398971898585491,0.006823595551505041,0.0007893942559959137,219.7917505030181,0.0,27.086652236652235,0,0.06141,-0.53538,42.78038,6.4798,89.0,81.0,75260.0,0.0,0.62522,5e-05,0.0,0.0,0.5
YMR101C,1,0.0,0.20373095416534284,1.1775645945400052e-06,0.0,1.0,0.0,0.0,0,0.12245,-0.23149,48.74026,9.5274,35.0,51.0,46005.0,0.0,1.14442,0.00024,0.0,0.0,0.5
YMR205C,15,0.0019834317779434626,0.25555838919795487,2.1765423710385973e-05,0.10476190476190476,12.633673469387755,0.0,10.892857142857142,0,0.07299,-0.22972,32.74683,6.22919,110.0,102.0,107035.0,0.0,1.02312,6e-05,0.0,0.0,0.5
YAL013W,2,4.6414115544002534e-05,0.21991153181718748,3.5271245790867006e-06,0.0,1.780701754385965,0.5,0.0,0,0.06173,-0.99827,58.74123,4.59406,88.0,48.0,35590.0,0.0,0.7576,0.0001,0.0,0.0,0.5
YDR207C,18,0.005397653967119475,0.2691328319967961,5.5794900928846033e-05,0.06535947712418301,10.657378740970072,1.0,2.1022727272727275,0,0.04785,-1.05502,55.67191,9.55341,79.0,108.0,42955.0,0.0,0.4714,0.0001,0.0,0.0,0.5
YGL061C,19,0.001023438792495432,0.25928631582115896,0.00017108583934949452,0.04093567251461988,10.736275565123789,0.25,8.476190476190474,1,0.04049,-0.7919,48.93806,9.96271,22.0,36.0,17085.0,0.0,0.62189,0.00036,0.3153500824189429,0.13944903000175835,0.506494292604353
YAL014C,2,5.6055311369713675e-05,0.22511115592255762,2.071594270192186e-05,0.0,1.2557077625570776,0.0,0.0,0,0.03922,-0.50745,46.73843,4.6546,40.0,25.0,7700.0,0.0,0.26507,0.00016,0.0,0.0,0.5
YER133W,41,0.008815403982575914,0.2767011898358875,0.0012976007182147792,0.06219512195121951,36.39899497487437,0.5,21.281349206349205,1,0.10897,-0.27212,47.54138,5.31195,45.0,38.0,37370.0,0.0,1.04075,0.00015,0.3153500824189429,0.19338324065864865,0.5026564365416152
YIL034C,19,0.00223938417990016,0.2525134132597539,1.642201362526847e-05,0.005847953216374269,5.245967741935484,0.0,0.5,0,0.08711,-0.51742,58.89861,4.52069,46.0,24.0,31650.0,0.0,0.97,0.00014,0.0,0.0,0.5
YAL016W,5,4.635126693368052e-05,0.21498861955108875,3.0813019456722195e-06,0.6,4.6243441762854145,0.0,7.93452380952381,0,0.07244,0.08551,41.95386,4.54877,92.0,58.0,57255.0,0.0,0.80747,6e-05,0.0,0.0,0.5
YDL134C,11,0.001631058420873735,0.25118962079181284,7.942998687159988e-05,0.3090909090909091,10.402623612512613,0.0,61.99999999999999,0,0.09756,-0.45203,33.56046,4.61432,56.0,28.0,50975.0,0.0,1.2155,0.00011,0.0,0.0,0.5
YDL188C,7,0.00015237546615633622,0.22544502916562797,2.1216015562031506e-05,0.6666666666666666,6.543895055499496,0.0,27.125,0,0.09814,-0.57454,32.77695,4.62921,62.0,32.0,50975.0,0.0,1.18418,0.00011,0.0,0.0,0.5
YGL190C,11,0.0014178235016222356,0.24559176863755772,2.762951778319269e-05,0.2545454545454545,10.374369323915237,0.0,13.58874458874459,0,0.09506,-0.66958,43.19772,5.95782,69.0,60.0,55975.0,0.0,0.93821,0.0001,0.0,0.0,0.5
YMR109W,30,0.0042771622556028,0.26413366021184753,0.00011065088331262223,0.135632183908046,26.310171198388723,0.0,36.82431457431458,0,0.08368,-0.54832,43.49509,9.31805,132.0,164.0,130625.0,0.0,0.95418,7e-05,0.0,0.0,0.5
YNL127W,4,8.755254722876674e-05,0.19595157607021352,9.604371030213564e-08,0.0,3.5317860746720484,0.0,0.0,0,0.09444,-0.5596,48.93948,5.42682,144.0,115.0,111755.0,0.0,1.01788,5e-05,0.0,0.0,0.5
YAL017W,2,4.60534179120406e-06,0.2132001671152797,3.2022924225346867e-06,0.0,1.9051987767584098,0.0,0.0,0,0.07448,-0.47153,43.25938,5.46222,193.0,154.0,93180.0,0.0,0.6117,4e-05,0.0,0.0,0.5
YAL029C,7,9.391681548048732e-05,0.23722562992549368,2.3346126443472608e-05,0.38095238095238093,6.318228630278064,0.0,4.330029619503304,0,0.09653,-0.32808,41.94086,7.5224,184.0,185.0,170795.0,0.0,1.00858,4e-05,0.0,0.0,0.5
YCL027W,25,0.012335140191559305,0.2699569266504699,0.00019133115838322297,0.01,17.380224260958204,0.0,8.166666666666666,0,0.08008,-0.60371,48.27326,9.1192,49.0,62.0,73770.0,0.0,1.27677,0.00016,0.0,0.0,0.5
YAL018C,1,0.0,0.22543349980952865,4.8043520839032846e-05,0.0,1.0,0.0,0.0,0,0.17231,0.44092,38.73969,8.70612,18.0,21.0,40925.0,0.0,1.10459,0.00023,0.0,0.0,0.5
YLR264W,73,0.0124749355414306,0.2936401981931471,0.0027814245856448796,0.595509893455099,27.27571115973742,0.0,269.00000000000006,0,0.01493,-0.39851,34.50149,10.78046,9.0,14.0,0.0,0.0,0.0,0.00143,0.0,0.0,0.5
YAL019W,1,0.0,0.2151250136779817,3.1340685765851246e-06,0.0,1.0,0.5,0.0,0,0.06808,-0.76684,45.65704,5.24017,189.0,152.0,81555.0,0.0,0.63464,4e-05,0.0,0.0,0.5
YJL124C,37,0.012292321149078396,0.2763889055912925,0.00019814247807369638,0.015015015015015015,24.594731509625127,0.5,23.821428571428573,0,0.10465,-0.83256,44.31802,5.72491,31.0,28.0,16055.0,0.0,0.79063,0.00028,0.0,0.0,0.5
YAL021C,12,0.00023479414748813455,0.23780151347443076,8.364886401262037e-06,0.45454545454545453,10.561049445005045,0.5,33.69761904761905,0,0.0908,-0.55998,44.19907,6.36664,85.0,77.0,94865.0,0.0,1.00207,7e-05,0.0,0.0,0.5
YDL160C,23,0.0038085848730534766,0.2716370874584375,5.8239760608225616e-05,0.20948616600790515,20.26938775510204,0.0,38.76785714285714,0,0.08103,-0.38419,47.05555,8.05682,51.0,53.0,32735.0,0.0,0.56888,0.00014,0.0,0.0,0.5
YDR443C,21,0.00046429777899296103,0.2570486124716032,6.589880345265963e-05,0.41904761904761906,8.437437437437437,1.0,123.25,0,0.08028,-0.45796,47.02868,5.47906,177.0,140.0,128965.0,0.0,0.80604,3e-05,0.0,0.0,0.5
YFL028C,13,1.5659483685162605e-05,0.23511262762150106,7.2648263963137765e-06,0.7307692307692307,4.822188449848024,0.5,47.50595238095238,0,0.07612,-0.25502,27.1519,6.18976,40.0,37.0,47815.0,0.0,1.44502,0.00019,0.0,0.0,0.5
YGR092W,17,0.0004394285028488758,0.24589315865875627,9.083578007315616e-06,0.4117647058823529,12.768920282542886,0.25,40.80119047619048,0,0.11014,-0.59441,52.32103,8.86163,74.0,82.0,64010.0,0.0,0.96769,0.00013,0.0,0.0,0.5
YIL106W,16,0.002380850588281268,0.2338528729589137,6.3993611562123006e-06,0.43333333333333335,10.12143611404435,0.2,55.31428571428572,1,0.1051,-0.49522,49.57519,6.11823,30.0,25.0,36285.0,0.0,1.01123,0.00017,0.3153500824189429,0.12238285902226197,0.5060457260038644
YJR122W,13,6.868892664805578e-05,0.23736614373353743,6.910891520903303e-06,0.6666666666666666,8.348684210526315,0.0,126.66666666666669,0,0.11268,-0.433,37.18111,7.69916,60.0,61.0,58580.0,0.0,1.02674,0.00013,0.0,0.0,0.5
YKR036C,14,2.7401430390419312e-05,0.23629732807695114,7.7052771262839e-06,0.6813186813186813,11.072653884964682,0.0,102.41666666666669,0,0.07154,-0.45537,33.91712,5.26666,97.0,72.0,74215.0,0.0,1.019,7e-05,0.0,0.0,0.5
YLR180W,15,0.000790985973206348,0.24150148771574664,0.00018432998586045973,0.06666666666666667,13.373493975903614,0.0,8.873809523809523,0,0.07853,-0.26728,33.84084,5.04327,57.0,42.0,43485.0,0.0,1.03987,0.00012,0.0,0.0,0.5
YNL025C,24,0.006684415339776908,0.26628770419690245,6.857774949920684e-05,0.2826086956521739,14.680655066530194,1.0,59.89285714285714,0,0.11455,-0.13963,57.92542,6.66705,33.0,31.0,66195.0,0.0,1.75164,0.00018,0.0,0.0,0.5
YNR052C,18,0.001594872330706365,0.2647682536654168,3.7782217055726296e-05,0.32679738562091504,14.028662420382165,0.5,65.45952380952382,1,0.10393,-0.54988,55.70626,5.77142,35.0,29.0,49975.0,0.0,1.00591,0.00012,0.3153500824189429,0.19338324065864865,0.5068924333219995
YPL042C,18,0.0006209143069119818,0.2481494401753841,3.3282727475025035e-05,0.3137254901960784,13.227227227227226,1.0,27.052380952380958,0,0.08649,-0.50523,34.38236,9.58563,51.0,75.0,73855.0,0.0,1.17517,0.00015,0.0,0.0,0.5
YAL022C,1,0.0,0.00028477858465043426,1.508668400601407e-18,0.0,1.0,0.0,0.0,0,0.12186,0.26267,36.46074,4.93781,57.0,38.0,66850.0,0.0,1.14633,8e-05,0.0,0.0,0.5
YGL132W,2,0.0,0.00042716787697565144,2.133579316030893e-18,0.0,1.3082191780821917,0.0,0.0,0,0.0991,0.1018,25.56847,8.8244,7.0,10.0,28335.0,0.0,2.31721,0.00072,0.0,0.0,0.5
YAL024C,1,0.0,0.21697807911377848,5.9020049082544224e-06,0.0,0.0,0.0,0.0,0,0.06829,-0.60314,53.06307,6.04987,190.0,173.0,123745.0,0.0,0.75848,4e-05,0.0,0.0,0.0
YIR009W,33,0.008727530846637101,0.2794552209506481,0.0003819360503438471,0.10984848484848485,26.32085020242915,1.0,69.5,0,0.08108,-0.42883,12.10721,10.13043,11.0,19.0,1490.0,0.0,0.11614,0.00079,0.0,0.0,0.5
YAL025C,5,0.00021149327066866054,0.22595349096701642,0.0006222004072190014,0.6,2.578828828828829,1.0,2.6944444444444446,1,0.06863,-1.18497,58.99673,5.16083,67.0,52.0,48650.0,0.0,1.36293,0.00014,0.3153500824189429,0.23974612282610783,0.5464835277444506
YHR052W,89,0.002038516965922815,0.28577806517183296,0.012023299437749128,0.5120020429009193,80.75875875875876,0.5,1177.095238095238,1,0.06117,-0.59335,37.19657,8.80145,57.0,62.0,23045.0,0.0,0.54186,0.00021,0.3153500824189429,0.19338324065864865,0.5011972895796747
YJR044C,1,0.0,0.18328246872377543,9.808773132629955e-06,0.0,0.0,0.0,0.0,0,0.15,0.78571,36.1265,5.84772,9.0,6.0,13450.0,0.0,0.85869,0.00037,0.0,0.0,0.0
YKR081C,71,0.00048309924436506,0.27430781924552106,0.010544813424268792,0.6716297786720322,66.17334669338678,0.5,735.4036269286269,1,0.0843,-0.66948,38.06657,9.03241,53.0,60.0,12170.0,0.0,0.30734,0.00023,0.3153500824189429,0.19338324065864865,0.5014611867943953
YNL110C,66,0.002141865008788521,0.27745006641965786,0.009919827360057802,0.7188811188811188,61.57915831663327,0.3333333333333333,1392.2499999999998,1,0.06364,-1.08045,46.75636,9.26495,38.0,46.0,15930.0,0.0,0.62601,0.00036,0.3153500824189429,0.16204621790391252,0.5013157553816397
YOR272W,48,0.004571947720153152,0.2740690534242429,0.007056261933675812,0.6170212765957447,43.20484359233098,0.5,326.9997335997337,1,0.06739,-0.47152,38.23239,6.47467,59.0,56.0,59860.0,0.0,1.16554,0.00013,0.3153500824189429,0.19338324065864865,0.5022379810292031
YAL026C,3,0.00022020652204210196,0.20488620289451653,6.211757442757693e-07,0.0,2.5399113082039912,0.0,0.0,0,0.10996,-0.21173,36.39957,5.29681,174.0,136.0,178105.0,0.0,1.15831,3e-05,0.0,0.0,0.5
YDL192W,16,0.0009153842195187347,0.2533260534035701,3.0749540961578667e-05,0.2916666666666667,14.060416666666667,0.0,221.0,0,0.09945,-0.22155,34.5884,6.75092,21.0,21.0,35075.0,0.0,1.70854,0.00033,0.0,0.0,0.5
YOR153W,1,0.0,0.16917245482118137,9.073809248787395e-09,0.0,1.0,0.0,0.0,0,0.12574,-0.12442,35.94784,8.01825,150.0,155.0,244730.0,0.0,1.4359,5e-05,0.0,0.0,0.5
YPL146C,2,8.684438115253585e-05,0.2175885609001196,1.3012413096459609e-05,0.0,1.9023508137432188,0.3333333333333333,0.0,1,0.03956,-1.21231,49.87582,9.34979,82.0,100.0,41035.0,0.0,0.7808,0.00018,0.3153500824189429,0.16204621790391252,0.5425910449148591
YAL028W,3,0.00022432031175150845,0.2284713722025253,1.955429448886979e-06,0.0,1.0,0.5,0.0,0,0.06061,-0.6875,56.92481,8.88019,63.0,70.0,29380.0,0.0,0.50009,0.00015,0.0,0.0,0.5
YBL050W,36,0.008863023725141887,0.26562980748873294,5.959213660475032e-05,0.03650793650793651,14.859737638748738,0.0,23.33333333333334,1,0.09932,-0.51301,30.01062,4.96381,48.0,37.0,33765.0,0.0,1.02935,0.00015,0.3153500824189429,0.0,0.5
YDL239C,35,0.006275960360365337,0.280665137862952,6.381787992456182e-05,0.021848739495798318,23.638655462184875,0.0,26.263461538461534,0,0.06835,-0.82772,55.38735,8.58063,120.0,126.0,53330.0,0.0,0.58087,9e-05,0.0,0.0,0.5
YLR233C,10,0.0008698186385077449,0.22018614661715902,6.3246975580024806e-06,0.022222222222222223,4.546922300706357,0.5,0.0,0,0.11016,-0.27382,42.79887,9.39825,76.0,103.0,82875.0,0.0,1.01315,0.00011,0.0,0.0,0.5
YBR130C,7,0.0009689257963681952,0.2519361407827355,3.32554947201336e-05,0.09523809523809523,6.510783200908059,0.5,0.8571428571428571,0,0.03294,-0.908,51.90896,8.74249,51.0,55.0,17545.0,0.0,0.37002,0.00018,0.0,0.0,0.5
YFL039C,34,0.005599255650423326,0.27229147293072603,0.001472101454548585,0.0570409982174688,30.030395136778115,0.0,41.0687134502924,1,0.08533,-0.17573,40.03792,5.44318,47.0,36.0,43360.0,0.0,1.04008,0.00013,0.3153500824189429,0.0,0.5
YGL106W,7,0.00022553106738703517,0.24044764388128093,4.364902455979606e-05,0.3333333333333333,5.861690450054884,0.0,7.181818181818182,1,0.06711,-0.39933,29.65168,4.55304,28.0,19.0,5960.0,0.0,0.36244,0.00028,0.3153500824189429,0.0,0.5
YHR023W,9,0.0004773247640422337,0.25777011024358365,3.643279705902812e-05,0.16666666666666666,8.068075117370892,0.0,2.30622009569378,1,0.06691,-0.78247,45.76261,6.05536,311.0,291.0,147180.0,0.0,0.65813,3e-05,0.6846499175810571,0.0,0.5
YKL130C,21,0.003197605423760452,0.26426033542806326,1.9093251968121255e-05,0.009523809523809525,14.815338042381432,0.5,32.333333333333336,0,0.10163,-0.09878,47.13947,4.85883,39.0,26.0,27430.0,0.0,0.97094,0.00017,0.0,0.0,0.5
YOR326W,22,0.002741452604806426,0.27305046179853343,0.0001912409746768262,0.08225108225108226,20.731313131313133,0.0,19.65021244889329,1,0.08577,-0.40388,43.33267,5.95331,216.0,196.0,176170.0,0.0,0.97505,3e-05,0.6846499175810571,0.0,0.5
YAL030W,2,5.8977191713974716e-06,0.2128295990380226,1.2990989325181012e-06,0.0,0.0,0.0,0.0,0,0.05128,-0.21966,52.72564,7.87848,16.0,17.0,8605.0,0.0,0.65184,0.0006,0.0,0.0,0.0
YDR468C,11,0.000492968051487896,0.23721286419176255,6.313242340086163e-06,0.2,1.3130544993662865,0.0,14.25,1,0.03571,-0.7058,46.79062,4.48175,45.0,24.0,10220.0,0.0,0.39587,0.00017,0.3153500824189429,0.0,0.5
YGR009C,12,0.005491567736401905,0.26381750285926886,9.184170431998984e-05,0.045454545454545456,6.117196056955093,0.0,7.166666666666667,1,0.06298,-1.26851,52.16605,5.02606,103.0,81.0,48250.0,0.0,0.65537,7e-05,0.3153500824189429,0.0,0.5
YAL031C,1,0.0,0.2112082150005042,2.896294358335062e-06,0.0,1.0,0.0,0.0,0,0.075,-0.45592,55.92291,9.71503,68.0,108.0,90520.0,0.0,1.04485,0.00011,0.0,0.0,0.5
YAL032C,12,0.0005686505007942608,0.26644866146491314,7.551549256924085e-05,0.07575757575757576,10.163471241170535,1.0,14.083333333333332,1,0.05541,-0.82612,39.99815,9.14557,51.0,58.0,26025.0,0.0,0.61261,0.00022,0.3153500824189429,0.23974612282610783,0.5117944999861335
YBR017C,8,0.00023542174715056405,0.25796621344074927,8.421540524250952e-05,0.17857142857142858,7.490927419354839,0.3333333333333333,4.303571428571429,0,0.08715,-0.03072,43.24467,4.49969,134.0,67.0,99290.0,0.0,0.95766,4e-05,0.0,0.0,0.5
YDR416W,16,0.0008194189266792998,0.26751587906757635,9.223879191654648e-05,0.09166666666666666,7.537844036697248,1.0,17.857142857142858,1,0.11409,-0.36601,47.92935,5.16742,130.0,101.0,168830.0,0.0,1.68446,5e-05,0.6846499175810571,0.40640486218295563,0.5269576327265737
YER013W,11,8.166516567679505e-05,0.24985130960015436,0.00016007962688773496,0.45454545454545453,4.868119266055046,1.0,45.66666666666666,1,0.07074,-0.47153,48.27129,7.79498,153.0,155.0,85620.0,0.0,0.65857,6e-05,0.6846499175810571,0.40640486218295563,0.5417414652324544
YJL203W,52,0.0039699897180555995,0.28288048869123555,0.0006706078183363536,0.4072398190045249,40.23868312757202,1.0,598.1666666666666,1,0.09643,-1.00679,24.46214,7.66986,53.0,54.0,24660.0,0.0,0.7461,0.00023,0.3153500824189429,0.23974612282610783,0.5029790503092014
YKL095W,3,1.755346605704033e-05,0.22213901709713382,2.4939795177837535e-06,0.3333333333333333,2.8769551616266944,1.0,2.321428571428571,1,0.04676,-1.09928,36.13525,9.41412,43.0,56.0,12420.0,0.0,0.38438,0.00029,0.3153500824189429,0.23974612282610783,0.5416666422236748
YKL173W,20,0.001476170272451196,0.2657098646941244,0.0025098953134965398,0.4631578947368421,18.931979695431473,1.0,134.01785714285714,1,0.08631,-0.22629,40.84466,5.66766,133.0,116.0,110225.0,0.0,0.96655,5e-05,0.6846499175810571,0.40640486218295563,0.5107332901450614
YLR338W,2,6.290465192434611e-06,0.21339626544394266,1.3191796234468322e-06,0.0,0.0,0.0,0.0,0,0.06667,0.44632,31.89228,4.1015,27.0,11.0,16595.0,0.0,0.5962,0.00015,0.0,0.0,0.0
YLR345W,7,0.0010352270729368802,0.25980589705166046,3.331818554761248e-05,0.047619047619047616,4.620481927710843,0.0,3.5,0,0.08841,-0.33969,43.24794,6.01202,70.0,62.0,48540.0,0.0,0.83138,0.0001,0.0,0.0,0.5
YLR423C,68,0.025917151596846735,0.30580136352934606,0.00035445645126060886,0.014925373134328358,45.7989898989899,0.0,106.8923076923077,0,0.07914,-0.55588,27.16933,4.96881,72.0,57.0,40380.0,0.0,0.82991,0.0001,0.0,0.0,0.5
YNL189W,150,0.05502136404572139,0.3207309848134112,0.0006438894252619112,0.006890380313199105,123.99899699097291,0.3333333333333333,195.23055555555555,1,0.06458,-0.35738,43.3598,4.80072,76.0,56.0,57380.0,0.0,0.94936,8e-05,0.6846499175810571,0.22418506295530205,0.5009039793401379
YOR036W,15,0.0013841426973891673,0.2612842543581011,1.6661525505329517e-05,0.06666666666666667,13.517489711934155,0.0,24.916666666666664,1,0.07292,-0.43507,49.98681,4.85297,47.0,36.0,18450.0,0.0,0.55899,0.00015,0.3153500824189429,0.0,0.5
YPL151C,19,0.00045890283769547166,0.2591338930853873,0.0002752378730195306,0.34502923976608185,14.865792129162463,0.5,93.5,1,0.08204,-0.42217,33.13086,6.76788,57.0,55.0,83015.0,0.0,1.63738,0.00013,0.3153500824189429,0.19338324065864865,0.5065043032681483
YAL033W,9,4.01375726510077e-05,0.20149593889818182,1.2446494160294723e-06,0.7777777777777778,0.0,0.5,7.870707070707071,1,0.05202,-0.24277,48.95896,7.67694,23.0,24.0,4970.0,0.0,0.25392,0.00039,0.3153500824189429,0.19338324065864865,0.5
YBL018C,9,0.0001668449676707024,0.2108344487887662,1.8678989166395664e-05,0.7777777777777778,0.0,1.0,7.870707070707071,1,0.11278,-0.46767,34.95038,4.70673,24.0,15.0,29700.0,0.0,1.91462,0.0003,0.3153500824189429,0.23974612282610783,0.5
YBR167C,9,0.000299441136317783,0.22213901709713382,3.5119919071130725e-06,0.7777777777777778,1.0,1.0,10.588888888888889,1,0.05,-0.53714,42.37571,9.34052,18.0,24.0,6085.0,0.0,0.38478,0.00059,0.3153500824189429,0.23974612282610783,0.6198730614130539
YBR257W,8,0.0,0.19758523779809606,7.588916935591711e-07,1.0,0.0,1.0,11.333333333333334,1,0.09677,-0.6129,36.9405,9.30878,37.0,50.0,31120.0,0.0,0.94645,0.00028,0.3153500824189429,0.23974612282610783,0.5
YGR030C,8,0.0,0.19758523779809606,7.588916935591711e-07,1.0,0.0,1.0,10.123232323232322,1,0.07595,-0.43418,44.58418,9.30035,16.0,22.0,14690.0,0.0,0.80671,0.00051,0.3153500824189429,0.23974612282610783,0.5
YHR062C,9,1.580948038573622e-05,0.20260728295608418,7.786818934072577e-07,0.7777777777777778,0.0,1.0,10.588888888888889,1,0.04778,-0.15666,42.15666,9.75934,25.0,39.0,14940.0,0.0,0.46363,0.0003,0.3153500824189429,0.23974612282610783,0.5
YIR015W,8,0.0,0.19758523779809606,7.588916935591711e-07,1.0,0.0,0.0,7.870707070707071,1,0.0,0.0,0.0,0.0,0.0,0.0,0.0,0.0,0.0,0.0,0.3153500824189429,0.0,0.0
YJR115W,3,7.458210986566333e-05,0.22325280604079634,3.866731182056217e-05,0.3333333333333333,1.9777777777777779,0.0,0.0,0,0.06509,-0.24734,45.61183,8.5921,14.0,16.0,9190.0,0.0,0.48245,0.00045,0.0,0.0,0.5
YNL221C,10,0.00026565080013003854,0.20028745764348782,2.3521048303800644e-06,0.6222222222222222,0.0,0.5,9.866666666666667,1,0.08343,-0.58526,42.82401,9.83344,83.0,141.0,113855.0,0.0,1.13408,0.0001,0.6846499175810571,0.2889671908216764,0.5
YNL282W,10,0.0012746076693220306,0.24009404440498494,2.8120412491513126e-05,0.6222222222222222,1.0,1.0,11.444444444444445,1,0.08718,-0.24154,39.3159,9.58673,16.0,28.0,32930.0,0.0,1.45634,0.00042,0.3153500824189429,0.23974612282610783,0.6198730614130539
YAL034C,7,0.00014625036193565834,0.2390005777095816,1.3859278843110932e-05,0.2857142857142857,4.300813008130081,0.0,52.0,0,0.09443,-0.83535,57.07337,9.87518,33.0,60.0,60655.0,0.0,1.28868,0.00021,0.0,0.0,0.5
YBR198C,28,0.00267392336175866,0.27071956367226696,0.00022625389110777648,0.30158730158730157,23.527918781725887,1.0,124.25,1,0.08145,-0.651,42.77545,7.01483,97.0,96.0,89365.0,0.0,1.00448,8e-05,0.6846499175810571,0.40640486218295563,0.5086366513322591
YDL140C,52,0.01028707291479963,0.28280789473763546,0.0003262543931092423,0.19457013574660634,47.6122860020141,1.0,234.86432276873447,1,0.07444,-0.39838,55.27155,5.41815,219.0,176.0,160545.0,0.0,0.83788,3e-05,0.6846499175810571,0.40640486218295563,0.5042678570628363
YDR044W,5,0.0003449806085361039,0.2461952893200516,1.0358663179784137e-05,0.2,4.227080394922426,0.0,12.083333333333334,1,0.1128,-0.67134,45.4732,6.31757,44.0,40.0,65235.0,0.0,1.72986,0.00017,0.3153500824189429,0.0,0.5
YLR055C,4,1.1785270993353157e-05,0.20760734023809746,3.8026706644018035e-06,0.3333333333333333,0.0,1.0,2.5,0,0.05814,-0.72508,46.24352,4.28693,123.0,50.0,66070.0,0.0,0.9982,6e-05,0.0,0.0,0.0
YML114C,10,0.00011448191333379217,0.24774499270924089,0.00018452152340607474,0.35555555555555557,0.0,1.0,66.0,1,0.04706,-0.7602,59.78431,4.95026,83.0,52.0,25565.0,0.0,0.44089,9e-05,0.3153500824189429,0.23974612282610783,0.5
YOL004W,17,0.00158155815998925,0.2520225633340303,0.00011974517414813325,0.09558823529411764,15.96871628910464,1.0,36.80727272727273,0,0.08073,-0.74349,53.40048,5.38861,216.0,162.0,151135.0,0.0,0.86443,3e-05,0.0,0.0,0.5
YAL034WA,4,9.009827554223653e-05,0.26295195987088543,9.534874593411786e-05,0.0,0.0,0.0,0.0,0,0.0,0.0,0.0,0.0,0.0,0.0,0.0,0.0,0.0,0.0,0.0,0.0,0.0
YGL172W,25,0.0009275420414186085,0.2762330276523075,0.00015909888299451186,0.15333333333333332,18.58425832492432,0.25,51.19047619047618,1,0.06356,-0.40678,31.74852,5.77325,32.0,28.0,7700.0,0.0,0.15669,0.00012,0.3153500824189429,0.13944903000175835,0.5037518050912674
YGR120C,19,0.001074017760751349,0.2701885783190636,2.13760805674946e-05,0.09941520467836257,5.5,0.0,41.900000000000006,1,0.0687,-0.42939,50.61374,4.50702,49.0,25.0,15400.0,0.0,0.50784,0.00015,0.3153500824189429,0.0,0.5
YKL103C,11,0.0011253687922354223,0.2811484568706884,0.00026832027522796304,0.09090909090909091,9.715170278637771,0.0,17.952380952380953,0,0.09144,-0.33521,28.83407,5.54999,70.0,56.0,55975.0,0.0,0.98044,0.0001,0.0,0.0,0.5
YAL035W,34,0.00111941718506943,0.2677921545030997,0.003950532383682229,0.44563279857397503,30.15915915915916,0.0,210.49854589854587,1,0.04391,-0.74092,48.88184,5.61298,184.0,166.0,60695.0,0.0,0.54063,5e-05,0.6846499175810571,0.0,0.5
YBR009C,27,0.0027079554786393757,0.2553363447217055,0.0003987720626056009,0.09686609686609686,0.0,0.0,13.683473389355742,1,0.0,0.0,0.0,0.0,0.0,0.0,0.0,0.0,0.0,0.0,0.3153500824189429,0.0,0.0
YBR079C,45,0.002809002308821527,0.2802903703996645,0.003897522272066036,0.29797979797979796,36.50753768844221,0.0,257.1781746031746,1,0.06639,-0.66981,50.022,5.96869,168.0,155.0,79315.0,0.0,0.7188,5e-05,0.6846499175810571,0.0,0.5
YBR086C,5,3.337961973937193e-08,0.23014131018458409,0.0001928882659096844,0.9,3.0615141955835963,0.0,15.142857142857142,0,0.10465,-0.21131,36.67982,9.05988,81.0,98.0,110670.0,0.0,1.04551,9e-05,0.0,0.0,0.5
YBR143C,15,0.00030280532763827893,0.25495238029355255,0.0008748966144563353,0.5238095238095238,12.270765911542611,0.0,90.75,1,0.09611,-0.34005,25.55744,4.93524,71.0,54.0,36830.0,0.0,0.75156,0.0001,0.3153500824189429,0.0,0.5
YDL213C,71,0.003444066858836943,0.29035217068077485,0.00952945901045782,0.5428571428571428,62.38438438438438,0.5,590.6670995670995,0,0.02667,-1.22711,33.76711,10.08246,33.0,55.0,0.0,0.0,0.0,0.0004,0.0,0.0,0.5
YDR101C,74,0.0011568281544211193,0.28145362375657795,0.011674638877577064,0.6108848574601999,70.00701402805612,0.5,1337.3666666666666,0,0.05565,-0.23086,40.67403,6.74432,65.0,63.0,56475.0,0.0,0.86602,0.0001,0.0,0.0,0.5
YDR429C,23,0.000985569562190173,0.2576797016002527,0.0011480062717524032,0.383399209486166,18.53969849246231,0.0,106.125,1,0.05474,-0.68321,51.12117,6.41644,44.0,43.0,25940.0,0.0,0.85046,0.00021,0.3153500824189429,0.0,0.5
YDR496C,93,0.00869083805184153,0.28858439641738287,0.01145622638521981,0.4361851332398317,85.0092879256966,0.3333333333333333,1050.9940476190477,0,0.06707,-0.59345,41.22852,6.43768,107.0,102.0,60445.0,0.0,0.80481,9e-05,0.0,0.0,0.5
YGL049C,18,0.0003687412519818761,0.2550261298973401,0.0005558937228930615,0.27450980392156865,17.37286432160804,0.0,46.43580031080031,0,0.06893,-1.08162,50.04847,7.30499,136.0,136.0,82335.0,0.0,0.79246,7e-05,0.0,0.0,0.5
YGL099W,72,0.0021227286508645592,0.2799521564381763,0.012521979039271134,0.582942097026604,66.29767911200807,0.0,693.8653679653681,1,0.08125,-0.71594,36.88611,8.8399,92.0,100.0,70290.0,0.0,0.9665,0.00012,0.6846499175810571,0.0,0.5
YGR162W,41,0.0010297714430685628,0.27483799833378164,0.004576831235892153,0.3804878048780488,38.58291457286432,0.0,224.10800865800863,0,0.05777,-1.12668,57.07017,5.79889,159.0,145.0,73270.0,0.0,0.68413,5e-05,0.0,0.0,0.5
YJL109C,136,0.006154735069126316,0.29636457276291,0.017553924237078012,0.3535947712418301,78.88388388388388,0.3333333333333333,1351.525246975247,1,0.08423,0.06145,40.4385,6.11359,209.0,196.0,122560.0,0.0,0.61256,3e-05,0.6846499175810571,0.22418506295530205,0.5014209813964364
YJR007W,23,0.000640568143820384,0.25703362421431625,0.0008602300834148818,0.4268774703557312,21.606030150753767,0.0,112.10714285714286,1,0.06579,-0.42138,52.55859,4.9433,57.0,43.0,30995.0,0.0,0.89278,0.00014,0.3153500824189429,0.0,0.5
YLR106C,73,0.002567985554367837,0.28289864300317824,0.009762420828772544,0.5388127853881278,47.67894736842105,0.5,672.2797535797534,1,0.08473,-0.39261,41.92397,4.89557,797.0,564.0,500505.0,0.0,0.89488,1e-05,0.6846499175810571,0.2889671908216764,0.5030303436502991
YLR192C,7,0.00011164208750182245,0.24428521226242858,0.0003296650667168021,0.5238095238095238,6.311557788944723,0.0,14.0,0,0.04906,-0.91585,38.12528,5.02887,55.0,45.0,19480.0,0.0,0.65891,0.00017,0.0,0.0,0.5
YLR241W,3,0.00043561979311401006,0.21207190682553273,6.236336785973016e-05,0.0,2.247983870967742,0.0,0.0,0,0.13299,0.08683,35.7787,8.28119,73.0,77.0,130165.0,0.0,1.45692,9e-05,0.0,0.0,0.5
YLR409C,101,0.0027195108282168264,0.29163920974366675,0.011565016496879106,0.4017821782178218,74.48780487804878,0.5,2528.0,1,0.08839,-0.29989,42.07661,7.65192,112.0,113.0,90270.0,0.0,0.86144,7e-05,0.6846499175810571,0.2889671908216764,0.5019396946338718
YMR012W,34,0.0021447776571492986,0.26553380249837505,0.0022261495817996126,0.23172905525846701,29.19698600645856,0.0,245.75000000000003,0,0.0924,-0.47823,44.42269,5.99323,178.0,159.0,113500.0,0.0,0.78188,4e-05,0.0,0.0,0.5
YMR049C,86,0.0053132305499088974,0.2985322128725128,0.011901198151334341,0.5370725034199726,80.55110220440882,0.5,1327.2690476190471,1,0.07435,-0.75452,50.614,5.03729,146.0,107.0,117855.0,0.0,1.28517,5e-05,0.6846499175810571,0.2889671908216764,0.5017936886207242
YMR116C,79,0.010904923105653847,0.2749751515984981,0.0038083337499394306,0.525154170723791,35.448241206030154,0.0,104.94234654234654,0,0.08777,-0.13103,25.36489,5.79657,34.0,29.0,71180.0,0.0,2.04511,0.00017,0.0,0.0,0.5
YMR146C,17,0.00010858478284216256,0.24845714436227728,0.0007739957046265707,0.5808823529411765,13.592964824120603,0.0,76.78336940836941,1,0.10663,-0.40432,28.51501,5.40765,49.0,36.0,52090.0,0.0,1.34409,0.00014,0.3153500824189429,0.0,0.5
YMR290C,87,0.0007572529299040888,0.2860376779751816,0.012665911031961534,0.5298048650093558,77.46746746746747,0.5,947.4704545454548,1,0.07723,-0.35465,37.61624,9.37982,57.0,73.0,26985.0,0.0,0.47579,0.00017,0.3153500824189429,0.19338324065864865,0.5012481577556402
YMR309C,61,0.0007114907639151361,0.28181349285740465,0.007599963381694188,0.49453551912568305,54.34070351758794,0.0,698.3523809523809,1,0.0936,-0.52315,51.96431,4.85748,133.0,97.0,80720.0,0.0,0.86606,5e-05,0.6846499175810571,0.0,0.5
YMR310C,33,0.0012143278842529951,0.27244293295893224,0.0039269456882949985,0.4071969696969697,20.038988408851424,1.0,112.08414918414918,0,0.10095,-0.24795,29.84921,9.56805,26.0,41.0,26860.0,0.0,0.74919,0.00027,0.0,0.0,0.5
YNL002C,74,0.0009608628048104307,0.2822284816745965,0.011028242404559411,0.6638282117734172,56.11322645290581,0.5,860.8272755022753,1,0.04658,-0.53571,50.10435,9.4704,47.0,58.0,6210.0,0.0,0.16986,0.00026,0.3153500824189429,0.19338324065864865,0.5017231520345827
YNL132W,107,0.0009039793270961716,0.28719308458372034,0.01444479156487822,0.4554752248280727,90.38038038038039,0.5,953.3265900765904,1,0.07292,-0.40388,43.17955,7.63153,138.0,139.0,84410.0,0.0,0.70727,6e-05,0.6846499175810571,0.2889671908216764,0.5015986168104489
YOL041C,116,0.0022967172034543772,0.2918902566067755,0.014786954419632046,0.39910044977511244,82.09909909909909,0.5,2386.083333333333,0,0.05664,-0.94858,42.38519,9.45148,76.0,97.0,16430.0,0.0,0.31632,0.00018,0.0,0.0,0.5
YOL077C,128,0.0019157456854897784,0.29413002303833474,0.016262751867478314,0.4009596456692913,104.93672199170125,0.5,1900.5904761904756,1,0.08591,-0.63608,44.72924,9.31158,36.0,45.0,26150.0,0.0,0.77988,0.00028,0.3153500824189429,0.19338324065864865,0.5009214278709504
YOR206W,111,0.0029267030510005997,0.2924518447074586,0.014721971323173133,0.438001638001638,96.33867735470942,0.5,2252.083333333333,1,0.08169,-0.57606,47.1189,8.58722,103.0,109.0,59415.0,0.0,0.72812,0.00011,0.6846499175810571,0.2889671908216764,0.5014997465128036
YOR361C,72,0.00233554380028131,0.2860376779751816,0.008918591916483098,0.4702660406885759,61.495477386934674,0.0,1562.333333333333,1,0.11402,-0.49489,37.74866,5.71454,111.0,97.0,128520.0,0.0,1.45832,6e-05,0.6846499175810571,0.0,0.5
YPL012W,136,0.004305898076293396,0.29837056012424007,0.016588243838325516,0.3652505446623094,118.88588588588588,0.3333333333333333,1327.6306748806749,1,0.07329,-0.21629,41.66156,6.60748,154.0,150.0,86565.0,0.0,0.62953,5e-05,0.6846499175810571,0.22418506295530205,0.5009428581924792
YPL093W,97,0.007880365739263257,0.3011838381576608,0.011726417713761665,0.4177405498281787,88.95691382765531,0.5,1187.9702380952378,1,0.07264,-0.63292,48.86015,8.91376,98.0,108.0,45685.0,0.0,0.61397,0.00012,0.6846499175810571,0.2889671908216764,0.5016241974816118
YPR041W,16,7.111624127923024e-05,0.24774499270924089,0.0009358329570187563,0.65,14.77788944723618,0.0,59.79606782106782,1,0.0642,-0.53506,40.04941,4.94916,74.0,53.0,30785.0,0.0,0.68017,0.00011,0.3153500824189429,0.0,0.5
YAL036C,13,0.0003499061604309845,0.2516054026983746,0.0004292776419205851,0.11538461538461539,9.293085655314757,0.0,50.133333333333326,0,0.05691,-0.13171,36.24309,8.48212,46.0,49.0,24910.0,0.0,0.61203,0.00021,0.0,0.0,0.5
YCL037C,12,0.00012511251603996245,0.2411579766549332,0.001586310787276425,0.42424242424242425,8.002107481559536,0.0,42.0,0,0.0576,-1.02235,68.31733,8.87885,46.0,50.0,33920.0,0.0,0.70579,0.00018,0.0,0.0,0.5
YCR038C,5,0.00017129580320127057,0.23264337424928877,9.202134930696175e-06,0.1,2.0154440154440154,0.0,7.5,0,0.10592,-0.2243,46.46776,7.67572,66.0,67.0,106075.0,0.0,1.41348,0.0001,0.0,0.0,0.5
YDL051W,35,0.00042429456868949445,0.2614082105957139,0.005156708063106791,0.6386554621848739,25.4468085106383,0.5,348.49999999999994,0,0.08727,-1.02473,63.00076,8.61945,48.0,51.0,13200.0,0.0,0.41117,0.00027,0.0,0.0,0.5
YDL065C,14,0.0018116516335701825,0.2703377073025588,5.800171907285325e-05,0.04395604395604396,4.019138755980861,0.2,4.8,0,0.04386,-1.11696,39.64298,4.25482,84.0,37.0,14690.0,0.0,0.37953,0.00011,0.0,0.0,0.5
YDR152W,3,0.0003167939320978756,0.25351545061395925,9.556729677619155e-05,0.0,2.530734632683658,0.0,0.0,0,0.07547,-0.89132,35.3717,4.50494,65.0,34.0,26275.0,0.0,0.84675,0.00015,0.0,0.0,0.5
YGR250C,3,2.2368933415996355e-05,0.2189176924550816,8.352583487177524e-06,0.0,2.2375249500998002,0.0,0.0,0,0.11268,-0.81601,47.21219,5.18671,104.0,75.0,106175.0,0.0,1.18616,6e-05,0.0,0.0,0.5
YJL138C,20,0.0013735896826641367,0.2614702328296769,0.00046171330375017545,0.2,17.986934673366836,0.0,123.66666666666666,0,0.0,0.0,0.0,0.0,0.0,0.0,0.0,0.0,0.0,0.0,0.0,0.0,0.5
YLR150W,5,0.00043347172580531895,0.2392989878549223,0.00013356771273314054,0.1,2.6468797564687976,0.3333333333333333,0.5,0,0.03663,-1.2663,36.55531,9.65607,40.0,52.0,9970.0,0.0,0.33239,0.00032,0.0,0.0,0.5
YLR175W,85,0.007052821577373494,0.2983907571431343,0.010416065827846856,0.4330532212885154,74.5120240480962,0.25,623.3852980352978,1,0.05176,-0.73789,44.02464,9.01508,79.0,92.0,54985.0,0.0,1.00513,0.00016,0.6846499175810571,0.183130042784624,0.5012288623556006
YNR022C,2,2.649596420827752e-06,0.20815633259080718,8.747206781694238e-06,0.0,1.824,0.0,0.0,0,0.05755,-0.79712,40.79424,8.78571,21.0,24.0,6210.0,0.0,0.38139,0.00054,0.0,0.0,0.5
YOR243C,11,1.5280293630798847e-05,0.2500639128247971,0.0008152310053817997,0.34545454545454546,9.853238866396762,0.3333333333333333,29.53333333333333,0,0.07249,-0.61213,36.90917,7.60712,101.0,102.0,55280.0,0.0,0.71791,0.0001,0.0,0.0,0.5
YAL038W,3,0.0002182900111657467,0.19414783771308183,2.6289750621115785e-06,0.0,2.0,0.0,0.0,1,0.062,-0.148,23.2306,7.55609,60.0,61.0,28725.0,0.0,0.52664,0.00014,0.3153500824189429,0.0,0.5
YNL307C,4,0.0005018489484306163,0.2331601954551742,0.00016515840825103868,0.0,3.6594427244582044,0.0,0.0,0,0.10667,-0.34133,41.76163,8.8299,41.0,47.0,34100.0,0.0,0.79054,0.0002,0.0,0.0,0.5
YOR226C,2,9.246184780705352e-05,0.21063296326813472,1.3528765451154046e-06,0.0,1.5122235157159487,0.0,0.0,0,0.05128,-0.15064,32.77564,9.58929,13.0,22.0,6335.0,0.0,0.3742,0.00057,0.0,0.0,0.5
YOR347C,1,0.0,0.16178392686444465,4.1598155729943116e-08,0.0,0.0,0.0,0.0,0,0.0,0.0,0.0,0.0,0.0,0.0,0.0,0.0,0.0,0.0,0.0,0.0,0.0
YAL040C,8,0.0003310301679691254,0.2296736651526871,9.720763951359418e-06,0.03571428571428571,7.288597376387488,0.0,0.0,0,0.09828,-0.26103,52.87571,9.23309,40.0,56.0,60165.0,0.0,0.92576,0.00014,0.0,0.0,0.5
YBR160W,23,0.0024504426666658845,0.25848051221270807,0.00019174914610342836,0.039525691699604744,18.906720160481445,0.0,14.35487012987013,1,0.09732,-0.23859,27.64866,8.50323,39.0,42.0,41870.0,0.0,1.22926,0.00025,0.3153500824189429,0.0,0.5
YJL013C,6,0.00017644484478032669,0.23207995447380875,4.821233276577634e-06,0.0,3.6537610619469025,1.0,0.0,0,0.07961,-0.74408,47.97555,7.58575,75.0,76.0,47830.0,0.0,0.80359,0.00013,0.0,0.0,0.5
YJL157C,10,0.0008946652110422392,0.24436646461974185,2.5057764331254556e-05,0.15555555555555556,8.632694248234108,0.0,25.74025974025974,1,0.08916,-0.4647,44.38592,5.25128,123.0,95.0,92635.0,0.0,0.97953,6e-05,0.6846499175810571,0.0,0.5
YJR132W,9,0.00033414540092017867,0.23392733258732348,7.788875004353189e-05,0.0,6.680459770114942,0.5,0.0,0,0.10592,-0.09714,41.12617,4.57343,150.0,91.0,133600.0,0.0,1.11365,4e-05,0.0,0.0,0.5
YLL021W,15,0.0036316157549671243,0.26129974245853727,0.00027889154411870205,0.047619047619047616,8.219883040935672,0.0,6.438095238095238,0,0.03956,-0.83336,50.9805,5.07404,248.0,189.0,55405.0,0.0,0.33961,3e-05,0.0,0.0,0.5
YPL014W,1,0.0,0.18572263135772166,1.522536909161207e-07,0.0,1.0,0.5,0.0,0,0.06562,-0.61181,57.70318,9.02753,30.0,35.0,23420.0,0.0,0.55136,0.00021,0.0,0.0,0.5
YAL041W,18,0.007560114814961626,0.25728866253869864,8.585656059947223e-06,0.05228758169934641,13.48435923309788,0.0,20.348484848484848,1,0.07611,-0.47763,50.72096,8.60187,90.0,96.0,60695.0,0.0,0.62612,9e-05,0.6846499175810571,0.0,0.5
YER114C,12,0.0019588887894198604,0.2671753836763151,0.00011025580270304251,0.09090909090909091,7.7317073170731705,0.0,37.25,0,0.06827,-0.87183,53.98192,8.79584,135.0,143.0,74510.0,0.0,0.64407,8e-05,0.0,0.0,0.5
YGL052W,1,0.0,0.20337377879010488,1.2632094281734342e-07,0.0,0.0,0.0,0.0,0,0.08911,-0.73663,39.41386,9.96661,6.0,17.0,16305.0,0.0,1.35223,0.00083,0.0,0.0,0.0
YGL127C,69,0.029029918282321435,0.3014722100448313,0.0002829589745013398,0.005541346973572037,44.92292292292292,1.0,25.615476190476187,0,0.12598,-0.2811,41.61811,4.44501,13.0,7.0,32805.0,0.0,2.22547,0.0003,0.0,0.0,0.5
YGL233W,11,0.00025998851341823035,0.23063499478237448,2.2552625089999175e-06,0.38181818181818183,2.855472901168969,0.0,5.583333333333334,1,0.0989,-0.23714,40.4054,4.80035,134.0,93.0,78115.0,0.0,0.74351,5e-05,0.6846499175810571,0.0,0.5
YGR152C,5,0.0006480649909820633,0.21374808006960788,4.917791609423432e-07,0.3,2.8282722513089005,0.0,0.0,0,0.05882,-0.50588,56.56695,9.22357,33.0,40.0,17670.0,0.0,0.58144,0.0003,0.0,0.0,0.5
YGR221C,2,3.384717603280636e-05,0.21296326659623765,9.562909649637726e-07,0.0,0.0,0.0,0.0,0,0.07717,-0.69855,61.0095,6.04816,69.0,61.0,45575.0,0.0,0.65604,9e-05,0.0,0.0,0.0
YGR268C,13,0.003990742852379255,0.26198304144036155,3.493230966750678e-05,0.02564102564102564,7.227417640807651,0.0,149.0,0,0.09091,-1.04192,67.84197,9.36407,14.0,24.0,35380.0,0.0,1.57701,0.00042,0.0,0.0,0.5
YHL007C,13,0.0015485539503103764,0.2580115104053569,3.427341398494635e-05,0.10256410256410256,10.687950566426364,0.3333333333333333,15.352870813397129,0,0.0426,-0.74441,48.75752,6.89313,112.0,110.0,55195.0,0.0,0.53922,7e-05,0.0,0.0,0.5
YIL079C,2,1.4875678864001437e-05,0.20860946738325323,3.559299442256298e-07,0.0,1.864516129032258,0.5,0.0,0,0.10833,-1.22167,51.94389,9.16937,41.0,58.0,46810.0,0.0,1.12442,0.00022,0.0,0.0,0.5
YJL008C,10,0.000669000395664104,0.24478713101263458,6.438715995371685e-05,0.5111111111111111,9.195121951219512,0.0,10.0,1,0.04049,-0.08944,32.64806,5.51996,75.0,63.0,22640.0,0.0,0.36717,9e-05,0.3153500824189429,0.0,0.5
YJL187C,4,0.0001587221393465422,0.22941070285066475,5.229926214865051e-06,0.0,3.6274309109518934,0.5,1.4545454545454546,0,0.0757,-0.70134,54.08023,5.86273,111.0,95.0,79800.0,0.0,0.86301,6e-05,0.0,0.0,0.5
YLR206W,2,2.539263652587703e-05,0.21646663991728166,4.2472234909935284e-07,0.0,1.0,0.0,0.0,0,0.07667,-1.37259,77.32073,5.32037,71.0,59.0,52510.0,0.0,0.73127,7e-05,0.0,0.0,0.5
YLR229C,17,0.0010849027310560107,0.24350254959263787,5.914646362100979e-06,0.125,15.452068617558023,0.0,32.09985847485847,1,0.08377,-0.02723,38.27696,6.30377,23.0,22.0,16805.0,0.0,0.78814,0.0003,0.3153500824189429,0.0,0.5
YMR298W,4,8.50701965620431e-05,0.2283411890844612,1.871033919841596e-06,0.16666666666666666,2.587378640776699,0.5,1.2,1,0.12,-0.36133,40.56133,6.19513,19.0,17.0,26525.0,0.0,1.54157,0.00036,0.3153500824189429,0.19338324065864865,0.5373704949115212
YOR212W,11,0.0011118826623383693,0.24059200170699288,3.3551408358919103e-06,0.07272727272727272,8.722502522704339,0.0,11.345238095238097,0,0.08511,-0.35887,52.31255,5.78656,44.0,38.0,68965.0,0.0,1.48055,0.00012,0.0,0.0,0.5
YPL161C,21,0.004019705184215419,0.23757082485990424,4.151379217822016e-06,0.05238095238095238,14.574380165289256,0.0,73.0,0,0.07109,0.01485,41.78611,4.91693,80.0,60.0,40935.0,0.0,0.57661,7e-05,0.0,0.0,0.5
YAL042W,1,0.0,0.2177067688302807,9.352641188719418e-07,0.0,1.0,0.3333333333333333,0.0,0,0.08916,-0.39976,33.52099,6.34515,47.0,42.0,39640.0,0.0,0.85737,0.00014,0.0,0.0,0.5
YAL043C,15,0.0009122750368203958,0.24489592529308463,0.0003440093008581128,0.3523809523809524,10.537960954446854,1.0,25.705952380952382,1,0.06879,-0.36255,50.59019,5.89105,99.0,90.0,65820.0,0.0,0.74396,7e-05,0.3153500824189429,0.23974612282610783,0.5113753563835772
YDL014W,79,0.0025669089612546025,0.28833900152247016,0.010439055787317603,0.44141512495942875,72.46746746746747,0.5,817.2892857142858,1,0.0581,-0.41223,37.01223,10.24408,32.0,53.0,17795.0,0.0,0.51632,0.0003,0.3153500824189429,0.19338324065864865,0.50133427624434
YDL195W,12,0.00016601967988535456,0.22370599620784185,3.9664829460505446e-05,0.42424242424242425,8.042998897464168,0.3333333333333333,9.916666666666666,1,0.06834,-0.50628,47.56671,5.48749,134.0,109.0,142625.0,0.0,1.02818,4e-05,0.6846499175810571,0.22418506295530205,0.5139366588142877
YDR301W,12,9.318795461024098e-06,0.23271706553033067,0.00010277218948907355,0.7424242424242424,11.341052631578947,1.0,50.6,1,0.08696,-0.26514,37.09434,5.6192,173.0,148.0,111520.0,0.0,0.72697,4e-05,0.6846499175810571,0.40640486218295563,0.517917422455625
YDR311W,38,0.0066087166756818765,0.28359023773002595,0.000104570165556876,0.07112375533428165,32.33469387755102,1.0,36.75336403792286,1,0.05919,-0.65156,37.60625,6.43646,89.0,85.0,39475.0,0.0,0.54154,9e-05,0.3153500824189429,0.23974612282610783,0.5037072582739457
YGL044C,28,0.0016021288715288306,0.2630304108404752,0.00011036963959676172,0.12433862433862433,23.722448979591835,1.0,29.115476190476198,1,0.06757,-0.52264,41.30777,4.92328,32.0,25.0,20440.0,0.0,0.62335,0.00015,0.3153500824189429,0.23974612282610783,0.5050531486658979
YGR156W,4,0.0004229865413373211,0.19816258283998756,6.002938018515569e-06,0.16666666666666666,3.628668171557562,1.0,0.0,1,0.04941,-0.43859,57.08118,5.90753,37.0,34.0,18575.0,0.0,0.39536,0.00013,0.3153500824189429,0.23974612282610783,0.5330350023054325
YJR093C,14,0.0002689463960381094,0.2485411961702483,0.00010433360437680936,0.5164835164835165,8.5828025477707,1.0,46.50000000000001,1,0.0581,-0.84281,53.22477,4.23993,53.0,26.0,21430.0,0.0,0.599,0.00012,0.3153500824189429,0.23974612282610783,0.5139666572481258
YKL018W,14,0.00025830831567604895,0.24059200170699288,0.0001146072863043372,0.2087912087912088,11.643312101910828,0.5,22.9047619047619,1,0.12766,-0.21185,26.42131,5.53278,35.0,28.0,38360.0,0.0,1.03336,0.00015,0.3153500824189429,0.19338324065864865,0.50830447723835
YKR002W,13,0.00010183907261455288,0.23100967693509714,8.246683749054959e-05,0.5512820512820513,12.117834394904458,1.0,29.117857142857144,1,0.09331,-0.3294,44.2229,7.94769,76.0,78.0,64830.0,0.0,1.00432,0.00012,0.3153500824189429,0.23974612282610783,0.5098922841744281
YLR115W,17,7.374847999654228e-05,0.2394029574363506,0.0005902879372886798,0.4852941176470588,14.990526315789474,1.0,101.0,1,0.06752,-0.36403,40.92631,7.50836,114.0,115.0,86510.0,0.0,0.89878,8e-05,0.6846499175810571,0.40640486218295563,0.5135553900384034
YLR277C,28,0.0006571345703340865,0.24930022934484353,0.0021267046548209085,0.3835978835978836,14.739915074309978,1.0,103.39285714285714,1,0.07574,-0.24031,38.89207,5.07306,115.0,78.0,51100.0,0.0,0.58285,6e-05,0.3153500824189429,0.23974612282610783,0.5081325476306155
YMR182C,2,7.209054850733716e-05,0.19603871988239452,5.378152731444944e-06,0.0,0.0,1.0,0.0,0,0.07583,-0.76161,76.56351,9.63251,14.0,24.0,12420.0,0.0,0.52065,0.0004,0.0,0.0,0.0
YNL317W,20,0.0005563538557616381,0.2519361407827355,0.0012541128917331267,0.2894736842105263,16.704112337011033,1.0,48.08127705627705,1,0.09892,-0.54301,41.97333,8.31293,49.0,52.0,85215.0,0.0,1.60351,0.00016,0.3153500824189429,0.23974612282610783,0.5071762604917026
YNR054C,46,0.0008216520782986899,0.2745299031746605,0.006960250839553024,0.6473429951690821,23.006613756613756,0.5,444.8428571428572,1,0.06013,-1.16804,54.53358,7.69049,60.0,61.0,20065.0,0.0,0.55113,0.00021,0.3153500824189429,0.19338324065864865,0.5042027749651566
YOR250C,13,0.00018951976790449878,0.2465946887041577,8.452559023307243e-05,0.5512820512820513,12.006054490413723,1.0,35.6,1,0.08539,-0.14022,39.63553,5.60455,53.0,44.0,61600.0,0.0,1.22648,0.00011,0.3153500824189429,0.23974612282610783,0.5099843842545249
YAL044C,3,0.0,0.20452496892662383,9.062019360730222e-07,1.0,0.0,0.0,0.0,0,0.0,0.0,0.0,0.0,0.0,0.0,0.0,0.0,0.0,0.0,0.0,0.0,0.0
YDR019C,3,0.0,0.20452496892662383,9.062019360730222e-07,1.0,0.0,0.0,0.0,0,0.0,0.0,0.0,0.0,0.0,0.0,0.0,0.0,0.0,0.0,0.0,0.0,0.0
YFL018C,19,0.0019223899299580722,0.2591034300402941,6.757831644215233e-05,0.07602339181286549,15.627510040160642,0.0,11.16984126984127,0,0.05611,-0.18116,32.78377,8.07428,62.0,64.0,21025.0,0.0,0.38928,0.00015,0.0,0.0,0.5
YMR189W,3,0.0,0.20452496892662383,9.062019360730222e-07,1.0,0.0,0.0,0.0,0,0.07157,-0.19555,44.44391,6.82526,109.0,105.0,80285.0,0.0,0.70149,6e-05,0.0,0.0,0.0
YAL045C,1,0.0,0.2073144267166215,5.8104915083518785e-06,0.0,1.0,0.0,0.0,0,0.08824,0.35882,36.43235,6.56378,9.0,8.0,14730.0,0.0,1.26464,0.00056,0.0,0.0,0.5
YJR063W,36,0.007079191107314285,0.2636281714775147,0.0003799424089211551,0.2746031746031746,22.297679112008073,0.5,49.91468253968253,0,0.072,-0.3216,37.30328,8.09564,13.0,15.0,6960.0,0.0,0.5095,0.00059,0.0,0.0,0.5
YAL047C,14,0.003027876236030564,0.27645824115870327,0.00022692725752632622,0.02197802197802198,6.500559910414334,0.0,0.0,0,0.05305,-0.79068,54.85965,4.97198,109.0,76.0,32890.0,0.0,0.45614,7e-05,0.0,0.0,0.5
YCL032W,35,0.004410448979619576,0.27405201462701423,2.944593775198531e-05,0.011764705882352941,24.903490759753595,0.0,22.0,0,0.04624,-0.66329,55.1815,5.28705,50.0,40.0,30325.0,0.0,0.77816,0.00014,0.0,0.0,0.5
YEL061C,6,0.0005339716471565504,0.240907566689011,1.1543151026276152e-05,0.0,1.4369085173501577,0.0,2.5,0,0.054,-0.6988,47.41702,8.21796,125.0,129.0,39405.0,0.0,0.34776,7e-05,0.0,0.0,0.5
YGL212W,18,0.0020830779302020495,0.2569437313636934,1.6485654907072755e-05,0.05228758169934641,10.930817610062894,0.0,12.11111111111111,0,0.0538,-0.92911,48.73323,8.46173,53.0,55.0,32555.0,0.0,0.88679,0.00023,0.0,0.0,0.5
YGR218W,60,0.027304001263406374,0.2969435267952525,0.00023459606089508116,0.01751412429378531,36.54048370136698,0.3333333333333333,36.41048118548119,1,0.09041,-0.09354,41.51656,5.32135,139.0,110.0,116670.0,0.0,0.94011,4e-05,0.6846499175810571,0.22418506295530205,0.5030676258254747
YHR172W,6,0.0008657903153045507,0.26788979977365684,0.00011513771011737498,0.26666666666666666,1.7535545023696681,0.3333333333333333,5.313131313131313,1,0.10936,-0.43961,41.89296,5.99701,111.0,102.0,99685.0,0.0,1.02955,6e-05,0.6846499175810571,0.22418506295530205,0.5639230382210388
YIL026C,7,0.00025920636612744287,0.22879154280767755,5.887658744517211e-06,0.23809523809523808,1.0,0.5,10.0,1,0.08696,-0.43113,41.38934,4.99701,194.0,140.0,105545.0,0.0,0.79353,4e-05,0.6846499175810571,0.2889671908216764,0.6444835954108382
YIL061C,68,0.009508268193571262,0.2838276128565787,0.000454273963521877,0.20851624231782265,59.74118831822759,1.0,337.3,1,0.1,-0.87967,43.77833,9.97211,32.0,55.0,33935.0,0.0,0.98515,0.00029,0.3153500824189429,0.23974612282610783,0.5020065396217852
YLR045C,3,7.442553739686711e-05,0.2403558699714026,2.630719518785677e-05,0.0,1.0,0.0,0.0,1,0.06194,-0.56137,49.12928,8.68085,124.0,132.0,73520.0,0.0,0.72852,9e-05,0.6846499175810571,0.0,0.5
YLR429W,5,0.0002427375662109234,0.24088123799319802,7.775791395116375e-06,0.0,4.719914802981895,0.0,5.076923076923077,0,0.0722,-0.72627,46.12998,5.63849,104.0,91.0,70360.0,0.0,0.96978,8e-05,0.0,0.0,0.5
YMR047C,150,0.06206212063096141,0.32080100831639063,0.0020834443421085414,0.007516778523489933,101.21843687374749,0.25,97.52500000000002,1,0.07817,-0.72686,36.17951,9.36505,58.0,75.0,21360.0,0.0,0.18377,8e-05,0.6846499175810571,0.183130042784624,0.5009046278940913
YNL126W,5,0.00022933569011269312,0.22868471961379558,5.1613206497337455e-06,0.4,0.0,0.3333333333333333,4.666666666666667,1,0.1182,-0.24279,40.03147,7.0285,93.0,92.0,95050.0,0.0,0.96767,7e-05,0.3153500824189429,0.16204621790391252,0.5
YNL188W,3,8.272890555563796e-05,0.22556038762091404,3.7302230354992252e-06,0.0,1.0,0.0,0.0,1,0.07852,-1.05473,53.50072,9.29901,61.0,74.0,40590.0,0.0,0.80134,0.00018,0.3153500824189429,0.0,0.5
YAL049C,1,0.0,0.2088565647339867,1.9548653728650636e-06,0.0,1.0,0.0,0.0,0,0.10976,-0.0813,37.41992,5.83856,32.0,26.0,23420.0,0.0,0.86457,0.00022,0.0,0.0,0.5
YNL094W,20,0.002269103808459179,0.2661269412747841,0.0001499818440393854,0.031578947368421054,14.867867867867869,0.0,0.0,0,0.08518,-0.59046,52.27157,5.83295,71.0,64.0,55405.0,0.0,0.83777,9e-05,0.0,0.0,0.5
YAL051W,1,0.0,0.16929590042536,1.887775275340002e-08,0.0,0.0,1.0,0.0,0,0.08978,-0.27631,44.41809,6.53705,120.0,114.0,81440.0,0.0,0.685,5e-05,0.0,0.0,0.0
YOR363C,2,0.005061952574236272,0.20506729881259414,1.4249507350987257e-06,0.0,0.0,1.0,0.0,0,0.09237,-0.21968,43.45234,7.66193,118.0,120.0,78390.0,0.0,0.68338,7e-05,0.0,0.0,0.0
YAL054C,3,0.00026106427486365997,0.24664987999527327,2.7759650897130106e-05,0.0,1.8140960163432074,0.3333333333333333,0.0,0,0.09677,-0.27195,34.63564,6.15338,86.0,77.0,113065.0,0.0,1.42867,8e-05,0.0,0.0,0.5
YHR041C,32,0.0033872958134043203,0.2592405701761658,0.0014480212906028333,0.13709677419354838,16.850609756097562,1.0,82.2334249084249,0,0.06667,-0.00762,27.24905,5.23834,26.0,20.0,18700.0,0.0,0.81681,0.00023,0.0,0.0,0.5
YLR049C,3,0.0001335759419717034,0.22413823436596958,1.70143868463034e-06,0.0,2.1154891304347827,0.0,0.0,0,0.09579,-0.43178,53.16077,8.04816,48.0,50.0,46715.0,0.0,0.94388,0.00016,0.0,0.0,0.5
YAL055W,1,0.0,0.21625425114185262,1.349531618253063e-06,0.0,1.0,0.0,0.0,0,0.06667,-0.29833,46.08611,8.55035,23.0,26.0,19075.0,0.0,0.95967,0.00043,0.0,0.0,0.5
YAL056W,2,0.0,0.16959551613094503,7.436684172468449e-08,1.0,0.0,0.0,12.142857142857142,0,0.08864,-0.47182,43.99752,6.75702,104.0,101.0,93305.0,0.0,0.94577,7e-05,0.0,0.0,0.0
YER020W,5,0.0002873332434843653,0.19475685496489897,2.5891337234176766e-06,0.2,2.2006802721088436,0.0,12.90952380952381,0,0.07572,-0.54365,50.09802,6.0556,49.0,46.0,41870.0,0.0,0.82998,0.00012,0.0,0.0,0.5
YGL121C,5,0.0002578458179903724,0.20482908114286155,2.1167977351276044e-06,0.2,2.1107305936073057,0.0,34.0,0,0.10317,-0.43413,66.20095,4.66388,23.0,13.0,19940.0,0.0,1.33631,0.00031,0.0,0.0,0.5
YAL058W,1,0.0,0.00021358393848782572,2.229258935376394e-19,0.0,0.0,0.5,0.0,0,0.08964,-0.34482,31.6988,5.14972,66.0,46.0,98610.0,0.0,1.73099,9e-05,0.0,0.0,0.0
YOR236W,1,0.0,0.00021358393848782572,2.229258935376394e-19,0.0,0.0,0.0,0.0,1,0.09953,-0.44218,37.14455,7.67267,28.0,29.0,25815.0,0.0,1.06407,0.00032,0.3153500824189429,0.0,0.0
YAL059W,1,0.0,0.21318985613365204,2.9321266604258356e-06,0.0,1.0,0.3333333333333333,0.0,0,0.04245,-0.80519,34.81981,9.69427,32.0,43.0,13980.0,0.0,0.58516,0.00041,0.0,0.0,0.5
YER165W,19,0.0017212371138163307,0.27320276760306933,0.00019065330769197739,0.0935672514619883,17.090032154340836,0.5,14.581959706959706,1,0.08839,-0.67799,42.18253,5.70844,78.0,69.0,40145.0,0.0,0.62392,9e-05,0.3153500824189429,0.19338324065864865,0.5056577787248203
YAL060W,1,0.0,0.22412683827921107,4.069454388987861e-05,0.0,1.0,0.0,0.0,0,0.06545,-0.06361,36.17254,6.0954,47.0,39.0,37815.0,0.0,0.90942,0.00015,0.0,0.0,0.5
YAL062W,2,0.0001842505115770372,0.24199202104059747,9.610960093610995e-06,0.0,1.4172972972972973,0.0,0.0,0,0.0919,-0.19322,24.72604,5.35309,55.0,47.0,56100.0,0.0,1.13044,0.00011,0.0,0.0,0.5
YLR267W,3,0.00021610144513173555,0.209163779609752,1.1363840832040039e-06,0.0,1.4431687715269805,0.0,0.0,0,0.12456,-0.15596,42.99214,6.06476,65.0,60.0,51935.0,0.0,0.78282,9e-05,0.0,0.0,0.5
YAL064W,3,0.0001772601827764714,0.23516279836092416,5.754935490926515e-05,0.0,0.0,0.0,0.0,0,0.12766,-0.23511,43.73511,9.72784,7.0,13.0,1865.0,0.0,0.16949,0.00088,0.0,0.0,0.0
YHR114W,108,0.04430158793114687,0.3092771104522222,0.0045215103767237246,0.0029421945309795776,68.31726907630522,0.0,19.7,0,0.07267,-0.81785,38.45311,5.69525,95.0,85.0,75790.0,0.0,1.06491,8e-05,0.0,0.0,0.5
YKR011C,2,8.733778399724659e-07,0.20749007556015645,1.0517847985147876e-06,0.0,0.0,0.0,0.0,0,0.10765,-0.72436,43.65272,8.8465,43.0,50.0,56100.0,0.0,1.35837,0.00021,0.0,0.0,0.0
YMR149W,12,0.0002605107674272002,0.21659427354930835,6.124506900469453e-06,0.48484848484848486,3.233568075117371,0.5,4.583333333333334,1,0.1049,0.36573,35.76294,6.52911,26.0,25.0,16180.0,0.0,0.51118,0.00021,0.3153500824189429,0.19338324065864865,0.529902453909468
YAL064WB,1,0.0,0.21009087099778495,1.7868579098581012e-06,0.0,0.0,0.0,0.0,0,0.0,0.0,0.0,0.0,0.0,0.0,0.0,0.0,0.0,0.0,0.0,0.0,0.0
YPR126C,5,0.0005005418231310473,0.26813422477345034,0.00013504608620698965,0.0,3.018478260869565,0.0,0.0,0,0.15686,1.09314,26.77461,6.69122,5.0,5.0,10220.0,0.0,0.88219,0.00058,0.0,0.0,0.5
YAL066W,1,0.0,0.25173471847841494,8.868705264917986e-05,0.0,1.0,0.0,0.0,0,0.09804,0.64412,52.1001,10.24396,3.0,13.0,6210.0,0.0,0.51268,0.00085,0.0,0.0,0.5
YAR002CA,3,0.00017120466360999448,0.2606816472664414,0.0001297496466781314,0.0,0.0,0.0,0.0,0,0.0,0.0,0.0,0.0,0.0,0.0,0.0,0.0,0.0,0.0,0.0,0.0,0.0
YER110C,30,0.003166356243896115,0.28513109025068073,0.0025170134728512007,0.09655172413793103,26.3785140562249,0.3333333333333333,42.36204481792718,0,0.07367,0.00036,40.232,4.5401,163.0,88.0,60835.0,0.0,0.49621,4e-05,0.0,0.0,0.5
YDL229W,4,1.5717622513461842e-05,0.2296736651526871,3.996438680703829e-06,0.16666666666666666,4.0,0.0,13.0,0,0.05873,-0.24421,36.1956,5.31866,88.0,76.0,19285.0,0.0,0.28956,8e-05,0.0,0.0,0.5
YDR385W,7,0.005530388878105713,0.23555234879104003,4.046336382750756e-06,0.09523809523809523,0.0,0.0,0.0,0,0.0,0.0,0.0,0.0,0.0,0.0,0.0,0.0,0.0,0.0,0.0,0.0,0.0
YGL097W,8,0.00032625208299688824,0.24366406806011406,8.547473635201322e-06,0.14285714285714285,4.339189189189189,1.0,3.666666666666666,1,0.07884,-0.43568,33.14483,5.71539,66.0,54.0,61515.0,0.0,1.16037,0.00011,0.3153500824189429,0.23974612282610783,0.5276256821693117
YJL080C,6,0.0004195709452843065,0.25206579684786845,2.6525294373123396e-05,0.0,3.9905857740585775,0.4,0.0,0,0.05401,-0.46227,41.2784,5.63763,186.0,164.0,62730.0,0.0,0.46533,4e-05,0.0,0.0,0.5
YLR293C,18,0.0023137313365882432,0.27769476220710115,0.00026507982363391643,0.10457516339869281,13.171489817792068,1.0,31.3469696969697,1,0.10959,-0.35662,33.75438,6.11505,28.0,26.0,30285.0,0.0,1.22067,0.00025,0.3153500824189429,0.23974612282610783,0.5091009493285361
YAR003W,8,0.0003218501658206926,0.24497758448791396,6.415361717032725e-05,0.32142857142857145,5.761329305135952,0.5,28.0,0,0.0939,-0.2885,43.61765,4.68256,67.0,36.0,84100.0,0.0,1.72852,0.0001,0.0,0.0,0.5
YBL026W,46,0.006378984751174657,0.27640623622244315,0.0015465948528780543,0.022222222222222223,27.79718875502008,0.5,18.41812865497076,1,0.09474,-0.29368,42.91895,7.84467,13.0,14.0,4595.0,0.0,0.41164,0.0007,0.3153500824189429,0.19338324065864865,0.5034784675954637
YBR175W,11,0.0006509458621492277,0.26095942785197274,3.311848539645811e-05,0.2,8.945833333333333,0.5,32.86666666666667,0,0.08889,0.07238,35.9219,5.59576,31.0,22.0,51920.0,0.0,1.49396,0.00016,0.0,0.0,0.5
YBR258C,6,2.0449204790638993e-05,0.22248658230835933,2.5837378669165602e-06,0.6,1.0,1.0,51.0,0,0.07042,-1.07465,48.88169,5.01178,29.0,23.0,12950.0,0.0,0.78823,0.00031,0.0,0.0,0.5
YDR140W,3,2.3275236072716835e-05,0.199255374735593,8.559380236787523e-07,0.0,1.0,0.5,0.0,0,0.0905,-0.10362,35.08281,4.97443,31.0,24.0,33180.0,0.0,1.32866,0.0002,0.0,0.0,0.5
YHR119W,10,0.000618362984203513,0.25695870913876556,7.494782123446093e-05,0.3111111111111111,6.685416666666667,0.5,16.975757575757573,0,0.08241,-0.86148,54.8537,9.0567,147.0,170.0,93655.0,0.0,0.75583,7e-05,0.0,0.0,0.5
YLR015W,9,0.00010833750861490307,0.23863829879144235,7.91234048985804e-06,0.4166666666666667,5.477894736842106,0.5,38.1,0,0.10495,-0.79762,39.94695,5.78021,77.0,69.0,71585.0,0.0,1.22689,0.0001,0.0,0.0,0.5
YAR007C,25,0.0021754992955396926,0.2581021520742153,7.147107754770657e-05,0.15333333333333332,22.663975782038346,1.0,30.004847345636826,1,0.09501,-0.55894,28.62077,5.86749,79.0,72.0,68925.0,0.0,0.97979,8e-05,0.3153500824189429,0.23974612282610783,0.505289145318804
YBR114W,10,0.0004175191370505716,0.2366525288707534,2.29509983803752e-05,0.3111111111111111,9.011122345803843,1.0,17.799999999999997,0,0.08228,-0.59937,52.26634,8.53766,108.0,116.0,84280.0,0.0,0.92181,9e-05,0.0,0.0,0.5
YBR136W,7,0.00010676305491531278,0.23005723371825706,7.617292023840773e-06,0.42857142857142855,6.3262626262626265,0.5,8.153634085213033,1,0.10515,-0.22217,38.99338,8.53729,272.0,291.0,324780.0,0.0,1.1882,3e-05,0.6846499175810571,0.2889671908216764,0.5228386970232684
YCR028CA,4,0.0,0.21009087099778495,1.8944058283739004e-05,1.0,0.0,0.0,2.056140350877193,0,0.0,0.0,0.0,0.0,0.0,0.0,0.0,0.0,0.0,0.0,0.0,0.0,0.0
YCR092C,10,0.00018663336611562617,0.21822409184532296,2.417713723897139e-06,0.6666666666666666,9.742798353909466,1.0,8.788721804511278,0,0.08055,-0.33978,41.14323,6.69171,137.0,132.0,78045.0,0.0,0.66973,6e-05,0.0,0.0,0.5
YDL007W,41,0.0011504948159840594,0.27057001321357255,0.00027845071335046563,0.7926829268292683,23.814141414141414,0.5,325.1608709273183,1,0.04577,-0.49405,42.4032,5.78119,70.0,64.0,15400.0,0.0,0.3154,0.00012,0.3153500824189429,0.19338324065864865,0.5040602606093498
YDL097C,43,0.0008269394350634434,0.27035428735207134,0.00027940268525612755,0.7198228128460686,32.627272727272725,0.0,325.1608709273183,1,0.09217,-0.37949,40.75071,5.89679,63.0,56.0,40520.0,0.0,0.81409,0.00012,0.3153500824189429,0.0,0.5
YDL225W,8,0.00010436667781677424,0.22443493993562055,2.4367236975923693e-06,0.42857142857142855,7.4147325933400605,0.0,28.163636363636364,0,0.06897,-0.7363,42.83448,5.4007,84.0,70.0,29590.0,0.0,0.47246,9e-05,0.0,0.0,0.5
YDR034C,63,0.017554096757911936,0.2845053992045646,0.0002926993991357922,0.002048131080389145,32.76160337552743,1.0,8.200000000000001,0,0.08354,-0.54392,38.81723,6.49738,96.0,92.0,78990.0,0.0,0.8836,7e-05,0.0,0.0,0.5
YDR097C,12,0.0011378565796830178,0.23807121707039983,2.7477629157717686e-05,0.45454545454545453,10.898864809081527,1.0,17.30889724310777,0,0.08213,-0.54026,45.25106,5.58502,183.0,160.0,118410.0,0.0,0.84531,4e-05,0.0,0.0,0.5
YDR499W,7,0.0002675948737669033,0.23721286419176255,2.2519886775635035e-05,0.23809523809523808,6.143322475570033,0.3333333333333333,32.4,1,0.07631,-0.25489,42.71419,5.69891,107.0,91.0,61030.0,0.0,0.70617,7e-05,0.3153500824189429,0.16204621790391252,0.513188809357503
YER021W,41,0.0006545412403477323,0.26883738825855485,0.00027829645590033504,0.7914634146341464,31.23939393939394,0.0,761.3333333333333,1,0.08987,-0.3434,42.93906,5.37433,75.0,59.0,51645.0,0.0,0.85516,9e-05,0.3153500824189429,0.0,0.5
YER095W,16,0.0014984431325480556,0.2588295845972358,1.733790302841535e-05,0.08333333333333333,15.176829268292684,0.5,20.554761904761904,0,0.055,-0.2185,37.36625,4.81537,57.0,37.0,12920.0,0.0,0.30072,0.00011,0.0,0.0,0.5
YHR164C,6,0.00014130554908319595,0.22491589648836793,2.033755875346581e-05,0.4,2.226927252985885,0.5,2.056140350877193,1,0.06242,-0.45414,48.16118,6.11469,211.0,199.0,97675.0,0.0,0.5689,4e-05,0.6846499175810571,0.2889671908216764,0.5648802493288064
YJL026W,9,0.0006303609831601666,0.23561530040491332,7.995005292809728e-06,0.1111111111111111,6.9361702127659575,0.3333333333333333,29.425,1,0.11779,-0.40802,36.47947,5.14508,68.0,50.0,49640.0,0.0,1.0757,0.00011,0.3153500824189429,0.16204621790391252,0.5116812457691471
YJL173C,8,0.0002818256999079472,0.23477453426052,0.0013881901251056315,0.25,5.0201816347124115,1.0,11.4,1,0.07377,-0.20902,54.41721,4.71466,17.0,12.0,10345.0,0.0,0.74879,0.00034,0.3153500824189429,0.23974612282610783,0.5238782319317259
YLR033W,11,0.00024383023885919368,0.24021179528502662,7.426167772189787e-05,0.23636363636363636,5.002094240837696,1.0,19.05,1,0.09163,-0.68008,36.95942,8.28229,68.0,71.0,59415.0,0.0,1.02805,0.00014,0.3153500824189429,0.23974612282610783,0.5239645747643848
YML032C,17,0.0005065565279442006,0.23881930086008904,6.562127321353834e-06,0.21323529411764705,15.80589430894309,1.0,45.612987012987006,0,0.06369,-0.81146,36.49278,8.21967,64.0,66.0,26150.0,0.0,0.49902,0.00016,0.0,0.0,0.5
YMR167W,12,0.0003830966582670982,0.22596507357368892,4.277355086362454e-06,0.3787878787878788,11.37048503611971,1.0,7.761591478696742,0,0.07412,-0.32133,38.28012,6.52032,108.0,105.0,51895.0,0.0,0.59607,7e-05,0.0,0.0,0.5
YMR190C,10,0.0001349343796308935,0.21887421327088002,2.414150712362192e-06,0.5333333333333333,9.321981424148607,0.3333333333333333,4.041353383458647,0,0.06634,-0.7557,45.89848,5.92914,208.0,186.0,94850.0,0.0,0.57894,4e-05,0.0,0.0,0.5
YNL082W,10,4.85720178530873e-05,0.22172560008427764,2.5294594787950017e-06,0.6,8.923632610939112,1.0,14.947573479152426,0,0.07675,-0.5441,41.17617,5.91888,127.0,114.0,52520.0,0.0,0.52861,6e-05,0.0,0.0,0.5
YNL312W,5,1.2347382131563e-05,0.21587299976863486,1.9075667803289744e-05,0.6,3.5489404641775986,1.0,2.056140350877193,1,0.08425,-0.44725,46.23004,4.85052,35.0,21.0,16680.0,0.0,0.55719,0.00016,0.3153500824189429,0.23974612282610783,0.5337771407052421
YOL006C,21,0.0034629909140077345,0.26685190721445146,0.0003213167457633754,0.09523809523809523,17.78856526429342,0.3333333333333333,7.146052631578948,0,0.08713,-0.95761,45.09884,8.82782,135.0,147.0,94155.0,0.0,1.04623,0.0001,0.0,0.0,0.5
YOL090W,14,0.0011243357674418485,0.23542654642573826,4.719941456036568e-06,0.27472527472527475,13.31062124248497,1.0,13.45263157894737,0,0.0695,-0.24056,36.80717,5.74176,136.0,114.0,80355.0,0.0,0.73799,5e-05,0.0,0.0,0.5
YPL235W,64,0.01533146337786983,0.2971036365353861,0.001611288695176719,0.062003968253968256,55.44914400805639,1.0,212.59761904761908,1,0.04459,-0.26879,38.79958,5.21124,69.0,55.0,17670.0,0.0,0.34237,0.0001,0.3153500824189429,0.23974612282610783,0.5021618559412863
YAR008W,5,0.00025107991068319544,0.2587232454088228,9.015369512817426e-05,0.3,1.832258064516129,0.25,1.2,1,0.08727,-0.28182,36.864,7.06927,37.0,37.0,32555.0,0.0,1.03968,0.00023,0.3153500824189429,0.13944903000175835,0.5380538726237193
YBL051C,5,0.0003973388466402822,0.24316673958933827,1.2812158081224011e-05,0.0,1.9503464203233256,0.0,0.0,0,0.05539,-0.79566,53.77801,5.82196,54.0,43.0,36915.0,0.0,0.50037,8e-05,0.0,0.0,0.5
YLR105C,6,0.0004022635749599785,0.25173471847841494,6.363331781804123e-05,0.2,2.848452508004269,0.25,2.2666666666666666,1,0.11406,-0.56737,45.93156,8.57782,50.0,54.0,69955.0,0.0,1.58597,0.00019,0.3153500824189429,0.13944903000175835,0.5244780331794019
YMR059W,3,0.0,0.21755634464887588,2.4213341000856766e-06,1.0,2.830238726790451,0.25,6.666666666666667,1,0.09375,-0.31406,49.94297,6.27765,15.0,14.0,18700.0,0.0,1.25588,0.00042,0.3153500824189429,0.13944903000175835,0.52463555965823
YPL083C,4,9.683579770930157e-05,0.2497522184292081,3.0006367091555714e-05,0.5,1.9658344283837057,0.25,2.2666666666666666,1,0.12848,-0.75846,47.18739,9.117,62.0,71.0,73800.0,0.0,1.35046,0.00017,0.3153500824189429,0.13944903000175835,0.5354681523500461
YAR009C,2,8.449898441995616e-05,0.2216587044438841,1.713345709551128e-05,0.0,0.0,0.0,0.0,0,0.0,0.0,0.0,0.0,0.0,0.0,0.0,0.0,0.0,0.0,0.0,0.0,0.0
YHL002W,18,0.0022517846696846412,0.25722860799880515,1.1331218304729496e-05,0.026143790849673203,13.823766364551863,0.0,2.6666666666666665,0,0.06195,-0.73496,60.76571,5.99493,58.0,52.0,45060.0,0.0,0.88077,0.00012,0.0,0.0,0.5
YNL118C,36,0.01590607388091927,0.2686244153123415,0.001070888289561529,0.03492063492063492,31.01930894308943,0.0,24.370734528629264,1,0.06289,-0.79,52.44496,5.63031,125.0,109.0,67310.0,0.0,0.61942,5e-05,0.6846499175810571,0.0,0.5
YAR014C,8,0.0018268574285420682,0.2369451007995874,4.281421905582546e-05,0.0,5.790110998990918,0.0,0.0,0,0.06488,-1.04429,56.72244,4.34247,151.0,69.0,53665.0,0.0,0.67947,5e-05,0.0,0.0,0.5
YDR195W,16,0.000672823808450583,0.2536321435716642,0.0013173264166435003,0.38333333333333336,9.221868365180468,1.0,32.18214285714286,0,0.05441,-0.70694,40.59268,9.63202,61.0,90.0,18255.0,0.0,0.30518,0.00016,0.0,0.0,0.5
YER054C,10,0.0001543784365719847,0.2171170100613468,2.721703263144679e-06,0.17777777777777778,8.29514963880289,0.0,31.0,0,0.09124,-0.86934,42.69347,8.87384,70.0,78.0,52425.0,0.0,0.84125,0.00014,0.0,0.0,0.5
YER158C,5,0.005283957485429677,0.2076660222959214,1.003040733813048e-06,0.0,1.3257575757575757,0.0,0.0,0,0.06457,-0.91065,66.37175,9.86127,48.0,73.0,39350.0,0.0,0.61763,0.00015,0.0,0.0,0.5
YIL045W,5,0.0007081181537829246,0.2476893102924944,6.30444437889966e-05,0.1,2.7031763417305585,0.0,2.321428571428571,0,0.0855,-0.81952,40.98401,8.47821,67.0,70.0,48610.0,0.0,0.78482,0.00014,0.0,0.0,0.5
YMR071C,3,0.0002509453682049219,0.2309612624581119,6.822672212296326e-06,0.0,1.0,0.0,0.0,1,0.13174,0.82814,29.35036,6.25775,11.0,10.0,20315.0,0.0,1.08677,0.00033,0.3153500824189429,0.0,0.5
YNL333W,9,0.0006859181205160291,0.2519937492297218,1.3576821334981342e-05,0.25,7.536536536536537,0.0,14.3,0,0.04362,-0.01074,37.00503,5.40021,41.0,33.0,16095.0,0.0,0.50246,0.00017,0.0,0.0,0.5
YOL154W,2,0.00017976590195333193,0.2422979527991823,2.863518134077179e-05,0.0,2.0,0.0,0.0,0,0.1245,-0.13735,34.67635,4.85895,27.0,16.0,41550.0,0.0,1.50725,0.00018,0.0,0.0,0.5
YAR018C,10,0.0011655696802306832,0.2725271502488732,0.0003112322567012106,0.022222222222222223,8.715438950554995,0.0,2.0,0,0.11034,-0.66598,49.70577,8.58246,56.0,61.0,67450.0,0.0,1.31731,0.00017,0.0,0.0,0.5
YBL106C,13,0.0008447970997080129,0.26414948797192733,2.0260669172609247e-05,0.01282051282051282,1.9517396184062852,0.0,4.564102564102564,0,0.08416,-0.08287,35.13398,8.84076,94.0,107.0,91940.0,0.0,0.82367,8e-05,0.0,0.0,0.5
YGR285C,3,0.00014122181965026373,0.24344875767799876,4.8270326112666924e-05,0.0,2.6871846619576187,0.0,0.0,0,0.08545,-0.87321,39.79658,8.18439,80.0,82.0,46535.0,0.0,0.94932,0.00017,0.0,0.0,0.5
YML064C,78,0.014344634193318264,0.2940711577902284,0.00014612533714574713,0.007326007326007326,71.2258064516129,0.0,83.79761904761907,1,0.07347,-0.17837,40.88857,9.40448,20.0,27.0,19035.0,0.0,0.69735,0.00034,0.3153500824189429,0.0,0.5
YOR167C,70,0.0115798654282769,0.2935033394550585,0.0027786295869064144,0.6480331262939959,25.40566037735849,0.0,240.6000000000002,0,0.01493,-0.43881,35.16119,10.78046,9.0,14.0,0.0,0.0,0.0,0.00142,0.0,0.0,0.5
YAR019C,1,0.0,0.19618704238174922,1.383443223608628e-07,0.0,1.0,0.0,0.0,1,0.09754,-0.10554,45.52642,8.02167,100.0,103.0,111295.0,0.0,1.00957,7e-05,0.6846499175810571,0.0,0.5
YAR020C,2,0.00021149327066866054,0.19378936366446228,5.990938074514039e-07,0.0,0.0,0.0,0.0,0,0.0,0.0,0.0,0.0,0.0,0.0,0.0,0.0,0.0,0.0,0.0,0.0,0.0
YBR222C,1,0.0,0.1615349281862847,8.050282747171518e-09,0.0,0.0,0.0,0.0,0,0.10129,-0.17127,31.37608,9.25079,49.0,62.0,38445.0,0.0,0.63558,0.00015,0.0,0.0,0.0
YDR455C,6,0.0012235565081327516,0.24211164141679153,4.527279812560588e-05,0.0,1.0,0.0,0.0,0,0.05882,-0.01569,68.53824,6.23773,7.0,6.0,375.0,0.0,0.03508,0.00058,0.0,0.0,0.5
YAR027W,2,1.7203912513848638e-06,0.20626674724044375,2.8265908560492288e-06,0.0,1.4347107438016529,0.3333333333333333,0.0,0,0.11915,0.09362,32.3783,5.75702,27.0,21.0,37400.0,0.0,1.37925,0.00021,0.0,0.0,0.5
YAR030C,2,0.00015148931530942084,0.25184977748246146,8.873177619903516e-05,0.0,1.4135220125786163,0.0,0.0,0,0.12389,0.24513,69.19478,10.31232,3.0,15.0,10595.0,0.0,0.79735,0.00078,0.0,0.0,0.5
YBR135W,8,0.0002835444034507034,0.22597665736789477,9.483382690910426e-05,0.10714285714285714,4.191489361702128,0.0,18.78181818181818,1,0.1,-0.988,75.08667,5.94989,18.0,13.0,24535.0,0.0,1.37879,0.00033,0.3153500824189429,0.0,0.5
YAR031W,3,0.0004933179152568658,0.2588903891041008,8.949580397404855e-05,0.0,2.5411635565312842,0.0,0.0,0,0.16107,-0.32919,43.92527,8.11383,36.0,38.0,54945.0,0.0,1.5666,0.00023,0.0,0.0,0.5
YBR217W,14,0.0036693669659629926,0.2671753836763151,4.158748508559716e-05,0.054945054945054944,10.234517766497461,0.0,25.433333333333334,0,0.06452,-0.61882,65.34624,6.31891,22.0,21.0,11835.0,0.0,0.56075,0.0003,0.0,0.0,0.5
YCR030C,15,0.004211370939438275,0.2567192740827863,1.4757691639082286e-05,0.0380952380952381,10.569543147208122,0.0,6.625,0,0.06322,-0.61874,55.75507,8.65472,90.0,95.0,64205.0,0.0,0.66785,9e-05,0.0,0.0,0.5
YAR033W,2,0.00021149327066866054,0.1694325500740102,8.310163854881745e-09,0.0,2.0,0.25,0.0,0,0.11966,-0.21282,45.64662,6.91681,26.0,26.0,41620.0,0.0,1.53632,0.00026,0.0,0.0,0.5
YGL051W,1,0.0,0.14424970238802065,1.3777635875165173e-10,0.0,1.0,0.25,0.0,0,0.12393,-0.21325,45.78765,7.71686,26.0,27.0,46090.0,0.0,1.69194,0.00028,0.0,0.0,0.5
YKL174C,3,0.0005076347304695349,0.20524871514995222,5.20214161718132e-07,0.0,1.6168421052631579,0.0,0.0,0,0.11974,0.45113,36.30472,5.18658,59.0,41.0,81790.0,0.0,1.18122,7e-05,0.0,0.0,0.5
YAR035W,4,0.00046518365376494803,0.24609907633293454,6.641880826658651e-05,0.0,1.4581081081081082,0.0,0.0,0,0.10189,-0.38559,36.92782,6.45221,77.0,72.0,96605.0,0.0,1.24228,8e-05,0.0,0.0,0.5
YGR069W,2,4.058961760307626e-06,0.21254226881752766,0.0013811220548887138,0.0,0.0,0.0,0.0,0,0.25225,0.31892,45.51991,8.70648,8.0,11.0,12420.0,0.0,0.91305,0.00064,0.0,0.0,0.0
YLR295C,140,0.06751452078046219,0.3104970525657198,0.0033375247632228605,0.011099691675231244,66.95495495495496,0.0,74.75,0,0.05645,-0.69435,62.13387,4.62994,23.0,13.0,15595.0,0.0,1.10386,0.00033,0.0,0.0,0.5
YLR381W,1,0.0,0.19631810168680516,8.734007067718614e-07,0.0,0.0,0.5,0.0,0,0.10232,-0.01569,37.73467,8.92633,61.0,74.0,118980.0,0.0,1.41221,0.00011,0.0,0.0,0.0
YLR447C,102,0.022217689696085226,0.29136933407862536,0.00038199348723418243,0.018831294894195303,60.858163265306125,0.0,65.86623376623376,0,0.12174,-0.30899,42.13832,4.47882,52.0,27.0,54040.0,0.0,1.35812,0.00011,0.0,0.0,0.5
YAR042W,4,0.00023619309501399788,0.2422979527991823,2.8059047051006947e-05,0.3333333333333333,2.8035714285714284,0.16666666666666666,2.0090909090909093,0,0.07744,-0.75985,41.46339,5.34711,185.0,142.0,168650.0,0.0,1.24837,4e-05,0.0,0.0,0.5
YAR044W,4,3.923431319954839e-05,0.221859512571117,3.4166959729812454e-06,0.16666666666666666,0.0,0.0,0.0,0,0.0,0.0,0.0,0.0,0.0,0.0,0.0,0.0,0.0,0.0,0.0,0.0,0.0
YDL019C,4,1.0263302947919648e-05,0.21027125812228217,6.293519513584512e-07,0.3333333333333333,2.726890756302521,0.0,0.9090909090909092,0,0.0756,-0.74708,41.35901,6.36823,193.0,182.0,182380.0,0.0,1.25094,4e-05,0.0,0.0,0.5
YHL020C,5,0.00011231779006024311,0.2142467390170364,2.398364576906343e-06,0.1,3.4151138716356106,1.0,1.1,0,0.04703,-0.9797,71.03715,5.0274,69.0,51.0,23420.0,0.0,0.50842,0.00011,0.0,0.0,0.5
YER120W,4,0.00015321741880881126,0.23032168113671161,0.00011060908037745644,0.0,2.0,0.6666666666666666,0.0,0,0.06557,-0.29508,57.10131,4.84772,33.0,23.0,20190.0,0.0,0.74985,0.00018,0.0,0.0,0.5
YLR191W,14,0.004863711396284879,0.2670458990292314,9.567457544253709e-05,0.0989010989010989,11.194444444444445,0.0,5.333333333333333,0,0.11658,-0.52979,37.28837,8.96857,37.0,42.0,53290.0,0.0,1.24785,0.00021,0.0,0.0,0.5
YAR047C,1,0.0,0.2073144267166215,5.8104915083518785e-06,0.0,0.0,0.0,0.0,0,0.22642,0.58679,43.72387,9.48529,4.0,12.0,17920.0,0.0,1.38954,0.00074,0.0,0.0,0.0
YAR060C,2,0.00010574663533433027,0.23526320410287258,4.3261827606574754e-05,0.0,0.0,0.0,0.0,0,0.0,0.0,0.0,0.0,0.0,0.0,0.0,0.0,0.0,0.0,0.0,0.0,0.0
YKR019C,2,0.0,0.18937692379926638,1.1317641384480663e-06,0.0,0.0,0.0,0.0,0,0.0,0.0,0.0,0.0,0.0,0.0,0.0,0.0,0.0,0.0,0.0,0.0,0.0
YAR061W,2,6.8458863482700045e-06,0.1776897232858563,8.738670798513743e-08,0.0,0.0,0.0,0.0,0,0.0,0.0,0.0,0.0,0.0,0.0,0.0,0.0,0.0,0.0,0.0,0.0,0.0
YJR086W,5,0.0003706254084755734,0.20925314038144516,1.9926363386055924e-07,0.2,1.5345132743362833,0.0,8.5,0,0.04545,-0.82,61.60545,9.62457,7.0,14.0,10345.0,0.0,0.81939,0.00076,0.0,0.0,0.5
YAR064W,2,5.268653309924718e-05,0.23281539322253744,2.243665192417128e-05,0.0,1.5204200700116686,0.0,0.0,0,0.11111,-0.29697,33.72323,8.5401,9.0,12.0,9355.0,0.0,0.83987,0.00077,0.0,0.0,0.5
YBR109C,45,0.007942189296518347,0.27820300759075567,0.0015345435149066574,0.00909090909090909,38.487462387161486,0.0,22.57962037962038,1,0.05442,-0.29456,44.42789,4.17865,30.0,11.0,0.0,0.0,0.0,0.00026,0.3153500824189429,0.0,0.5
YGL070C,62,0.0109104429241236,0.27858981579191827,0.00017355890672900807,0.05817028027498678,33.434517766497464,0.5,147.12857142857143,0,0.09836,-0.66311,59.57705,7.55402,16.0,17.0,5470.0,0.0,0.38284,0.00053,0.0,0.0,0.5
YAR066W,4,0.00037791097796022557,0.25718358548865367,5.0846255127801596e-05,0.0,1.8545454545454545,0.0,0.0,0,0.08374,0.08128,20.96995,4.4881,21.0,12.0,8940.0,0.0,0.43412,0.00022,0.0,0.0,0.5
YDR074W,10,0.0005458155732257172,0.24429875056947037,8.855819367013858e-06,0.1111111111111111,2.329238329238329,0.0,2.033333333333333,0,0.0971,-0.51641,39.56073,8.32428,112.0,117.0,166045.0,0.0,1.61248,8e-05,0.0,0.0,0.5
YLR145W,2,6.798682695926874e-07,0.20332687524333595,9.860092140068124e-07,0.0,0.0,0.3333333333333333,0.0,1,0.0796,-0.42985,40.89851,9.7774,22.0,36.0,34085.0,0.0,1.44316,0.00041,0.3153500824189429,0.16204621790391252,0.5
YPR086W,113,0.03903677580037331,0.30428153898498816,0.001738521184658613,0.0022123893805309734,95.30909090909091,1.0,28.444444444444446,1,0.04928,-0.31217,28.33507,8.85187,44.0,52.0,17180.0,0.0,0.44974,0.00023,0.6846499175810571,0.40640486218295563,0.5021320361903913
YAR069C,1,0.0,0.18198854988339208,2.797666477477244e-07,0.0,0.0,0.0,0.0,0,0.1134,0.95876,14.90928,5.30487,8.0,4.0,14355.0,0.0,1.31494,0.00049,0.0,0.0,0.0
YPL215W,4,0.0004229865413373211,0.22399017557294326,1.697249992451256e-05,0.16666666666666666,1.9770580296896085,0.0,2.1666666666666665,0,0.12836,-0.56179,40.98304,9.3631,41.0,53.0,52050.0,0.0,1.33177,0.00024,0.0,0.0,0.5
YAR071W,1,0.0,0.22355850772266575,7.58791761004804e-06,0.0,0.0,0.0,0.0,0,0.13062,-0.39422,28.5163,4.99335,58.0,41.0,81345.0,0.0,1.54188,9e-05,0.0,0.0,0.0
YLR453C,80,0.03579867249533689,0.2904669646333371,0.0004908684892805346,0.0012658227848101266,41.671443193449335,0.5,2.2,0,0.0962,-0.28152,37.72813,9.19952,44.0,56.0,22975.0,0.0,0.50337,0.0002,0.0,0.0,0.5
YAR073W,2,0.0,0.19258712286580992,1.4924112049705497e-07,1.0,1.304552590266876,0.0,0.0,0,0.08437,-0.10149,31.69283,8.36395,41.0,44.0,49110.0,0.0,1.10644,0.00019,0.0,0.0,0.5
YLR432W,8,0.0005121329612581226,0.23889695725533944,8.39168474428999e-06,0.07142857142857142,4.286924939467313,0.0,5.2,0,0.06501,-0.13958,31.34228,7.04376,54.0,54.0,25745.0,0.0,0.45499,0.00012,0.0,0.0,0.5
YML056C,4,3.93230797393083e-05,0.21228637877560913,1.4861109748960309e-06,0.3333333333333333,2.7866948257655757,0.0,5.0,0,0.06489,-0.0979,31.61471,8.38983,51.0,55.0,27485.0,0.0,0.48738,0.00015,0.0,0.0,0.5
YBL001C,4,0.0039776895584540065,0.2514762197087982,1.2076374523662116e-05,0.16666666666666666,2.549645390070922,0.5,2.0090909090909093,0,0.04808,-0.20192,28.575,6.17303,15.0,13.0,8730.0,0.0,0.75794,0.00054,0.0,0.0,0.5
YDR510W,26,0.02240557912978512,0.30093710098822524,0.0001848241894296012,0.024615384615384615,21.06910569105691,0.0,25.0,1,0.05941,-0.84851,54.48119,4.9173,21.0,15.0,2980.0,0.0,0.25697,0.00042,0.3153500824189429,0.0,0.5
YER067W,3,0.0002157219953454794,0.20602573636546662,2.677414026493454e-07,0.0,1.6246418338108883,0.0,0.0,0,0.09938,-0.93727,40.2205,5.74445,33.0,23.0,13200.0,0.0,0.69514,0.0003,0.0,0.0,0.5
YPL068C,1,0.0,0.19972482693468913,1.791762526368202e-07,0.0,1.0,1.0,0.0,0,0.04437,-0.62457,45.16113,10.09698,22.0,43.0,14565.0,0.0,0.44006,0.00031,0.0,0.0,0.5
YBL002W,12,0.00026631043796401967,0.2489623096845998,0.0003090580274386321,0.36363636363636365,8.19047619047619,0.5,4.357142857142858,0,0.05344,-0.62061,36.91527,10.06757,11.0,25.0,7450.0,0.0,0.52328,0.00071,0.0,0.0,0.5
YBL003C,29,0.0005195229728323865,0.25303522503160114,0.0029646033186871727,0.49507389162561577,14.883899233296823,0.5,166.86666666666667,1,0.0303,-0.31591,53.03106,10.6734,8.0,21.0,4470.0,0.0,0.31954,0.00076,0.3153500824189429,0.19338324065864865,0.5064963904158271
YBR010W,17,0.001979675017725385,0.23750682409889676,0.00014744155625181135,0.22794117647058823,13.74016563146998,0.0,16.004901960784316,0,0.0,0.0,0.0,0.0,0.0,0.0,0.0,0.0,0.0,0.0,0.0,0.0,0.5
YCL066W,8,0.0027164591820529223,0.26402291897912816,0.00015742278262145196,0.10714285714285714,0.0,0.0,0.0,0,0.0,0.0,0.0,0.0,0.0,0.0,0.0,0.0,0.0,0.0,0.0,0.0,0.0
YDR194C,15,0.00029202073639588376,0.24980883232888604,5.118403670217083e-05,0.7523809523809524,6.53927813163482,0.0,37.98214285714286,0,0.08133,-0.60045,51.70979,9.07391,95.0,108.0,36175.0,0.0,0.47432,0.00012,0.0,0.0,0.5
YDR224C,13,0.00025287147989164855,0.2354391206150469,0.00014397479521022376,0.358974358974359,9.515515515515515,0.5,19.91428571428572,1,0.05344,-0.7,37.24046,10.09955,11.0,26.0,7450.0,0.0,0.52273,0.00071,0.3153500824189429,0.19338324065864865,0.5101614694623391
YDR225W,15,0.0017693547380241777,0.2664003538572263,0.0015500696327302094,0.2857142857142857,11.63874873864783,0.5,50.73333333333333,0,0.0303,-0.31591,53.03106,10.6734,8.0,21.0,4470.0,0.0,0.31954,0.00076,0.0,0.0,0.5
YIL126W,18,0.00043184477368971854,0.25355919788757686,0.00012173491166040106,0.35947712418300654,5.278534031413613,1.0,32.15098039215686,1,0.06549,-0.72671,40.74247,6.29718,226.0,216.0,100450.0,0.0,0.64087,4e-05,0.6846499175810571,0.40640486218295563,0.5384959971617459
YNL030W,33,0.0008440818263896372,0.2602046310888096,0.0027821659917179014,0.3371212121212121,25.223942208462333,0.0,111.86215794009912,0,0.0,0.0,0.0,0.0,0.0,0.0,0.0,0.0,0.0,0.0,0.0,0.0,0.5
YNL031C,7,0.0,0.22367194313352565,0.0001259940965074078,1.0,0.0,0.0,4.357142857142858,0,0.0,0.0,0.0,0.0,0.0,0.0,0.0,0.0,0.0,0.0,0.0,0.0,0.0
YOL012C,6,0.0005208142106760761,0.2470507568948901,7.509206768544792e-05,0.13333333333333333,3.193717277486911,0.5,0.5,0,0.02985,-0.34851,40.54403,10.6507,10.0,27.0,4470.0,0.0,0.31297,0.00075,0.0,0.0,0.5
YDL166C,52,0.0005964999395598503,0.2766143734485143,0.0065648202991712675,0.7036199095022625,0.0,0.5,296.4644993894994,1,0.08122,-0.74772,47.22487,4.53973,43.0,22.0,30410.0,0.0,1.3383,0.0002,0.3153500824189429,0.19338324065864865,0.5
YDR324C,62,0.000259916908779322,0.27612920666972707,0.007765069601681525,0.6885245901639344,42.8627648839556,0.5,901.2000000000002,1,0.07603,-0.40284,35.10387,6.15204,102.0,96.0,110025.0,0.0,1.25313,7e-05,0.6846499175810571,0.2889671908216764,0.503370841703796
YDR365C,64,0.0006625897717971045,0.27772975398661315,0.008039497186863084,0.6765873015873016,46.2457372116349,0.5,424.9718226218226,1,0.06847,-1.29984,39.55955,5.14056,146.0,120.0,36705.0,0.0,0.50691,7e-05,0.6846499175810571,0.2889671908216764,0.5031242575883187
YER127W,69,0.0015738732481711236,0.2862419906023067,0.007961077250551257,0.5967604433077579,53.190190190190194,0.5,1495.3333333333337,1,0.05322,-1.10308,42.67678,6.45477,65.0,63.0,26025.0,0.0,0.63796,0.00016,0.3153500824189429,0.19338324065864865,0.5018178468620546
YFR037C,31,0.003423706681848199,0.27101916109901775,0.00027221209339544023,0.15268817204301074,11.523560209424083,1.0,46.17348187759953,1,0.07002,-0.66697,41.81382,5.24176,94.0,72.0,49235.0,0.0,0.77944,8e-05,0.3153500824189429,0.23974612282610783,0.5104024328622868
YGR090W,110,0.004452835520130439,0.2916971052988039,0.013704276436042946,0.38932443703085906,97.96596596596596,0.5,993.1868353868356,1,0.10671,-0.30744,36.84383,8.60516,137.0,147.0,112425.0,0.0,0.80028,6e-05,0.6846499175810571,0.2889671908216764,0.5014748345916482
YGR128C,66,0.00028849099681157244,0.2780801574107698,0.008118451659335718,0.6624708624708625,18.85370741482966,0.5,453.3491563991564,1,0.08836,-0.22861,37.02721,5.00812,92.0,69.0,49165.0,0.0,0.61311,6e-05,0.6846499175810571,0.2889671908216764,0.5076634049861829
YGR145W,86,0.006316566984348053,0.28302578846070775,0.010449165120985163,0.4694938440492476,44.72778402699662,0.5,556.8426684426687,1,0.08628,-0.96747,44.31188,6.19391,124.0,118.0,72365.0,0.0,0.88538,8e-05,0.6846499175810571,0.2889671908216764,0.5032302873606176
YHR196W,65,0.0002772491532110541,0.2786074235416207,0.008021966806973967,0.6716346153846153,48.58058058058058,0.5,845.9333333333334,1,0.06609,-0.50417,40.16522,4.75006,102.0,66.0,64120.0,0.0,0.98237,7e-05,0.6846499175810571,0.2889671908216764,0.5029741018671274
YLR003C,51,0.0016702404380572388,0.276077325438437,0.006521725283685281,0.7607843137254902,4.810185185185185,1.0,289.5289987789988,0,0.0756,-0.69072,48.21718,8.21906,51.0,53.0,12170.0,0.0,0.36444,0.00025,0.0,0.0,0.5
YLR186W,65,0.0006052762009524862,0.27952610369534076,0.008103599040902073,0.6504807692307693,38.65948717948718,0.5,609.5309385059387,1,0.04762,-0.17897,40.30913,8.65411,31.0,35.0,13700.0,0.0,0.49113,0.00031,0.3153500824189429,0.19338324065864865,0.5025011097503804
YLR222C,75,0.0019905135556343052,0.28260845334501367,0.008407035225862869,0.5286486486486487,51.214643931795386,0.5,503.36693861693857,1,0.06854,-0.19412,38.35681,5.22369,109.0,82.0,109915.0,0.0,1.20745,6e-05,0.6846499175810571,0.2889671908216764,0.5028211383369814
YMR072W,3,0.00013607168797535413,0.23428789026178704,5.1075816514689074e-05,0.0,1.3388235294117647,0.5,0.0,0,0.10929,-0.97322,43.15355,9.67914,22.0,35.0,27390.0,0.0,1.27032,0.00045,0.0,0.0,0.5
YMR075W,6,0.0005852708156304749,0.23637335274146193,0.0001409680625653774,0.0,3.8176914778856528,1.0,0.0,0,0.0848,-0.92968,46.79137,8.95319,86.0,102.0,74185.0,0.0,0.94101,0.00011,0.0,0.0,0.5
YNL075W,70,0.0015840810033797804,0.2781152463896229,0.008335834309374663,0.6157349896480331,32.148148148148145,0.5,791.5928571428574,1,0.07241,-0.60552,41.86379,9.11017,40.0,45.0,16180.0,0.0,0.48325,0.00027,0.3153500824189429,0.19338324065864865,0.5030076886507969
YOR056C,50,0.0002940437725057722,0.2736607061879516,0.006399956105205243,0.7444897959183674,37.512512512512515,0.5,345.95977633477634,1,0.06318,-0.86209,47.21505,8.62494,65.0,70.0,51630.0,0.0,0.99785,0.00017,0.3153500824189429,0.19338324065864865,0.5025775831543428
YPL126W,73,0.0006849794165777306,0.27720580148883933,0.008391461594193161,0.565068493150685,53.453453453453456,0.5,929.9666666666672,1,0.0904,-0.32812,33.60939,5.90704,96.0,81.0,102510.0,0.0,1.01259,6e-05,0.6846499175810571,0.2889671908216764,0.5027029796220118
YPR137W,66,0.00028142837066076767,0.2796502350615697,0.00821874103918217,0.6694638694638695,44.21921921921922,0.5,848.016666666667,1,0.08726,-0.67976,42.18621,5.55438,96.0,85.0,71570.0,0.0,1.10018,9e-05,0.6846499175810571,0.2889671908216764,0.5032674388639599
YBL004W,112,0.006926786786984268,0.29063932585715857,0.01374092404981031,0.3741956241956242,97.91339375629406,0.3333333333333333,897.6972083472086,1,0.09868,-0.16899,42.78961,6.591,312.0,300.0,260455.0,0.0,0.90575,2e-05,0.6846499175810571,0.22418506295530205,0.5011448130554708
YBL088C,2,0.00021149327066866054,0.22368329300631876,0.0002164481579429866,0.0,1.6002400960384153,0.3333333333333333,0.0,0,0.11015,-0.16498,38.92759,6.52081,328.0,316.0,394035.0,0.0,1.22554,2e-05,0.0,0.0,0.5
YBR084W,29,0.0007072287287374491,0.2577550377309977,0.004156574117264588,0.5541871921182266,26.46821392532795,0.0,107.3595238095238,0,0.05846,-0.15856,35.86493,8.78998,110.0,120.0,54750.0,0.0,0.51546,8e-05,0.0,0.0,0.5
YBR142W,56,6.091527891223543e-05,0.26954424943594985,0.009149892195324588,0.8448051948051948,52.2510162601626,0.5,1519.3333333333337,1,0.05175,-0.58292,38.34232,8.50226,111.0,116.0,46005.0,0.0,0.52851,0.0001,0.6846499175810571,0.2889671908216764,0.5027651824931297
YBR247C,32,0.00029966951867156665,0.2568239719922817,0.0043666619134491306,0.7016129032258065,28.454454454454453,0.3333333333333333,140.16939726939728,1,0.0911,-0.63313,43.86646,4.82574,91.0,62.0,47580.0,0.0,0.86296,9e-05,0.3153500824189429,0.16204621790391252,0.5028474666095478
YBR267W,63,0.0004548167241262077,0.2737626788768801,0.01103266131367052,0.7644649257552484,59.74043433298863,0.0,1014.35,0,0.07888,-0.98066,55.82906,5.79547,70.0,61.0,38235.0,0.0,0.8337,0.00013,0.0,0.0,0.5
YCL054W,58,0.0007391662584128279,0.2701057999556081,0.00935143460865387,0.8191167574107683,42.90286298568507,0.5,787.6047619047621,1,0.06064,-0.88918,42.94376,8.08441,155.0,158.0,70080.0,0.0,0.72634,8e-05,0.6846499175810571,0.2889671908216764,0.5033676912298148
YCL059C,69,0.0033066229537319723,0.2745983090559723,0.009631403643357916,0.5933503836317136,57.130130130130134,0.5,910.5166666666668,1,0.07911,-0.76266,54.24241,9.42255,49.0,63.0,34420.0,0.0,0.9263,0.00025,0.3153500824189429,0.19338324065864865,0.5016924803095859
YCR035C,17,0.0018750750898323025,0.26628770419690245,0.0007700929156719129,0.5220588235294118,9.973744292237443,0.3333333333333333,59.0984126984127,1,0.05584,-0.23376,53.35482,4.88165,63.0,45.0,28015.0,0.0,0.63655,0.00011,0.3153500824189429,0.16204621790391252,0.5081236400872053
YCR057C,51,0.002067076181994282,0.2736607061879516,0.006296479972327276,0.615686274509804,40.46246246246246,0.5,417.1464285714287,1,0.10401,-0.35926,35.77195,4.94,136.0,96.0,110780.0,0.0,1.06538,5e-05,0.6846499175810571,0.2889671908216764,0.5035708057942563
YDL031W,58,0.00026012948756300234,0.2696101929832124,0.009433658780901662,0.8312159709618875,53.808808808808806,0.5,531.2576645576645,1,0.07337,-0.75095,43.81558,9.14801,149.0,168.0,67980.0,0.0,0.60189,8e-05,0.6846499175810571,0.2889671908216764,0.502685129045027
YDL060W,73,0.0014388321091058475,0.27961475770856475,0.009360416821195077,0.5776255707762558,61.369369369369366,0.3333333333333333,1034.0,1,0.09645,-0.63096,43.94632,5.51996,132.0,111.0,87375.0,0.0,0.96285,6e-05,0.6846499175810571,0.22418506295530205,0.5018265224594861
YDL111C,14,5.6427667021394905e-05,0.2503763861908169,0.00099718793992169,0.7692307692307693,8.30593607305936,0.3333333333333333,31.416694416694416,1,0.06792,0.0766,34.87019,5.22687,32.0,23.0,16055.0,0.0,0.55258,0.00018,0.3153500824189429,0.16204621790391252,0.509754843793556
YDR087C,63,0.0010093160088818236,0.2786250335171938,0.009965924993932358,0.7803379416282642,59.24021164021164,0.5,1668.9999999999995,1,0.11871,-0.79532,41.14676,5.18365,54.0,45.0,64525.0,0.0,1.9434,0.00016,0.3153500824189429,0.19338324065864865,0.5016321957273983
YDR170C,9,0.00023792975839630006,0.25518852930852864,0.0007049153596673522,0.1388888888888889,7.956796628029505,0.0,0.0,1,0.07616,-0.4227,46.64336,4.68341,327.0,201.0,149820.0,0.0,0.66034,2e-05,0.6846499175810571,0.0,0.5
YDR280W,18,0.0014434567768880752,0.26880460121199606,0.0009344090087894826,0.5490196078431373,17.733036707452726,0.3333333333333333,77.5873015873016,1,0.0623,-0.12426,51.83246,4.97968,48.0,33.0,12710.0,0.0,0.37425,0.00015,0.3153500824189429,0.16204621790391252,0.5045690487359057
YDR299W,43,0.00015244339454002187,0.26454579939239775,0.006036481649363715,0.8737541528239202,29.483483483483482,0.5,712.0000000000001,1,0.0618,-1.03352,52.95489,4.68085,116.0,75.0,37485.0,0.0,0.61248,8e-05,0.6846499175810571,0.2889671908216764,0.5049004926942157
YDR300C,8,0.00017266659220255967,0.23911725821944796,0.00022769876457219364,0.03571428571428571,6.22794959908362,0.0,2.321428571428571,0,0.05374,-0.22266,26.46565,6.28241,54.0,50.0,31775.0,0.0,0.67375,0.00013,0.0,0.0,0.5
YEL026W,41,0.0017624096032441874,0.2715534192863625,0.007048314334564065,0.5963414634146341,30.143308746048472,0.5,358.6630952380952,1,0.03968,0.23413,47.04127,7.69562,12.0,13.0,3355.0,0.0,0.24726,0.00057,0.3153500824189429,0.19338324065864865,0.5032077308149524
YER006W,65,0.00015797570655870296,0.2767880607356225,0.010243872002772537,0.7115384615384616,61.37537537537538,1.0,627.3984903984905,1,0.05192,-0.57635,46.11848,8.92169,77.0,84.0,44140.0,0.0,0.76489,0.00015,0.3153500824189429,0.23974612282610783,0.5019531132914447
YER126C,61,0.00033826173770888944,0.2708027187170121,0.009676264150958912,0.8065573770491803,57.30861723446894,0.5,1328.3333333333333,1,0.05364,-0.78582,46.77931,10.24237,28.0,57.0,24075.0,0.0,0.81,0.00034,0.3153500824189429,0.19338324065864865,0.5016872090969099
YFL002C,54,0.0006253255021863879,0.27035428735207134,0.008871790917016963,0.8546470999301188,51.351322751322755,0.5,666.4674603174601,1,0.08746,-0.35627,36.54871,9.11151,81.0,94.0,57590.0,0.0,0.82957,0.00013,0.6846499175810571,0.2889671908216764,0.5028136294776773
YGL111W,62,0.0004698728290877284,0.27509527304515247,0.00965872708060207,0.7657324167107351,58.2982982982983,0.5,1704.6666666666672,1,0.07559,-0.37106,34.67905,7.63287,67.0,68.0,44265.0,0.0,0.85279,0.00015,0.3153500824189429,0.19338324065864865,0.5016585667704154
YGL120C,86,0.005530496632567906,0.2911384093042417,0.006804240781827743,0.346374829001368,73.34834834834835,1.0,859.8499999999999,1,0.08214,-0.47119,44.81095,5.99799,112.0,99.0,62075.0,0.0,0.70894,7e-05,0.6846499175810571,0.40640486218295563,0.5027703750073065
YGL171W,57,0.001859842895158309,0.288056371644483,0.008113733178585126,0.7850877192982456,19.62368815592204,0.5,623.9178571428572,1,0.05851,-0.42216,44.81048,9.22931,78.0,95.0,25535.0,0.0,0.40117,0.00014,0.3153500824189429,0.19338324065864865,0.5049272909129543
YGL195W,15,0.00017405793163158164,0.2443529188068472,0.0023291027676467938,0.5428571428571428,12.375947995666305,0.0,14.591666666666669,0,0.07186,0.04409,40.36797,5.16144,358.0,283.0,161740.0,0.0,0.54514,2e-05,0.0,0.0,0.5
YGR081C,54,0.0015676747600147966,0.28366323393021387,0.006766831717657621,0.7044025157232704,24.675675675675677,0.5,567.3000000000001,0,0.04286,-1.03905,37.93381,9.95807,29.0,43.0,1490.0,0.0,0.06191,0.00041,0.0,0.0,0.5
YGR095C,17,0.00015229956535487479,0.2456738926197137,0.0006480962590003658,0.47058823529411764,15.262513904338153,0.3333333333333333,73.00000000000001,1,0.03139,0.18655,32.76009,4.75421,31.0,20.0,2490.0,0.0,0.10202,0.00019,0.3153500824189429,0.16204621790391252,0.5053086345709357
YGR158C,19,0.002798187229633898,0.26617514976604817,0.0010104699475795976,0.4444444444444444,11.751141552511415,0.3333333333333333,57.269047619047605,1,0.064,-0.358,35.24,4.84479,34.0,23.0,16555.0,0.0,0.60033,0.00018,0.3153500824189429,0.16204621790391252,0.5068949138762302
YGR195W,16,0.0011672261967281103,0.2525134132597539,0.0009713038833102849,0.5916666666666667,15.620689655172415,0.3333333333333333,36.52473082473082,1,0.04472,-0.28333,46.50528,7.9422,32.0,33.0,12950.0,0.0,0.46988,0.00029,0.3153500824189429,0.16204621790391252,0.5051869098446065
YGR245C,50,0.00028041089702466926,0.26673887542511937,0.008493166585490446,0.9102040816326531,46.35370741482966,0.5,423.0792957042957,1,0.05606,-0.67353,46.43729,6.49847,126.0,122.0,53370.0,0.0,0.61616,8e-05,0.6846499175810571,0.2889671908216764,0.5031169803553753
YHR066W,47,1.0253092232363306e-05,0.26567783602190953,0.008169466996898888,0.9269195189639223,44.44689378757515,0.5,438.4925796425797,0,0.03974,-0.89581,49.71854,9.28204,73.0,85.0,7700.0,0.0,0.14875,0.00018,0.0,0.0,0.5
YHR085W,61,0.0002592601374826818,0.2698742901478831,0.009630683568480153,0.8016393442622951,40.6294964028777,1.0,835.6476190476192,1,0.05988,-0.38952,31.53862,9.53998,36.0,52.0,22055.0,0.0,0.58244,0.00025,0.3153500824189429,0.23974612282610783,0.5029503949599671
YHR088W,59,3.28894885011963e-05,0.2693959943332839,0.009711665635055999,0.8708357685563998,53.73158425832492,0.5,995.6833333333332,1,0.09153,-0.82814,47.20142,9.47455,44.0,55.0,17545.0,0.0,0.49956,0.00027,0.3153500824189429,0.19338324065864865,0.5017995304189146
YHR089C,37,0.0012006273880820302,0.2755768101572595,0.005690251978790602,0.6666666666666666,33.33567134268537,0.5,482.25,1,0.09268,-0.68341,34.88639,11.45856,13.0,39.0,4845.0,0.0,0.22556,0.00053,0.3153500824189429,0.19338324065864865,0.5029005451648281
YHR148W,50,0.0005873289671270831,0.2668842196086168,0.007867066869679393,0.7706122448979592,25.30161943319838,0.5,491.3666666666667,1,0.0765,-0.70383,40.59235,9.76495,23.0,35.0,21680.0,0.0,0.99063,0.00045,0.3153500824189429,0.19338324065864865,0.5038215585600997
YHR169W,54,0.0003090878912141692,0.272072994400415,0.007277784628115996,0.7910552061495457,40.855566700100304,0.5,599.154761904762,1,0.05104,-0.24037,38.79606,9.62897,45.0,61.0,21930.0,0.0,0.45804,0.0002,0.3153500824189429,0.19338324065864865,0.5023666694195943
YHR170W,61,0.0001871323160643002,0.2715534192863625,0.009727296375144679,0.8076502732240437,58.230610134436404,0.5,1146.5666666666666,1,0.07529,-0.36371,37.1979,5.26605,77.0,58.0,52965.0,0.0,0.89628,9e-05,0.3153500824189429,0.19338324065864865,0.5016604947141391
YHR197W,64,0.0017708015415109505,0.2800588726350396,0.009831471452076692,0.7509920634920635,60.82364729458918,1.0,875.5476190476192,1,0.07602,-0.14338,44.84837,5.44562,105.0,83.0,56475.0,0.0,0.6511,6e-05,0.6846499175810571,0.40640486218295563,0.5033408458737652
YJL033W,56,0.00020292864176299974,0.2734400257599109,0.007515915857091135,0.7727272727272727,42.01601601601602,0.5,616.4964285714287,1,0.06494,-0.58494,45.27105,6.99811,122.0,121.0,38445.0,0.0,0.44093,8e-05,0.6846499175810571,0.2889671908216764,0.5034387742844482
YJR002W,54,0.0004975976005695897,0.27183810158334504,0.00737376153414247,0.803633822501747,30.313313313313312,0.5,409.79811299811297,1,0.0489,-0.94755,58.50573,4.54584,140.0,84.0,33015.0,0.0,0.49312,7e-05,0.6846499175810571,0.2889671908216764,0.5047663412414697
YKL014C,81,0.0009830833600131391,0.28302578846070775,0.011431540593131147,0.5762345679012346,76.29504741833509,0.5,794.3869241869241,1,0.10601,-0.17387,39.67271,6.96503,205.0,203.0,240695.0,0.0,1.18403,3e-05,0.6846499175810571,0.2889671908216764,0.501893748025591
YKL143W,44,0.004998789544590071,0.2885655050586229,0.005195385018043724,0.5243128964059197,34.02102102102102,0.5,165.36556776556773,0,0.07775,-1.11857,50.80326,4.53485,113.0,66.0,29340.0,0.0,0.54954,8e-05,0.0,0.0,0.5
YKL172W,61,0.0007812025589273066,0.2726282797498623,0.009566560512109839,0.7688524590163934,43.97883597883598,0.5,609.5318764568766,1,0.04215,-1.48876,63.22485,6.05035,104.0,97.0,12950.0,0.0,0.26039,0.00012,0.6846499175810571,0.2889671908216764,0.5032852983075853
YKR086W,19,0.013745718326933276,0.25184977748246146,0.000320058119389126,0.005847953216374269,9.604332953249715,1.0,0.0,1,0.07656,-0.42054,39.09936,8.4201,139.0,146.0,84950.0,0.0,0.69831,7e-05,0.6846499175810571,0.40640486218295563,0.5211573705410455
YLL008W,73,0.0006788892406327417,0.280023291530652,0.010840410254493922,0.6320395738203958,68.28994708994709,0.5,1094.6833333333332,1,0.04787,-0.74122,48.9298,5.58612,141.0,128.0,30035.0,0.0,0.35401,7e-05,0.6846499175810571,0.2889671908216764,0.5021157374045192
YLL011W,52,0.0006677000927786262,0.27168731311405386,0.007212001695555022,0.8220211161387632,40.48897795591182,0.5,356.1141636141636,1,0.08998,-0.93374,40.14315,9.41974,67.0,84.0,68675.0,0.0,1.20932,0.00017,0.3153500824189429,0.19338324065864865,0.5023880973344057
YLL034C,58,7.205581986593582e-05,0.270039613775761,0.009361001906322773,0.8324258923169994,52.75335397316822,0.5,1045.6833333333334,1,0.05018,-0.41075,46.84421,5.27155,136.0,119.0,31035.0,0.0,0.33346,6e-05,0.6846499175810571,0.2889671908216764,0.5027388513625944
YLR002C,67,0.0004956546802140935,0.2721905931012982,0.010142380213998431,0.7195838986883764,50.50280583613917,0.5,933.9309523809526,1,0.06335,-0.57119,45.37481,5.72626,108.0,98.0,35840.0,0.0,0.47419,8e-05,0.6846499175810571,0.2889671908216764,0.5028609023403497
YLR009W,58,0.002500125135544307,0.2904478260048444,0.010856312044181875,0.8269812462189957,55.36363636363637,0.5,908.4333333333332,1,0.07538,-1.14774,71.0297,9.61456,36.0,49.0,12085.0,0.0,0.50406,0.0004,0.3153500824189429,0.19338324065864865,0.5017464824690026
YLR074C,50,0.0005600762419188072,0.27313505516299175,0.0076923006410883855,0.763265306122449,47.58817635270541,1.0,650.9976190476191,0,0.05422,-0.68916,39.62108,8.98468,21.0,25.0,16180.0,0.0,0.8738,0.00049,0.0,0.0,0.5
YLR129W,50,0.00012285105816268373,0.2658861605208712,0.006661370829578515,0.7951020408163265,0.0,0.5,291.84340659340666,1,0.08696,-0.30923,41.23915,5.69147,136.0,115.0,138905.0,0.0,1.30622,5e-05,0.6846499175810571,0.2889671908216764,0.5
YLR276C,72,0.0017354182351584132,0.2819937727274516,0.010782913126708964,0.6604068857589984,57.07089947089947,0.5,1041.1119047619052,1,0.07576,-0.50808,39.76347,9.2215,79.0,96.0,30425.0,0.0,0.44704,0.00014,0.6846499175810571,0.2889671908216764,0.5025316509245576
YMR128W,30,0.0003237148735478879,0.2586321670544194,0.0038057938349800725,0.6367816091954023,23.151209677419356,0.5,124.44286546786547,1,0.07656,-0.70158,45.67965,5.98004,209.0,192.0,86400.0,0.0,0.59606,4e-05,0.6846499175810571,0.2889671908216764,0.5062408659169011
YMR308C,36,0.010212317263810588,0.2991196753257463,0.0026838217267749604,0.10634920634920635,29.17570281124498,0.5,64.31708895679483,1,0.07713,0.02746,45.34014,4.61334,148.0,86.0,107075.0,0.0,0.8847,4e-05,0.6846499175810571,0.2889671908216764,0.5049521890302211
YNL061W,66,0.0005296025346679634,0.2766143734485143,0.01013602717627408,0.6853146853146853,59.22422422422422,0.5,897.0238095238093,1,0.06958,-0.73786,44.15728,4.95441,122.0,90.0,30215.0,0.0,0.43281,7e-05,0.6846499175810571,0.2889671908216764,0.5024396030054159
YNL182C,67,0.003372556807921613,0.28835786323513596,0.00987458571671335,0.6965174129353234,55.53077699293643,1.0,650.8821262071261,1,0.06847,-0.29027,34.27353,5.48785,65.0,52.0,44570.0,0.0,0.72152,9e-05,0.3153500824189429,0.23974612282610783,0.5021586779062771
YNL207W,29,0.0005841383878980579,0.25727364627498095,0.003298855418066218,0.5862068965517241,26.574574574574573,0.5,129.5,1,0.09412,-0.78612,38.99271,5.13092,76.0,57.0,40395.0,0.0,0.8223,0.0001,0.3153500824189429,0.19338324065864865,0.5036385011567348
YNL232W,13,2.5942190903030248e-05,0.24405529040391558,0.0007457955425911377,0.7307692307692307,12.658509454949945,0.3333333333333333,23.14990564990565,1,0.06164,-0.48425,45.39247,5.24103,40.0,35.0,18045.0,0.0,0.57135,0.00017,0.3153500824189429,0.16204621790391252,0.5064006832115825
YNR053C,76,0.004503546098162693,0.28696872959283404,0.010109692221440904,0.5522807017543859,55.545090180360724,0.5,2808.0,1,0.07407,-0.70041,39.94035,9.51617,66.0,87.0,62505.0,0.0,1.12646,0.00017,0.6846499175810571,0.2889671908216764,0.502601194722012
YOL010W,50,0.00026884142740602726,0.26754835246877423,0.006619296488258648,0.7583673469387755,39.334334334334336,0.5,440.5619047619047,1,0.07084,-0.02561,40.33025,8.95099,39.0,45.0,35910.0,0.0,0.89395,0.00022,0.3153500824189429,0.19338324065864865,0.5024581989746532
YOL021C,57,0.005062030929513543,0.28468914074370466,0.005736846991037444,0.47368421052631576,43.34446764091858,0.25,370.0437368187368,1,0.07692,-0.36404,40.1072,6.22076,139.0,130.0,89545.0,0.0,0.78752,5e-05,0.6846499175810571,0.183130042784624,0.5021124961586995
YOL142W,20,0.0007102956460726004,0.25402677665392287,0.0009425332689180768,0.45263157894736844,10.298206278026905,0.3333333333333333,82.3809523809524,1,0.1,-0.06917,39.24292,5.55377,28.0,25.0,18295.0,0.0,0.68892,0.00021,0.3153500824189429,0.16204621790391252,0.5078676913983393
YOR145C,66,0.0019577990895584263,0.2843035572573701,0.007967806815378986,0.6531468531468532,47.289289289289286,0.3333333333333333,791.5999999999999,1,0.05109,-0.49818,33.05146,9.0611,39.0,43.0,11460.0,0.0,0.37783,0.0003,0.3153500824189429,0.16204621790391252,0.5017133501088651
YOR310C,46,3.967718497054427e-05,0.26903427862529894,0.006867482964466519,0.7652173913043478,29.114114114114113,0.5,473.2571428571428,1,0.04697,-0.64286,32.14814,8.95502,89.0,98.0,31985.0,0.0,0.56158,0.00016,0.3153500824189429,0.19338324065864865,0.5033211252779438
YOR341W,80,0.003363266036953771,0.2790660075509954,0.009421706310587226,0.48860759493670886,71.92857142857143,0.5,652.009817959818,1,0.07392,-0.46016,37.64718,6.64862,216.0,209.0,127460.0,0.0,0.68369,4e-05,0.6846499175810571,0.2889671908216764,0.5020087093701606
YPL043W,72,0.0008915006847863553,0.2779398899921515,0.010640603604253547,0.6357589984350548,66.76052104208416,0.5,689.097089022089,1,0.05693,-0.95752,43.68058,9.11603,122.0,138.0,35130.0,0.0,0.4514,0.00012,0.6846499175810571,0.2889671908216764,0.5021642071265405
YPL190C,2,2.0198977149010637e-05,0.22714106535144657,0.00021682416019899384,0.0,1.0,1.0,0.0,1,0.0586,-1.2187,73.40724,4.39252,148.0,66.0,43000.0,0.0,0.47547,5e-05,0.3153500824189429,0.23974612282610783,0.6198730614130539
YPL217C,82,0.000781675144719213,0.27961475770856475,0.011505403972883485,0.5025594700391448,67.74874874874875,0.3333333333333333,630.2335914085915,1,0.07861,-0.83855,45.94458,6.38568,206.0,198.0,104460.0,0.0,0.77053,5e-05,0.6846499175810571,0.22418506295530205,0.5016545328666269
YPL266W,54,7.942265585174285e-05,0.27042062789249266,0.007246016797922817,0.8029350104821803,42.02402402402402,0.3333333333333333,378.4519536019536,1,0.07233,-0.29748,24.23931,9.57513,34.0,47.0,21805.0,0.0,0.60653,0.00027,0.3153500824189429,0.16204621790391252,0.501928018813849
YPR016C,60,0.0021516620556956507,0.2811484568706884,0.00910848153230646,0.7254237288135593,56.692384769539075,0.3333333333333333,742.092821067821,1,0.04898,-0.00735,36.45718,4.53705,30.0,15.0,9440.0,0.0,0.3568,0.00017,0.3153500824189429,0.16204621790391252,0.5014291709421173
YPR110C,39,0.004107623145843513,0.279774476724773,0.0010521320566055452,0.3184885290148448,34.71671671671672,0.5,112.61666666666667,1,0.08955,-0.36746,36.81642,5.34198,49.0,41.0,25035.0,0.0,0.6643,0.00014,0.3153500824189429,0.19338324065864865,0.5027851602764833
YPR112C,56,0.00043737488663085525,0.27490655785940277,0.007410205675743827,0.7909090909090909,0.0,1.0,355.1147435897436,1,0.0699,-0.83732,40.99481,6.16718,157.0,149.0,37485.0,0.0,0.3707,6e-05,0.6846499175810571,0.40640486218295563,0.5
YBL005W,3,3.572781103530014e-05,0.23365454549324305,3.976943644981058e-05,0.3333333333333333,2.0,1.0,2.142857142857143,0,0.11168,-0.3083,46.00135,6.14301,112.0,102.0,118925.0,0.0,1.05645,5e-05,0.0,0.0,0.5
YCR009C,14,0.0009383963820246314,0.2526871112224433,0.0014138084460913111,0.0989010989010989,8.15539858728557,0.0,7.4,0,0.08679,-0.5517,41.70755,6.24091,42.0,41.0,23755.0,0.0,0.78529,0.00021,0.0,0.0,0.5
YDR176W,17,0.0060563980890594275,0.2743931936056971,8.290239901651922e-05,0.058823529411764705,6.5426829268292686,1.0,2.6095238095238096,0,0.05413,-1.00755,42.41211,5.00531,125.0,100.0,45505.0,0.0,0.57397,6e-05,0.0,0.0,0.5
YDR388W,45,0.006841192097924077,0.2862419906023067,0.001635762154053802,0.043434343434343436,33.72072072072072,0.0,38.51119465329992,0,0.10166,-0.47988,46.24921,5.76642,53.0,48.0,54335.0,0.0,1.02959,0.00011,0.0,0.0,0.5
YBL006C,1,0.0,0.18722134870569224,1.3903133444660912e-07,0.0,0.0,1.0,0.0,0,0.06111,-0.43611,57.50667,9.07916,18.0,23.0,7950.0,0.0,0.40168,0.00046,0.0,0.0,0.0
YDR489W,7,0.0005136308210885262,0.2319700392188351,9.140313890628578e-06,0.0,1.0,1.0,0.0,1,0.06803,-0.43299,41.20782,4.69293,49.0,31.0,35910.0,0.0,1.05782,0.00014,0.3153500824189429,0.23974612282610783,0.6198730614130539
YBL007C,30,0.0021771602747145133,0.2675321147827592,9.832329508737434e-05,0.08505747126436781,22.933333333333334,0.2,15.266269841269844,0,0.06672,-0.65442,49.9037,5.65753,140.0,126.0,95395.0,0.0,0.70223,4e-05,0.0,0.0,0.5
YBR098W,3,8.131067882221737e-07,0.21676468603833218,2.877404664929517e-06,0.3333333333333333,1.6306748466257668,1.0,0.0,0,0.07381,-0.7343,51.55978,7.20087,100.0,100.0,50155.0,0.0,0.63679,9e-05,0.0,0.0,0.5
YBR205W,10,0.00041667249782512095,0.2530933372725225,0.0001317116627640904,0.022222222222222223,3.864705882352941,0.0,0.0,0,0.15842,-0.42723,38.71611,8.88959,48.0,56.0,89685.0,0.0,1.88883,0.00019,0.0,0.0,0.5
YCL034W,2,0.0,0.21921162938363536,2.8103743417041963e-06,1.0,1.8857142857142857,0.0,2.25,0,0.08192,-0.68277,47.22034,5.32111,51.0,42.0,33935.0,0.0,0.85111,0.00013,0.0,0.0,0.5
YCR088W,16,0.0005308624660169576,0.255129451051946,5.058879025547421e-05,0.13333333333333333,12.37613751263903,0.0,49.333333333333336,1,0.06081,-1.04206,61.75861,4.58917,122.0,76.0,60515.0,0.0,0.92283,7e-05,0.6846499175810571,0.0,0.5
YDR172W,8,0.00014016753403290328,0.24021179528502662,7.913420287962359e-05,0.10714285714285714,7.442724458204334,0.0,0.0,1,0.08029,-0.79723,41.42803,6.55011,87.0,84.0,74775.0,0.0,0.97681,9e-05,0.3153500824189429,0.0,0.5
YFR024C,20,0.000939952077741976,0.2627638683402196,5.8620823454100566e-05,0.1,0.0,0.0,2.355555555555556,0,0.0,0.0,0.0,0.0,0.0,0.0,0.0,0.0,0.0,0.0,0.0,0.0,0.0
YGL104C,5,8.519105630319413e-05,0.24730023311503638,6.11115787999414e-05,0.1,3.9204081632653063,0.0,0.0,0,0.10905,0.51646,34.57202,9.28937,25.0,39.0,80215.0,0.0,1.47642,0.00017,0.0,0.0,0.5
YGL206C,12,0.0007839250099886761,0.2433546789927969,7.591937752531427e-06,0.18181818181818182,10.146316851664984,0.0,6.777777777777778,0,0.09135,-0.16679,40.42354,5.11371,227.0,170.0,183050.0,0.0,0.97766,3e-05,0.0,0.0,0.5
YIL095W,2,0.0,0.21005082699302027,1.9237647172503918e-06,1.0,1.9240506329113924,0.0,0.0,0,0.06667,-0.64815,49.22038,9.62579,77.0,108.0,44990.0,0.0,0.49423,0.00011,0.0,0.0,0.5
YIR006C,8,0.0004884963684135526,0.2423912160604599,4.142056652958757e-05,0.14285714285714285,5.050228310502283,0.0,0.0,1,0.05743,-0.77135,62.81806,5.16779,145.0,118.0,73160.0,0.0,0.45649,3e-05,0.6846499175810571,0.0,0.5
YIR012W,3,0.00022038830859778339,0.2177067688302807,0.0013817969725406893,0.0,1.8816326530612244,0.0,0.0,1,0.07657,-0.12274,36.96241,4.35138,65.0,23.0,52825.0,0.0,1.11997,9e-05,0.3153500824189429,0.0,0.5
YJL004C,4,0.00024296874641089512,0.23317252871068625,1.1087820964697508e-05,0.16666666666666666,2.956923076923077,0.0,0.0,0,0.15764,0.33793,47.81833,5.90692,18.0,16.0,54680.0,0.0,2.30568,0.00025,0.0,0.0,0.5
YJL151C,7,0.00016840402421935632,0.24761974246014626,6.271774111030374e-05,0.14285714285714285,4.724043715846994,0.0,3.6,0,0.08271,-0.36767,63.62406,4.93378,22.0,13.0,13075.0,0.0,0.86026,0.00032,0.0,0.0,0.5
YKR030W,8,0.00019978312718434125,0.24941307317390085,6.142758117012791e-05,0.03571428571428571,1.916851441241685,0.3333333333333333,0.0,0,0.17949,0.2641,35.17117,9.18378,14.0,21.0,53330.0,0.0,1.66693,0.00029,0.0,0.0,0.5
YLR064W,4,6.251118736124734e-05,0.24272488603466347,5.992602045935979e-05,0.0,1.7654320987654322,0.5,0.0,0,0.1978,0.43004,39.40264,10.09344,8.0,28.0,44725.0,0.0,1.3704,0.00031,0.0,0.0,0.5
YLR078C,26,0.005905904302344019,0.2787307401375608,0.0014841579558656848,0.18153846153846154,15.004032258064516,0.3333333333333333,56.79761904761904,1,0.08197,-0.51598,42.6,8.90533,26.0,29.0,22920.0,0.0,0.83346,0.00032,0.3153500824189429,0.16204621790391252,0.5054000889599799
YLR337C,14,0.0006328923228583587,0.25861699356265905,0.00010563721440784004,0.31868131868131866,11.480086114101184,0.0,24.72222222222222,0,0.01836,-0.49266,80.35594,9.8902,43.0,66.0,9970.0,0.0,0.12071,0.00012,0.0,0.0,0.5
YMR253C,4,0.0004617458946748338,0.26484779231407857,0.00014822723777559442,0.16666666666666666,2.6635220125786163,0.0,0.0,0,0.10386,0.28164,34.79058,8.83832,34.0,38.0,70610.0,0.0,1.51335,0.00019,0.0,0.0,0.5
YNL084C,18,0.0020086906958869553,0.26430786996495526,3.762027403668209e-05,0.1111111111111111,13.976861167002012,0.0,24.166666666666668,0,0.0745,-0.73696,57.91292,5.22723,55.0,47.0,42900.0,0.0,1.0646,0.00013,0.0,0.0,0.5
YNL138W,13,0.0009279339882221006,0.2470923013046818,6.478507324541934e-05,0.08974358974358974,9.978483606557377,0.0,8.479166666666666,1,0.07605,-0.53403,42.87719,5.4765,67.0,59.0,50350.0,0.0,0.87534,0.0001,0.3153500824189429,0.0,0.5
YNL152W,2,3.29703293554519e-06,0.2212137629987215,1.625222744159026e-06,0.0,1.762962962962963,0.0,0.0,1,0.06601,-0.86088,51.31812,6.80621,52.0,51.0,30995.0,0.0,0.67052,0.00015,0.3153500824189429,0.0,0.5
YNL243W,20,0.0010162651729042854,0.27210658365898294,0.00012429923891031094,0.18421052631578946,10.905764966740577,0.0,35.273656898656895,1,0.05682,-0.4564,45.70994,5.27875,130.0,98.0,68395.0,0.0,0.628,5e-05,0.6846499175810571,0.0,0.5
YOR181W,34,0.002727030547786302,0.2674834135482721,0.00011478843979747134,0.09090909090909091,26.67507568113017,0.0,50.20833333333333,1,0.05529,-0.72654,64.46493,9.25299,48.0,55.0,33015.0,0.0,0.4886,0.00014,0.3153500824189429,0.0,0.5
YOR284W,17,0.0018503205119979643,0.2791366929632424,0.0001992414431658297,0.11764705882352941,9.672185430463577,0.0,4.533333333333333,0,0.09053,-0.41358,58.4716,9.04877,27.0,33.0,22265.0,0.0,0.7836,0.00032,0.0,0.0,0.5
YPL246C,8,0.00016206613020961036,0.250078099238414,6.297411389732839e-05,0.10714285714285714,3.3950617283950617,0.0,0.0,0,0.14885,0.40153,28.96947,7.00446,19.0,19.0,61225.0,0.0,2.07548,0.00024,0.0,0.0,0.5
YPR159W,5,0.0002538863948356976,0.23094916200951032,5.746322205178106e-06,0.1,2.7679671457905544,0.0,1.2857142857142858,0,0.12222,-0.55042,49.82321,4.49188,92.0,46.0,138840.0,0.0,1.73286,6e-05,0.0,0.0,0.5
YBL008W,5,0.00029362177002007167,0.20969111670038643,3.5068712202144866e-06,0.6,3.0,0.5,0.0,0,0.06905,-0.38107,42.53476,6.72076,109.0,106.0,110485.0,0.0,1.17717,7e-05,0.0,0.0,0.5
YBR289W,11,0.0004027530486486367,0.2473279838004558,1.971208730173574e-05,0.4727272727272727,9.766766766766766,1.0,17.22222222222222,0,0.05193,-0.90796,63.16066,8.36029,79.0,82.0,63760.0,0.0,0.6218,8e-05,0.0,0.0,0.5
YJL115W,6,4.37088653610893e-05,0.21535622918928737,3.227302213837087e-06,0.2,1.2375757575757576,1.0,3.825,0,0.05735,-1.07814,75.08172,3.87701,93.0,23.0,21680.0,0.0,0.68601,0.00012,0.0,0.0,0.5
YJL176C,13,0.0018226999228180077,0.25560284444366943,0.00017792831518707487,0.34615384615384615,11.923923923923924,1.0,23.365079365079364,0,0.05697,-0.94739,46.88656,4.77521,145.0,94.0,53080.0,0.0,0.57121,5e-05,0.0,0.0,0.5
YOR038C,4,0.0,0.20811702258040338,3.459494377101531e-06,1.0,3.0,1.0,0.0,0,0.08571,-0.28171,38.48984,8.57574,93.0,101.0,109345.0,0.0,1.11074,9e-05,0.0,0.0,0.5
YOR290C,11,0.0001899769756706034,0.2401594473045777,1.795977737191481e-05,0.4909090909090909,9.793793793793794,1.0,17.22222222222222,0,0.06283,-0.78855,47.17504,6.54193,237.0,228.0,127060.0,0.0,0.65478,3e-05,0.0,0.0,0.5
YBL009W,1,0.0,0.2300212197492968,4.246143904251729e-06,0.0,1.0,0.0,0.0,0,0.07544,-0.54541,49.3682,9.41278,63.0,87.0,63715.0,0.0,0.83428,0.00012,0.0,0.0,0.5
YBL010C,1,0.0,0.17930147062336885,2.391637442502009e-08,0.0,0.0,1.0,0.0,0,0.07143,-0.85607,56.67286,4.99493,52.0,38.0,20440.0,0.0,0.62624,0.00015,0.0,0.0,0.0
YKR022C,4,0.00024868424201768534,0.2199334757908259,1.4306296241318297e-06,0.0,1.0,0.5,0.0,1,0.03106,-0.88634,44.9413,5.5108,60.0,52.0,11710.0,0.0,0.31954,0.00015,0.3153500824189429,0.19338324065864865,0.5966916203293243
YBL014C,5,9.399625050027967e-05,0.23571609300441276,5.585557066168458e-06,0.4,2.6951476793248945,0.3333333333333333,13.666666666666666,1,0.08389,-0.48501,50.64408,5.02679,132.0,95.0,107550.0,0.0,1.05392,5e-05,0.6846499175810571,0.22418506295530205,0.5415904970022752
YER148W,38,0.005301536228772015,0.28734284957144407,0.00031214827392306814,0.17354196301564723,32.375,1.0,93.94772384478264,1,0.09167,-0.24708,36.18667,9.39252,29.0,37.0,14690.0,0.0,0.54402,0.00035,0.3153500824189429,0.23974612282610783,0.5037026428235691
YHL004W,34,0.004836669957984051,0.27283076408216395,2.4880326913324887e-05,0.31194295900178254,30.36592741935484,0.0,85.5,0,0.06853,-0.55482,53.49673,8.73688,45.0,48.0,37360.0,0.0,0.84618,0.0002,0.0,0.0,0.5
YJL025W,4,3.2223955593773507e-07,0.22601141587753915,5.081016372292298e-06,0.6666666666666666,1.5155172413793103,0.5,16.25,1,0.107,-0.42957,49.85043,8.37445,60.0,64.0,81580.0,0.0,1.35163,0.00014,0.3153500824189429,0.19338324065864865,0.5638010691592811
YML043C,4,1.1456094801337086e-05,0.22573364682893912,5.030977328696461e-06,0.5,0.0,0.5,10.95,1,0.09665,-0.7572,58.48817,5.7066,79.0,68.0,78435.0,0.0,1.32372,0.0001,0.3153500824189429,0.19338324065864865,0.5
YOR158W,33,0.0023191852406669,0.26270123094609793,1.6737923750421824e-05,0.4696969696969697,28.26890756302521,0.0,152.5,0,0.06289,-0.72201,39.26635,9.79865,35.0,55.0,10430.0,0.0,0.28974,0.00027,0.0,0.0,0.5
YBL015W,3,2.797614656890946e-06,0.19157438745221744,1.219003196355382e-07,0.0,2.900900900900901,0.0,0.0,0,0.07605,-0.3597,34.1253,6.29645,67.0,60.0,47370.0,0.0,0.80683,0.00011,0.0,0.0,0.5
YLR304C,11,0.0007779280957611356,0.22320758799308946,5.084860867540389e-06,0.03636363636363636,9.518743667679837,0.0,0.0,0,0.07841,-0.38072,25.73278,8.17169,94.0,97.0,90145.0,0.0,1.05597,0.0001,0.0,0.0,0.5
YMR105C,10,0.00028250225464474324,0.22131371901172422,1.5341389912097973e-06,0.15555555555555556,8.46372239747634,0.0,5.940476190476191,0,0.11072,-0.34323,27.51617,6.18121,71.0,66.0,79480.0,0.0,1.25983,0.0001,0.0,0.0,0.5
YMR303C,7,0.00012021080976313528,0.22534130739574296,1.5287649836620683e-06,0.09523809523809523,6.756756756756757,0.0,3.8,0,0.07471,-0.0046,20.85348,6.26361,36.0,32.0,47870.0,0.0,1.30324,0.00017,0.0,0.0,0.5
YBL016W,14,0.0019019098247880187,0.22436639971881323,7.609711083928062e-07,0.08791208791208792,4.003257328990228,0.5,7.692857142857142,0,0.09915,-0.28782,44.5136,6.64325,45.0,43.0,38110.0,0.0,0.93472,0.00016,0.0,0.0,0.5
YDL159W,6,7.63552338554234e-05,0.21664749866199062,4.536036209225638e-06,0.26666666666666666,1.0,0.0,2.1142857142857143,0,0.05631,-0.45184,39.40584,9.25177,52.0,66.0,38235.0,0.0,0.66256,0.00016,0.0,0.0,0.5
YDR103W,11,0.0013208212790905233,0.2295182055230409,1.4272004243813788e-06,0.10909090909090909,3.593241551939925,0.0,8.721428571428572,0,0.07306,-0.4229,48.0072,5.25885,119.0,91.0,64800.0,0.0,0.6308,5e-05,0.0,0.0,0.5
YDR469W,6,0.00018532071074900812,0.22631310479903088,1.6820508614933744e-06,0.06666666666666667,1.0,1.0,3.4,0,0.02857,-0.932,59.42343,4.71259,28.0,16.0,4595.0,0.0,0.23629,0.00024,0.0,0.0,0.5
YDR480W,8,0.0002202644380961356,0.23105811171378152,2.4426166372620633e-06,0.17857142857142858,6.981895633652822,1.0,7.386904761904763,0,0.0743,-0.97647,58.97337,6.8714,45.0,44.0,35215.0,0.0,0.95488,0.00019,0.0,0.0,0.5
YER075C,4,0.00013084861290888205,0.21618001349985402,1.5303713404275416e-06,0.0,1.0,0.0,0.0,0,0.08297,-0.4944,49.70282,7.07123,102.0,101.0,76805.0,0.0,0.72993,7e-05,0.0,0.0,0.5
YGL057C,2,6.131885669667179e-06,0.18989086996103746,1.617530653087692e-06,0.0,0.0,0.0,0.0,0,0.10801,-0.2547,42.22686,9.51996,27.0,35.0,34950.0,0.0,1.06042,0.00029,0.0,0.0,0.0
YGL178W,4,0.00013020684660201249,0.2167753457229173,3.164036513942858e-06,0.3333333333333333,1.9840909090909091,0.0,12.214285714285715,0,0.08149,-0.36531,40.66439,8.17694,58.0,61.0,38040.0,0.0,0.39865,9e-05,0.0,0.0,0.5
YGR040W,9,0.000764711560013439,0.22804586938828367,9.426756693308294e-07,0.2222222222222222,7.526859504132231,0.5,14.05,0,0.09511,-0.28397,40.02337,5.40082,54.0,42.0,56100.0,0.0,1.31407,0.00013,0.0,0.0,0.5
YHR005C,15,0.003593378659830198,0.2500639128247971,6.195291948917526e-06,0.01904761904761905,9.274470232088799,0.0,5.0,1,0.08686,-0.51822,44.84301,7.5025,68.0,69.0,42370.0,0.0,0.78354,0.00014,0.3153500824189429,0.0,0.5
YHR168W,3,5.431166517054557e-05,0.19623070936945883,1.356493648931664e-07,0.0,1.0,0.0,0.0,0,0.07722,-0.43764,38.56776,9.12994,61.0,72.0,59650.0,0.0,1.03118,0.00016,0.0,0.0,0.5
YIL169C,3,0.0001186224491209487,0.20793050260733603,4.912279816739425e-07,0.0,0.0,0.0,0.0,0,0.05126,-0.18764,43.70643,4.37274,80.0,37.0,49720.0,0.0,0.49852,4e-05,0.0,0.0,0.0
YLR362W,13,0.0012589641852793912,0.24414991167408048,9.238006526849692e-06,0.08974358974358974,9.60453141091658,0.0,22.573717948717952,0,0.06416,-0.44463,41.82008,6.74066,90.0,87.0,50850.0,0.0,0.62996,8e-05,0.0,0.0,0.5
YNL053W,3,3.021074807375591e-05,0.2079010826428111,2.945419894182494e-06,0.0,2.223946784922395,0.0,8.0,0,0.0593,-0.44847,46.54397,6.71539,54.0,52.0,30870.0,0.0,0.56938,0.00012,0.0,0.0,0.5
YPL049C,10,0.0013489531148053531,0.26008181339757647,1.4126134345221977e-05,0.15555555555555556,5.541942604856512,1.0,21.39880952380952,0,0.05973,-0.98186,59.78075,8.61737,49.0,52.0,34965.0,0.0,0.70843,0.00017,0.0,0.0,0.5
YBL017C,2,1.4021104094075455e-06,0.2235131657679507,6.403063820907248e-06,0.0,0.0,0.0,0.0,0,0.11273,-0.47771,35.39814,4.74908,246.0,163.0,190505.0,0.0,1.07161,3e-05,0.0,0.0,0.0
YDR432W,11,0.0002608754068724805,0.2676945803895988,0.0003335055176784844,0.2727272727272727,7.363329583802025,0.5,17.625,1,0.09662,-1.09541,66.13816,5.38019,60.0,46.0,35425.0,0.0,0.78017,0.00012,0.3153500824189429,0.19338324065864865,0.51313150786324
YMR197C,13,0.0014227550484991825,0.2639596799566182,9.279395340119651e-05,0.2948717948717949,3.2628434886499402,0.0,24.25,1,0.0553,-0.46728,46.01797,6.18036,31.0,30.0,11460.0,0.0,0.46457,0.00025,0.3153500824189429,0.0,0.5
YBL019W,1,0.0,0.20526783028058318,9.708514222990656e-07,0.0,0.0,1.0,0.0,0,0.08846,-0.49096,35.48348,9.24371,62.0,79.0,51225.0,0.0,0.86173,0.00016,0.0,0.0,0.0
YEL009C,16,0.0011801742705239116,0.2603275648305394,6.922785759595139e-05,0.15833333333333333,7.070093457943925,1.0,16.452014652014654,0,0.05694,-0.60142,44.0121,5.08038,46.0,36.0,11460.0,0.0,0.36602,0.00016,0.0,0.0,0.5
YBL020W,1,0.0,0.231653090297731,2.2738065994503548e-05,0.0,1.0,0.5,0.0,1,0.15157,0.40645,35.20125,9.25177,41.0,55.0,84645.0,0.0,1.27843,0.00014,0.3153500824189429,0.19338324065864865,0.5966916203293243
YBL021C,2,5.7486036718630255e-06,0.18362603746044837,1.0310067901666775e-07,0.0,1.7806060606060605,1.0,1.4285714285714286,0,0.04861,-0.70278,55.80764,4.77679,23.0,15.0,11835.0,0.0,0.73265,0.0003,0.0,0.0,0.5
YHL006C,7,0.0005579057588457601,0.22062695972349966,6.212768441424071e-06,0.047619047619047616,4.1866666666666665,1.0,2.05,0,0.09333,-0.12533,51.76473,7.88519,14.0,15.0,27055.0,0.0,1.58027,0.00046,0.0,0.0,0.5
YKL109W,3,5.836868083103609e-05,0.20148672891834368,4.03404473252551e-07,0.0,1.7375776397515528,1.0,0.0,0,0.0704,-0.98502,53.59314,5.23004,83.0,60.0,33140.0,0.0,0.53099,8e-05,0.0,0.0,0.5
YBL022C,4,6.04397800423784e-05,0.2309007728917041,8.475845469706489e-06,0.16666666666666666,1.6830892143808256,0.0,0.0,0,0.06355,-0.5827,40.9053,5.42828,186.0,158.0,82585.0,0.0,0.64971,4e-05,0.0,0.0,0.5
YHR200W,42,0.0023040307137002997,0.27677068219222223,0.0001531697071111476,0.7409988385598142,31.41111111111111,0.0,469.41666666666674,0,0.05224,-0.50709,50.24515,4.7265,40.0,23.0,3105.0,0.0,0.10438,0.00016,0.0,0.0,0.5
YLL039C,23,0.0037994648556272043,0.24773106975809395,4.375182780690735e-05,0.023715415019762844,0.0,0.0,6.183333333333334,0,0.0,0.0,0.0,0.0,0.0,0.0,0.0,0.0,0.0,0.0,0.0,0.0,0.0
YOR136W,14,0.0021881904950808986,0.26883738825855485,4.33124098575204e-05,0.054945054945054944,12.27349524815206,0.0,7.066666666666667,0,0.06233,-0.04444,32.43713,8.82416,34.0,38.0,19285.0,0.0,0.48529,0.00022,0.0,0.0,0.5
YBL023C,25,0.007370062565192428,0.24862530486607576,4.52717561639052e-05,0.6066666666666667,15.441145281018027,1.0,47.53102642971064,1,0.06221,-0.63733,53.13813,5.02509,155.0,115.0,56365.0,0.0,0.57062,5e-05,0.6846499175810571,0.40640486218295563,0.513159803071167
YBR060C,23,0.0006126672967759391,0.2445698321835066,4.752558590663069e-05,0.7233201581027668,9.767762460233298,1.0,125.34415584415584,1,0.08387,-0.70661,42.97181,9.44696,72.0,93.0,50685.0,0.0,0.71149,0.00013,0.3153500824189429,0.23974612282610783,0.5122723153742819
YBR202W,20,0.00023642374171144268,0.2366017205343526,4.2998055604444386e-05,0.8894736842105263,14.513061650992686,0.5,41.65440305308727,1,0.06509,-0.33479,43.15609,5.13861,120.0,97.0,44250.0,0.0,0.46607,5e-05,0.6846499175810571,0.2889671908216764,0.5099554180148442
YBR265W,3,0.0002704948671459856,0.20381573216550414,8.689899604394313e-07,0.0,1.0,0.5,0.0,1,0.1,-0.05031,44.01444,5.92999,38.0,34.0,41130.0,0.0,1.14339,0.00016,0.3153500824189429,0.19338324065864865,0.5966916203293243
YBR278W,24,0.00710918078351541,0.2677270971925614,0.0003274309497121871,0.5543478260869565,23.39727463312369,1.0,85.22857142857144,0,0.0398,-0.75821,63.37264,4.52216,47.0,25.0,3230.0,0.0,0.14251,0.0002,0.0,0.0,0.5
YDL017W,20,0.0069901767691704616,0.24027726236103364,8.190362946801632e-06,0.14736842105263157,12.446014127144299,0.0,12.006493506493506,1,0.11045,-0.45503,35.57615,5.59161,71.0,59.0,76875.0,0.0,1.31817,0.0001,0.3153500824189429,0.0,0.5
YDL102W,18,0.0,0.2302374728546706,4.120073521594009e-05,1.0,17.60691823899371,1.0,33.85051834130782,1,0.09298,-0.32662,38.26756,8.23383,134.0,140.0,125010.0,0.0,1.00315,7e-05,0.6846499175810571,0.40640486218295563,0.5115410560969977
YDR052C,12,0.0024084019623246055,0.2436236683583245,1.1286169378266472e-05,0.42424242424242425,4.010869565217392,0.0,11.40909090909091,1,0.07102,-0.87301,38.76548,9.35101,92.0,115.0,69050.0,0.0,0.85575,0.00012,0.6846499175810571,0.0,0.5
YDR318W,38,0.017000051931536198,0.2724597722526438,0.00012184089853557533,0.001422475106685633,11.07502569373073,0.5,10.2,0,0.08967,-0.44185,39.28261,4.8963,71.0,50.0,24075.0,0.0,0.56027,0.00011,0.0,0.0,0.5
YEL032W,20,0.00023642374171144268,0.2366017205343526,4.2998055604444386e-05,0.8894736842105263,7.943169398907104,1.0,41.65440305308727,1,0.0587,-0.47322,46.15396,5.26373,146.0,114.0,49530.0,0.0,0.46067,5e-05,0.6846499175810571,0.40640486218295563,0.5255820341839161
YGL201C,25,0.002472286367795796,0.2533260534035701,0.0003749922308863543,0.5666666666666667,11.405464480874317,1.0,43.87940305308726,1,0.06588,-0.49764,48.06303,5.03192,154.0,115.0,63730.0,0.0,0.5641,4e-05,0.6846499175810571,0.40640486218295563,0.5178162346156289
YHR118C,22,0.00020442649640671208,0.2404738778722123,4.413592540905706e-05,0.7922077922077922,9.605514316012725,1.0,52.56555023923445,1,0.06897,-0.68667,58.20943,8.15704,64.0,67.0,46755.0,0.0,0.92962,0.00016,0.3153500824189429,0.23974612282610783,0.5124796088443928
YIL150C,7,0.0016009595372991716,0.23927300956823122,7.093946343082705e-05,0.47619047619047616,3.666092943201377,1.0,10.666666666666666,1,0.08231,-0.83065,48.48862,9.66779,74.0,105.0,51505.0,0.0,0.78258,0.00015,0.3153500824189429,0.23974612282610783,0.5326977693337954
YJL194W,26,0.0031938826327745757,0.24633286701735252,5.172605019930607e-05,0.3569230769230769,15.351007423117709,0.5,67.26103896103896,1,0.07407,-0.22846,46.94739,9.48517,51.0,69.0,21150.0,0.0,0.36443,0.00016,0.3153500824189429,0.19338324065864865,0.5062987149744786
YJR006W,19,0.001656174673697263,0.24248455114558135,4.7015568467127405e-05,0.8947368421052632,18.59014675052411,1.0,121.28571428571428,1,0.0924,-0.33552,36.98768,4.81793,72.0,52.0,58675.0,0.0,1.06112,9e-05,0.3153500824189429,0.23974612282610783,0.5064482041493124
YJR043C,20,0.0006087899546389581,0.2325206591030448,4.2130852604721956e-05,0.8105263157894737,19.51991614255765,1.0,33.85051834130782,0,0.06,-1.04743,53.48714,8.50507,60.0,64.0,15525.0,0.0,0.38515,0.00021,0.0,0.0,0.5
YLL004W,23,0.00039471918999233125,0.24151471922394935,4.421663598421588e-05,0.7233201581027668,10.615058324496289,1.0,52.56555023923445,1,0.12013,-0.3388,48.26495,5.27032,91.0,70.0,58260.0,0.0,0.80831,7e-05,0.3153500824189429,0.23974612282610783,0.5112927369542968
YLR103C,20,0.00023558834029225063,0.2344249444413701,4.207553542835936e-05,0.868421052631579,16.25245901639344,1.0,38.94606971975393,1,0.08923,-0.444,45.85771,4.63141,107.0,67.0,88085.0,0.0,1.18636,6e-05,0.6846499175810571,0.40640486218295563,0.5125028730044182
YLR274W,20,0.000750995686323614,0.23782717320072963,4.229922237836212e-05,0.868421052631579,8.40983606557377,0.5,66.50396445659604,1,0.06065,-0.31239,45.87459,5.49811,98.0,83.0,43415.0,0.0,0.50243,6e-05,0.3153500824189429,0.19338324065864865,0.5114974441327267
YML065W,25,0.0031589927546200624,0.2489623096845998,6.237915450305027e-05,0.6133333333333333,16.36797454931071,1.0,125.55584415584414,1,0.07659,-0.62123,45.81229,5.5163,152.0,135.0,90940.0,0.0,0.87108,5e-05,0.6846499175810571,0.40640486218295563,0.5124146350838525
YNL261W,23,0.0016714577020780375,0.2409997624665422,4.419058445142757e-05,0.7233201581027668,9.605514316012725,1.0,52.56555023923445,1,0.11273,-0.18267,43.41482,5.65509,58.0,50.0,65625.0,0.0,1.18695,0.0001,0.3153500824189429,0.23974612282610783,0.5124796088443928
YNL262W,39,0.00729170790945945,0.26139270963445943,0.0012408903858823507,0.2941970310391363,35.56394129979036,1.0,75.93078211348335,1,0.10441,-0.37583,39.19849,6.53339,292.0,282.0,303225.0,0.0,1.18601,3e-05,0.6846499175810571,0.40640486218295563,0.5057137207987877
YOR196C,2,0.005061952574236275,0.1979401282117433,7.154793545717403e-07,0.0,1.0,0.0,0.0,0,0.06039,-0.52971,40.11208,9.55157,48.0,69.0,43650.0,0.0,0.94385,0.00021,0.0,0.0,0.5
YPR019W,20,0.00023642374171144268,0.2366017205343526,4.2998055604444386e-05,0.8894736842105263,10.211076280041798,1.0,51.02554112554111,1,0.05359,-0.51854,53.55458,5.85529,131.0,118.0,48845.0,0.0,0.46518,6e-05,0.6846499175810571,0.40640486218295563,0.5199001971504855
YPR162C,22,0.0002034043639246785,0.2404738778722123,4.413592540905706e-05,0.7922077922077922,9.605514316012725,1.0,183.57142857142856,1,0.08507,-0.2896,50.92762,6.38763,63.0,61.0,53580.0,0.0,0.88263,0.00011,0.3153500824189429,0.23974612282610783,0.5124796088443928
YPR175W,28,0.0013928397488363403,0.2377117480196033,5.1300938248978856e-05,0.47354497354497355,24.961215932914047,0.5,45.9862326270221,1,0.08708,-0.40798,41.78549,5.8161,83.0,73.0,75455.0,0.0,0.96318,7e-05,0.3153500824189429,0.19338324065864865,0.5038736742869094
YBL024W,1,0.0,0.15380226284063792,3.5841788060439258e-09,0.0,1.0,0.5,0.0,0,0.07602,-0.58041,40.42341,7.0141,98.0,97.0,82650.0,0.0,1.06128,9e-05,0.0,0.0,0.5
YGR237C,2,0.00021149327066866054,0.18276573055580758,2.671016746344074e-07,0.0,1.4619492656875834,0.0,0.0,0,0.07134,-0.84433,54.34805,9.09564,108.0,121.0,53665.0,0.0,0.60136,0.0001,0.0,0.0,0.5
YBL025W,7,0.00022965243570163428,0.2360569056054152,5.59368856792053e-06,0.047619047619047616,2.6463414634146343,0.5,2.0,0,0.08276,-0.31172,44.3469,5.06293,24.0,16.0,14815.0,0.0,0.89763,0.00031,0.0,0.0,0.5
YDL113C,4,5.392930998980348e-05,0.22469806582095644,2.277045272555619e-06,0.0,0.0,0.0,0.0,0,0.06719,-0.80641,40.98938,6.51019,90.0,86.0,47010.0,0.0,0.64801,9e-05,0.0,0.0,0.0
YIL141W,3,0.00043904833813255905,0.2470507568948901,2.9800353102146253e-05,0.0,1.0,0.0,0.0,0,0.10853,0.05194,43.8,7.89056,10.0,11.0,10555.0,0.0,0.73109,0.00055,0.0,0.0,0.5
YJR087W,2,6.414198816060499e-05,0.25236884727059733,8.877686431701362e-05,0.0,1.0,0.0,0.0,0,0.14655,0.46897,51.34569,9.79828,6.0,13.0,4720.0,0.0,0.35906,0.00075,0.0,0.0,0.5
YKL135C,9,0.004925377425806958,0.2512325689772896,4.7611530019226054e-05,0.1388888888888889,4.077011494252874,0.0,9.75,0,0.05923,-0.08581,41.39065,5.08527,99.0,76.0,52060.0,0.0,0.6359,6e-05,0.0,0.0,0.5
YLR141W,4,0.00027151877723073745,0.23763486012266974,4.346212087386558e-05,0.16666666666666666,2.34788189987163,0.5,2.0,1,0.07438,-0.71185,57.86669,6.38629,57.0,53.0,66515.0,0.0,1.59431,0.00015,0.3153500824189429,0.19338324065864865,0.541182488921019
YMR270C,6,0.00010798030509376757,0.2402510712489385,7.662817908329942e-06,0.13333333333333333,4.041259500542888,0.5,7.25,1,0.07123,-0.83178,38.3603,5.2099,70.0,54.0,37610.0,0.0,0.87848,0.00012,0.3153500824189429,0.19338324065864865,0.5239261102426941
YBL066C,5,0.00012499584417530052,0.23735336287290135,2.4224543358863613e-05,0.1,3.6835016835016834,1.0,0.0,0,0.07491,-0.52186,44.94139,7.39667,107.0,107.0,103190.0,0.0,0.80623,6e-05,0.0,0.0,0.5
YCR020CA,2,1.6240057486134424e-05,0.22924367649256455,2.8213159331525498e-05,0.0,0.0,0.0,0.0,0,0.0,0.0,0.0,0.0,0.0,0.0,0.0,0.0,0.0,0.0,0.0,0.0,0.0
YCR066W,5,0.0001847852570762872,0.22930330083622158,4.276884902922762e-05,0.0,2.6812627291242364,1.0,1.3333333333333333,0,0.05955,-0.75585,48.70413,7.53351,65.0,66.0,35420.0,0.0,0.64132,0.00014,0.0,0.0,0.5
YDL175C,5,0.00036684022430475766,0.24612655808350214,0.00021149035507544124,0.0,3.848975188781014,1.0,2.933333333333333,0,0.0843,-1.18081,48.51221,9.05634,39.0,53.0,42675.0,0.0,1.08469,0.00023,0.0,0.0,0.5
YDR166C,8,9.422557117270546e-05,0.22613895528012742,2.1150063391252102e-05,0.6785714285714286,0.0,0.0,7.166666666666666,1,0.09681,-0.40844,44.25091,5.63116,118.0,105.0,104430.0,0.0,0.93141,5e-05,0.6846499175810571,0.0,0.0
YDR440W,2,6.714881581301506e-05,0.220593837525673,2.221257614202795e-05,0.0,1.7769696969696969,1.0,0.0,0,0.08419,-0.61443,44.69057,9.15363,68.0,85.0,49500.0,0.0,0.74773,0.00014,0.0,0.0,0.5
YDR473C,42,0.0014630404998885469,0.2786602601476404,0.0004920884587634885,0.6318234610917538,19.639680729760546,1.0,783.5,1,0.08529,-1.17527,48.27874,8.68817,84.0,90.0,60445.0,0.0,1.0819,0.00016,0.6846499175810571,0.40640486218295563,0.5103465241562486
YEL015W,21,0.007205029009331604,0.28248168249122224,0.0001734219039179843,0.1,20.20855614973262,0.0,16.218170426065164,0,0.05626,-0.53575,47.80889,5.98785,67.0,62.0,38805.0,0.0,0.63263,0.0001,0.0,0.0,0.5
YER025W,15,0.0001906730394697079,0.2519361407827355,0.00020432416589628914,0.4666666666666667,13.615927419354838,0.0,48.88744588744588,1,0.04554,-0.22694,45.78387,6.37421,71.0,68.0,22680.0,0.0,0.39195,0.00011,0.3153500824189429,0.0,0.5
YER112W,70,0.0080108081064664,0.2943067602667595,0.000663691085299967,0.2571428571428571,53.93273092369478,0.5,441.8880952380953,1,0.06952,-1.15936,43.47326,9.45306,14.0,19.0,17420.0,0.0,0.81877,0.00044,0.3153500824189429,0.19338324065864865,0.5017928189185548
YER146W,29,0.002185745642084563,0.27008925036918835,0.000198506102562248,0.04433497536945813,25.743147208121826,1.0,16.308621933621936,1,0.04301,-0.05699,49.00215,4.53656,16.0,8.0,5500.0,0.0,0.52769,0.00044,0.3153500824189429,0.23974612282610783,0.5046565037461789
YFL017WA,6,1.3657735985245079e-05,0.23713629863228378,3.0275772675675606e-05,0.26666666666666666,0.0,0.0,0.0,0,0.0,0.0,0.0,0.0,0.0,0.0,0.0,0.0,0.0,0.0,0.0,0.0,0.0
YGL173C,8,0.0004802398736498586,0.25289006111385026,8.678561139573984e-05,0.2857142857142857,6.679089026915114,0.0,3.850877192982456,0,0.09817,-0.60177,42.86173,7.04279,206.0,203.0,160160.0,0.0,0.91281,4e-05,0.0,0.0,0.5
YGL185C,4,0.0002885847842598329,0.23098546715968998,6.5471516672947e-05,0.0,2.2819722650231125,0.0,0.0,0,0.08971,-0.33008,38.12823,8.19708,49.0,52.0,35755.0,0.0,0.83182,0.00019,0.0,0.0,0.5
YGR077C,2,1.8075208836700983e-05,0.21792202171621136,2.0067285881769923e-05,0.0,0.0,0.0,0.0,0,0.11036,0.15416,42.88443,7.30145,50.0,50.0,104125.0,0.0,1.52756,0.00011,0.0,0.0,0.0
YIL048W,3,2.6542821932199905e-05,0.22918408314835828,2.6377137754096204e-05,0.3333333333333333,2.9064327485380117,0.0,0.0,1,0.09383,-0.12467,38.95814,6.02264,133.0,117.0,133685.0,0.0,1.02664,5e-05,0.6846499175810571,0.0,0.5
YIL066C,6,0.00034438084368382433,0.2453047665707025,4.404743504630277e-05,0.26666666666666666,5.554994954591322,0.0,21.91111111111111,0,0.09206,-0.34465,46.55801,5.67767,107.0,90.0,122755.0,0.0,1.25885,6e-05,0.0,0.0,0.5
YIL132C,8,0.00153680488229824,0.27106915848453594,9.464302039028982e-05,0.03571428571428571,2.523654159869494,0.5,2.166666666666667,0,0.0892,-0.43803,46.47934,8.42499,27.0,29.0,23170.0,0.0,0.92857,0.00034,0.0,0.0,0.5
YLR039C,1,0.0,0.21513551270256337,2.0002743031757507e-05,0.0,0.0,0.0,0.0,0,0.08807,-0.24044,36.3898,5.9433,144.0,128.0,132765.0,0.0,1.09139,5e-05,0.0,0.0,0.0
YLR120C,1,0.0,0.21513551270256337,2.0002743031757507e-05,0.0,0.0,0.0,0.0,0,0.08612,-0.02953,35.44712,4.67926,50.0,32.0,49780.0,0.0,0.82954,8e-05,0.0,0.0,0.0
YLR126C,1,0.0,0.21513551270256337,2.0002743031757507e-05,0.0,1.0,0.0,0.0,0,0.11155,-0.46056,29.27932,5.16083,35.0,27.0,41535.0,0.0,1.44092,0.00018,0.0,0.0,0.5
YLR128W,4,0.0005130843721921188,0.2251456486682427,2.0300204777888388e-05,0.0,1.7437888198757765,0.0,0.0,0,0.14498,-0.53309,47.86807,4.76422,46.0,30.0,57465.0,0.0,1.78445,0.00015,0.0,0.0,0.5
YMR066W,1,0.0,0.21513551270256337,2.0002743031757507e-05,0.0,1.0,0.0,0.0,0,0.10245,-0.42027,48.91822,8.6955,116.0,126.0,85245.0,0.0,0.81382,8e-05,0.0,0.0,0.5
YMR207C,1,0.0,0.21513551270256337,2.0002743031757507e-05,0.0,1.0,0.0,0.0,0,0.09151,-0.33894,43.44467,8.81146,274.0,299.0,279850.0,0.0,1.07983,3e-05,0.0,0.0,0.5
YMR237W,1,0.0,0.21513551270256337,2.0002743031757507e-05,0.0,0.0,0.0,0.0,0,0.08564,-0.14254,45.02765,5.18976,93.0,70.0,87540.0,0.0,1.06694,6e-05,0.0,0.0,0.0
YNL147W,10,0.0007185907197689227,0.24287199202619963,4.002463569650184e-05,0.24444444444444444,7.556345177664975,0.5,4.904761904761905,1,0.04348,-0.62087,39.23478,9.30035,15.0,19.0,5960.0,0.0,0.45825,0.00072,0.3153500824189429,0.19338324065864865,0.512796083034312
YNL264C,1,0.0,0.21513551270256337,2.0002743031757507e-05,0.0,0.0,0.0,0.0,0,0.10857,-0.52914,39.41286,6.72797,52.0,51.0,59860.0,0.0,1.47158,0.00017,0.0,0.0,0.0
YNL287W,17,0.0008382328792314604,0.2625447680330865,0.00017517406535989211,0.3235294117647059,9.102212855637513,0.0,48.36904761904761,1,0.07914,-0.15444,40.85851,4.99579,128.0,94.0,46645.0,0.0,0.44496,5e-05,0.6846499175810571,0.0,0.5
YOL102C,2,0.00021149327066866054,0.21515651382641174,2.0006233308524763e-05,0.0,1.2181372549019607,0.0,2.0,1,0.04348,-0.31696,49.88261,9.29962,25.0,32.0,11835.0,0.0,0.45178,0.00036,0.3153500824189429,0.0,0.5
YOL149W,16,0.003268474980603467,0.27843144613918164,0.00020299983257324885,0.25833333333333336,13.095431472081218,0.0,28.20952380952381,1,0.09957,-0.55931,24.6771,5.62091,28.0,24.0,34630.0,0.0,1.31843,0.00021,0.3153500824189429,0.0,0.5
YOL163W,1,0.0,0.21513551270256337,2.0002743031757507e-05,0.0,0.0,0.0,0.0,0,0.0,0.0,0.0,0.0,0.0,0.0,0.0,0.0,0.0,0.0,0.0,0.0,0.0
YOR017W,4,0.00045679997209872365,0.24257795813754807,4.1804381585557804e-05,0.16666666666666666,2.1743532058492687,0.0,0.0,0,0.1,-0.80087,49.05803,9.30682,104.0,129.0,85790.0,0.0,0.91846,0.0001,0.0,0.0,0.5
YOR043W,6,0.00039903711350855106,0.2298652894235555,2.2658945149667734e-05,0.0,3.5140845070422535,0.0,2.727272727272727,0,0.08025,-0.63251,53.78128,5.7348,64.0,54.0,57380.0,0.0,1.03676,0.0001,0.0,0.0,0.5
YOR191W,5,0.0005800962870040991,0.2562119532272899,7.155515535613134e-05,0.0,4.734294541709578,1.0,0.0,0,0.06609,-0.66115,49.70793,7.3255,229.0,229.0,116890.0,0.0,0.63388,4e-05,0.0,0.0,0.5
YPL115C,8,0.00046243367898804027,0.23451224425576014,3.909237508367479e-05,0.07142857142857142,4.132231404958677,0.0,12.925,1,0.06028,-0.53085,55.00541,6.37799,130.0,122.0,52105.0,0.0,0.41713,5e-05,0.6846499175810571,0.0,0.5
YPL119C,1,0.0,0.21513551270256337,2.0002743031757507e-05,0.0,0.0,0.0,0.0,0,0.08914,-0.56062,35.22951,8.95819,69.0,76.0,53330.0,0.0,0.78523,0.00013,0.0,0.0,0.0
YPL213W,3,3.641978830842003e-05,0.23493719849040792,6.112130639296958e-05,0.3333333333333333,1.8766700924974307,1.0,0.0,1,0.03782,-0.42983,43.9479,7.06805,32.0,32.0,6210.0,0.0,0.22837,0.00026,0.3153500824189429,0.23974612282610783,0.5638754045755211
YPL249CA,86,0.0026686826975699327,0.26673887542511937,0.11058749259561473,0.8651162790697674,0.0,0.0,19.066666666666663,0,0.0,0.0,0.0,0.0,0.0,0.0,0.0,0.0,0.0,0.0,0.0,0.0,0.0
YPR032W,5,0.0004999406498634108,0.2516628599723409,4.991449876998423e-05,0.0,4.0156903765690375,0.0,0.0,0,0.08809,-0.22633,35.92479,8.56598,104.0,111.0,106090.0,0.0,0.92646,7e-05,0.0,0.0,0.5
YPR184W,6,0.00025218217432072316,0.2355145939667427,2.4591274798385523e-05,0.06666666666666667,3.44093567251462,0.0,0.0,0,0.11393,-0.40488,40.59306,5.48199,204.0,161.0,267220.0,0.0,1.52724,3e-05,0.0,0.0,0.5
YBL027W,81,0.00011888388366262412,0.2539389743231479,0.1104752595384005,0.9753086419753086,18.28343949044586,0.0,19.066666666666663,0,0.03704,-0.95079,41.63757,11.35272,19.0,51.0,16960.0,0.0,0.78143,0.00052,0.0,0.0,0.5
YBL087C,82,0.000750675692562835,0.26454579939239775,0.11053721414974811,0.952122854561879,0.0,0.0,19.066666666666663,0,0.0,0.0,0.0,0.0,0.0,0.0,0.0,0.0,0.0,0.0,0.0,0.0,0.0
YBL092W,82,0.0003246797861698739,0.25514421805148596,0.11049432280309388,0.9515206263173743,20.003184713375795,0.0,291.9999999999999,1,0.06154,-0.67846,43.48154,11.16583,7.0,30.0,9970.0,0.0,0.67497,0.00076,0.3153500824189429,0.0,0.5
YBR031W,80,0.0,0.25389509591495935,0.11045821751400384,1.0,0.0,0.0,19.066666666666663,0,0.0,0.0,0.0,0.0,0.0,0.0,0.0,0.0,0.0,0.0,0.0,0.0,0.0
YBR084CA,80,0.0,0.25389509591495935,0.11045821751400384,1.0,0.0,0.0,19.066666666666663,0,0.0,0.0,0.0,0.0,0.0,0.0,0.0,0.0,0.0,0.0,0.0,0.0,0.0
YBR191W,80,0.0,0.25389509591495935,0.11045821751400384,1.0,0.0,0.0,19.066666666666663,0,0.0,0.0,0.0,0.0,0.0,0.0,0.0,0.0,0.0,0.0,0.0,0.0,0.0
YDL075W,82,0.0018207939187385948,0.27490655785940277,0.11057984102864603,0.9527250828063836,19.17462039045553,0.0,19.066666666666663,0,0.06195,-0.51593,43.24779,9.98859,15.0,24.0,9970.0,0.0,0.76971,0.00077,0.0,0.0,0.5
YDL081C,87,0.006953194217580495,0.28428522218983127,0.11061989410363589,0.8452285485164395,36.88787878787879,0.0,181.7666666666665,0,0.0566,-0.02453,56.12642,3.82294,23.0,5.0,6990.0,0.0,0.64083,0.00035,0.0,0.0,0.5
YDL082W,80,0.0,0.25389509591495935,0.11045821751400384,1.0,18.35326688815061,0.0,19.066666666666663,0,0.0603,-0.73417,38.67085,11.18073,20.0,46.0,9970.0,0.0,0.44206,0.0005,0.0,0.0,0.5
YDL130W,92,0.0026483701265293596,0.2626386234077409,0.11066937896168808,0.754897276636407,40.295959595959594,0.0,19.066666666666663,0,0.06604,0.04906,38.98868,3.88422,22.0,5.0,6990.0,0.0,0.65526,0.00036,0.0,0.0,0.5
YDL133CA,80,0.0,0.25389509591495935,0.11045821751400384,1.0,0.0,0.0,19.066666666666663,0,0.0,0.0,0.0,0.0,0.0,0.0,0.0,0.0,0.0,0.0,0.0,0.0,0.0
YDL136W,80,0.0,0.25389509591495935,0.11045821751400384,1.0,0.0,0.0,19.066666666666663,0,0.0,0.0,0.0,0.0,0.0,0.0,0.0,0.0,0.0,0.0,0.0,0.0,0.0
YDL184C,80,0.0,0.25389509591495935,0.11045821751400384,1.0,0.0,0.0,19.066666666666663,0,0.0,0.0,0.0,0.0,0.0,0.0,0.0,0.0,0.0,0.0,0.0,0.0,0.0
YDL191W,80,0.0,0.25389509591495935,0.11045821751400384,1.0,31.959636730575177,0.0,19.066666666666663,0,0.05,-0.79,42.12583,10.58344,10.0,33.0,6085.0,0.0,0.43747,0.00076,0.0,0.0,0.5
YDR012W,81,0.0007806894656492875,0.26195190487731895,0.11049838995489776,0.9756172839506173,16.969565217391306,0.5,19.066666666666663,0,0.05525,-0.2989,32.58066,10.64386,23.0,57.0,42065.0,0.0,1.07689,0.00027,0.0,0.0,0.5
YDR382W,93,0.004916578491847644,0.27118589081977995,0.11199696033673381,0.7447405329593267,43.17272727272727,0.0,209.7666666666664,0,0.04545,-0.13182,36.32909,4.10773,23.0,8.0,2980.0,0.0,0.26968,0.00037,0.0,0.0,0.5
YDR418W,81,0.0005876676038369962,0.26273254590985357,0.11050199827280899,0.9756172839506173,0.0,0.0,19.066666666666663,0,0.0,0.0,0.0,0.0,0.0,0.0,0.0,0.0,0.0,0.0,0.0,0.0,0.0
YDR471W,80,0.0,0.25389509591495935,0.11045821751400386,1.0,0.0,0.0,19.066666666666663,0,0.0,0.0,0.0,0.0,0.0,0.0,0.0,0.0,0.0,0.0,0.0,0.0,0.0
YDR500C,81,0.0016323941019233442,0.27483799833378164,0.11054575411507572,0.9762345679012345,13.548245614035087,0.0,19.066666666666663,0,0.07955,-1.17727,53.74318,11.79279,0.0,22.0,8980.0,0.0,0.90999,0.0012,0.0,0.0,0.5
YEL054C,82,0.0008386073010335804,0.26451405072160356,0.11051917285091951,0.9518217404396266,31.14242424242424,0.0,19.066666666666663,0,0.03636,-0.33636,33.53818,9.43158,20.0,26.0,3105.0,0.0,0.17422,0.00053,0.0,0.0,0.5
YER056CA,80,0.0,0.25389509591495935,0.11045821751400386,1.0,0.0,0.0,19.066666666666663,0,0.0,0.0,0.0,0.0,0.0,0.0,0.0,0.0,0.0,0.0,0.0,0.0,0.0
YER117W,81,0.0007285819808418241,0.26448230967033803,0.11051493605013256,0.975925925925926,32.458207452165155,0.0,19.066666666666663,0,0.05109,-0.07737,32.02409,10.33331,9.0,21.0,14230.0,0.0,0.98323,0.00071,0.0,0.0,0.5
YFL034CA,80,0.0,0.25389509591495935,0.11045821751400386,1.0,0.0,0.0,19.066666666666663,0,0.0,0.0,0.0,0.0,0.0,0.0,0.0,0.0,0.0,0.0,0.0,0.0,0.0
YFR031CA,81,0.00037399784709930454,0.25834417483886324,0.11064353586157491,0.9756172839506173,0.0,0.0,19.066666666666663,0,0.0,0.0,0.0,0.0,0.0,0.0,0.0,0.0,0.0,0.0,0.0,0.0,0.0
YFR032CA,80,0.0,0.25389509591495935,0.11045821751400386,1.0,0.0,0.0,19.066666666666663,0,0.0,0.0,0.0,0.0,0.0,0.0,0.0,0.0,0.0,0.0,0.0,0.0,0.0
YGL030W,82,0.0009601194486009802,0.2649910823730402,0.11053436308054194,0.952122854561879,18.788912579957355,0.0,19.066666666666663,1,0.07619,0.02095,26.59333,9.80194,7.0,15.0,8940.0,0.0,0.78316,0.00086,0.3153500824189429,0.0,0.5
YGL031C,80,0.0,0.25389509591495935,0.11045821751400386,1.0,0.0,0.0,19.066666666666663,0,0.0,0.0,0.0,0.0,0.0,0.0,0.0,0.0,0.0,0.0,0.0,0.0,0.0
YGL076C,80,0.0,0.25389509591495935,0.11045821751400386,1.0,0.0,0.0,19.066666666666663,0,0.0,0.0,0.0,0.0,0.0,0.0,0.0,0.0,0.0,0.0,0.0,0.0,0.0
YGL103W,80,0.0,0.25389509591495935,0.11045821751400386,1.0,0.0,0.0,19.066666666666663,1,0.0,0.0,0.0,0.0,0.0,0.0,0.0,0.0,0.0,0.0,0.0,0.0,0.0
YGL135W,83,0.004890417169054405,0.2797212167825067,0.11060322456426627,0.9297678518953865,0.0,0.0,19.066666666666663,0,0.0,0.0,0.0,0.0,0.0,0.0,0.0,0.0,0.0,0.0,0.0,0.0,0.0
YGL147C,81,0.0004993256789283843,0.25616728587142745,0.11047660537606671,0.9753086419753086,30.58627648839556,0.0,19.066666666666663,0,0.06806,-0.25864,30.97068,9.73114,20.0,31.0,9065.0,0.0,0.42028,0.00045,0.0,0.0,0.5
YGR034W,81,0.0006300343930176356,0.2599437820070482,0.11047760613837926,0.9753086419753086,31.496475327291037,0.0,19.066666666666663,0,0.03937,-0.55827,29.31969,10.4671,13.0,30.0,4470.0,0.0,0.31403,0.00074,0.0,0.0,0.5
YGR085C,82,0.0014305689252081825,0.26644866146491314,0.11055486293812324,0.9524239686841313,32.38066465256797,0.5,225.41666666666663,0,0.07471,-0.63678,31.87764,9.91901,21.0,33.0,13075.0,0.0,0.66205,0.0005,0.0,0.0,0.5
YGR148C,81,0.0015070314657548687,0.26470465713538244,0.11050090606391584,0.9756172839506173,0.0,0.0,21.1,0,0.05806,-1.01484,33.46968,11.36993,13.0,46.0,6990.0,0.0,0.39835,0.00065,0.0,0.0,0.0
YHL001W,81,0.0002853950165072086,0.2569287553345878,0.1104778200649757,0.9753086419753086,20.44633368756642,0.0,19.066666666666663,0,0.05797,-0.07609,20.08841,10.93719,9.0,28.0,23615.0,0.0,1.55846,0.00072,0.0,0.0,0.5
YHL033C,81,0.0016323941019233442,0.27483799833378164,0.11054575411507572,0.9762345679012345,19.93312101910828,0.0,19.066666666666663,0,0.06641,-0.47461,33.89727,10.03778,23.0,48.0,23045.0,0.0,0.8194,0.00036,0.0,0.0,0.5
YHR010W,80,0.0,0.25389509591495935,0.11045821751400386,1.0,0.0,0.0,19.066666666666663,0,0.0,0.0,0.0,0.0,0.0,0.0,0.0,0.0,0.0,0.0,0.0,0.0,0.0
YHR141C,80,0.0,0.25389509591495935,0.11045821751400386,1.0,0.0,0.0,19.066666666666663,0,0.0,0.0,0.0,0.0,0.0,0.0,0.0,0.0,0.0,0.0,0.0,0.0,0.0
YIL018W,80,0.0,0.25389509591495935,0.11045821751400386,1.0,32.27547931382442,0.0,19.066666666666663,0,0.05118,-0.49094,22.81496,11.10065,17.0,45.0,15930.0,0.0,0.58122,0.00041,0.0,0.0,0.5
YIL052C,81,0.0007397883998079547,0.2588143879330392,0.11047700152144463,0.9753086419753086,19.652747252747254,0.0,19.066666666666663,0,0.04132,-0.79835,49.45041,10.83929,7.0,32.0,4970.0,0.0,0.36435,0.00079,0.0,0.0,0.5
YIL133C,80,0.0,0.25389509591495935,0.11045821751400386,1.0,0.0,0.0,19.066666666666663,0,0.0,0.0,0.0,0.0,0.0,0.0,0.0,0.0,0.0,0.0,0.0,0.0,0.0
YIL148W,80,0.0,0.25389509591495935,0.11045821751400386,1.0,27.906928645294727,0.5,19.066666666666663,0,0.03906,-0.70703,32.51797,9.87067,13.0,27.0,5095.0,0.0,0.35008,0.00068,0.0,0.0,0.5
YJL177W,80,0.0,0.25389509591495935,0.11045821751400386,1.0,0.0,0.0,19.066666666666663,0,0.0,0.0,0.0,0.0,0.0,0.0,0.0,0.0,0.0,0.0,0.0,0.0,0.0
YJL189W,81,0.0008355313732236983,0.2582987610029019,0.11047581513963145,0.9753086419753086,32.92357373519914,0.0,19.066666666666663,0,0.07843,-1.42745,81.90588,12.55109,0.0,17.0,12490.0,0.0,1.96956,0.00198,0.0,0.0,0.5
YJR094WA,80,0.0,0.25389509591495935,0.11045821751400386,1.0,0.0,0.0,19.066666666666663,0,0.0,0.0,0.0,0.0,0.0,0.0,0.0,0.0,0.0,0.0,0.0,0.0,0.0
YKL006W,80,0.0,0.25389509591495935,0.11045821751400386,1.0,0.0,0.0,19.066666666666663,0,0.0,0.0,0.0,0.0,0.0,0.0,0.0,0.0,0.0,0.0,0.0,0.0,0.0
YKL180W,81,0.000732868698822658,0.2570186377048291,0.11051967936711729,0.9753086419753086,30.647959183673468,0.0,19.066666666666663,1,0.07065,-0.70163,42.79728,10.9212,13.0,36.0,19940.0,0.0,0.97035,0.00053,0.3153500824189429,0.0,0.5
YKR094C,80,0.0,0.25389509591495935,0.11045821751400386,1.0,0.0,0.0,19.066666666666663,0,0.0,0.0,0.0,0.0,0.0,0.0,0.0,0.0,0.0,0.0,0.0,0.0,0.0
YLL045C,80,0.0,0.25389509591495935,0.11045821751400386,1.0,0.0,0.0,19.066666666666663,0,0.0,0.0,0.0,0.0,0.0,0.0,0.0,0.0,0.0,0.0,0.0,0.0,0.0
YLR029C,80,0.0,0.25389509591495935,0.11045821751400386,1.0,0.0,0.0,19.066666666666663,1,0.0,0.0,0.0,0.0,0.0,0.0,0.0,0.0,0.0,0.0,0.0,0.0,0.0
YLR061W,80,0.0,0.25389509591495935,0.11045821751400386,1.0,0.0,0.0,19.066666666666663,0,0.0,0.0,0.0,0.0,0.0,0.0,0.0,0.0,0.0,0.0,0.0,0.0,0.0
YLR075W,81,0.00020543276463539444,0.254085345280738,0.11047526881867162,0.9753086419753086,30.426988922457202,0.0,19.066666666666663,1,0.09502,-0.60995,37.77919,10.03387,23.0,44.0,24910.0,0.0,0.98222,0.0004,0.3153500824189429,0.0,0.5
YLR185W,81,0.00012819979720359327,0.25530676794136015,0.11047529012425654,0.9753086419753086,0.0,0.0,19.066666666666663,0,0.09091,-1.15227,50.61705,11.63678,0.0,22.0,10470.0,0.0,1.06293,0.00118,0.0,0.0,0.0
YLR325C,83,0.0007170997596474681,0.25514421805148596,0.11051053543203446,0.9285924184543051,9.044943820224718,0.0,19.066666666666663,0,0.05128,-0.46538,33.15769,10.93036,5.0,19.0,1490.0,0.0,0.16881,0.00124,0.0,0.0,0.5
YLR340W,80,0.0,0.25389509591495935,0.11045821751400386,1.0,29.001010101010102,0.0,165.73333333333335,1,0.08013,0.01987,45.17564,4.75006,44.0,28.0,18910.0,0.0,0.56085,0.00014,0.3153500824189429,0.0,0.5
YLR344W,81,0.0008863457454018989,0.25698866992803143,0.11047613761147669,0.9753086419753086,5.543103448275862,0.0,19.066666666666663,0,0.03937,-0.55827,29.31969,10.57269,12.0,30.0,4470.0,0.0,0.31405,0.00074,0.0,0.0,0.5
YLR406C,81,7.480532738723496e-05,0.2539536038296764,0.11049230442757414,0.9756172839506173,18.07700650759219,0.0,19.066666666666663,0,0.06195,-0.51593,46.65664,9.98859,15.0,24.0,9970.0,0.0,0.76888,0.00077,0.0,0.0,0.5
YLR448W,81,9.929193896598386e-05,0.2539243465020463,0.11047547493334711,0.9753086419753086,18.79596174282678,0.0,19.066666666666663,0,0.07386,-0.47614,27.6983,10.0777,18.0,36.0,12950.0,0.0,0.64795,0.0005,0.0,0.0,0.5
YML073C,80,0.0,0.25389509591495935,0.11045821751400386,1.0,0.0,0.0,19.066666666666663,0,0.0,0.0,0.0,0.0,0.0,0.0,0.0,0.0,0.0,0.0,0.0,0.0,0.0
YMR121C,80,0.0,0.25389509591495935,0.11045821751400386,1.0,0.0,0.0,19.066666666666663,0,0.0,0.0,0.0,0.0,0.0,0.0,0.0,0.0,0.0,0.0,0.0,0.0,0.0
YMR142C,81,0.0007608873868612845,0.2585866519197233,0.11048037651061322,0.9753086419753086,4.902298850574713,0.0,19.066666666666663,0,0.0603,-0.72161,38.80603,11.07745,21.0,46.0,9970.0,0.0,0.44263,0.00049,0.0,0.0,0.5
YMR194W,80,0.0,0.25389509591495935,0.11045821751400386,1.0,0.0,0.0,19.066666666666663,0,0.0,0.0,0.0,0.0,0.0,0.0,0.0,0.0,0.0,0.0,0.0,0.0,0.0
YMR242C,81,0.00021149327066866054,0.2539097203660805,0.1104752480584658,0.9753086419753086,0.0,0.0,19.066666666666663,0,0.0,0.0,0.0,0.0,0.0,0.0,0.0,0.0,0.0,0.0,0.0,0.0,0.0
YNL067W,80,0.0,0.25389509591495935,0.11045821751400386,1.0,0.0,0.0,19.066666666666663,0,0.0,0.0,0.0,0.0,0.0,0.0,0.0,0.0,0.0,0.0,0.0,0.0,0.0
YNL069C,80,0.0,0.25389509591495935,0.11045821751400386,1.0,0.0,0.0,19.066666666666663,0,0.0,0.0,0.0,0.0,0.0,0.0,0.0,0.0,0.0,0.0,0.0,0.0,0.0
YNL162W,80,0.0,0.25389509591495935,0.11045821751400386,1.0,0.0,0.0,19.066666666666663,1,0.0,0.0,0.0,0.0,0.0,0.0,0.0,0.0,0.0,0.0,0.0,0.0,0.0
YNL301C,83,0.003446774622814829,0.27254399995520734,0.11056404665122486,0.9294739935351161,21.149286498353458,0.0,21.23333333333333,0,0.05914,-0.39892,40.13925,11.70551,11.0,41.0,3105.0,0.0,0.151,0.00057,0.0,0.0,0.5
YOL039W,81,0.00010529384969560707,0.2545548683533824,0.11047527893156261,0.9753086419753086,30.227272727272727,0.0,219.91666666666663,0,0.03774,-0.10566,43.13208,3.98492,24.0,7.0,2980.0,0.0,0.27732,0.00037,0.0,0.0,0.5
YOL120C,80,0.0,0.25389509591495935,0.11045821751400386,1.0,0.0,0.0,19.066666666666663,1,0.0,0.0,0.0,0.0,0.0,0.0,0.0,0.0,0.0,0.0,0.0,0.0,0.0
YOL127W,82,0.000988120651689981,0.26354936358217884,0.11052950768702283,0.9518217404396266,31.525354969574035,0.0,123.79999999999998,1,0.07042,-0.35352,26.36408,10.11127,11.0,29.0,11920.0,0.0,0.75647,0.00064,0.3153500824189429,0.0,0.5
YOR063W,82,0.00046169219892671005,0.2572135987440497,0.11051153410749895,0.9518217404396266,32.12815338042381,0.0,19.066666666666663,1,0.08786,-0.55297,21.86592,10.29376,36.0,76.0,56630.0,0.0,1.29419,0.00024,0.3153500824189429,0.0,0.5
YOR234C,80,0.0,0.25389509591495935,0.11045821751400386,1.0,0.0,0.0,19.066666666666663,0,0.0,0.0,0.0,0.0,0.0,0.0,0.0,0.0,0.0,0.0,0.0,0.0,0.0
YOR312C,80,0.0,0.25389509591495935,0.11045821751400386,1.0,18.581178903826267,0.0,19.066666666666663,0,0.12209,-0.61512,51.23203,10.30243,15.0,35.0,24410.0,0.0,1.19443,0.0005,0.0,0.0,0.5
YPL079W,80,0.0,0.25389509591495935,0.11045821751400386,1.0,0.0,0.0,19.066666666666663,0,0.0,0.0,0.0,0.0,0.0,0.0,0.0,0.0,0.0,0.0,0.0,0.0,0.0
YPL131W,82,0.005168840431806078,0.2540560575918116,0.11049235776482055,0.9515206263173743,32.86206896551724,0.5,167.73333333333332,1,0.11111,-0.63401,37.03502,6.3576,46.0,44.0,36455.0,0.0,1.08129,0.00019,0.3153500824189429,0.19338324065864865,0.5029423473132743
YPL143W,80,0.0,0.25389509591495935,0.11045821751400386,1.0,0.0,0.0,19.066666666666663,1,0.0,0.0,0.0,0.0,0.0,0.0,0.0,0.0,0.0,0.0,0.0,0.0,0.0
YPL198W,80,0.0,0.25389509591495935,0.11045821751400386,1.0,0.0,0.0,19.066666666666663,0,0.0,0.0,0.0,0.0,0.0,0.0,0.0,0.0,0.0,0.0,0.0,0.0,0.0
YPL220W,80,0.0,0.25389509591495935,0.11045821751400386,1.0,17.066897347174162,0.0,19.066666666666663,0,0.07373,-0.27005,31.48249,9.73285,21.0,37.0,13450.0,0.0,0.54931,0.0004,0.0,0.0,0.5
YPR043W,80,0.0,0.25389509591495935,0.11045821751400386,1.0,0.0,0.0,19.066666666666663,0,0.0,0.0,0.0,0.0,0.0,0.0,0.0,0.0,0.0,0.0,0.0,0.0,0.0
YPR102C,83,0.001584857171372837,0.2668357539513029,0.11057427249368496,0.9294739935351161,0.0,0.5,24.133333333333333,0,0.07471,-0.62241,31.87764,9.91901,21.0,33.0,13075.0,0.0,0.66305,0.0005,0.0,0.0,0.0
YBL030C,5,0.00016586502723700398,0.22531827107317132,4.42360428406922e-06,0.1,2.6207386363636362,0.0,0.0,1,0.11321,0.08585,26.28145,9.79913,22.0,42.0,36370.0,0.0,1.05648,0.00028,0.3153500824189429,0.0,0.5
YEL020WA,6,5.7111693807022e-05,0.21141080309220292,2.0262368148669413e-06,0.5333333333333333,0.0,0.0,2.0,0,0.0,0.0,0.0,0.0,0.0,0.0,0.0,0.0,0.0,0.0,0.0,0.0,0.0
YER178W,10,0.0009320064516687152,0.2637859287460669,0.00015299873081808864,0.15555555555555556,7.565261044176707,0.0,12.27777777777778,0,0.09524,-0.2969,39.0805,8.2879,48.0,51.0,48665.0,0.0,1.05012,0.00018,0.0,0.0,0.5
YGR082W,12,0.0022496394504834885,0.25742388783435666,9.027162061629545e-05,0.42424242424242425,2.4074914869466517,0.0,19.542857142857144,1,0.0765,-0.33115,47.84377,5.60736,24.0,22.0,11920.0,0.0,0.5867,0.00028,0.3153500824189429,0.0,0.5
YHR005CA,20,0.0005923090745927765,0.2369451007995874,8.25493210597029e-06,0.45263157894736844,0.0,0.0,37.898809523809526,0,0.0,0.0,0.0,0.0,0.0,0.0,0.0,0.0,0.0,0.0,0.0,0.0,0.0
YBL031W,1,0.0,0.2273753884188128,3.4787416377361068e-06,0.0,1.0,0.0,0.0,0,0.0503,-0.99793,52.37692,10.40546,27.0,53.0,12950.0,0.0,0.34066,0.00027,0.0,0.0,0.5
YBL032W,9,0.00033535812859486545,0.234662052450121,0.00016591891725507,0.1111111111111111,5.267336683417086,0.3333333333333333,7.0,0,0.04987,-0.39738,45.71995,5.75519,55.0,48.0,9190.0,0.0,0.22048,0.00014,0.0,0.0,0.5
YFR012W,1,0.0,0.1889710059277028,2.6236626855577966e-06,0.0,0.0,0.0,0.0,0,0.11881,0.78663,48.75297,9.16107,6.0,13.0,30450.0,0.0,1.35729,0.00041,0.0,0.0,0.0
YML105C,7,0.0007188356639665454,0.23530087836423205,2.5668578968037967e-05,0.38095238095238093,1.4466824644549763,0.0,11.333333333333334,1,0.07326,-0.74029,43.74139,9.14032,39.0,46.0,9315.0,0.0,0.29885,0.00029,0.3153500824189429,0.0,0.5
YBL033C,2,2.9094760338858063e-06,0.21142094269906586,1.6117431509365427e-06,0.0,0.0,0.0,0.0,0,0.05507,-0.59971,31.39652,5.90497,48.0,41.0,32275.0,0.0,0.842,0.00015,0.0,0.0,0.0
YNL105W,2,0.00011872502598982844,0.2518066180324188,8.870891512174782e-05,0.0,1.0,0.0,0.0,0,0.11972,0.56549,38.44014,8.30682,10.0,12.0,17585.0,0.0,1.08763,0.00051,0.0,0.0,0.5
YPR172W,5,0.0002318638658449761,0.2482472633482865,3.215224533376037e-05,0.0,1.9702823179791977,0.5,0.0,0,0.08,-0.406,34.96105,6.10297,23.0,21.0,21680.0,0.0,0.96324,0.00027,0.0,0.0,0.5
YBL034C,3,0.0002471979155429221,0.21748121048278274,1.7536057393991567e-05,0.0,1.8958810068649885,0.25,0.0,1,0.09187,-0.44468,43.9739,5.93622,193.0,175.0,121280.0,0.0,0.69631,3e-05,0.6846499175810571,0.183130042784624,0.5482968187669769
YDR330W,1,0.0,0.1776682380909888,2.770691040259833e-07,0.0,0.0,0.5,0.0,0,0.072,-0.7212,46.98282,4.56085,89.0,52.0,34505.0,0.0,0.60816,8e-05,0.0,0.0,0.0
YFL037W,6,0.00032350046854020246,0.23364216119550132,4.315907906163704e-05,0.06666666666666667,3.8292682926829267,0.0,0.3571428571428571,1,0.09628,-0.3733,33.62451,4.6441,65.0,34.0,49110.0,0.0,0.96441,9e-05,0.3153500824189429,0.0,0.5
YBL035C,8,0.00023268768045049104,0.2315800711991344,2.949557128869329e-05,0.8571428571428571,7.524109014675052,1.0,19.67142857142857,1,0.08227,-0.43787,43.74597,6.56915,81.0,78.0,41300.0,0.0,0.52429,8e-05,0.3153500824189429,0.23974612282610783,0.5159318613246104
YBR087W,17,0.00034176372053320106,0.220660091869426,2.7354581914545842e-05,0.39705882352941174,15.294314381270903,1.0,68.95238095238096,1,0.05085,-0.05706,39.85819,8.47931,41.0,45.0,24045.0,0.0,0.60201,0.00021,0.3153500824189429,0.23974612282610783,0.5078377531953867
YIR008C,10,0.001119753375786265,0.2435967426655351,5.6236437629937776e-05,0.6666666666666666,9.50524109014675,0.0,59.0,1,0.10513,-0.60489,43.27873,7.98431,59.0,61.0,61850.0,0.0,1.29692,0.00017,0.3153500824189429,0.0,0.5
YKL045W,10,0.0013349744271295336,0.24667748490629676,5.219192521718975e-05,0.6666666666666666,9.267295597484276,0.0,24.904761904761905,1,0.11364,-0.65473,45.1468,8.38373,68.0,72.0,62770.0,0.0,1.00816,0.00013,0.3153500824189429,0.0,0.5
YNL102W,14,0.0026762574112735894,0.23579174406394884,5.434880113351102e-05,0.3516483516483517,13.50524109014675,1.0,19.67142857142857,1,0.06948,-0.55668,45.49054,5.8924,214.0,197.0,115135.0,0.0,0.69023,4e-05,0.6846499175810571,0.40640486218295563,0.5150461905666928
YNL290W,12,0.00011145962943246836,0.21811611357127775,2.5577821824645197e-05,0.696969696969697,11.121052631578948,1.0,56.45,1,0.06471,-0.35676,38.49503,6.06683,49.0,46.0,28015.0,0.0,0.73332,0.00016,0.3153500824189429,0.23974612282610783,0.5107789312202936
YOL094C,14,0.00019244644150413713,0.2202521562543981,2.7005421486151238e-05,0.5604395604395604,12.494483450351053,1.0,67.30119047619048,1,0.04644,-0.18266,40.23034,9.16498,35.0,42.0,21805.0,0.0,0.6032,0.00025,0.3153500824189429,0.23974612282610783,0.5095940790101
YOR217W,14,0.00013373318967719878,0.2181377006767381,2.594077700443058e-05,0.5824175824175825,13.403567447045708,1.0,52.98571428571428,1,0.05923,-0.52416,38.17851,9.24847,109.0,130.0,64580.0,0.0,0.68049,0.0001,0.6846499175810571,0.40640486218295563,0.5151603244355865
YBL037W,4,0.00012830282861140603,0.2174168510616781,1.7068306943177187e-05,0.3333333333333333,1.8352402745995424,0.0,0.8,0,0.07707,-0.08859,39.85718,8.8067,101.0,113.0,89170.0,0.0,0.77532,8e-05,0.0,0.0,0.5
YBR288C,4,3.411217819484361e-05,0.2122454935372682,1.82241675393107e-06,0.3333333333333333,2.666284403669725,0.0,1.25,0,0.09524,-0.32174,30.68946,6.10577,57.0,52.0,52675.0,0.0,0.96058,0.00011,0.0,0.0,0.5
YGR261C,7,0.00010948489735669127,0.21699944153172804,2.0764951510576324e-06,0.2857142857142857,1.0,0.0,2.05,0,0.08529,-0.27763,40.49717,5.57074,106.0,90.0,85160.0,0.0,0.92963,6e-05,0.0,0.0,0.5
YJR005W,8,0.00025839091664954744,0.23107022358208962,3.3059453738681983e-06,0.10714285714285714,1.308166409861325,0.0,0.0,0,0.07571,-0.12671,47.13914,6.01361,93.0,85.0,55530.0,0.0,0.69022,7e-05,0.0,0.0,0.5
YBL038W,38,0.00022932129067766124,0.2323490752306306,1.951083256625577e-05,0.8307254623044097,32.13595166163142,0.0,165.41666666666663,0,0.09483,-0.6194,30.57892,10.32172,19.0,46.0,23170.0,0.0,0.87376,0.00039,0.0,0.0,0.5
YBR122C,38,0.005311783536410461,0.26761332292833434,0.00011250205648052746,0.7994310099573257,31.623991935483872,0.0,178.99999999999997,0,0.0678,-0.93164,53.20791,9.71893,24.0,34.0,12950.0,0.0,0.64458,0.00048,0.0,0.0,0.5
YBR268W,31,1.873089964889645e-06,0.2274809916026176,1.7166677530392072e-05,0.9354838709677419,0.0,0.0,50.16666666666667,0,0.0,0.0,0.0,0.0,0.0,0.0,0.0,0.0,0.0,0.0,0.0,0.0,0.0
YBR282W,38,0.00041711274672733977,0.23412612360715548,2.119306106117361e-05,0.8307254623044097,30.493951612903224,0.0,249.0,0,0.10959,-0.70411,20.79801,10.13129,10.0,27.0,23045.0,0.0,1.39736,0.00061,0.0,0.0,0.5
YCR003W,32,4.314491528006921e-05,0.22875592398938888,1.7221596218960094e-05,0.8770161290322581,25.55,0.0,59.083333333333336,0,0.07104,-0.92022,59.28743,9.85822,19.0,37.0,25940.0,0.0,1.21008,0.00046,0.0,0.0,0.5
YCR046C,29,0.0012201693174307404,0.22534130739574296,1.2378698139652492e-05,0.729064039408867,27.774193548387096,0.0,134.0,0,0.06509,-0.36213,61.32604,10.388,15.0,33.0,21555.0,0.0,1.11146,0.00054,0.0,0.0,0.5
YDL202W,33,0.0036301297921644566,0.25575114036177327,4.54374210933862e-05,0.8238636363636364,26.95329949238579,0.0,50.16666666666667,0,0.08032,-0.54418,37.20486,9.70587,24.0,37.0,20065.0,0.0,0.70367,0.00034,0.0,0.0,0.5
YDR115W,33,0.0015535679248142207,0.24612655808350214,1.9580634688997795e-05,0.7102272727272727,28.440968718466195,0.0,153.99999999999997,0,0.10476,-0.51143,78.54381,12.52911,0.0,23.0,12615.0,0.0,1.04862,0.00104,0.0,0.0,0.5
YDR116C,33,0.0005225465216409207,0.23556493642256845,1.7425149583350264e-05,0.7821969696969697,30.879032258064516,0.0,146.83333333333331,0,0.05965,-0.23088,44.22772,9.9798,24.0,44.0,10805.0,0.0,0.3486,0.00032,0.0,0.0,0.5
YDR237W,36,3.560575600154952e-05,0.23120353798780677,1.911306237719984e-05,0.8873015873015873,29.991943605236656,0.0,179.33333333333331,0,0.08904,-0.51815,41.5637,9.69501,26.0,41.0,31440.0,0.0,0.94989,0.00029,0.0,0.0,0.5
YDR296W,26,0.00029804543202651903,0.2340391109782598,1.4461369151543664e-05,0.9046153846153846,25.610887096774192,0.25,77.21111111111111,0,0.11504,-0.79513,39.2146,9.53082,25.0,37.0,55390.0,0.0,2.05954,0.00035,0.0,0.0,0.5
YDR322W,37,0.0001043978866036056,0.23393974713556884,1.9321620693823392e-05,0.8483483483483484,30.8147029204431,0.0,134.61111111111111,0,0.10627,-0.54578,52.15997,9.51813,41.0,54.0,55475.0,0.0,1.2954,0.00022,0.0,0.0,0.5
YDR462W,39,0.00010706095254614672,0.2339645801855275,1.9878990207087948e-05,0.8218623481781376,32.77844914400806,0.0,138.52777777777777,0,0.07483,-0.75306,63.34286,10.49493,12.0,28.0,15595.0,0.0,0.89926,0.00061,0.0,0.0,0.5
YGR033C,3,0.000427097259553935,0.22590717241200858,3.599116494792996e-06,0.0,2.8578680203045685,0.0,0.0,0,0.08787,-0.52594,31.09665,10.14618,20.0,42.0,30035.0,0.0,1.10402,0.00037,0.0,0.0,0.5
YGR076C,37,3.647867336599904e-05,0.23121566510755434,1.9449673348151298e-05,0.8768768768768769,28.927346115035316,0.0,249.0,0,0.12102,-0.85096,51.94204,10.0423,15.0,36.0,18910.0,0.0,1.0174,0.00054,0.0,0.0,0.5
YGR220C,37,8.118296071159502e-05,0.23420075737304874,2.0891850416024432e-05,0.8483483483483484,31.213709677419356,0.0,189.3333333333333,0,0.07807,-0.42379,31.30632,10.18085,19.0,42.0,21680.0,0.0,0.72776,0.00034,0.0,0.0,0.5
YHR147C,38,0.00026678489049910897,0.23207995447380875,1.969335189415229e-05,0.8307254623044097,31.831653225806452,0.0,165.41666666666663,0,0.05607,-0.28178,36.35888,9.89728,19.0,32.0,11585.0,0.0,0.48496,0.00041,0.0,0.0,0.5
YJL063C,41,0.0006832808170707837,0.2384188790781288,2.007636912926646e-05,0.7426829268292683,34.86908358509567,0.0,182.0,0,0.04622,-0.41891,40.64076,9.8078,24.0,37.0,18700.0,0.0,0.69401,0.00036,0.0,0.0,0.5
YJL096W,34,0.0005525529509676925,0.22810487220054457,1.723073545287541e-05,0.7754010695187166,21.282387190684133,0.0,50.16666666666667,0,0.07453,-0.37888,37.78882,10.78705,10.0,29.0,12950.0,0.0,0.70429,0.00059,0.0,0.0,0.5
YKL138C,32,0.0025400396318182657,0.2604813954544421,0.00010470327860226056,0.8790322580645161,21.747286821705426,0.0,78.33333333333333,0,0.10687,-0.88244,35.40076,10.68597,8.0,32.0,28085.0,0.0,1.80958,0.00069,0.0,0.0,0.5
YKL167C,38,3.7364058337338985e-05,0.23123992316401007,1.9702687665728314e-05,0.8591749644381224,30.37941473259334,0.0,185.3333333333333,0,0.06569,-0.50146,54.54606,9.37921,16.0,21.0,10095.0,0.0,0.63013,0.00059,0.0,0.0,0.5
YKL170W,33,5.638845752803193e-05,0.23064706233128524,1.779013946633361e-05,0.8863636363636364,28.123867069486405,0.0,94.0,0,0.02174,-0.1058,21.13261,9.86591,10.0,24.0,2365.0,0.0,0.15868,0.00066,0.0,0.0,0.5
YKR006C,41,0.00013569432471337235,0.23451224425576014,2.2354262454517236e-05,0.7634146341463415,33.31886982845611,0.0,270.0,0,0.07955,-0.79697,53.1822,9.00531,36.0,42.0,28795.0,0.0,0.95124,0.0003,0.0,0.0,0.5
YKR085C,37,3.647867336599904e-05,0.23121566510755434,1.9449673348151298e-05,0.8768768768768769,30.778449144008057,0.0,249.0,0,0.09231,-0.77795,60.82769,10.18439,15.0,36.0,30285.0,0.0,1.35252,0.00045,0.0,0.0,0.5
YLR312WA,33,1.5212911050473248e-05,0.228577996125254,1.789705366340676e-05,0.9109848484848485,0.0,0.0,67.08333333333334,0,0.0,0.0,0.0,0.0,0.0,0.0,0.0,0.0,0.0,0.0,0.0,0.0,0.0
YML009C,28,3.9715584680666275e-06,0.22588402025495893,1.4393680735997596e-05,0.9629629629629629,26.848790322580644,0.0,153.66666666666666,0,0.07143,-0.37,15.55143,10.76801,4.0,19.0,4470.0,0.0,0.56068,0.00135,0.0,0.0,0.5
YML025C,29,6.865825273812628e-05,0.22796331671280567,1.4376358419165283e-05,0.8472906403940886,26.921450151057403,0.0,82.66666666666667,1,0.06993,-0.38287,44.17273,9.61786,31.0,40.0,17420.0,0.0,0.5449,0.0003,0.3153500824189429,0.0,0.5
YMR024W,41,0.00031628030578869005,0.2340391109782598,2.0144241246643914e-05,0.7682926829268293,34.367573011077546,0.0,140.8611111111111,0,0.09231,-0.25513,47.5341,9.46796,35.0,50.0,50475.0,0.0,1.14718,0.00022,0.0,0.0,0.5
YMR193W,40,0.002216972937951822,0.25030530096391596,4.388486048271636e-05,0.7794871794871795,33.840725806451616,0.0,266.5,0,0.10465,-0.73256,44.77674,10.13165,27.0,57.0,38390.0,0.0,1.27759,0.00034,0.0,0.0,0.5
YMR225C,37,3.3760153474387586e-05,0.2305505572842847,1.9291985799633736e-05,0.8663663663663663,30.775201612903224,0.0,75.75,0,0.08163,-0.53571,24.28878,9.55914,11.0,16.0,4470.0,0.0,0.3895,0.00083,0.0,0.0,0.5
YMR286W,31,1.873089964889645e-06,0.2274809916026176,1.7166677530392072e-05,0.9354838709677419,0.0,0.0,50.16666666666667,0,0.0,0.0,0.0,0.0,0.0,0.0,0.0,0.0,0.0,0.0,0.0,0.0,0.0
YNL005C,38,0.00019810455264156134,0.23528831893651045,2.058510603091919e-05,0.8065433854907539,31.754279959718026,0.0,181.66666666666663,0,0.08895,-0.78841,50.47011,9.81927,51.0,77.0,32110.0,0.0,0.74284,0.00023,0.0,0.0,0.5
YNL185C,40,9.880292675254703e-05,0.23430034311021172,2.1664674466594165e-05,0.8025641025641026,34.10282258064516,0.0,148.02777777777777,0,0.0443,-0.00127,26.68354,9.88239,11.0,22.0,4595.0,0.0,0.27565,0.00059,0.0,0.0,0.5
YNL252C,40,0.0014940761528909438,0.24053948790109808,2.0731597875296433e-05,0.7487179487179487,30.86391129032258,0.0,249.0,0,0.09964,-0.5911,31.83384,9.04572,39.0,44.0,40910.0,0.0,1.27001,0.00028,0.0,0.0,0.5
YNL284C,36,2.634829558297568e-05,0.23115504222734784,1.9150622157471674e-05,0.8904761904761904,30.127895266868077,0.0,178.0,0,0.09006,-0.51988,37.91929,10.36383,26.0,61.0,35410.0,0.0,0.97422,0.00029,0.0,0.0,0.5
YOR150W,38,0.0014905357358951053,0.24571497521045282,5.962211424205539e-05,0.8307254623044097,31.78751258811682,0.0,154.08333333333334,0,0.07362,-0.57853,38.47791,10.11505,13.0,29.0,17210.0,0.0,0.93212,0.00055,0.0,0.0,0.5
YPL173W,31,1.873089964889645e-06,0.2274809916026176,1.7166677530392072e-05,0.9354838709677419,0.0,0.0,50.16666666666667,0,0.0,0.0,0.0,0.0,0.0,0.0,0.0,0.0,0.0,0.0,0.0,0.0,0.0
YPL183WA,28,5.253004310367316e-06,0.22511115592255762,1.4235993187480033e-05,0.8994708994708994,0.0,0.0,62.83333333333332,0,0.0,0.0,0.0,0.0,0.0,0.0,0.0,0.0,0.0,0.0,0.0,0.0,0.0
YPR100W,24,0.0003655093377832912,0.22919599933840398,1.351990740633487e-05,0.9166666666666666,24.0,0.0,112.76666666666668,0,0.07857,-0.54286,36.53143,10.46405,13.0,27.0,23865.0,0.0,1.48014,0.00065,0.0,0.0,0.5
YBL039C,6,0.0008092676261452521,0.23762205030863692,3.656609877409561e-05,0.0,5.486800422386484,0.0,0.0,0,0.07427,-0.23938,34.86651,5.66608,83.0,66.0,60820.0,0.0,0.93989,9e-05,0.0,0.0,0.5
YJL074C,18,0.0007213230138965847,0.2426180117384294,1.1755573038776046e-05,0.0915032679738562,5.74051282051282,0.5,13.897222222222222,1,0.05447,-0.67317,38.45789,5.63458,209.0,188.0,47135.0,0.0,0.3335,4e-05,0.6846499175810571,0.2889671908216764,0.5251691094381932
YJR103W,3,2.6720969704691418e-05,0.224629364822438,1.4059375089981944e-05,0.0,1.7883040935672514,0.0,5.6,0,0.0692,-0.25208,36.09983,5.42194,81.0,60.0,64830.0,0.0,1.00496,8e-05,0.0,0.0,0.5
YKL104C,20,0.0014319633554663856,0.26292059258472644,2.573202740286949e-05,0.06842105263157895,18.772391991570075,0.0,40.66666666666666,1,0.07252,-0.1735,38.54156,6.00568,93.0,81.0,55290.0,0.0,0.69073,8e-05,0.3153500824189429,0.0,0.5
YPL070W,31,0.0032040218545995283,0.2762849674256047,3.738471416246545e-05,0.05591397849462366,25.695696721311474,0.0,76.30000000000001,0,0.08497,-0.5902,46.18237,8.60602,71.0,76.0,34435.0,0.0,0.4952,0.00012,0.0,0.0,0.5
YBL041W,40,0.0003502302593525642,0.26888658382795677,0.0001686938803806069,0.8141025641025641,35.628571428571426,0.5,473.0000000000001,1,0.11203,-0.43693,29.28427,5.72406,33.0,28.0,25120.0,0.0,0.93485,0.00021,0.3153500824189429,0.19338324065864865,0.5027138786780484
YBR173C,37,0.0018359703264099838,0.26515047550529464,0.0001277114074377475,0.8888888888888888,21.192350956130483,0.0,366.6666666666667,0,0.0473,-0.69054,42.80405,5.00702,21.0,15.0,14105.0,0.0,0.84161,0.0003,0.0,0.0,0.5
YCR073C,3,4.107815970104144e-05,0.21420509525611173,5.293138670859125e-06,0.3333333333333333,2.707841031149302,0.0,0.0,0,0.09842,-0.30323,37.42376,7.74652,163.0,165.0,180750.0,0.0,1.18357,5e-05,0.0,0.0,0.5
YDL020C,36,0.00010400226077151033,0.2630304108404752,0.00012262763866083528,0.9428571428571428,32.077551020408166,1.0,351.7666666666667,0,0.07721,-0.9113,51.1648,5.19891,79.0,55.0,38570.0,0.0,0.64121,9e-05,0.0,0.0,0.5
YDL147W,45,0.005819108114863556,0.2889438027841848,0.00022647647660396783,0.6424242424242425,36.36060606060606,0.0,557.0,1,0.06966,-0.44899,41.64876,5.79352,70.0,61.0,54570.0,0.0,1.05413,0.00011,0.3153500824189429,0.0,0.5
YDR069C,40,0.0025071840407984002,0.28415694290437205,0.00020813331992982343,0.7653846153846153,32.03012048192771,0.0,282.17619047619047,0,0.08747,-0.42527,48.68198,8.43817,92.0,100.0,84670.0,0.0,0.80492,8e-05,0.0,0.0,0.5
YDR394W,46,0.0038028818574371154,0.2803438473210076,0.0003192107930000016,0.629951690821256,44.51310483870968,0.5,410.8940476190475,1,0.05607,-0.29159,39.31638,5.38361,64.0,56.0,17880.0,0.0,0.37333,0.00011,0.3153500824189429,0.19338324065864865,0.5021722057061551
YDR427W,46,0.0018886346484081238,0.2691328319967961,0.0003217300973022698,0.6067632850241546,36.48888888888889,0.0,445.5666666666666,1,0.10687,-0.30305,28.70545,5.5069,58.0,49.0,48485.0,0.0,1.05904,0.00012,0.3153500824189429,0.0,0.5
YER012W,42,0.0008568958582862693,0.27303354941316343,0.00017352658242396617,0.7537746806039489,37.64818548387097,0.5,451.4380952380952,1,0.09091,-0.36061,37.17732,5.82977,28.0,25.0,16515.0,0.0,0.73347,0.00026,0.3153500824189429,0.19338324065864865,0.5025682943038715
YER094C,37,0.00010894709791923285,0.26397548687199973,0.00012514490664259704,0.9294294294294294,23.568548387096776,0.5,406.80000000000007,1,0.10244,-0.01268,34.88146,5.05121,27.0,21.0,17920.0,0.0,0.79276,0.00022,0.3153500824189429,0.19338324065864865,0.5041025700327926
YER105C,9,0.0005585036389806182,0.26051218339787974,2.290829801024631e-05,0.05555555555555555,6.117845117845118,0.25,2.1142857142857143,0,0.09705,-0.2064,39.38911,6.04156,169.0,155.0,134075.0,0.0,0.8559,4e-05,0.0,0.0,0.5
YFR004W,43,0.004183980598088896,0.26699737463812984,0.0001463324863297844,0.7054263565891473,35.974747474747474,0.0,306.54832251082246,1,0.06209,-0.38301,39.04085,5.81354,42.0,36.0,31525.0,0.0,0.91648,0.00017,0.3153500824189429,0.0,0.5
YFR010W,29,3.953524851274937e-05,0.26151676882270547,0.00010500025194836933,0.9679802955665024,17.81010101010101,0.0,232.0166666666667,0,0.09218,-0.65511,45.79782,6.71246,72.0,71.0,42455.0,0.0,0.74339,0.00012,0.0,0.0,0.5
YFR050C,46,0.006524287913131268,0.2725777056193126,0.00017350090365066646,0.6357487922705314,23.484263959390862,0.5,416.1166666666667,1,0.09023,-0.21955,27.24098,5.66974,28.0,25.0,35870.0,0.0,1.21829,0.00019,0.3153500824189429,0.19338324065864865,0.5041172940525844
YFR052W,50,0.002310386917515916,0.2800055043686415,0.0003154536373367802,0.5395918367346939,29.08989898989899,0.0,532.9666666666666,1,0.10949,-0.43321,47.99051,4.80426,43.0,29.0,35995.0,0.0,1.1277,0.00015,0.3153500824189429,0.0,0.5
YGL011C,42,0.0006964307933727497,0.27224102367067216,0.00025686421372976234,0.7456445993031359,21.671443193449335,0.5,496.4666666666666,1,0.09524,-0.25119,38.48929,5.89081,32.0,29.0,25245.0,0.0,0.90159,0.00021,0.3153500824189429,0.19338324065864865,0.5044617065631583
YGL048C,48,0.004333337730508614,0.2848915307487574,0.0002283092225381901,0.5842198581560284,45.80808080808081,0.5,326.275992063492,1,0.04444,-0.26222,39.74025,9.08636,55.0,63.0,12420.0,0.0,0.27435,0.0002,0.3153500824189429,0.19338324065864865,0.5021107983269246
YGR135W,39,0.0003735667801658978,0.26518237714465037,0.0001395985450905879,0.865047233468286,31.54517766497462,0.5,310.1684523809524,0,0.08527,-0.43566,30.45775,5.06049,39.0,31.0,29340.0,0.0,1.0218,0.00018,0.0,0.0,0.5
YGR232W,37,0.0017914341634825267,0.2741031373756699,0.0001511924354296487,0.8813813813813813,33.33232323232323,0.0,529.8333333333333,0,0.09211,-0.22807,27.00921,5.97614,28.0,23.0,35450.0,0.0,1.3839,0.00023,0.0,0.0,0.5
YGR253C,39,0.0005523003279203173,0.2695112897576133,0.00018580407872916983,0.8164642375168691,20.66734902763562,0.5,385.9333333333334,1,0.06538,-0.29885,49.37196,4.66583,47.0,26.0,17795.0,0.0,0.62184,0.00016,0.3153500824189429,0.19338324065864865,0.5046784723188267
YGR270W,35,4.4656403803678445e-07,0.2624197318297133,0.000122480424861423,0.9949579831932773,18.526859504132233,0.0,270.5166666666667,0,0.06744,-0.80138,50.73446,5.06854,247.0,192.0,85230.0,0.0,0.54147,3e-05,0.0,0.0,0.5
YHR027C,40,0.0007505997840008921,0.2648159711207211,0.000133983381517541,0.6987179487179487,33.46969696969697,0.0,251.95773809523808,1,0.06546,-0.28338,34.71975,4.52203,174.0,88.0,80190.0,0.0,0.73239,4e-05,0.6846499175810571,0.0,0.5
YIL007C,8,0.0004526879510027744,0.22573364682893912,8.168752285078185e-06,0.10714285714285714,7.93984962406015,0.0,42.333333333333336,0,0.04091,-0.34455,38.97182,5.5545,29.0,24.0,10095.0,0.0,0.4063,0.00022,0.0,0.0,0.5
YIL075C,39,0.00025704908498183805,0.2648159711207211,0.000125446611645873,0.8367071524966262,32.85858585858586,0.0,301.04880952380955,1,0.08148,-0.18921,33.49399,5.85138,118.0,108.0,79160.0,0.0,0.75947,6e-05,0.6846499175810571,0.0,0.5
YJL001W,44,0.002558289022217213,0.27816789646466356,0.00021471410374359406,0.6818181818181818,40.58071065989848,0.5,446.2666666666667,1,0.09302,-0.17674,14.93074,5.59308,26.0,22.0,29380.0,0.0,1.2477,0.00024,0.3153500824189429,0.19338324065864865,0.5023826990399376
YKL145W,46,0.002948529446655272,0.27048700099868217,0.00013741522904444996,0.6289855072463768,45.08257804632427,0.5,327.43209972394754,1,0.05996,-0.57366,37.35139,5.32074,78.0,69.0,33640.0,0.0,0.64714,0.0001,0.3153500824189429,0.19338324065864865,0.502144766881565
YML092C,55,0.007699058811135333,0.2918322843611733,0.0003292477564131834,0.435016835016835,37.13004032258065,0.5,431.6333333333335,1,0.084,-0.188,26.6324,5.51947,31.0,27.0,25900.0,0.0,0.95355,0.0002,0.3153500824189429,0.19338324065864865,0.5026041345360598
YMR314W,45,0.0010932775176385214,0.2737626788768801,0.00023301938401078934,0.6535353535353535,23.484263959390862,0.5,441.7,1,0.0812,-0.2188,26.32863,6.90289,26.0,26.0,18255.0,0.0,0.71298,0.00027,0.3153500824189429,0.19338324065864865,0.5041172940525844
YOL038W,43,0.0014078161439762104,0.2752326832714488,0.0006850219077833986,0.7021040974529347,24.699078812691916,0.5,363.1249999999999,1,0.06299,-0.52795,54.92756,6.91644,35.0,35.0,19410.0,0.0,0.68252,0.00024,0.3153500824189429,0.19338324065864865,0.5039147865012535
YOR117W,45,0.0012197986042580902,0.2696926678051712,0.00013540595051491153,0.6626262626262627,40.057575757575755,0.5,432.8523809523809,1,0.04608,-0.43018,39.19357,4.93207,73.0,57.0,14565.0,0.0,0.30183,0.0001,0.3153500824189429,0.19338324065864865,0.5024138160760024
YOR157C,42,0.0012767780971825648,0.2790130169805382,0.0001986196400577994,0.7154471544715447,23.77379733879222,0.5,407.83333333333337,1,0.06897,-0.17969,23.74674,6.12994,27.0,23.0,30410.0,0.0,1.07579,0.00022,0.3153500824189429,0.19338324065864865,0.5040671508615727
YOR259C,45,0.002229149682721337,0.2704538103733679,0.00012942793013439943,0.6555555555555556,38.43636363636364,0.0,325.59444444444443,1,0.05721,-0.6,40.22517,5.53021,74.0,63.0,13660.0,0.0,0.27648,0.00011,0.3153500824189429,0.0,0.5
YOR261C,38,0.00027891465877420837,0.2632660448683423,0.0001238372858123733,0.8705547652916074,31.58080808080808,0.0,741.1666666666667,1,0.04734,-0.53935,42.32751,5.42645,55.0,45.0,21805.0,0.0,0.56914,0.00014,0.3153500824189429,0.0,0.5
YOR362C,45,0.0026786702358515577,0.28465237345186123,0.00025236619243548775,0.6464646464646465,38.38587512794268,0.5,395.95238095238096,1,0.07639,-0.46354,22.40174,5.0423,45.0,30.0,26275.0,0.0,0.83318,0.00016,0.3153500824189429,0.19338324065864865,0.50251893749998
YPR103W,45,0.002934691814552944,0.28264469449060803,0.00019737084016699727,0.6202020202020202,43.78181818181818,0.5,416.4,1,0.10453,-0.23101,26.25819,5.81561,32.0,27.0,51505.0,0.0,1.62804,0.00018,0.3153500824189429,0.19338324065864865,0.5022084880058608
YPR108W,38,0.00016979989548028342,0.26251349781297784,0.00012547323685484888,0.9075391180654339,21.17979797979798,0.0,294.27559523809515,1,0.10023,-0.39814,31.61611,5.16351,66.0,54.0,55865.0,0.0,1.14108,0.00011,0.3153500824189429,0.0,0.5
YBL042C,1,0.0,0.2105223102954068,4.644276963316938e-06,0.0,0.0,0.0,0.0,0,0.15493,0.19092,30.49923,7.43158,54.0,55.0,165015.0,0.0,2.28666,0.0001,0.0,0.0,0.0
YBL043W,2,7.659500617784272e-05,0.20021468207637386,9.909467256746307e-07,0.0,1.0,0.0,0.0,0,0.07782,-0.89144,52.32961,4.24835,53.0,19.0,19745.0,0.0,0.6913,0.00015,0.0,0.0,0.5
YBL101WA,4,4.100415934331849e-05,0.18406307801058597,2.7393940516134306e-08,0.0,0.0,0.0,0.0,0,0.0,0.0,0.0,0.0,0.0,0.0,0.0,0.0,0.0,0.0,0.0,0.0,0.0
YDR099W,19,0.002746796467128772,0.25143318818591853,5.784771625805109e-05,0.005847953216374269,14.27693856998993,0.5,1.4666666666666666,0,0.0696,-0.79231,63.70923,4.82111,45.0,29.0,29005.0,0.0,0.93381,0.00016,0.0,0.0,0.5
YBL044W,2,1.3593545282580965e-05,0.2003511796780076,3.924753457528822e-06,0.0,1.0,0.0,0.0,0,0.05738,-0.74836,50.46803,10.24738,10.0,23.0,9105.0,0.0,0.65741,0.00074,0.0,0.0,0.5
YJL050W,4,0.00014122142277315564,0.23799409649473727,0.00020556885837650618,0.16666666666666666,1.7747625508819538,1.0,0.0,1,0.07456,-0.41146,39.94268,5.95758,165.0,149.0,90200.0,0.0,0.73902,5e-05,0.6846499175810571,0.40640486218295563,0.6144955594146935
YJL159W,5,0.0005766571075493573,0.23474952898474405,5.7546301027714496e-05,0.0,1.9380315917375455,0.0,0.0,0,0.03632,-0.0753,26.87632,4.99005,26.0,21.0,23420.0,0.0,0.5704,0.00012,0.0,0.0,0.5
YBL045C,15,0.0010309816009172498,0.2523255097467386,3.177060718677575e-05,0.3333333333333333,9.146316851664984,0.0,21.080952380952382,0,0.07659,-0.23151,30.8698,6.77521,47.0,46.0,50545.0,0.0,1.00633,0.00013,0.0,0.0,0.5
YBR039W,22,0.0012157308393724701,0.25586990104919455,5.6435929268437364e-05,0.43722943722943725,15.980749746707193,0.0,62.150000000000006,0,0.05466,-0.30965,34.53768,9.33722,33.0,42.0,13660.0,0.0,0.39767,0.00027,0.0,0.0,0.5
YDR529C,10,0.0003262712792602893,0.24694004006921313,6.141984298815658e-05,0.6222222222222222,3.4756410256410257,0.0,20.666666666666668,0,0.07874,-0.30394,53.34882,5.61981,19.0,16.0,14565.0,0.0,1.00003,0.00039,0.0,0.0,0.5
YEL024W,9,0.00012181166917484525,0.22531827107317132,4.016633114018368e-06,0.7777777777777778,2.9689922480620154,0.0,20.666666666666668,0,0.07442,-0.08791,32.09442,8.24017,22.0,24.0,24575.0,0.0,1.0518,0.00035,0.0,0.0,0.5
YFR033C,9,0.00010594304097440959,0.2268488398145082,2.795262684664426e-06,0.7777777777777778,1.0,0.0,17.6,0,0.06122,-1.37891,62.79932,3.97906,58.0,12.0,11710.0,0.0,0.67857,0.00023,0.0,0.0,0.5
YGR183C,8,0.0,0.21704217898943987,2.0288962030139354e-06,1.0,0.0,0.0,15.514285714285714,0,0.0,0.0,0.0,0.0,0.0,0.0,0.0,0.0,0.0,0.0,0.0,0.0,0.0
YHR001WA,8,0.0,0.21704217898943987,2.0288962030139354e-06,1.0,0.0,0.0,15.514285714285714,0,0.0,0.0,0.0,0.0,0.0,0.0,0.0,0.0,0.0,0.0,0.0,0.0,0.0
YIL125W,10,0.00034591433673824613,0.23787850926963053,7.931532299124989e-06,0.17777777777777778,8.241967871485944,0.0,8.6,0,0.09961,-0.4854,37.2144,6.74469,124.0,119.0,145035.0,0.0,1.26762,6e-05,0.0,0.0,0.5
YJL166W,10,0.000687711970244191,0.24552337391531268,4.505864324529496e-05,0.6222222222222222,0.0,0.0,20.666666666666668,0,0.20213,-0.52979,39.32872,9.69672,5.0,11.0,39420.0,0.0,3.592,0.00088,0.0,0.0,0.0
YKL085W,12,0.0004393325665069536,0.23702154292265423,3.7236685465420685e-06,0.15151515151515152,11.344502617801048,0.0,6.523809523809525,0,0.0479,-0.1006,33.06228,8.4577,37.0,39.0,4595.0,0.0,0.12889,0.00024,0.0,0.0,0.5
YLR090W,4,0.0003441792214581597,0.24869543894361207,3.578887522506842e-05,0.16666666666666666,2.91321897073663,0.0,0.0,0,0.08715,-0.64793,30.71438,5.79938,71.0,60.0,42995.0,0.0,0.83736,0.00011,0.0,0.0,0.5
YOR065W,9,2.8005388609776876e-05,0.217491940757624,2.033897754482563e-06,0.7777777777777778,1.0,0.0,29.33333333333333,0,0.10356,-0.39612,31.83595,8.21844,33.0,35.0,54360.0,0.0,1.59628,0.00024,0.0,0.0,0.5
YPL078C,18,0.0006837423976092903,0.2521234646119609,5.49786776287651e-05,0.6274509803921569,10.913306451612904,0.0,60.150000000000006,0,0.05738,-0.12705,48.44467,9.15887,27.0,32.0,14565.0,0.0,0.54095,0.00034,0.0,0.0,0.5
YPR160W,11,0.0005326802663845498,0.22731676233887807,2.5835663823005522e-06,0.16363636363636364,8.219164118246686,0.0,13.333333333333334,0,0.10643,-0.39268,35.8192,5.41107,127.0,103.0,147765.0,0.0,1.43081,5e-05,0.0,0.0,0.5
YPR191W,11,0.00024713727001292237,0.2398066943355197,4.2405291384844486e-06,0.509090909090909,3.9426048565121414,0.0,16.409523809523808,0,0.08967,-0.14837,28.55571,7.66571,46.0,47.0,22475.0,0.0,0.55525,0.00019,0.0,0.0,0.5
YBL047C,3,3.934346756591796e-05,0.23477453426052,9.870662943568628e-06,0.0,1.4919786096256684,0.0,0.0,0,0.04924,-0.68494,48.11543,4.61102,192.0,109.0,65235.0,0.0,0.43265,3e-05,0.0,0.0,0.5
YBL049W,3,0.00017208839424435023,0.2550261298973401,9.024184509870977e-05,0.3333333333333333,2.615539858728557,0.0,51.0,0,0.1087,-0.55652,57.17536,9.29999,11.0,20.0,25285.0,0.0,1.57194,0.00058,0.0,0.0,0.5
YGR172C,18,0.002929936092503702,0.2711191743204086,9.852432296527241e-05,0.13071895424836602,4.544102019128586,0.3333333333333333,47.95,1,0.13306,0.48548,34.13359,6.00409,10.0,7.0,24660.0,0.0,0.91064,0.00022,0.3153500824189429,0.16204621790391252,0.5178303895050961
YBR080C,3,5.995621597003467e-05,0.22693058714417108,1.885779722520974e-05,0.3333333333333333,2.9226393629124003,0.0,2.05,1,0.07388,-0.24195,37.34327,8.02765,90.0,92.0,37985.0,0.0,0.45191,0.0001,0.3153500824189429,0.0,0.5
YBR272C,5,0.00035658059660713577,0.2416338680740845,2.3382480470270707e-05,0.0,4.4,0.0,0.0,0,0.1,-0.13333,39.43229,4.72711,81.0,55.0,50030.0,0.0,0.90076,9e-05,0.0,0.0,0.5
YCR082W,6,0.0009072326873259317,0.2591338930853873,3.5104643540770255e-05,0.06666666666666667,2.2413793103448274,0.5,10.5,0,0.10156,-0.51016,24.72187,4.7558,22.0,14.0,17085.0,0.0,1.1302,0.00031,0.0,0.0,0.5
YDL133W,3,0.0003337116977603219,0.22623180165642923,2.367487457446477e-06,0.0,1.0,0.0,0.0,0,0.09611,-0.42357,37.80231,8.87665,47.0,54.0,70080.0,0.0,1.41348,0.00018,0.0,0.0,0.5
YDL173W,1,0.0,0.208550250994726,9.201001568932488e-07,0.0,0.0,0.0,0.0,0,0.04746,-0.95831,42.92034,9.50275,33.0,42.0,4470.0,0.0,0.14019,0.0003,0.0,0.0,0.0
YDR160W,1,0.0,0.208550250994726,9.201001568932488e-07,0.0,1.0,0.0,0.0,1,0.12676,-0.04343,39.12655,8.89215,75.0,85.0,116965.0,0.0,1.22165,9e-05,0.3153500824189429,0.0,0.5
YDR189W,12,0.00016882034371535506,0.24361020476792059,2.6451897687848966e-05,0.30303030303030304,1.2519167579408543,0.0,19.17810245310245,1,0.07808,-0.33108,36.95872,5.08551,88.0,70.0,53540.0,0.0,0.71695,7e-05,0.3153500824189429,0.0,0.5
YER101C,1,0.0,0.208550250994726,9.201001568932488e-07,0.0,0.0,0.0,0.0,0,0.1,-0.27233,24.1084,8.95404,47.0,55.0,60780.0,0.0,1.25656,0.00019,0.0,0.0,0.0
YIL084C,10,0.000644863452621867,0.2518929517300299,5.7755122064790145e-05,0.3333333333333333,9.488673139158577,1.0,15.495454545454544,0,0.07645,-1.25657,48.88963,8.86237,50.0,54.0,24995.0,0.0,0.66432,0.00024,0.0,0.0,0.5
YKL090W,3,8.225117643803768e-05,0.22099196146164954,4.357145322993041e-06,0.0,0.0,0.0,0.0,0,0.08126,-0.63386,43.27384,6.68988,64.0,62.0,45755.0,0.0,0.8994,0.00013,0.0,0.0,0.0
YKL196C,13,0.0004043983230632077,0.2509465248363613,4.075945311870077e-05,0.2948717948717949,3.0352941176470587,0.0,24.73762626262626,1,0.095,-0.3995,46.70605,5.51556,29.0,25.0,20775.0,0.0,0.91493,0.00024,0.3153500824189429,0.0,0.5
YLL009C,2,0.0003526421785843609,0.2546430971795693,8.960715280607309e-05,0.0,1.6320754716981132,0.0,0.0,0,0.07246,-1.31159,58.66812,4.87994,17.0,12.0,3855.0,0.0,0.47853,0.00061,0.0,0.0,0.5
YLR026C,19,0.0005802025266782084,0.24989380131947408,2.7802340647722933e-05,0.17543859649122806,3.4096385542168677,0.0,26.20952380952381,1,0.07059,-0.68206,43.85647,6.48749,42.0,41.0,23950.0,0.0,0.61716,0.00017,0.3153500824189429,0.0,0.5
YLR093C,7,0.00024825685325622043,0.22499625639421822,3.0347587756038343e-06,0.47619047619047616,2.0716180371352784,0.0,20.5,0,0.09881,-0.21383,44.15621,5.43573,29.0,24.0,27305.0,0.0,0.94273,0.00019,0.0,0.0,0.5
YLR117C,14,0.0018075033143882507,0.25780026055766553,0.00021843125608825149,0.054945054945054944,9.84341252699784,1.0,2.017857142857143,1,0.12809,-0.60204,42.37744,5.46429,117.0,102.0,164140.0,0.0,1.99093,7e-05,0.6846499175810571,0.40640486218295563,0.5206434943708951
YLR130C,1,0.0,0.208550250994726,9.201001568932488e-07,0.0,0.0,0.0,0.0,0,0.11374,0.21564,34.72512,5.02606,46.0,25.0,54610.0,0.0,1.17789,0.00011,0.0,0.0,0.0
YLR268W,20,0.00122137094259955,0.2556473151583555,3.2755209545044145e-05,0.24736842105263157,16.278794402583422,0.3333333333333333,56.10515873015873,0,0.14019,-0.30935,41.02196,6.74506,26.0,26.0,29130.0,0.0,1.16253,0.00027,0.0,0.0,0.5
YLR273C,3,0.00016760917881152558,0.23128845455037111,6.861344438635259e-06,0.0,1.6022988505747127,0.0,0.0,0,0.11728,-0.66852,47.15313,5.09003,94.0,69.0,78825.0,0.0,1.06311,7e-05,0.0,0.0,0.5
YNL204C,3,0.0003331736481686585,0.2457286724608687,2.9080603038991483e-05,0.0,1.467991169977925,0.0,0.0,0,0.09667,-0.61867,46.241,8.52435,35.0,39.0,15565.0,0.0,0.45458,0.00025,0.0,0.0,0.5
YOL018C,11,0.0014632625588838239,0.2631717406134641,8.360192670953519e-05,0.18181818181818182,2.867224880382775,0.0,8.714141414141414,0,0.06801,-0.71637,44.75441,5.10468,71.0,53.0,19745.0,0.0,0.43041,0.00011,0.0,0.0,0.5
YOL032W,1,0.0,0.208550250994726,9.201001568932488e-07,0.0,0.0,0.5,0.0,0,0.08943,-0.29146,32.32114,5.13519,28.0,22.0,26930.0,0.0,0.9913,0.00019,0.0,0.0,0.0
YOL036W,4,0.00013483493919189658,0.23330828068569512,7.4567989971635595e-06,0.0,0.0,0.0,0.0,0,0.03942,-0.78068,57.77728,9.24823,87.0,100.0,28015.0,0.0,0.33212,0.00011,0.0,0.0,0.0
YOL135C,7,0.0006871445107331487,0.2541439409210449,5.162245540623239e-05,0.14285714285714285,6.052083333333333,1.0,16.0,1,0.07207,-0.76036,55.69054,6.45563,28.0,27.0,23630.0,0.0,0.9236,0.00025,0.3153500824189429,0.23974612282610783,0.5198069085983703
YOR106W,10,0.0009009080772430038,0.22626663870626854,3.080602762601296e-06,0.26666666666666666,2.726790450928382,0.0,16.433333333333334,1,0.0424,-0.80106,65.4894,6.56561,37.0,35.0,6460.0,0.0,0.19879,0.0002,0.3153500824189429,0.0,0.5
YOR245C,4,0.0005246602086659151,0.21922253109585854,2.1086080890988856e-06,0.0,0.0,0.5,0.0,0,0.13158,-0.10981,39.83567,9.60297,32.0,53.0,65165.0,0.0,1.36583,0.0002,0.0,0.0,0.0
YOR307C,2,0.00014064301695171036,0.2087972079990301,9.303833120411678e-07,0.0,1.0,0.0,0.0,0,0.12141,0.29934,40.23976,9.7027,24.0,44.0,46465.0,0.0,0.91283,0.00019,0.0,0.0,0.5
YPL192C,4,0.0003310572914087464,0.23377846071677577,3.29770325457157e-06,0.0,1.467991169977925,0.25,0.0,0,0.03759,-0.76842,36.3512,10.32172,10.0,26.0,1490.0,0.0,0.10327,0.00072,0.0,0.0,0.5
YIL151C,3,2.7903470697260852e-05,0.2003511796780076,3.5100773100801017e-07,0.0,0.0,0.0,0.0,0,0.1127,-0.30698,41.17729,5.64264,137.0,115.0,164040.0,0.0,1.27426,4e-05,0.0,0.0,0.0
YKR096W,1,0.0,0.1944475807355767,1.9883542328800128e-07,0.0,0.0,0.3333333333333333,0.0,0,0.10042,-0.51046,49.44803,5.28229,161.0,127.0,145380.0,0.0,1.05739,4e-05,0.0,0.0,0.0
YBL052C,5,0.00023674929677805248,0.2380969350370273,8.497009146290376e-06,0.0,2.4022556390977443,1.0,0.0,0,0.10108,-0.85331,56.64972,6.06036,134.0,124.0,119525.0,0.0,1.22488,6e-05,0.0,0.0,0.5
YBR274W,12,0.001315969243013485,0.2515192659634556,4.599313349524078e-05,0.0,8.915237134207871,1.0,0.0,0,0.09298,-0.2649,38.24786,5.85919,66.0,57.0,67600.0,0.0,1.12636,0.0001,0.0,0.0,0.5
YGL207W,11,0.0037782246268977474,0.2526726272655923,0.0003094037571592069,0.14545454545454545,10.17878787878788,0.5,12.64830917874396,1,0.09565,-0.64812,47.96427,4.99261,176.0,138.0,110795.0,0.0,0.93396,4e-05,0.6846499175810571,0.2889671908216764,0.514194577697403
YNL258C,8,0.00024900419452735987,0.22470952007317752,1.6311658992012053e-06,0.0,1.8048780487804879,0.5,0.0,1,0.09814,-0.47414,37.29074,4.86322,127.0,86.0,118105.0,0.0,1.34102,6e-05,0.6846499175810571,0.2889671908216764,0.5800517217816806
YOR064C,3,0.00020101798056368494,0.2555880243100553,5.082750859069205e-05,0.0,1.6528436018957346,1.0,0.0,0,0.07306,-0.77534,44.24886,8.48859,32.0,36.0,22555.0,0.0,0.88975,0.00033,0.0,0.0,0.5
YPL129W,58,0.011961970801836865,0.28503890431784823,0.00016366934695680925,0.1603145795523291,51.56428571428572,1.0,1728.0,0,0.06967,-0.41803,42.1623,5.20941,37.0,28.0,22460.0,0.0,0.81852,0.00019,0.0,0.0,0.5
YBL053W,3,0.00016336873713013436,0.2556621421688623,8.937605191168935e-05,0.0,2.547290116896918,0.0,0.0,0,0.1371,0.58387,78.01048,8.42084,2.0,4.0,14940.0,0.0,1.13235,0.00064,0.0,0.0,0.5
YEL069C,3,7.315497654282906e-05,0.22758669292557818,1.7706570455560976e-05,0.0,2.274364406779661,0.0,0.0,0,0.1383,0.3477,36.56832,6.97186,48.0,48.0,110500.0,0.0,1.76142,0.00011,0.0,0.0,0.5
YPR165W,18,0.002081300248688161,0.2570636024769958,3.075779389568208e-05,0.026143790849673203,15.321766561514195,0.0,5.23076923076923,1,0.07177,-0.28947,39.01388,5.96893,27.0,26.0,22305.0,0.0,0.96341,0.00026,0.3153500824189429,0.0,0.5
YBL054W,1,0.0,0.21039168839612082,1.6966662898852584e-05,0.0,1.0,0.5,0.0,0,0.05714,-0.94038,55.35429,9.36859,57.0,70.0,37275.0,0.0,0.62938,0.00016,0.0,0.0,0.5
YBL056W,2,0.0006344798120059816,0.20980089740019625,1.1827397816655474e-06,0.0,1.871975806451613,0.5,0.0,0,0.05769,-0.40363,39.7434,4.47711,84.0,41.0,25700.0,0.0,0.50067,9e-05,0.0,0.0,0.5
YDR071C,3,0.0004229865413373211,0.17253617187661058,1.7308973120091968e-08,0.0,2.7734104046242773,0.0,0.0,0,0.06806,-0.25707,46.99534,5.57892,28.0,22.0,14690.0,0.0,0.66933,0.00025,0.0,0.0,0.5
YOR020C,9,0.0015016923069249924,0.2675645921259802,8.302745821777961e-05,0.1388888888888889,9.0,0.0,32.83333333333333,1,0.03774,0.01792,17.69434,8.96259,12.0,14.0,1490.0,0.0,0.13102,0.00079,0.3153500824189429,0.0,0.5
YBL058W,3,0.00015043977792514242,0.2261969753322826,2.047227871177223e-06,0.0,1.8843058350100603,0.5,0.0,0,0.07565,-0.96099,41.91586,4.888,67.0,48.0,34630.0,0.0,0.73702,0.0001,0.0,0.0,0.5
YLR044C,11,0.0008582298648395418,0.22717618301770376,6.764115037564377e-06,0.23636363636363636,9.950704225352112,0.5,6.15,0,0.08348,-0.05861,30.8325,5.79584,59.0,50.0,64330.0,0.0,1.04611,9e-05,0.0,0.0,0.5
YBL059W,2,3.920174168357089e-05,0.2522533136066108,9.059730911359343e-05,0.0,1.0,0.0,0.0,0,0.08808,-0.31088,39.4601,10.10797,15.0,30.0,19980.0,0.0,0.89686,0.00045,0.0,0.0,0.5
YCR099C,7,6.647278193173024e-05,0.23113080197543642,0.0001248623442170525,0.0,1.5546218487394958,0.0,0.0,0,0.08387,-0.61161,64.56903,4.90436,32.0,24.0,14200.0,0.0,0.79067,0.00027,0.0,0.0,0.5
YBL061C,4,0.000271529884501452,0.2228127100321231,3.3383897792553203e-06,0.0,3.9772481040086674,0.0,0.0,0,0.07615,-0.68463,40.95376,9.2995,72.0,90.0,66740.0,0.0,0.86602,0.00012,0.0,0.0,0.5
YBR023C,1,0.0,0.18121050132679123,5.5714368924096174e-08,0.0,1.0,0.0,0.0,0,0.103,-0.26704,38.99815,6.26263,138.0,129.0,190340.0,0.0,1.44636,5e-05,0.0,0.0,0.5
YNL233W,3,2.6881960955138205e-05,0.220593837525673,2.2515009906071627e-05,0.0,1.997816593886463,0.0,0.0,0,0.06054,-0.92309,54.87413,4.92743,157.0,113.0,28685.0,0.0,0.28517,5e-05,0.0,0.0,0.5
YBL063W,1,0.0,0.21960477533380776,7.344902982150003e-06,0.0,1.0,0.0,0.0,0,0.05131,-0.62547,46.92566,6.41766,135.0,127.0,41770.0,0.0,0.33205,5e-05,0.0,0.0,0.5
YBL065W,1,0.0,0.23827711650137964,2.772693883481319e-05,0.0,1.0,0.0,0.0,0,0.14035,0.10965,39.51316,9.73846,7.0,13.0,20400.0,0.0,1.47503,0.0007,0.0,0.0,0.5
YER022W,112,0.06501792937335653,0.3158136305542,0.0020745680663849463,0.01463963963963964,66.72472472472472,1.0,125.74279609279608,1,0.05968,-0.56536,50.44279,5.20062,118.0,92.0,33600.0,0.0,0.42816,7e-05,0.6846499175810571,0.40640486218295563,0.5030453843298687
YGR117C,3,2.7148712309063043e-05,0.21889595070391915,1.2919423280076414e-06,0.0,2.3426229508196723,0.0,0.0,0,0.09454,-0.14181,31.73261,6.80096,50.0,49.0,51395.0,0.0,0.96178,0.00013,0.0,0.0,0.5
YNL210W,3,0.00014494965402456016,0.2417663936420514,2.8128926456488555e-05,0.0,2.0767946577629384,0.0,0.0,0,0.08519,-0.10926,45.75448,7.0069,32.0,32.0,11055.0,0.0,0.35534,0.00023,0.0,0.0,0.5
YBL067C,1,0.0,0.2190373493304608,1.059777776634009e-05,0.0,0.0,0.0,0.0,0,0.07898,-0.70643,46.66269,5.83844,104.0,93.0,52770.0,0.0,0.6293,7e-05,0.0,0.0,0.0
YBL068W,1,0.0,0.1690751248571465,6.182472299369478e-09,0.0,1.0,0.0,0.0,0,0.04908,-0.05552,34.11258,5.93817,41.0,35.0,11055.0,0.0,0.30949,0.00017,0.0,0.0,0.5
YOL061W,6,0.0006422619580614976,0.20474345821066064,3.98104002948299e-07,0.06666666666666667,5.188351920693928,0.0,2.0,0,0.05645,-0.15625,34.5875,6.83234,47.0,46.0,29755.0,0.0,0.55613,0.00013,0.0,0.0,0.5
YBL071C,2,5.6291739664282026e-05,0.21970328226054242,3.5954089057471135e-06,0.0,1.0,0.0,0.0,0,0.10784,0.08039,48.00882,9.65375,6.0,13.0,7700.0,0.0,0.66728,0.00084,0.0,0.0,0.5
YBL072C,61,0.0033028554122913794,0.26735363023262515,0.002624371829366719,0.8431693989071039,17.204312114989733,0.0,322.5,0,0.08,-0.8295,52.33655,10.66925,17.0,44.0,25690.0,0.0,1.14232,0.00047,0.0,0.0,0.5
YBR048W,58,0.0003610645864448745,0.25389509591495935,0.0025946677467920906,0.9328493647912885,0.0,0.0,54.327777777777776,0,0.0,0.0,0.0,0.0,0.0,0.0,0.0,0.0,0.0,0.0,0.0,0.0,0.0
YBR181C,56,0.0,0.25097509993597833,0.0025906714326564078,1.0,0.0,0.0,54.327777777777776,0,0.0,0.0,0.0,0.0,0.0,0.0,0.0,0.0,0.0,0.0,0.0,0.0,0.0
YBR189W,56,0.0,0.25097509993597833,0.0025906714326564078,1.0,0.0,0.0,54.327777777777776,0,0.0,0.0,0.0,0.0,0.0,0.0,0.0,0.0,0.0,0.0,0.0,0.0,0.0
YCR031C,56,0.0,0.25097509993597833,0.0025906714326564078,1.0,0.0,0.0,54.327777777777776,0,0.0,0.0,0.0,0.0,0.0,0.0,0.0,0.0,0.0,0.0,0.0,0.0,0.0
YDL061C,57,0.001089372598329658,0.25616728587142745,0.0025926228582609932,0.9649122807017544,18.55532994923858,0.0,230.0,0,0.125,-0.90357,37.33036,10.06549,4.0,12.0,8980.0,0.0,1.33479,0.0015,0.0,0.0,0.5
YDL083C,56,0.0,0.25097509993597833,0.0025906714326564078,1.0,0.0,0.0,54.327777777777776,0,0.0,0.0,0.0,0.0,0.0,0.0,0.0,0.0,0.0,0.0,0.0,0.0,0.0
YDR025W,58,0.0003610645864448745,0.25389509591495935,0.0025946677467920906,0.9328493647912885,0.0,0.0,54.327777777777776,0,0.0,0.0,0.0,0.0,0.0,0.0,0.0,0.0,0.0,0.0,0.0,0.0,0.0
YDR064W,56,0.0,0.25097509993597833,0.0025906714326564078,1.0,0.0,0.0,54.327777777777776,1,0.0,0.0,0.0,0.0,0.0,0.0,0.0,0.0,0.0,0.0,0.0,0.0,0.0
YDR447C,56,0.0,0.25097509993597833,0.0025906714326564078,1.0,0.0,0.0,54.327777777777776,0,0.0,0.0,0.0,0.0,0.0,0.0,0.0,0.0,0.0,0.0,0.0,0.0,0.0
YDR450W,57,0.00011041658463777464,0.2513758357251097,0.0025917711677649223,0.9649122807017544,17.95020325203252,0.0,54.327777777777776,0,0.06164,-0.70137,36.65685,10.27008,15.0,27.0,17085.0,0.0,1.0028,0.0006,0.0,0.0,0.5
YDR459C,2,0.0,0.2096213160528567,9.135912599587377e-05,1.0,1.0,0.0,0.75,0,0.12567,0.0738,51.08131,8.68402,32.0,39.0,84935.0,0.0,1.9788,0.0002,0.0,0.0,0.5
YER074W,56,0.0,0.25097509993597833,0.0025906714326564078,1.0,0.0,0.0,54.327777777777776,0,0.0,0.0,0.0,0.0,0.0,0.0,0.0,0.0,0.0,0.0,0.0,0.0,0.0
YER102W,59,0.00030940594353764006,0.2546872345317497,0.0025959954677880997,0.9018118059614261,0.0,0.0,62.18383838383838,0,0.0,0.0,0.0,0.0,0.0,0.0,0.0,0.0,0.0,0.0,0.0,0.0,0.0
YER131W,59,0.00039509935061017717,0.2537343380691604,0.0025970425484880865,0.9018118059614261,12.338888888888889,0.0,61.4420634920635,0,0.04202,-0.82269,55.88824,10.8996,8.0,31.0,6460.0,0.0,0.48042,0.00081,0.0,0.0,0.5
YFL017C,9,0.0011786998791310647,0.25625663616297656,0.00012595001546552662,0.027777777777777776,6.259685863874346,0.0,1.5,1,0.08805,-0.24088,35.23346,5.12286,24.0,19.0,21930.0,0.0,1.20928,0.00028,0.3153500824189429,0.0,0.5
YGL123W,56,0.0,0.25097509993597833,0.0025906714326564078,1.0,0.0,0.0,54.327777777777776,1,0.0,0.0,0.0,0.0,0.0,0.0,0.0,0.0,0.0,0.0,0.0,0.0,0.0
YGL189C,60,0.004671287484919,0.2697586840019291,0.0027119892192646548,0.8711864406779661,12.184530386740331,0.0,191.74999999999983,1,0.04202,-0.86723,55.17479,10.76141,9.0,31.0,6460.0,0.0,0.47835,0.0008,0.3153500824189429,0.0,0.5
YGR027C,56,0.0,0.25097509993597833,0.0025906714326564078,1.0,0.0,0.0,54.327777777777776,0,0.0,0.0,0.0,0.0,0.0,0.0,0.0,0.0,0.0,0.0,0.0,0.0,0.0
YGR118W,58,0.0009091757945180769,0.25492289239391186,0.003955937590600758,0.9316394434361767,0.0,0.0,54.327777777777776,0,0.0,0.0,0.0,0.0,0.0,0.0,0.0,0.0,0.0,0.0,0.0,0.0,0.0
YGR214W,58,0.0005498428965027221,0.254349238663408,0.0025925458499358282,0.9316394434361767,6.925207756232687,0.0,54.327777777777776,0,0.07937,-0.25556,38.30202,4.64508,40.0,22.0,36565.0,0.0,1.30477,0.00017,0.0,0.0,0.5
YHL015W,58,0.00039636991807853793,0.2511037684577342,0.0025922415739078938,0.9316394434361767,18.53150406504065,0.0,201.90000000000012,1,0.03306,-0.64545,42.63223,9.52057,15.0,20.0,8480.0,0.0,0.60977,0.00068,0.3153500824189429,0.0,0.5
YHR021C,56,0.0,0.25097509993597833,0.0025906714326564078,1.0,0.0,0.0,54.327777777777776,0,0.0,0.0,0.0,0.0,0.0,0.0,0.0,0.0,0.0,0.0,0.0,0.0,0.0
YHR203C,58,0.0006049652845278722,0.25326783425886373,0.0026007153323819136,0.9328493647912885,8.332264957264957,0.0,317.1666666666667,0,0.0728,-0.44789,23.7295,10.08771,27.0,49.0,19035.0,0.0,0.64723,0.00034,0.0,0.0,0.5
YIL069C,56,0.0,0.25097509993597833,0.0025906714326564078,1.0,0.0,0.0,54.327777777777776,0,0.0,0.0,0.0,0.0,0.0,0.0,0.0,0.0,0.0,0.0,0.0,0.0,0.0
YJL136C,56,0.0,0.25097509993597833,0.0025906714326564078,1.0,0.0,0.0,54.327777777777776,0,0.0,0.0,0.0,0.0,0.0,0.0,0.0,0.0,0.0,0.0,0.0,0.0,0.0
YJL190C,58,0.0009746115755408282,0.2569437313636934,0.002594220676234495,0.9316394434361767,18.930020283975658,0.0,317.1666666666667,0,0.07692,-0.17385,35.25308,9.94489,11.0,20.0,11585.0,0.0,0.79209,0.00068,0.0,0.0,0.5
YJL191W,57,0.00018483511049689283,0.25367593113169845,0.002591562639449919,0.9649122807017544,0.0,0.3333333333333333,54.327777777777776,0,0.03623,-0.38043,40.71812,10.5379,13.0,24.0,3105.0,0.0,0.21195,0.00072,0.0,0.0,0.0
YJR123W,57,0.0014626011474504063,0.2726114196212445,0.0026782080337282763,0.9667919799498746,18.568982880161126,0.0,203.15000000000015,1,0.04889,-0.332,36.32356,8.62372,30.0,32.0,10095.0,0.0,0.40318,0.00034,0.3153500824189429,0.0,0.5
YJR145C,58,0.0006049652845278722,0.25326783425886373,0.0026007153323819136,0.9328493647912885,0.0,0.0,54.327777777777776,0,0.0,0.0,0.0,0.0,0.0,0.0,0.0,0.0,0.0,0.0,0.0,0.0,0.0
YKL156W,56,0.0,0.25097509993597833,0.0025906714326564078,1.0,0.0,0.0,54.327777777777776,0,0.0,0.0,0.0,0.0,0.0,0.0,0.0,0.0,0.0,0.0,0.0,0.0,0.0
YKR057W,56,0.0,0.25097509993597833,0.0025906714326564078,1.0,0.0,0.0,54.327777777777776,0,0.0,0.0,0.0,0.0,0.0,0.0,0.0,0.0,0.0,0.0,0.0,0.0,0.0
YLR048W,56,0.0,0.25097509993597833,0.0025906714326564078,1.0,0.0,0.0,54.327777777777776,0,0.0,0.0,0.0,0.0,0.0,0.0,0.0,0.0,0.0,0.0,0.0,0.0,0.0
YLR140W,1,0.0,0.20961134832503678,4.587458383088592e-05,0.0,0.0,0.0,0.0,1,0.12963,-0.45,62.39815,9.47479,8.0,15.0,13450.0,0.0,1.07006,0.00075,0.3153500824189429,0.0,0.0
YLR167W,57,0.00022179771625674378,0.25351545061395925,0.0025916367223975073,0.9649122807017544,9.150452488687783,0.5,145.88333333333333,1,0.05921,-0.67434,27.41579,9.8819,15.0,33.0,9440.0,0.0,0.54833,0.00057,0.3153500824189429,0.19338324065864865,0.5105668676438525
YLR287CA,56,0.0,0.25097509993597833,0.0025906714326564078,1.0,0.0,0.0,54.327777777777776,0,0.0,0.0,0.0,0.0,0.0,0.0,0.0,0.0,0.0,0.0,0.0,0.0,0.0
YLR333C,57,0.0014626011474504063,0.2726114196212445,0.002678208033728276,0.9667919799498746,9.872549019607844,0.0,474.5,0,0.0463,-0.53704,26.93056,10.31818,9.0,25.0,11460.0,0.0,0.95428,0.00086,0.0,0.0,0.5
YLR367W,56,0.0,0.25097509993597833,0.0025906714326564078,1.0,0.0,0.0,54.327777777777776,0,0.0,0.0,0.0,0.0,0.0,0.0,0.0,0.0,0.0,0.0,0.0,0.0,0.0
YLR388W,57,0.00021149327066866054,0.2509893899262952,0.0025914559983456404,0.9649122807017544,0.0,0.0,54.327777777777776,0,0.125,-0.84821,31.74286,10.31,3.0,12.0,8980.0,0.0,1.34823,0.00155,0.0,0.0,0.0
YLR441C,58,0.0054530228178212205,0.2542612133169247,0.002592955429929455,0.9316394434361767,10.767621145374449,0.0,244.0,0,0.05882,-0.49412,33.51373,9.99738,29.0,49.0,14105.0,0.0,0.49073,0.00035,0.0,0.0,0.5
YML024W,56,0.0,0.25097509993597833,0.0025906714326564078,1.0,0.0,0.0,54.327777777777776,0,0.0,0.0,0.0,0.0,0.0,0.0,0.0,0.0,0.0,0.0,0.0,0.0,0.0
YML026C,56,0.0,0.25097509993597833,0.0025906714326564078,1.0,0.0,0.0,54.327777777777776,0,0.0,0.0,0.0,0.0,0.0,0.0,0.0,0.0,0.0,0.0,0.0,0.0,0.0
YML063W,56,0.0,0.25097509993597833,0.0025906714326564078,1.0,0.0,0.0,54.327777777777776,0,0.0,0.0,0.0,0.0,0.0,0.0,0.0,0.0,0.0,0.0,0.0,0.0,0.0
YMR143W,56,0.0,0.25097509993597833,0.0025906714326564078,1.0,0.0,0.0,54.327777777777776,0,0.0,0.0,0.0,0.0,0.0,0.0,0.0,0.0,0.0,0.0,0.0,0.0,0.0
YMR230W,56,0.0,0.25097509993597833,0.0025906714326564078,1.0,8.332233223322332,0.0,54.327777777777776,0,0.14286,-0.9019,59.06857,9.04694,12.0,15.0,21890.0,0.0,1.71844,0.00071,0.0,0.0,0.5
YNL096C,58,0.0021375908602295005,0.2619363393710573,0.0026139022294419624,0.9316394434361767,5.408767772511848,0.3333333333333333,54.327777777777776,0,0.05789,-0.35474,59.66947,9.91974,21.0,33.0,5960.0,0.0,0.27549,0.00046,0.0,0.0,0.5
YNL178W,58,0.0009779435106536823,0.2592558169308665,0.00267216313746277,0.9316394434361767,18.962474645030426,0.0,103.77222222222215,1,0.0625,-0.18542,35.14087,9.42218,31.0,38.0,10555.0,0.0,0.39827,0.00036,0.3153500824189429,0.0,0.5
YNL302C,56,0.0,0.25097509993597833,0.0025906714326564078,1.0,0.0,0.0,54.327777777777776,0,0.0,0.0,0.0,0.0,0.0,0.0,0.0,0.0,0.0,0.0,0.0,0.0,0.0
YOL040C,56,0.0,0.25097509993597833,0.0025906714326564078,1.0,0.0,0.0,54.327777777777776,1,0.0,0.0,0.0,0.0,0.0,0.0,0.0,0.0,0.0,0.0,0.0,0.0,0.0
YOL121C,56,0.0,0.25097509993597833,0.0025906714326564078,1.0,0.0,0.0,54.327777777777776,0,0.0,0.0,0.0,0.0,0.0,0.0,0.0,0.0,0.0,0.0,0.0,0.0,0.0
YOR096W,58,0.00029059110838147614,0.2537343380691604,0.0026151067133760074,0.9316394434361767,0.0,0.3333333333333333,54.327777777777776,0,0.06316,-0.34947,56.83158,9.83331,22.0,32.0,4470.0,0.0,0.20673,0.00045,0.0,0.0,0.0
YOR182C,56,0.0,0.25097509993597833,0.0025906714326564078,1.0,0.0,0.0,54.327777777777776,0,0.0,0.0,0.0,0.0,0.0,0.0,0.0,0.0,0.0,0.0,0.0,0.0,0.0
YOR293W,56,0.0,0.25097509993597833,0.0025906714326564078,1.0,8.332233223322332,0.0,54.327777777777776,1,0.14286,-0.90095,51.71238,8.73077,13.0,15.0,21890.0,0.0,1.7183,0.00069,0.3153500824189429,0.0,0.5
YOR369C,56,0.0,0.25097509993597833,0.0025906714326564078,1.0,0.0,0.0,54.327777777777776,0,0.0,0.0,0.0,0.0,0.0,0.0,0.0,0.0,0.0,0.0,0.0,0.0,0.0
YPL081W,56,0.0,0.25097509993597833,0.0025906714326564078,1.0,0.0,0.0,54.327777777777776,0,0.0,0.0,0.0,0.0,0.0,0.0,0.0,0.0,0.0,0.0,0.0,0.0,0.0
YPL090C,57,0.0001066927436850873,0.25351545061395925,0.0025938590041886178,0.9655388471177945,8.044167610419025,0.3333333333333333,54.327777777777776,0,0.05932,-0.77119,37.35763,10.44452,29.0,56.0,7575.0,0.0,0.2806,0.00039,0.0,0.0,0.5
YPR132W,56,0.0,0.25097509993597833,0.0025906714326564078,1.0,17.761329305135952,0.0,54.327777777777776,0,0.06207,-0.61241,23.83586,10.73419,11.0,34.0,12740.0,0.0,0.79438,0.00067,0.0,0.0,0.5
YBL074C,35,5.825144792677437e-05,0.2678572434389939,0.0004363714835244752,0.9092436974789916,30.543522267206477,0.3333333333333333,821.5,1,0.12676,-0.63662,33.34763,4.9079,57.0,35.0,55155.0,0.0,1.32306,0.00012,0.3153500824189429,0.16204621790391252,0.5026527100654318
YBR055C,42,0.0006202216731459702,0.2718045785716811,0.0004738914478251656,0.6898954703832753,34.6579739217653,1.0,638.3333333333333,1,0.08788,-0.54093,42.40369,8.19635,126.0,130.0,138085.0,0.0,1.32484,8e-05,0.6846499175810571,0.40640486218295563,0.5058630787694103
YBR119W,39,0.0013240765518445262,0.2668357539513029,0.0003695579494439903,0.6180836707152496,15.089304257528557,1.0,358.25,0,0.05034,-0.67248,46.61577,10.15704,30.0,57.0,10555.0,0.0,0.30703,0.0003,0.0,0.0,0.5
YDL030W,56,0.002963080305283385,0.2793312626117181,0.0008145270537618336,0.39935064935064934,20.627188465499486,1.0,342.4611111111111,1,0.10755,-0.84453,57.32283,6.06854,92.0,85.0,61615.0,0.0,0.97757,0.0001,0.6846499175810571,0.40640486218295563,0.5098511937984834
YDL043C,52,0.0030919751306808375,0.27537023083930057,0.0005972944064391584,0.4132730015082956,43.69025641025641,1.0,505.8333333333333,1,0.07519,-0.68195,44.27256,8.19366,35.0,37.0,23420.0,0.0,0.78274,0.00027,0.3153500824189429,0.23974612282610783,0.5027437024009983
YDR088C,35,0.0004824700203899717,0.26691653982897506,0.00042336334692584586,0.788235294117647,14.85050505050505,1.0,334.5,1,0.06283,-1.4212,41.36754,8.89093,70.0,77.0,50225.0,0.0,1.12521,0.0002,0.3153500824189429,0.23974612282610783,0.5080719854984984
YDR235W,41,0.0006040263043565417,0.2737796817139012,0.0004473760080725672,0.698780487804878,16.890888638920135,1.0,490.0833333333333,1,0.15441,-0.31471,41.12191,8.2392,66.0,70.0,133840.0,0.0,2.05451,0.00013,0.6846499175810571,0.40640486218295563,0.5120302984310285
YDR240C,43,0.0003542289355958335,0.27249345708570955,0.00047080692072987694,0.6644518272425249,17.43869516310461,1.0,469.2833333333333,1,0.09756,-0.55508,54.42626,9.37543,46.0,64.0,50280.0,0.0,0.88995,0.00017,0.3153500824189429,0.23974612282610783,0.5068739696572409
YDR243C,33,3.340317385796779e-06,0.26505481662410696,0.0004269042104074643,0.9734848484848485,14.662420382165605,0.5,269.6353174603175,1,0.06803,-0.48452,37.53333,8.7713,77.0,83.0,61225.0,0.0,0.91874,0.00013,0.3153500824189429,0.19338324065864865,0.5065945197183771
YER029C,59,0.009509129813548579,0.30141036959148876,0.0035485313296889738,0.41437755698421974,30.714137214137214,1.0,693.8333333333334,1,0.03571,-1.0352,47.62551,10.36505,21.0,45.0,4595.0,0.0,0.20533,0.00046,0.3153500824189429,0.23974612282610783,0.5039028627298663
YGR006W,31,0.00010774611099975487,0.26287355568462784,0.00038876061670194704,0.8709677419354839,0.0,1.0,202.211507936508,0,0.05179,-0.43028,51.01076,6.18658,33.0,30.0,29700.0,0.0,1.04662,0.00022,0.0,0.0,0.0
YGR013W,36,0.00021311627877875866,0.2678409682388822,0.00043399838333637436,0.8317460317460318,16.31496062992126,0.5,262.0607142857143,1,0.06935,-0.92871,48.53727,4.87299,128.0,85.0,40840.0,0.0,0.57214,7e-05,0.6846499175810571,0.2889671908216764,0.5088558960507609
YGR074W,49,0.0015211771229998617,0.272072994400415,0.0004491604291530908,0.4804421768707483,43.445344129554655,1.0,355.1690476190476,1,0.03425,-0.48836,67.64863,11.00006,9.0,22.0,8480.0,0.0,0.52106,0.00068,0.3153500824189429,0.23974612282610783,0.5027591693382746
YGR075C,37,8.238222271806059e-05,0.26745095590799195,0.00045502644313863227,0.8213213213213213,14.690992018244014,1.0,558.1666666666666,1,0.10331,-0.40207,41.46818,5.15411,32.0,22.0,34880.0,0.0,1.24721,0.00018,0.3153500824189429,0.23974612282610783,0.508159630150516
YGR091W,40,0.0003884850471717746,0.27168731311405386,0.00047635630100756213,0.7512820512820513,34.55287009063444,1.0,808.0,1,0.0668,-0.48381,54.56822,8.12823,64.0,66.0,30410.0,0.0,0.54012,0.00014,0.3153500824189429,0.23974612282610783,0.5034692649582688
YHR165C,47,0.007022649574142274,0.2810229921761777,0.0008350300597184196,0.5374653098982424,41.06559031281534,1.0,324.3527777777778,1,0.10568,-0.46763,41.19574,6.85809,313.0,306.0,419290.0,0.0,1.50014,2e-05,0.6846499175810571,0.40640486218295563,0.5049482408396809
YKL012W,39,0.0010309945534771004,0.2711525284662314,0.0004405136699428814,0.7395411605937922,16.99775028121485,1.0,286.6353174603174,1,0.09777,-0.93122,40.73911,8.91583,91.0,99.0,107385.0,0.0,1.55486,0.00013,0.6846499175810571,0.40640486218295563,0.5119546662193318
YLL036C,40,0.00015343289049105026,0.2662394549299706,0.00044334126219247025,0.7333333333333333,16.80848623853211,1.0,320.17698412698417,1,0.08549,-0.38668,42.2674,5.02496,70.0,55.0,66905.0,0.0,1.18271,9e-05,0.3153500824189429,0.23974612282610783,0.5071316988164142
YLR147C,56,0.008956658059398884,0.2803081937730843,0.0008254834531437757,0.37402597402597404,49.44433198380567,0.5,376.6023809523809,1,0.0396,-0.26931,38.40396,9.98566,9.0,14.0,1490.0,0.0,0.13275,0.00089,0.3153500824189429,0.19338324065864865,0.5019555653084967
YLR275W,39,0.00015031190892564984,0.2691328319967961,0.00046352423342215047,0.7516869095816464,17.706422018348626,1.0,306.5464285714286,1,0.05455,-0.33545,37.20455,9.20404,16.0,19.0,5625.0,0.0,0.43765,0.00072,0.3153500824189429,0.23974612282610783,0.5067700330020845
YLR298C,35,1.402851500921238e-05,0.2652781281383838,0.0004341682766739502,0.9176470588235294,14.581552305961754,1.0,318.5174603174603,1,0.07359,-1.13463,54.38316,10.11285,22.0,49.0,22390.0,0.0,0.8279,0.00037,0.3153500824189429,0.23974612282610783,0.5082208710635042
YML046W,45,0.0006206970974210775,0.2749237030856632,0.0004964773135092573,0.602020202020202,18.214848143982003,1.0,470.8833333333333,1,0.13355,-0.35151,39.05169,8.50104,73.0,78.0,131960.0,0.0,1.76542,0.00011,0.6846499175810571,0.40640486218295563,0.5111558674266858
YMR125W,26,0.0002249944054218526,0.2573487451267163,0.0002282827448634145,0.5415384615384615,22.21584984358707,0.3333333333333333,135.19444444444443,0,0.12544,-0.27631,37.75509,4.81329,128.0,90.0,114640.0,0.0,1.14621,5e-05,0.0,0.0,0.5
YMR240C,45,0.0018528828488978476,0.27244293295893224,0.0004543895405121019,0.598989898989899,38.90030211480362,1.0,328.56356421356423,1,0.06422,-1.00872,45.60115,8.66876,71.0,76.0,49890.0,0.0,0.99279,0.00017,0.3153500824189429,0.23974612282610783,0.503081545769472
YMR268C,37,0.0002863777471275541,0.26905069917453145,0.0004573211034348318,0.8168168168168168,14.90643274853801,1.0,436.8333333333333,1,0.07432,-0.48041,43.12342,9.35394,53.0,69.0,22890.0,0.0,0.45017,0.00018,0.3153500824189429,0.23974612282610783,0.5080417000791025
YOR159C,50,0.0016422290443526197,0.27813279419998255,0.0006607954517902642,0.49795918367346936,44.282828282828284,0.5,400.368253968254,1,0.06383,0.09681,29.56915,5.04449,12.0,10.0,5625.0,0.0,0.54217,0.00049,0.3153500824189429,0.19338324065864865,0.5021835014627288
YPR057W,30,0.00011416190672634449,0.2635021014570819,0.00039193758072796926,0.8620689655172413,8.550185873605948,1.0,371.1666666666666,0,0.08211,-0.52522,52.70941,6.17096,52.0,47.0,56630.0,0.0,1.42075,0.00015,0.0,0.0,0.5
YPR101W,41,0.00033558147984302843,0.26870628803873964,0.0004897505495211389,0.7024390243902439,17.07454128440367,1.0,534.8333333333334,1,0.08,-0.89714,41.75771,8.52606,28.0,30.0,19035.0,0.0,0.91916,0.00041,0.3153500824189429,0.23974612282610783,0.5070205728760954
YPR178W,43,0.0029039265568780387,0.28997017861304586,0.0009850738852191984,0.6057585825027686,38.957703927492446,1.0,253.690873015873,1,0.06237,-0.4643,44.62,5.33527,68.0,51.0,67420.0,0.0,1.28562,0.0001,0.3153500824189429,0.23974612282610783,0.5030770052987763
YPR182W,41,0.0068170289568665245,0.2920256147913563,0.0004942645852667371,0.6695121951219513,34.25506072874494,1.0,283.5107142857144,1,0.09302,-0.22791,28.36047,6.05634,9.0,8.0,4595.0,0.0,0.47568,0.00063,0.3153500824189429,0.23974612282610783,0.5034994263289237
YBL075C,2,0.0010574663533433027,0.19955304007584987,1.538665275084378e-06,0.0,2.0,0.0,0.0,0,0.06317,-0.48937,29.77291,5.05243,100.0,80.0,25120.0,0.0,0.35608,7e-05,0.0,0.0,0.5
YER103W,4,0.0008459730826746422,0.1655696610304809,2.4327994411989357e-08,0.0,2.6952573158425834,0.0,0.0,0,0.06386,-0.4366,33.63617,5.03119,98.0,78.0,23630.0,0.0,0.33927,7e-05,0.0,0.0,0.5
YBL076C,2,0.0,0.15443268831542611,4.144738540468808e-08,0.0,1.9,0.0,0.0,1,0.11381,-0.34039,34.99973,5.74225,157.0,139.0,192155.0,0.0,1.56247,5e-05,0.6846499175810571,0.0,0.5
YBR121C,3,0.0001995322942855762,0.1836413370803001,2.5750372449200285e-06,0.3333333333333333,2.462759462759463,0.0,2.75,1,0.08986,-0.43754,36.69365,6.12372,110.0,103.0,67560.0,0.0,0.86412,8e-05,0.3153500824189429,0.0,0.5
YPL160W,2,1.1960976383084295e-05,0.16297421825183095,4.7297652284967386e-08,0.0,1.8065934065934066,0.0,0.0,1,0.11376,-0.43523,42.63031,5.61359,163.0,141.0,150605.0,0.0,1.21319,5e-05,0.6846499175810571,0.0,0.5
YBL078C,7,0.0001413779679922817,0.2216141297710283,2.2486384383410797e-06,0.09523809523809523,5.193939393939394,0.0,4.274242424242424,0,0.11966,-0.47778,38.94017,9.16107,17.0,21.0,9065.0,0.0,0.66524,0.00067,0.0,0.0,0.5
YHR171W,7,0.00046461104752682213,0.22019714547557437,2.053423974003409e-06,0.09523809523809523,5.511675126903553,0.0,11.78939393939394,0,0.09048,-0.1373,37.53208,5.88739,81.0,72.0,79100.0,0.0,1.10742,8e-05,0.0,0.0,0.5
YIL004C,17,0.0009650106786035545,0.2612223203126236,7.32193934985064e-05,0.3382352941176471,4.831764705882353,0.3333333333333333,34.24801587301587,1,0.09155,-0.28169,37.3993,8.03046,14.0,15.0,19480.0,0.0,1.23921,0.00051,0.3153500824189429,0.16204621790391252,0.5167688440733292
YNL223W,3,6.252819330152685e-06,0.20375920566125189,1.5751489038774637e-06,0.3333333333333333,0.0,0.5,3.157142857142857,0,0.09312,-0.29757,39.75628,4.57269,77.0,40.0,60860.0,0.0,1.10369,8e-05,0.0,0.0,0.0
YNR007C,5,0.0006160890262476487,0.25627153393846425,8.604207228240958e-05,0.3,4.49746192893401,0.0,6.463636363636364,0,0.1,-0.62194,50.88261,4.53705,61.0,34.0,48860.0,0.0,1.36151,0.00013,0.0,0.0,0.5
YOL083W,5,7.099707136166778e-05,0.22516864970503772,1.6508309435244517e-06,0.0,3.855460385438972,0.0,0.0,0,0.09951,-0.37549,42.68252,5.33282,55.0,45.0,30785.0,0.0,0.65985,0.00011,0.0,0.0,0.5
YBL079W,3,5.302879814827795e-06,0.2343626272143933,1.0226953592777613e-05,0.3333333333333333,2.0,0.25,0.0,0,0.09987,-0.18855,42.11567,5.78668,173.0,151.0,138575.0,0.0,0.81768,3e-05,0.0,0.0,0.5
YJL061W,13,0.0006341599257949692,0.2609903289091488,3.941625872484119e-05,0.1794871794871795,5.6168757126567845,0.25,30.84102564102564,1,0.08976,-0.34516,47.52344,5.21588,98.0,79.0,75955.0,0.0,0.92533,6e-05,0.3153500824189429,0.13944903000175835,0.5124133982248825
YKL068W,33,0.0038246587211004748,0.2899511053920623,0.0005522145812571622,0.08522727272727272,25.646821392532797,0.25,60.02857142857143,0,0.07612,-0.70386,29.6147,9.39801,43.0,59.0,24005.0,0.0,0.24008,9e-05,0.0,0.0,0.5
YBL080C,1,0.0,0.1697587959824209,2.5950322777040075e-08,0.0,0.0,0.0,0.0,0,0.08503,-0.4024,41.26104,7.28107,65.0,65.0,48165.0,0.0,0.77851,0.00012,0.0,0.0,0.0
YCR106W,3,0.00021291746777754038,0.2057468683909229,1.5680307525803891e-06,0.0,0.0,1.0,0.0,0,0.09976,-0.15649,51.12179,5.64117,103.0,86.0,98315.0,0.0,1.02744,6e-05,0.0,0.0,0.0
YBL081W,3,3.2897755639959865e-05,0.22763370282858372,0.00010050464405219501,0.3333333333333333,2.0,0.0,2.0,0,0.09239,-0.96495,62.48995,8.56525,13.0,15.0,49280.0,0.0,1.20884,0.00021,0.0,0.0,0.5
YDL167C,6,0.00023176326833855833,0.22770425410793552,0.0002823830240051241,0.0,0.0,0.0,0.0,0,0.07232,-0.70834,48.49638,6.40045,62.0,56.0,75215.0,0.0,0.94851,8e-05,0.0,0.0,0.0
YBL082C,1,0.0,0.00021358393848782572,2.229258935376394e-19,0.0,1.0,0.5,0.0,0,0.131,0.42904,42.47511,9.08197,27.0,38.0,105530.0,0.0,1.99639,0.00017,0.0,0.0,0.5
YKL210W,1,0.0,0.00021358393848782572,2.229258935376394e-19,0.0,1.0,0.5,0.0,1,0.09375,-0.32021,25.61358,4.96527,152.0,112.0,71500.0,0.0,0.62574,4e-05,0.6846499175810571,0.2889671908216764,0.6444835954108382
YBL084C,10,0.0,0.21859201900602618,2.330715456280998e-06,1.0,9.772357723577235,0.5,16.795238095238098,1,0.08971,-0.43113,45.08524,8.88263,58.0,72.0,83140.0,0.0,0.9736,0.0001,0.3153500824189429,0.19338324065864865,0.5098944004163951
YDL008W,10,0.0,0.21859201900602618,2.330715456280998e-06,1.0,9.772357723577235,0.0,16.795238095238098,1,0.07879,-0.51091,50.38242,4.72406,29.0,15.0,20605.0,0.0,1.09224,0.00025,0.3153500824189429,0.0,0.5
YDR118W,10,0.0,0.21859201900602618,2.330715456280998e-06,1.0,9.772357723577235,0.5,24.6,1,0.1135,-0.24847,35.54344,5.56207,91.0,78.0,81680.0,0.0,1.08538,7e-05,0.3153500824189429,0.19338324065864865,0.5098944004163951
YFR036W,12,0.004909307416007764,0.2563013346866401,9.013838603529857e-05,0.6818181818181818,11.62741116751269,1.0,16.795238095238098,0,0.04839,-1.23306,50.4525,4.51569,24.0,10.0,4470.0,0.0,0.31746,0.00032,0.0,0.0,0.5
YGL240W,10,0.0,0.21859201900602618,2.330715456280998e-06,1.0,9.772357723577235,0.5,16.795238095238098,0,0.096,-0.3652,42.94684,5.383,34.0,23.0,32805.0,0.0,1.14,0.00019,0.0,0.0,0.5
YHR166C,17,0.0031646778965957792,0.24626405895393985,7.936622901132167e-06,0.3382352941176471,16.806060606060605,0.5,49.6,1,0.1278,-0.40479,45.59281,5.29071,91.0,75.0,110390.0,0.0,1.50985,7e-05,0.6846499175810571,0.2889671908216764,0.5085971126010776
YKL022C,13,0.001254869097769012,0.23139772468637917,2.0715286552088357e-05,0.5769230769230769,12.884498480243161,1.0,40.2,1,0.09048,-0.48333,38.52821,6.32111,99.0,93.0,88640.0,0.0,0.93314,7e-05,0.6846499175810571,0.40640486218295563,0.5157710780441369
YLR102C,13,0.0015444482042917037,0.23760924187556723,8.781243074857191e-06,0.5769230769230769,12.447698744769875,0.5,43.0,0,0.07925,-0.87434,55.23849,5.34467,47.0,35.0,25160.0,0.0,0.8154,0.00017,0.0,0.0,0.5
YLR127C,12,0.0014952021543047263,0.2344498806124627,3.758333892596375e-05,0.6818181818181818,11.713131313131314,0.5,17.77619047619048,1,0.1102,-0.33353,37.03613,6.24945,110.0,102.0,123660.0,0.0,1.23689,6e-05,0.6846499175810571,0.2889671908216764,0.5123351810500801
YNL172W,10,0.0,0.21859201900602618,2.3307154562809974e-06,1.0,9.772357723577235,0.3333333333333333,16.795238095238098,1,0.08982,-0.18621,42.75327,5.6629,210.0,180.0,196400.0,0.0,1.00123,3e-05,0.6846499175810571,0.22418506295530205,0.5114703671977963
YOR249C,10,0.0,0.21859201900602618,2.3307154562809974e-06,1.0,9.772357723577235,1.0,33.33333333333333,1,0.10073,-0.16496,41.54352,5.08966,93.0,71.0,80230.0,0.0,1.01206,6e-05,0.3153500824189429,0.23974612282610783,0.5122665445539148
YBL085W,10,0.0020431699489866055,0.24305947591947089,2.114401214362609e-05,0.08888888888888889,7.684816753926701,0.0,9.751515151515152,0,0.07143,-0.89306,59.19286,9.13397,115.0,132.0,72240.0,0.0,0.66097,8e-05,0.0,0.0,0.5
YBR200W,12,0.000714812480997751,0.23492467785522936,2.149161575973235e-05,0.10606060606060606,10.881818181818181,0.0,22.25,1,0.09074,-0.56588,36.83309,8.70624,67.0,73.0,60780.0,0.0,0.98661,0.00014,0.3153500824189429,0.0,0.5
YDR085C,3,2.0517482934020187e-05,0.21375844512052775,1.1960328489492798e-06,0.0,1.9712858926342072,0.0,0.0,0,0.08065,-0.95097,46.00485,8.84259,87.0,96.0,57145.0,0.0,0.80076,0.00012,0.0,0.0,0.5
YER124C,6,0.0002996342153540838,0.24968148712973795,3.425674412903365e-05,0.13333333333333333,4.15712682379349,0.0,4.4,0,0.08202,-0.28778,34.05654,5.71857,64.0,55.0,64215.0,0.0,1.00339,9e-05,0.0,0.0,0.5
YJR056C,4,0.00026145769563072564,0.25107516405282926,1.2411598782411812e-05,0.16666666666666666,2.541942604856512,0.0,0.0,0,0.05932,-1.10678,48.18729,6.4682,39.0,37.0,18825.0,0.0,0.68802,0.00024,0.0,0.0,0.5
YMR032W,23,0.0028395689187566985,0.2676945803895988,1.9967418994344842e-05,0.02766798418972332,17.62913223140496,0.0,5.901515151515152,1,0.06876,-0.81001,56.45202,9.1236,84.0,96.0,67310.0,0.0,0.88327,0.00012,0.3153500824189429,0.0,0.5
YNL078W,11,0.002278657394779235,0.27554235874956395,0.0001098630970265828,0.01818181818181818,6.714871794871795,0.0,2.0,0,0.06634,-0.76364,57.72555,9.92401,33.0,52.0,29130.0,0.0,0.63453,0.00022,0.0,0.0,0.5
YBL086C,2,0.00021149327066866054,0.20612207309807928,1.196188384410709e-06,0.0,1.0,0.0,0.0,0,0.07511,-0.85043,32.51953,9.08832,49.0,57.0,59610.0,0.0,1.14643,0.00017,0.0,0.0,0.5
YJR040W,1,0.0,0.17001414128646727,1.5986531755495254e-08,0.0,0.0,0.0,0.0,0,0.1181,0.2122,31.24146,6.69733,76.0,74.0,112450.0,0.0,1.28381,8e-05,0.0,0.0,0.0
YLR322W,4,0.0010222446866968377,0.26167200850501743,9.088822233726754e-05,0.0,1.6890156918687589,0.0,0.0,0,0.10577,1.19038,38.41731,8.73566,6.0,10.0,6500.0,0.0,0.53446,0.00072,0.0,0.0,0.5
YDR361C,4,0.00027729068852421016,0.2675808337547362,0.0017364749937538461,0.16666666666666666,2.936105476673428,0.5,2.0,1,0.09541,-0.69293,46.20286,4.69489,59.0,37.0,20650.0,0.0,0.63225,0.00014,0.3153500824189429,0.19338324065864865,0.532931930101801
YMR176W,1,0.0,0.1817859151006443,3.416667464302986e-06,0.0,1.0,1.0,0.0,0,0.10985,-0.39362,37.8495,6.3858,193.0,183.0,164845.0,0.0,1.01319,4e-05,0.0,0.0,0.5
YBL089W,4,0.002370129449338176,0.2569437313636934,0.0014702120409886606,0.0,2.0,0.0,0.0,0,0.11111,0.57298,42.71789,9.08795,23.0,33.0,32080.0,0.0,0.63036,0.00018,0.0,0.0,0.5
YOR082C,2,0.000188758550392766,0.2379298675055607,4.1163717959170135e-05,0.0,1.0,0.0,0.0,0,0.20354,1.32389,58.91513,9.26874,2.0,8.0,13700.0,0.0,1.03576,0.0007,0.0,0.0,0.5
YPL022W,17,0.01193917205853683,0.2409734136158926,2.2885434109166242e-05,0.007352941176470588,14.250501002004007,1.0,2.426315789473684,0,0.07364,-0.51227,48.3812,5.29706,174.0,138.0,110460.0,0.0,0.87411,4e-05,0.0,0.0,0.5
YBL090W,23,0.00012470876291695082,0.239976408910421,8.138956892522932e-06,0.7628458498023716,21.23891129032258,0.0,62.16666666666665,0,0.05085,-0.75254,54.34356,10.52618,19.0,37.0,3105.0,0.0,0.15225,0.00052,0.0,0.0,0.5
YBR146W,28,0.00018469519273664193,0.24350254959263787,8.502419915269348e-06,0.6534391534391535,24.253024193548388,0.0,100.5,0,0.08633,-0.55252,49.92198,10.25067,23.0,50.0,28880.0,0.0,0.90463,0.00032,0.0,0.0,0.5
YBR251W,34,0.0017626474581988677,0.24065767621747686,1.158587327696876e-05,0.42780748663101603,30.774193548387096,0.0,87.66666666666667,0,0.09772,-0.55407,35.94498,9.59076,34.0,49.0,37610.0,0.0,1.07819,0.00027,0.0,0.0,0.5
YDL045WA,20,5.758137101015238e-05,0.2384446722169916,4.892618430734011e-06,0.8315789473684211,0.0,0.0,42.16666666666666,0,0.0,0.0,0.0,0.0,0.0,0.0,0.0,0.0,0.0,0.0,0.0,0.0,0.0
YDR041W,17,0.00017614660673389594,0.22894601928303332,4.2617918133207e-06,0.7647058823529411,15.857719475277497,0.0,39.333333333333336,1,0.09852,-0.48079,44.03552,9.29877,24.0,30.0,26025.0,0.0,1.11106,0.0004,0.3153500824189429,0.0,0.5
YDR175C,24,0.001159436845828379,0.26691653982897506,9.549348456941669e-05,0.6123188405797102,22.495967741935484,0.0,74.00000000000001,0,0.09404,-0.8837,50.48843,9.23749,46.0,54.0,49975.0,0.0,1.33648,0.00025,0.0,0.0,0.5
YDR337W,28,0.00019926893703949095,0.24429875056947037,8.517787532461175e-06,0.6481481481481481,24.313508064516128,0.0,96.16666666666666,0,0.06643,-0.60559,55.53881,9.92438,38.0,57.0,14690.0,0.0,0.44439,0.0003,0.0,0.0,0.5
YDR347W,24,7.865073360860655e-05,0.238845180714972,6.394740271980268e-06,0.7210144927536232,20.214717741935484,0.0,57.333333333333336,0,0.09969,-0.55545,37.34579,9.12823,37.0,44.0,45755.0,0.0,1.24577,0.00025,0.0,0.0,0.5
YGL129C,16,0.0014669289391555465,0.26572588192630797,8.97969693005168e-05,0.65,15.368951612903226,0.0,41.33333333333334,0,0.09111,-0.35933,29.06111,9.72943,39.0,65.0,37945.0,0.0,0.74598,0.00019,0.0,0.0,0.5
YGR084C,28,0.0011184346551040055,0.2530788067100427,4.849771398518503e-05,0.6164021164021164,23.878024193548388,0.0,128.0,0,0.09145,-0.41003,38.1882,9.44904,37.0,48.0,45505.0,0.0,1.16717,0.00024,0.0,0.0,0.5
YGR215W,16,0.000382246722880397,0.2515766838988428,6.254653772000875e-05,0.7916666666666666,15.378024193548388,0.0,65.0,0,0.07273,-0.76545,23.08818,10.2132,11.0,27.0,5960.0,0.0,0.48094,0.00082,0.0,0.0,0.5
YIL093C,20,4.0489928020389394e-05,0.2307194941523879,6.331613603106476e-06,0.6736842105263158,19.318548387096776,0.0,88.0,0,0.09091,-0.73939,45.98417,5.87946,39.0,34.0,45380.0,0.0,1.48723,0.00019,0.0,0.0,0.5
YJR101W,17,2.6785347326255273e-05,0.23335768423904305,6.135363963477032e-06,0.8823529411764706,16.324596774193548,0.0,43.5,0,0.11278,-0.24098,38.48045,8.88678,23.0,27.0,48150.0,0.0,1.59315,0.00029,0.0,0.0,0.5
YJR113C,16,0.0007204937075242652,0.24057887110601558,1.1043793975775501e-05,0.6416666666666667,14.810483870967742,0.0,23.666666666666668,0,0.06073,-0.43279,43.21296,9.75568,24.0,36.0,35325.0,0.0,1.26996,0.00035,0.0,0.0,0.5
YKL003C,20,5.758137101015238e-05,0.2384446722169916,4.892618430734011e-06,0.8315789473684211,16.15625,0.0,52.833333333333336,0,0.05344,-0.21145,34.32977,9.83807,15.0,23.0,5960.0,0.0,0.39679,0.00065,0.0,0.0,0.5
YMR158W,20,4.9071281525464756e-05,0.2393509613550265,7.863306569454829e-06,0.8368421052631579,19.92842741935484,0.0,64.83333333333333,0,0.05161,-0.22065,38.39032,9.65143,12.0,23.0,12085.0,0.0,0.69174,0.00055,0.0,0.0,0.5
YMR188C,24,0.0001202321789022547,0.24026416609121512,8.22148000632286e-06,0.7427536231884058,22.946247464503042,0.0,74.83333333333333,0,0.05063,-0.69873,44.82447,9.59088,35.0,45.0,4595.0,0.0,0.16628,0.00035,0.0,0.0,0.5
YNL137C,21,4.304854228082901e-05,0.23613277562007304,6.876880486683011e-06,0.8523809523809524,19.880040322580644,0.0,56.24999999999999,1,0.09877,-0.70905,42.41399,9.65729,58.0,85.0,68215.0,0.0,1.21045,0.00017,0.3153500824189429,0.0,0.5
YNL306W,27,0.0001431689549492483,0.2434890993855238,8.482087148057294e-06,0.698005698005698,23.701612903225808,0.0,96.16666666666666,1,0.10138,-0.46544,38.50783,9.89813,20.0,37.0,27180.0,0.0,1.10654,0.0004,0.3153500824189429,0.0,0.5
YNR037C,24,0.00261957042058707,0.26764581999244225,9.631108047160446e-05,0.6231884057971014,22.816430020283974,0.0,50.08333333333334,0,0.07692,-0.44066,48.37143,10.54095,6.0,15.0,8480.0,0.0,0.82531,0.00103,0.0,0.0,0.5
YPL013C,27,0.0024210324019091987,0.26402291897912816,5.461441243047128e-05,0.584045584045584,24.972782258064516,0.0,59.83333333333333,0,0.06612,-0.32975,37.35455,10.40204,11.0,24.0,15595.0,0.0,1.14343,0.00076,0.0,0.0,0.5
YPL118W,9,0.00034133449399203727,0.21444476820760475,2.5815948121607446e-06,0.5277777777777778,8.100806451612904,0.0,17.25,0,0.09012,-0.5814,41.95174,9.95062,35.0,56.0,33920.0,0.0,0.85993,0.00025,0.0,0.0,0.5
YDR026C,4,8.63984174187747e-05,0.23286458823431183,0.0013974016087800003,0.0,1.0,0.5,0.0,0,0.07193,-0.99649,47.25877,9.3299,90.0,111.0,91175.0,0.0,1.37412,0.00014,0.0,0.0,0.5
YDR398W,4,0.0004251543061963895,0.2210030409744071,0.0014943217635260966,0.0,3.0601374570446733,0.5,0.0,1,0.06998,-0.42426,40.76487,4.83051,100.0,65.0,82695.0,0.0,1.14853,7e-05,0.3153500824189429,0.19338324065864865,0.5315971493720756
YBL093C,6,0.0003241665694318474,0.24106565980944566,4.1055244781663715e-05,0.13333333333333333,4.650101419878296,1.0,10.142857142857142,0,0.08636,-1.00091,52.33591,5.95831,27.0,25.0,24535.0,0.0,0.98704,0.00024,0.0,0.0,0.5
YBR169C,5,0.0002913367442297164,0.2234112135865148,1.0050311612656176e-06,0.0,4.48335015136226,0.0,0.0,0,0.07648,-0.49986,31.99048,5.45721,110.0,96.0,53790.0,0.0,0.69299,7e-05,0.0,0.0,0.5
YER179W,32,0.012800282219558378,0.28127403364443104,0.0028477155170811633,0.10080645161290322,27.157258064516128,1.0,57.11746031746032,0,0.05389,-0.2991,32.15659,5.67072,45.0,39.0,14160.0,0.0,0.38676,0.00015,0.0,0.0,0.5
YKL129C,20,0.0010983315127842776,0.25988248174009687,0.00010647645148200748,0.16842105263157894,17.079463364293087,0.0,7.705627705627705,0,0.08333,-0.56517,36.04759,9.3913,144.0,188.0,130750.0,0.0,0.91787,7e-05,0.0,0.0,0.5
YOR140W,5,0.00017956281770134793,0.23584220508670073,2.2132571358310024e-05,0.3,2.439914163090129,1.0,5.571428571428571,0,0.06136,-0.74817,56.85444,8.78448,67.0,73.0,45185.0,0.0,0.54215,0.00011,0.0,0.0,0.5
YBL094C,2,0.0003078220437868714,0.2666904625370878,0.0001166481928928252,0.0,1.9535232383808097,0.0,0.0,0,0.09091,0.33182,37.33818,9.50714,3.0,9.0,7490.0,0.0,0.62008,0.00079,0.0,0.0,0.5
YBL095W,2,8.4301300058002e-05,0.22559501818196126,7.607920582002785e-06,0.0,1.0,0.0,0.0,0,0.0963,-0.11556,37.94593,7.742,31.0,32.0,35450.0,0.0,1.16058,0.00025,0.0,0.0,0.5
YBR162C,7,0.0004637228361590778,0.22500774106862964,1.4533231786907648e-06,0.0,5.378755364806867,0.0,0.0,0,0.09011,-0.25275,45.15055,4.49249,51.0,25.0,54330.0,0.0,1.13202,9e-05,0.0,0.0,0.5
YBL097W,1,0.0,0.20553581644404922,2.177176292556789e-07,0.0,0.0,0.3333333333333333,0.0,1,0.07294,-0.89363,35.28967,4.57037,156.0,91.0,54485.0,0.0,0.63196,5e-05,0.6846499175810571,0.22418506295530205,0.5
YLR373C,32,0.003891406614050397,0.2607587492029295,1.5612708338115433e-05,0.004032258064516129,13.012207527975585,0.3333333333333333,10.333333333333334,0,0.08879,-0.26426,37.87081,5.05536,106.0,72.0,72865.0,0.0,0.71089,5e-05,0.0,0.0,0.5
YBL098W,1,0.0,0.1967035544522768,6.762362008993636e-07,0.0,1.0,0.0,0.0,0,0.09565,-0.28239,40.06285,8.59845,58.0,63.0,42705.0,0.0,0.81453,0.00016,0.0,0.0,0.5
YDL226C,16,0.0016775483730307316,0.24670509599706308,5.0566156937100464e-05,0.03333333333333333,11.312889812889813,0.0,2.95,0,0.09091,-0.92358,44.86023,5.64606,50.0,43.0,42690.0,0.0,1.08637,0.00014,0.0,0.0,0.5
YBL099W,16,9.445735613329749e-05,0.24917340202789687,5.568959979837048e-05,0.775,10.616008105369808,0.0,48.28333333333334,0,0.05688,-0.08385,34.42572,9.06122,58.0,64.0,31985.0,0.0,0.54575,0.00015,0.0,0.0,0.5
YDL004W,14,0.0,0.24713385968915869,5.437593061370286e-05,1.0,8.689969604863222,0.0,61.5,1,0.05625,0.03625,50.16875,6.13629,16.0,15.0,3105.0,0.0,0.18243,0.00036,0.3153500824189429,0.0,0.5
YDR298C,15,3.4044281457344025e-05,0.24837314938446717,5.491728932476592e-05,0.8857142857142857,5.588652482269503,0.0,78.66666666666667,0,0.05189,-0.09387,24.26745,9.58185,21.0,30.0,4595.0,0.0,0.20141,0.00042,0.0,0.0,0.5
YDR322CA,14,0.0,0.24713385968915869,5.437593061370286e-05,1.0,0.0,0.0,43.47380952380952,0,0.0,0.0,0.0,0.0,0.0,0.0,0.0,0.0,0.0,0.0,0.0,0.0,0.0
YDR377W,14,0.0,0.24713385968915869,5.437593061370286e-05,1.0,3.9793548387096775,0.0,61.5,0,0.12871,-0.29307,42.91792,10.10236,5.0,15.0,14440.0,0.0,1.27652,0.00089,0.0,0.0,0.5
YJL180C,3,0.0005851110563116868,0.25053291590085386,0.00010142221003810844,0.3333333333333333,2.4607843137254903,0.0,2.0,0,0.05846,-0.25169,30.74372,8.89337,38.0,43.0,29950.0,0.0,0.81934,0.00024,0.0,0.0,0.5
YJR121W,18,0.0017888863499926834,0.25991312825917,6.378332855821794e-05,0.6013071895424836,12.804435483870968,0.0,47.97857142857143,0,0.05871,-0.018,31.91098,5.51776,63.0,54.0,22015.0,0.0,0.40178,0.0001,0.0,0.0,0.5
YKL016C,15,3.4044281457344025e-05,0.24837314938446717,5.491728932476594e-05,0.8857142857142857,5.588652482269503,0.0,78.66666666666667,0,0.06322,-0.64023,52.74253,8.92291,26.0,29.0,16960.0,0.0,0.85616,0.00045,0.0,0.0,0.5
YML081CA,14,0.0,0.24713385968915869,5.437593061370286e-05,1.0,0.0,0.0,43.47380952380952,0,0.0,0.0,0.0,0.0,0.0,0.0,0.0,0.0,0.0,0.0,0.0,0.0,0.0
YNL315C,2,0.0,0.2060546279285525,1.590719301796737e-06,1.0,1.7848101265822784,0.0,2.333333333333333,0,0.08491,-0.63711,49.52836,9.08466,38.0,44.0,32680.0,0.0,0.88682,0.00025,0.0,0.0,0.5
YOL077WA,14,0.0,0.24713385968915869,5.437593061370286e-05,1.0,0.0,0.0,43.47380952380952,0,0.0,0.0,0.0,0.0,0.0,0.0,0.0,0.0,0.0,0.0,0.0,0.0,0.0
YPL271W,15,0.0020826923513309202,0.26802010429108797,0.00014191253168557142,0.8666666666666667,4.422727272727273,0.0,61.5,0,0.09677,-0.37258,50.63403,9.77448,3.0,7.0,11460.0,0.0,1.69967,0.00145,0.0,0.0,0.5
YPR020W,17,0.001152730268021088,0.2613462177788299,7.712702495192717e-05,0.6764705882352942,7.175475687103594,0.0,57.55,0,0.11304,-0.14348,31.09748,9.8172,5.0,16.0,15025.0,0.0,1.16284,0.00076,0.0,0.0,0.5
YBL100C,1,0.0,0.17780439880911275,3.0189814756150976e-07,0.0,0.0,0.0,0.0,0,0.07692,0.56923,43.36452,7.54181,10.0,11.0,5220.0,0.0,0.46399,0.00067,0.0,0.0,0.0
YJL070C,7,0.0008657927728586048,0.21768526692718634,1.9133994498205623e-05,0.0,1.70752688172043,0.0,0.0,0,0.14189,-0.50372,43.15973,5.28888,124.0,101.0,173930.0,0.0,1.66819,5e-05,0.0,0.0,0.5
YBL101C,1,0.0,0.2190373493304608,1.059777776634009e-05,0.0,1.0,0.0,0.0,0,0.06804,-0.65139,48.63099,6.43085,132.0,125.0,69525.0,0.0,0.56246,5e-05,0.0,0.0,0.5
YFL002WA,2,4.023551333635701e-05,0.18777162443668102,3.431900887852419e-08,0.0,0.0,0.0,0.0,0,0.0,0.0,0.0,0.0,0.0,0.0,0.0,0.0,0.0,0.0,0.0,0.0,0.0
YJL162C,2,1.5570793685015183e-05,0.18362603746044837,6.178625296004385e-08,0.0,1.0,0.5,0.0,0,0.07719,-1.03756,60.57566,7.98041,87.0,89.0,45560.0,0.0,0.67608,0.00012,0.0,0.0,0.5
YNL229C,6,0.00019755651936571058,0.21487334415186563,6.110190983209004e-07,0.13333333333333333,4.072463768115942,0.0,0.0,0,0.10169,-0.55113,38.83277,6.00909,36.0,30.0,49390.0,0.0,1.22646,0.00015,0.0,0.0,0.5
YBL102W,5,0.0003395810563479424,0.23277851060228777,8.340390139142726e-06,0.0,1.8385167464114833,0.0,0.0,1,0.13953,0.2893,47.13023,9.09552,13.0,18.0,31565.0,0.0,1.30036,0.00037,0.3153500824189429,0.0,0.5
YFL058W,1,0.0,0.18774763215109347,1.2992136742019645e-07,0.0,0.0,0.0,0.0,0,0.10882,-0.31647,35.00294,8.17523,42.0,45.0,53050.0,0.0,1.37466,0.00021,0.0,0.0,0.0
YGR068C,3,2.4055386702501064e-05,0.23311087547728837,3.0410570853057755e-05,0.0,1.7827827827827827,0.0,0.0,0,0.07167,-0.35154,46.94044,8.49115,62.0,66.0,45560.0,0.0,0.69583,0.00013,0.0,0.0,0.5
YBL103C,5,0.00013281130019931925,0.2084319190162903,4.160712651372366e-07,0.1,3.557651991614256,1.0,0.0,0,0.06173,-0.82449,54.65947,5.52606,63.0,46.0,29340.0,0.0,0.54194,0.0001,0.0,0.0,0.5
YDL126C,5,6.770124985276788e-05,0.21029132025930367,1.6642517694270316e-06,0.2,4.0,0.5,2.651515151515152,1,0.05868,-0.36647,30.8278,4.82318,142.0,100.0,43820.0,0.0,0.47633,5e-05,0.6846499175810571,0.2889671908216764,0.5361208988527095
YFR021W,11,0.005681496896511404,0.24863932851686638,8.70971427277084e-06,0.0,4.973226238286479,0.0,0.0,0,0.076,-0.2526,45.89062,5.32733,59.0,46.0,27320.0,0.0,0.49581,0.0001,0.0,0.0,0.5
YNL098C,6,0.00011307023386763314,0.2166155604557997,1.2709698954813156e-05,0.26666666666666666,2.475,0.0,5.573412698412698,0,0.04969,-0.71988,39.45593,6.76678,35.0,35.0,18130.0,0.0,0.52241,0.00019,0.0,0.0,0.5
YOL067C,2,0.0,0.18720544677774337,6.765322246275545e-08,1.0,1.0,1.0,0.0,0,0.0565,-0.70113,21.36045,5.89178,22.0,21.0,9065.0,0.0,0.47671,0.00031,0.0,0.0,0.5
YOL108C,12,0.0015731388063491417,0.22682549425108178,3.7792527086668232e-06,0.015151515151515152,5.0020964360587,1.0,0.0,0,0.03974,-0.83642,63.22517,9.39496,23.0,28.0,15470.0,0.0,0.89023,0.00054,0.0,0.0,0.5
YBL104C,1,0.0,0.17347316733995213,4.43339550261068e-08,0.0,1.0,0.0,0.0,0,0.08863,-0.55934,39.54701,5.76593,137.0,121.0,166975.0,0.0,1.41944,5e-05,0.0,0.0,0.5
YNL054W,2,0.00021149327066866054,0.21122845633597795,2.896980334525277e-06,0.0,1.998974358974359,0.0,0.0,0,0.04979,-0.89545,46.08742,5.5899,139.0,106.0,50240.0,0.0,0.39207,4e-05,0.0,0.0,0.5
YBL105C,14,0.0010316537828423886,0.2479679729580651,6.369021671593218e-05,0.08791208791208792,9.798672566371682,0.0,5.712121212121212,1,0.07819,-0.67924,47.59863,6.69427,159.0,154.0,117710.0,0.0,0.8953,5e-05,0.6846499175810571,0.0,0.5
YBR045C,5,0.00014342862750053037,0.22434356228182215,2.1712595498511137e-05,0.2,2.5079908675799087,0.0,3.95,0,0.08294,-0.99984,50.31772,5.07428,118.0,90.0,43540.0,0.0,0.59356,7e-05,0.0,0.0,0.5
YEL002C,10,5.7330072333525036e-05,0.2120923140529024,5.3967513306626195e-06,0.7111111111111111,7.519148936170213,0.5,4.583333333333334,1,0.13256,-0.33186,36.25326,5.62384,53.0,45.0,79800.0,0.0,1.61568,0.00011,0.3153500824189429,0.19338324065864865,0.5128593835752072
YER118C,23,0.0027934619743128866,0.2706530763968517,0.00011623467535880692,0.023715415019762844,19.64242424242424,0.0,27.90909090909091,0,0.11717,-0.4139,37.00332,5.41046,37.0,30.0,67060.0,0.0,1.63063,0.00013,0.0,0.0,0.5
YGL022W,9,4.678545498777429e-05,0.20626674724044375,5.0950714414099044e-06,0.7222222222222222,1.883849557522124,0.5,2.083333333333333,1,0.1546,0.32368,31.91485,8.02448,62.0,64.0,171255.0,0.0,2.10057,0.0001,0.3153500824189429,0.19338324065864865,0.5513266146668874
YJL002C,10,0.0003552773943123119,0.2300332231527174,5.962300313559705e-06,0.6666666666666666,2.334070796460177,0.5,9.416666666666666,1,0.14286,-0.15861,35.51683,5.01312,53.0,34.0,81040.0,0.0,1.49876,9e-05,0.3153500824189429,0.19338324065864865,0.5414261728804309
YJL020C,17,0.001079958776359152,0.24845714436227728,1.4649008549942407e-05,0.08823529411764706,12.952380952380953,0.0,2.0,0,0.05532,-0.82939,63.28998,5.1673,184.0,127.0,60280.0,0.0,0.46985,4e-05,0.0,0.0,0.5
YOR231W,7,0.0005497941573273077,0.23693236523921116,1.1627610532368848e-05,0.047619047619047616,3.7640573318632855,0.0,2.033333333333333,0,0.08071,-0.50472,48.54195,8.45587,55.0,59.0,59205.0,0.0,1.04382,0.00015,0.0,0.0,0.5
YPR154W,20,0.0024360631227416103,0.26045061478732784,0.002905399762095512,0.005263157894736842,13.055837563451776,0.5,0.0,0,0.08837,-0.8014,63.42791,6.82172,15.0,15.0,24535.0,0.0,1.04233,0.00029,0.0,0.0,0.5
YCL017C,2,5.645193532649144e-06,0.21307650112507365,7.197852213475643e-07,0.0,0.0,0.0,0.0,1,0.07042,-0.24728,34.03024,8.35101,55.0,58.0,42580.0,0.0,0.78177,0.00015,0.3153500824189429,0.0,0.0
YHR098C,5,7.794584197831238e-05,0.23794271052982421,4.813825842592055e-06,0.1,1.0,0.25,0.0,1,0.08827,-0.22853,42.31565,5.86542,94.0,80.0,72850.0,0.0,0.70082,6e-05,0.3153500824189429,0.13944903000175835,0.5697245150008792
YHR161C,7,9.25502896154134e-05,0.21953915310899563,1.1512135349289773e-06,0.047619047619047616,0.0,0.0,0.0,0,0.0832,-0.60879,47.60192,6.53058,54.0,50.0,45855.0,0.0,0.6399,9e-05,0.0,0.0,0.0
YIL033C,9,0.0018294722032965807,0.2671591912288196,9.757009267184801e-05,0.05555555555555555,7.584474885844749,0.3333333333333333,2.658333333333333,0,0.09135,-0.68846,52.11065,7.71136,54.0,55.0,29130.0,0.0,0.61692,0.00016,0.0,0.0,0.5
YOR197W,9,0.0012195466476822793,0.2732874553797597,0.00015805839676777064,0.027777777777777776,5.0,0.5,0.0,0,0.09028,-0.70833,42.01713,5.16449,41.0,31.0,50115.0,0.0,1.04446,0.00011,0.0,0.0,0.5
YPL174C,15,0.002590764685981877,0.2703377073025588,7.353793116804122e-05,0.047619047619047616,6.860786397449521,0.0,74.66666666666666,0,0.06567,-0.48445,43.6324,5.62201,133.0,116.0,57270.0,0.0,0.57105,6e-05,0.0,0.0,0.5
YBL107C,1,0.0,0.17936713278302097,7.080711732417148e-08,0.0,0.0,0.0,0.0,0,0.08163,-0.97806,36.96276,6.62994,30.0,30.0,24700.0,0.0,1.07553,0.00029,0.0,0.0,0.0
YML116W,2,0.00021149327066866054,0.22003227789136087,4.536029275488615e-06,0.0,0.0,0.0,0.0,0,0.14207,0.56513,32.6338,6.94659,30.0,30.0,102510.0,0.0,1.709,0.00012,0.0,0.0,0.0
YBL109W,1,0.0,0.23453719900375225,5.744300599321293e-05,0.0,0.0,0.0,0.0,0,0.0,0.0,0.0,0.0,0.0,0.0,0.0,0.0,0.0,0.0,0.0,0.0,0.0
YBL112C,1,0.0,0.22568741835324202,2.0182263553764617e-06,0.0,1.0,0.0,0.0,0,0.05714,-0.14381,48.2239,9.38568,11.0,17.0,19980.0,0.0,1.66859,0.00078,0.0,0.0,0.5
YBL113C,1,0.0,0.00021358393848782572,2.229258935376394e-19,0.0,0.0,0.0,0.0,0,0.06439,-0.63144,32.90948,6.47345,82.0,79.0,83780.0,0.0,0.96326,7e-05,0.0,0.0,0.0
YLR348C,1,0.0,0.00021358393848782572,2.229258935376394e-19,0.0,0.0,0.0,0.0,0,0.10403,-0.01208,29.45067,9.64923,22.0,36.0,41745.0,0.0,1.26534,0.00029,0.0,0.0,0.0
YBR001C,1,0.0,0.17286093311146714,2.2837903682053976e-08,0.0,0.0,0.0,0.0,0,0.12051,-0.54397,42.26799,6.05316,105.0,95.0,138395.0,0.0,1.54324,7e-05,0.0,0.0,0.0
YDR001C,5,0.00026503264207507877,0.2103214206439011,1.3562527197153572e-06,0.0,1.7839335180055402,0.0,0.0,0,0.11984,-0.54381,39.14089,7.61005,93.0,94.0,129330.0,0.0,1.50597,9e-05,0.0,0.0,0.5
YBR003W,2,0.0005980900362758716,0.2486673805649869,3.5937355134581185e-05,0.0,1.7545748116254036,0.0,0.0,0,0.05708,-0.2537,46.22939,8.97015,55.0,62.0,23545.0,0.0,0.44797,0.00017,0.0,0.0,0.5
YJR022W,58,0.024237109963578852,0.2859449049867361,0.0005109255996494677,0.041742286751361164,42.147029204431014,0.5,142.58333333333331,1,0.06422,-0.24495,25.6844,6.58221,17.0,17.0,8730.0,0.0,0.70487,0.00053,0.3153500824189429,0.19338324065864865,0.502294150315087
YBR004C,1,0.0,0.2042785418821782,6.514867882855096e-07,0.0,0.0,0.5,0.0,1,0.19861,0.42633,38.38596,9.51532,19.0,39.0,118230.0,0.0,2.32928,0.00019,0.3153500824189429,0.19338324065864865,0.5
YLR082C,7,0.001298249248633585,0.2587384313714576,4.16645191142227e-05,0.14285714285714285,5.245033112582782,0.5,0.0,0,0.06633,-0.72551,41.13112,7.67609,60.0,61.0,34295.0,0.0,0.75976,0.00017,0.0,0.0,0.5
YBR006W,2,2.9030396121334205e-05,0.22180369604888414,0.0014039419912771271,0.0,1.0,0.0,0.0,0,0.09054,-0.05292,30.2795,6.24078,55.0,52.0,48705.0,0.0,0.89881,0.00012,0.0,0.0,0.5
YKL023W,10,0.0012753264746815244,0.25908820120345144,3.104515133450431e-05,0.0,1.949738219895288,0.0,0.0,0,0.02527,-1.52383,70.32563,9.01862,56.0,62.0,8730.0,0.0,0.27034,0.00028,0.0,0.0,0.5
YBR008C,1,0.0,0.2411052155158083,2.796114024364536e-05,0.0,0.0,0.0,0.0,0,0.14781,0.41022,40.52064,5.9682,45.0,40.0,100085.0,0.0,1.62401,0.0001,0.0,0.0,0.0
YCR084C,7,0.0003675926997205862,0.2354768512433506,0.0013982979329435722,0.047619047619047616,4.8538071065989845,1.0,3.0588235294117645,0,0.0547,-0.62791,45.80238,5.43231,79.0,63.0,63675.0,0.0,0.81315,7e-05,0.0,0.0,0.5
YDL208W,25,0.0014697766074948566,0.2786954956866361,0.003937573114993522,0.6966666666666667,23.1029263370333,0.5,187.86666666666665,1,0.04487,-0.57244,43.64936,9.72748,20.0,33.0,4595.0,0.0,0.26837,0.00057,0.3153500824189429,0.19338324065864865,0.5041852542365739
YDR227W,11,0.0007508882974114491,0.23619603789720428,2.9463529867955297e-05,0.14545454545454545,8.052016985138005,1.0,6.653711484593837,0,0.04713,-0.88358,46.84382,9.03192,185.0,206.0,64915.0,0.0,0.4269,6e-05,0.0,0.0,0.5
YDR303C,12,0.000522548554309645,0.24526382102462158,9.25692416140727e-05,0.25757575757575757,4.847596717467761,1.0,14.7,1,0.08927,-0.34056,50.21936,8.21906,94.0,98.0,66250.0,0.0,0.6513,8e-05,0.3153500824189429,0.23974612282610783,0.5247283485817014
YEL056W,6,8.054626109599301e-05,0.2334936519559046,8.60508711157897e-05,0.13333333333333333,4.238611713665944,0.3333333333333333,1.0,0,0.0798,-0.51521,54.35536,4.71698,62.0,31.0,66140.0,0.0,1.46783,0.0001,0.0,0.0,0.5
YER164W,1,0.0,0.2021520065704633,6.1702960432311555e-06,0.0,0.0,1.0,0.0,0,0.07561,-0.84496,44.87657,6.10309,242.0,225.0,166800.0,0.0,0.99145,4e-05,0.0,0.0,0.0
YFL024C,3,2.050128357251721e-05,0.2118476862396926,6.532191811264214e-06,0.0,0.0,1.0,0.0,1,0.07933,-1.02151,56.26505,8.80182,121.0,130.0,62855.0,0.0,0.64975,9e-05,0.6846499175810571,0.40640486218295563,0.5
YGR252W,8,0.0007812939219071926,0.22355850772266575,8.193813740573066e-06,0.07142857142857142,1.8492146596858638,1.0,2.421052631578948,0,0.10023,-0.65262,42.82096,6.22638,68.0,64.0,49655.0,0.0,0.97232,0.00012,0.0,0.0,0.5
YHR193C,5,0.004481808099612299,0.26636815851565193,0.00013821487902642535,0.0,1.9217877094972067,0.3333333333333333,0.0,0,0.03448,-0.47126,35.81782,4.83917,27.0,20.0,2980.0,0.0,0.15928,0.00026,0.0,0.0,0.5
YJL081C,8,0.0006492182581427461,0.225364348429219,3.4142843273450525e-05,0.2857142857142857,3.309090909090909,1.0,7.223809523809523,1,0.08589,-0.49121,46.03538,5.34442,68.0,57.0,74215.0,0.0,1.35352,0.0001,0.3153500824189429,0.23974612282610783,0.536225375701747
YLR176C,1,0.0,0.2021520065704633,6.1702960432311555e-06,0.0,0.0,0.0,0.0,0,0.07891,-0.40592,52.85143,8.96942,68.0,82.0,54915.0,0.0,0.60624,0.0001,0.0,0.0,0.0
YLR442C,9,0.00022329622008301081,0.23279080351053671,4.9400077008489695e-05,0.3333333333333333,7.112008072653885,1.0,13.178221288515406,0,0.07157,-0.50624,46.6488,6.02118,145.0,136.0,86135.0,0.0,0.77349,5e-05,0.0,0.0,0.5
YMR061W,27,0.0006377221567734865,0.25979058553014633,0.001510630114392884,0.32193732193732194,15.231422505307856,0.5,63.89642857142858,1,0.12851,-0.63944,46.04124,5.62347,92.0,84.0,126600.0,0.0,1.5833,7e-05,0.6846499175810571,0.2889671908216764,0.5094858898018546
YOL054W,1,0.0,0.2021520065704633,6.1702960432311555e-06,0.0,0.0,1.0,0.0,0,0.06404,-1.22192,67.18771,4.2663,115.0,48.0,32775.0,0.0,0.69634,9e-05,0.0,0.0,0.0
YDR477W,16,0.0014239422978969331,0.25780026055766553,1.157870908475626e-05,0.10833333333333334,12.27540650406504,0.25,7.885714285714286,0,0.07899,-0.56888,52.26746,6.17572,83.0,70.0,73270.0,0.0,1.01701,9e-05,0.0,0.0,0.5
YJL168C,3,0.00019262147306745543,0.21275769367611969,3.558353740933683e-06,0.0,1.4023605150214593,0.5,0.0,0,0.07776,-0.75839,54.68228,8.70294,111.0,123.0,59425.0,0.0,0.70358,0.0001,0.0,0.0,0.5
YKL011C,23,0.003426609635622033,0.24893419105915537,0.00012813800631383888,0.007905138339920948,19.061767838125665,0.0,55.0,0,0.08215,-0.4966,39.89518,9.3515,39.0,54.0,38930.0,0.0,0.94951,0.00023,0.0,0.0,0.5
YPL209C,5,0.00011133890562016566,0.2216698509139859,5.492098725271744e-06,0.3,1.4448484848484848,0.25,5.0,1,0.08719,-0.66431,54.81717,9.72296,41.0,64.0,50225.0,0.0,1.16951,0.00023,0.3153500824189429,0.13944903000175835,0.5482573195266152
YBR011C,4,0.00032600556648165627,0.18791570702001548,1.2450849568187792e-07,0.0,3.3646659116647792,0.0,0.0,1,0.09756,-0.51777,23.5892,5.36371,43.0,35.0,49515.0,0.0,1.53301,0.00017,0.3153500824189429,0.0,0.5
YGR087C,6,0.0005140069341812881,0.20481004763627392,6.604043805584277e-07,0.06666666666666667,2.5383211678832116,0.0,0.0,0,0.08526,-0.04867,30.50497,5.80231,60.0,51.0,63955.0,0.0,1.03857,9e-05,0.0,0.0,0.5
YHR183W,4,0.00019607203606518948,0.21129933157298073,2.411571523635352e-06,0.0,3.9048697621744055,0.0,5.2,0,0.09202,-0.14335,33.62742,6.18829,58.0,54.0,67225.0,0.0,1.25554,0.00012,0.0,0.0,0.5
YLR354C,2,0.00016148346464868725,0.16041801576751422,1.6812170622817976e-08,0.0,1.9599056603773586,0.0,0.0,0,0.0806,-0.25403,30.44358,6.08746,48.0,46.0,27640.0,0.0,0.7463,0.00016,0.0,0.0,0.5
YBR012C,1,0.0,0.00021358393848782572,2.229258935376394e-19,0.0,0.0,0.0,0.0,0,0.1223,-0.60432,41.16842,6.26984,15.0,14.0,28140.0,0.0,1.75145,0.00039,0.0,0.0,0.0
YPL221W,1,0.0,0.00021358393848782572,2.229258935376394e-19,0.0,0.0,0.5,0.0,0,0.13115,0.11286,40.03874,8.29962,66.0,71.0,138475.0,0.0,1.55085,9e-05,0.0,0.0,0.0
YBR012WB,3,0.00022870593820429737,0.21322079207098402,7.584613631735126e-07,0.0,0.0,0.0,0.0,0,0.0,0.0,0.0,0.0,0.0,0.0,0.0,0.0,0.0,0.0,0.0,0.0,0.0
YLR116W,18,0.0010907533669024686,0.23653824078533608,3.293142336241379e-05,0.0457516339869281,2.7563218390804596,1.0,0.0,1,0.06303,-0.82899,61.47899,9.72284,44.0,69.0,27485.0,0.0,0.51826,0.00018,0.3153500824189429,0.23974612282610783,0.5434902266177468
YLR157CA,1,0.0,0.17481466748395955,1.2283387651753059e-08,0.0,0.0,0.0,0.0,0,0.0,0.0,0.0,0.0,0.0,0.0,0.0,0.0,0.0,0.0,0.0,0.0,0.0
YBR013C,1,0.0,0.1349578010371222,3.0647031617445625e-11,0.0,0.0,0.0,0.0,0,0.10853,0.02868,41.53574,6.69196,8.0,8.0,14035.0,0.0,0.96917,0.00046,0.0,0.0,0.0
YGR292W,4,0.005482802819910275,0.15675568632962994,1.933566757564331e-09,0.0,0.0,0.0,0.0,0,0.14897,-0.66729,30.14781,5.47406,88.0,72.0,149365.0,0.0,2.19353,8e-05,0.0,0.0,0.0
YBR014C,4,0.0006404036261327225,0.26407036813487833,0.00011398355110815768,0.0,3.701522842639594,0.0,0.0,0,0.07389,-0.43695,41.81823,5.63666,27.0,21.0,14565.0,0.0,0.64547,0.00025,0.0,0.0,0.5
YBR101C,14,0.0012587627442662724,0.24904670368788268,0.0001682402592633823,0.0,12.282233502538071,0.0,0.0,0,0.05862,-0.24241,46.20693,4.92084,45.0,33.0,20190.0,0.0,0.61925,0.00015,0.0,0.0,0.5
YGR119C,39,0.0036782469880454393,0.28393730468763434,0.00017467605997164562,0.07827260458839407,28.764883955600403,0.25,81.33333333333333,1,0.06285,-0.70702,40.75453,9.58783,33.0,46.0,36565.0,0.0,0.63594,0.00017,0.3153500824189429,0.13944903000175835,0.5024239456383172
YNR069C,6,0.0005629059948217111,0.24607160071874082,1.233651913379816e-05,0.0,1.9287878787878787,0.0,0.0,0,0.09202,-0.5908,49.25403,5.52887,67.0,55.0,38360.0,0.0,0.69961,0.0001,0.0,0.0,0.5
YBR018C,1,0.0,0.22412683827921107,4.069454388987861e-05,0.0,1.0,0.0,0.0,0,0.10929,-0.54016,48.01505,7.21039,42.0,42.0,61600.0,0.0,1.45336,0.00017,0.0,0.0,0.5
YBR019C,2,0.0004229865413373211,0.18754793461859784,3.0140986534865e-07,0.0,1.829946524064171,0.0,0.0,0,0.1073,-0.33834,27.25969,5.65582,84.0,71.0,92360.0,0.0,1.18116,7e-05,0.0,0.0,0.5
YHL019C,2,0.00021149327066866054,0.1571860881213637,4.058912187132045e-09,0.0,1.0,0.0,0.0,0,0.0876,-0.54628,38.89688,6.40509,89.0,85.0,58425.0,0.0,0.83477,9e-05,0.0,0.0,0.5
YOL150C,4,0.0009325384083685601,0.23242258015794176,2.275488549790645e-05,0.0,1.9026737967914438,0.0,0.0,0,0.14563,0.32136,31.0932,10.09332,3.0,12.0,17210.0,0.0,1.4606,0.00086,0.0,0.0,0.5
YBR020W,2,2.457581569108398e-05,0.2256527594202981,4.071907046353174e-05,0.0,1.8119312436804853,0.0,0.0,0,0.0928,-0.08902,37.96593,6.2951,58.0,54.0,48050.0,0.0,0.82925,0.00011,0.0,0.0,0.5
YML051W,3,1.7094094868039662e-05,0.21376881117673846,1.7538858942030416e-06,0.3333333333333333,3.0,0.0,4.666666666666666,0,0.10345,-0.10345,40.50552,7.72858,38.0,39.0,49530.0,0.0,1.02498,0.00016,0.0,0.0,0.5
YBR021W,1,0.0,0.20570846307692955,2.482536945256955e-07,0.0,1.0,0.0,0.0,0,0.1643,0.23523,39.42782,8.19586,46.0,50.0,172170.0,0.0,2.40008,0.00011,0.0,0.0,0.5
YOR128C,24,0.003007490710116774,0.2610366942189568,1.6508945449553504e-05,0.0,16.413541666666667,0.0,25.0,0,0.05604,-0.00385,40.99179,6.92645,62.0,61.0,30465.0,0.0,0.4887,0.00011,0.0,0.0,0.5
YBR024W,2,0.00021149327066866054,0.19090237128212392,1.9685463963650513e-06,0.0,1.0,0.0,0.0,1,0.13289,-0.58339,50.62465,8.33759,41.0,44.0,42705.0,0.0,1.22406,0.00024,0.3153500824189429,0.0,0.5
YBR037C,1,0.0,0.15952399867099207,3.404302116618217e-08,0.0,0.0,0.0,0.0,0,0.12203,-0.35729,29.37495,9.1452,32.0,40.0,36370.0,0.0,1.09662,0.00028,0.0,0.0,0.0
YPR119W,13,0.001297615519881378,0.23762205030863692,0.00011436572092451648,0.01282051282051282,7.865792129162462,0.0,0.0,0,0.07943,-0.56802,50.12037,6.2757,68.0,63.0,43485.0,0.0,0.77312,0.00011,0.0,0.0,0.5
YGL245W,7,0.0004027483874956794,0.22537587071299778,5.634809457976931e-06,0.047619047619047616,6.682976554536188,0.3333333333333333,2.5,1,0.08898,-0.45819,31.44703,7.21466,108.0,108.0,101145.0,0.0,1.25115,9e-05,0.6846499175810571,0.22418506295530205,0.5167728452378852
YMR186W,14,0.0004665043091177602,0.23559011572206315,5.910211663311526e-06,0.14285714285714285,13.827272727272728,0.0,40.17857142857142,0,0.08227,-0.55603,42.83366,4.77911,142.0,100.0,55810.0,0.0,0.68987,6e-05,0.0,0.0,0.5
YBR027C,4,0.00016272398245663724,0.2438797596279681,2.8710699595804977e-05,0.16666666666666666,1.0,0.0,2.2666666666666666,0,0.13636,0.54909,38.45645,9.27448,4.0,11.0,17835.0,0.0,1.38888,0.00072,0.0,0.0,0.5
YLR353W,4,0.00010407678226903599,0.24713385968915869,3.1936951305977495e-05,0.16666666666666666,0.0,0.0,1.6666666666666667,0,0.05307,-0.65887,59.42222,5.88055,77.0,66.0,32025.0,0.0,0.48312,9e-05,0.0,0.0,0.0
YOR046C,5,7.104945918262608e-05,0.2102511998128171,9.768095896080323e-07,0.2,0.0,0.25,5.666666666666667,1,0.05602,-0.37344,32.38112,6.99054,67.0,67.0,20775.0,0.0,0.38563,0.00013,0.3153500824189429,0.13944903000175835,0.5
YBR028C,1,0.0,0.22409265697094827,5.9054157191823046e-06,0.0,1.0,0.0,0.0,0,0.09333,-0.56705,40.76522,7.6391,67.0,68.0,59875.0,0.0,1.00477,0.00013,0.0,0.0,0.5
YBR033W,1,0.0,0.00021358393848782572,2.229258935376394e-19,0.0,0.0,1.0,0.0,0,0.08161,-0.38857,49.31187,8.86298,95.0,113.0,66845.0,0.0,0.6465,9e-05,0.0,0.0,0.0
YNL228W,1,0.0,0.00021358393848782572,2.229258935376394e-19,0.0,0.0,0.0,0.0,0,0.15891,0.59109,61.2938,4.92401,20.0,13.0,19115.0,0.0,0.66739,0.00017,0.0,0.0,0.0
YBR034C,9,0.0012991811528290397,0.24670509599706308,8.043760168780069e-05,0.0,7.170558375634518,1.0,0.0,0,0.1092,-0.37787,38.34371,5.25873,53.0,38.0,46215.0,0.0,1.1616,0.00013,0.0,0.0,0.5
YDR249C,1,0.0,0.1967035544522768,1.300647295142971e-06,0.0,1.0,0.0,0.0,0,0.12869,-0.19651,53.90783,8.80634,39.0,44.0,40840.0,0.0,0.93265,0.0002,0.0,0.0,0.5
YER017C,3,0.00016385107031777253,0.1980824415959164,1.3122004937459757e-06,0.3333333333333333,3.0,0.0,2.225,0,0.07884,-0.36294,36.35611,9.20233,87.0,100.0,40840.0,0.0,0.48307,0.00011,0.0,0.0,0.5
YGR165W,3,0.00023170795376372086,0.21355133491306671,2.4758810181030617e-06,0.0,2.373205741626794,0.0,0.0,0,0.09855,-0.72,44.68293,9.88361,32.0,54.0,34965.0,0.0,0.88352,0.00025,0.0,0.0,0.5
YGR181W,3,0.0001135925194622792,0.199571108985672,1.3092367485132306e-06,0.3333333333333333,1.0,0.0,0.8333333333333334,0,0.05714,-0.27619,52.02,8.38409,9.0,11.0,10470.0,0.0,0.92772,0.00074,0.0,0.0,0.5
YMR048W,9,0.0009899249880785772,0.25484920247878384,6.069191456212184e-05,0.0,2.80406852248394,1.0,0.0,0,0.07256,-0.76751,43.17069,4.76947,62.0,41.0,28545.0,0.0,0.78519,0.00013,0.0,0.0,0.5
YBR035C,1,0.0,0.24106565980944566,9.591623407287666e-06,0.0,1.0,0.0,0.0,0,0.11404,-0.86667,33.63728,6.93549,37.0,37.0,47565.0,0.0,1.7677,0.00026,0.0,0.0,0.5
YBR038W,4,2.526021994888698e-05,0.19282300228666827,3.3991101058943216e-07,0.0,1.817629179331307,0.0,0.0,1,0.1215,-0.26075,43.48312,8.81012,98.0,110.0,159070.0,0.0,1.44767,8e-05,0.6846499175810571,0.0,0.5
YCL022C,2,1.9350540087459486e-05,0.20108232165292964,2.590484929445326e-07,0.0,0.0,0.0,0.0,0,0.0,0.0,0.0,0.0,0.0,0.0,0.0,0.0,0.0,0.0,0.0,0.0,0.0
YHR123W,3,3.0683366250193975e-05,0.20714880898851146,1.186833360779768e-06,0.3333333333333333,2.6717325227963524,0.0,0.0,0,0.16113,0.42404,43.15606,6.04169,28.0,23.0,77530.0,0.0,1.73993,0.00014,0.0,0.0,0.5
YPL020C,9,0.000355262140920258,0.2368814366852342,2.3479284018930905e-05,0.0,2.7437020810514787,0.0,0.0,1,0.0934,-0.92721,51.19196,9.48016,86.0,112.0,80385.0,0.0,1.11064,0.00013,0.3153500824189429,0.0,0.5
YPR106W,2,1.5430950514313284e-05,0.19059696710807347,5.863117517864051e-07,0.0,1.933085501858736,0.0,0.0,0,0.09932,-0.16456,55.00594,6.42804,41.0,37.0,49570.0,0.0,0.99668,0.00013,0.0,0.0,0.5
YBR126C,22,0.002802730397406022,0.25374894400618947,2.8138359678754442e-05,0.0735930735930736,16.34572864321608,0.0,11.733333333333334,0,0.11111,-0.22364,34.57293,5.71381,59.0,47.0,86790.0,0.0,1.54576,0.0001,0.0,0.0,0.5
YDR343C,3,0.00045534599727079054,0.2332342145648425,4.152722481890868e-05,0.0,2.0811921891058582,0.0,0.0,0,0.12807,0.36684,37.16253,7.89435,44.0,46.0,110125.0,0.0,1.75626,0.00013,0.0,0.0,0.5
YKL150W,6,0.0003260407797633191,0.23713629863228378,4.217210683288002e-05,0.26666666666666666,3.511318242343542,0.0,4.6,0,0.11589,-0.46523,30.24043,8.65509,35.0,38.0,30035.0,0.0,0.87983,0.00025,0.0,0.0,0.5
YLL041C,6,0.000507081637230833,0.22128039030548283,1.47098764351494e-06,0.3333333333333333,3.949771689497717,0.0,3.7857142857142856,0,0.08271,-0.3203,55.34628,9.10345,23.0,36.0,40265.0,0.0,1.33191,0.0003,0.0,0.0,0.5
YOR142W,4,0.00013480555056317632,0.211868050335265,8.774223168981377e-07,0.0,2.9915865384615383,0.0,0.0,0,0.06383,-0.04498,28.66748,8.5899,32.0,35.0,9315.0,0.0,0.2659,0.00025,0.0,0.0,0.5
YBR040W,1,0.0,0.20180034129626093,4.0162420380564455e-07,0.0,1.0,0.0,0.0,0,0.12416,0.42349,44.34265,9.51617,15.0,27.0,48860.0,0.0,1.44661,0.00028,0.0,0.0,0.5
YCL040W,5,0.000529739306493145,0.2547755551540587,2.9688527348457424e-05,0.0,4.243048403707518,0.0,10.5,0,0.068,-0.22,35.0116,5.79547,65.0,54.0,31245.0,0.0,0.56423,0.0001,0.0,0.0,0.5
YBR041W,1,0.0,0.20685718701433708,8.606877138673926e-06,0.0,0.0,0.0,0.0,0,0.13303,-0.17339,36.11212,8.54303,71.0,77.0,123285.0,0.0,1.5982,0.00011,0.0,0.0,0.0
YDL153C,35,0.011068249305659078,0.2628892327812216,0.0005350309915468694,0.010084033613445379,19.659617321248742,0.5,3.947619047619048,1,0.06721,-1.29934,53.92756,4.59491,158.0,97.0,44935.0,0.0,0.63957,7e-05,0.6846499175810571,0.2889671908216764,0.507349257772921
YBR042C,2,4.309866439830666e-05,0.22441208854429176,4.0736147944171194e-05,0.0,1.5698035160289556,0.0,0.0,0,0.11839,-0.00781,33.90579,9.37494,36.0,50.0,76820.0,0.0,1.68781,0.00021,0.0,0.0,0.5
YHR115C,5,0.00012099651223066787,0.2097410027727803,2.8627180157877965e-06,0.0,4.381125226860254,0.0,2.4444444444444446,0,0.0625,-0.4262,33.33798,6.31964,45.0,41.0,26690.0,0.0,0.57899,0.00014,0.0,0.0,0.5
YBR043C,2,5.698095343807573e-07,0.21252177491445007,7.457927720280915e-06,0.0,1.3871345029239766,0.0,0.0,0,0.10595,-0.06343,36.8582,7.59235,65.0,66.0,115920.0,0.0,1.49989,0.0001,0.0,0.0,0.5
YJL155C,2,1.1261631530357768e-05,0.22584930091584812,1.0841204164890267e-05,0.0,1.357451403887689,0.0,0.0,0,0.10619,-0.55442,37.33854,6.39655,66.0,64.0,73395.0,0.0,1.39549,0.00012,0.0,0.0,0.5
YBR044C,4,0.00021259475401033882,0.2271527700337794,8.66723212314136e-06,0.5,3.450381679389313,0.0,7.0,0,0.07343,-0.30629,40.65769,9.04889,61.0,76.0,51240.0,0.0,0.79749,0.00014,0.0,0.0,0.5
YKL141W,6,0.0018082642205356958,0.24681560219907744,3.0792226083133544e-05,0.3333333333333333,4.72906976744186,0.0,0.5714285714285714,1,0.11616,0.25101,35.78742,10.23029,7.0,22.0,35410.0,0.0,1.60461,0.00046,0.3153500824189429,0.0,0.5
YKL148C,4,3.762507695368312e-05,0.2049528852183152,6.82916791395841e-07,0.8333333333333334,2.2803738317757007,0.0,3.7857142857142856,0,0.07344,-0.36906,38.38359,7.13666,74.0,73.0,71165.0,0.0,1.01333,0.0001,0.0,0.0,0.5
YOR178C,12,0.0009438214464528795,0.23535112948614648,2.269435734921311e-05,0.15151515151515152,4.444206008583691,0.0,10.85952380952381,0,0.08701,-0.66898,51.1197,5.42804,95.0,75.0,68980.0,0.0,0.77916,6e-05,0.0,0.0,0.5
YBR047W,2,6.125633976755122e-05,0.2401594473045777,2.7772551735083342e-05,0.0,1.596551724137931,0.0,0.0,0,0.10286,-0.41829,38.61429,7.06915,26.0,26.0,9065.0,0.0,0.44193,0.00034,0.0,0.0,0.5
YJL128C,5,6.164681824425012e-05,0.22785726534040748,2.9464449124381656e-06,0.1,3.9175365344467643,0.0,2.5,0,0.0524,-0.53503,55.56528,9.09601,63.0,74.0,35590.0,0.0,0.48942,0.00013,0.0,0.0,0.5
YOR285W,8,0.000714456140040027,0.23651285842233732,0.00012960207977497204,0.03571428571428571,4.444208289054198,0.0,0.0,0,0.09353,-0.51871,37.04971,5.91486,17.0,14.0,25565.0,0.0,1.65866,0.00038,0.0,0.0,0.5
YBR049C,10,0.0003220591590365806,0.24162062350775726,6.27510881624294e-05,0.28888888888888886,7.827330508474576,1.0,28.55,1,0.04444,-1.19506,46.84852,4.95563,149.0,99.0,85090.0,0.0,0.92617,5e-05,0.6846499175810571,0.40640486218295563,0.5259606299838078
YDR130C,7,0.00036801324112315637,0.2399894738281535,0.0001194484421789287,0.09523809523809523,4.639908256880734,0.2,6.461538461538462,1,0.03436,-0.86804,67.66564,9.82062,35.0,51.0,1740.0,0.0,0.05243,0.0003,0.3153500824189429,0.12238285902226197,0.5131880688417465
YMR239C,5,1.6409545946440526e-05,0.2348746086570505,0.00020082133341073729,0.5,2.436046511627907,0.0,8.372027972027972,1,0.06582,-0.7276,37.08219,8.5932,73.0,77.0,43445.0,0.0,0.8035,0.00016,0.3153500824189429,0.0,0.5
YNR003C,28,0.0010384710823798788,0.261687542610598,0.0003459486532397639,0.5026455026455027,24.562244897959182,1.0,145.5,1,0.09779,-0.32555,38.76817,5.25812,43.0,34.0,38765.0,0.0,1.07279,0.00015,0.3153500824189429,0.23974612282610783,0.5048803788868262
YOR116C,28,0.002742056059217818,0.27961475770856475,0.0007776011661334115,0.5317460317460317,25.529591836734692,1.0,68.98055555555555,1,0.06849,-0.2811,39.36121,8.49786,176.0,187.0,117600.0,0.0,0.72459,5e-05,0.6846499175810571,0.40640486218295563,0.507959486089358
YBR050C,4,0.0001639597427162423,0.2442310740359867,4.161884877533598e-05,0.0,3.7048808172531214,0.0,0.0,0,0.07692,-0.75888,46.24648,8.3526,45.0,48.0,34795.0,0.0,0.898,0.00022,0.0,0.0,0.5
YBR052C,1,0.0,0.18379447361889273,2.3075738846661272e-08,0.0,0.0,0.0,0.0,0,0.10952,-0.15,28.13148,5.15485,28.0,21.0,38765.0,0.0,1.69126,0.00022,0.0,0.0,0.0
YDR032C,6,0.000723296627258421,0.22673216002857338,1.5131868199351505e-06,0.13333333333333333,2.66775956284153,0.0,12.5,0,0.10606,-0.03182,26.73793,5.46198,20.0,14.0,32555.0,0.0,1.5528,0.00026,0.0,0.0,0.5
YBR054W,3,8.658077794250723e-05,0.25252787896857953,8.915097369766312e-05,0.0,2.808467741935484,0.0,0.0,0,0.12791,0.14535,44.43727,9.24994,29.0,40.0,65485.0,0.0,1.69129,0.00024,0.0,0.0,0.5
YDR190C,2,7.5970732748509444e-06,0.2348370707621077,2.6426601696538182e-05,0.0,1.9500509683995924,1.0,0.0,1,0.04104,-0.12376,42.18661,5.66437,65.0,58.0,18255.0,0.0,0.36183,0.00011,0.3153500824189429,0.23974612282610783,0.5614717581004736
YOR040W,2,2.3033918353594803e-06,0.22342253701345788,3.718580680687713e-06,0.0,1.960639606396064,0.0,0.0,0,0.08772,-0.45684,36.88702,7.12518,34.0,34.0,36870.0,0.0,1.14013,0.00022,0.0,0.0,0.5
YDL064W,7,0.0005753364107454716,0.24698154724762011,1.0951053572220747e-05,0.09523809523809523,6.446652719665272,1.0,5.843137254901961,1,0.11465,-0.79172,65.43516,9.2431,17.0,23.0,39670.0,0.0,2.21481,0.00052,0.3153500824189429,0.23974612282610783,0.5185946205923867
YER172C,13,0.0011767376282506793,0.24700922645273582,0.00030463842672379376,0.41025641025641024,11.164979757085021,1.0,27.071428571428573,1,0.08877,-0.32372,43.82049,5.34161,304.0,242.0,254770.0,0.0,1.03488,2e-05,0.6846499175810571,0.40640486218295563,0.5181999820431856
YJR084W,8,0.0,0.23137343351225717,6.148394215405252e-05,1.0,1.5984095427435387,0.5,35.333333333333336,0,0.0922,-0.36336,47.32839,9.27448,49.0,64.0,56935.0,0.0,1.15062,0.00019,0.0,0.0,0.5
YLR438CA,27,0.0017678723203018174,0.2628892327812216,0.00170173748082016,0.21082621082621084,0.0,0.0,75.16426482873852,0,0.0,0.0,0.0,0.0,0.0,0.0,0.0,0.0,0.0,0.0,0.0,0.0,0.0
YLR446W,8,0.00047295610848626377,0.25053291590085386,1.2941967879556357e-05,0.0,2.1715145436308925,0.0,0.0,0,0.11085,0.09723,48.3557,5.55548,43.0,34.0,43205.0,0.0,0.8823,0.00011,0.0,0.0,0.5
YOR319W,37,0.0008380162105295994,0.2752326832714488,0.0003932558064001004,0.5525525525525525,30.711133400200602,1.0,359.91666666666663,1,0.11268,-0.37371,19.91418,9.14532,24.0,30.0,20985.0,0.0,0.85643,0.00037,0.3153500824189429,0.23974612282610783,0.5039032444635296
YPR082C,8,0.0006288707678254069,0.2366525288707534,4.518651255806768e-05,0.39285714285714285,5.046750285062714,1.0,23.0,1,0.0979,-0.24406,39.91056,5.77838,21.0,18.0,13325.0,0.0,0.79428,0.00034,0.3153500824189429,0.23974612282610783,0.5237525248213394
YBR056W,1,0.0,0.00021358393848782572,2.229258935376394e-19,0.0,0.0,0.0,0.0,0,0.12974,-0.61597,31.71758,6.00201,73.0,63.0,141790.0,0.0,2.45221,0.0001,0.0,0.0,0.0
YFR007W,1,0.0,0.00021358393848782572,2.229258935376394e-19,0.0,0.0,0.0,0.0,0,0.07082,-0.31331,42.45895,6.31769,46.0,42.0,21275.0,0.0,0.53341,0.00016,0.0,0.0,0.0
YBR057C,5,0.00025674117254500134,0.2316165749934596,4.910787258631112e-06,0.1,1.8544194107452339,0.3333333333333333,2.1666666666666665,0,0.06011,-0.86721,44.16831,5.62604,45.0,35.0,23505.0,0.0,0.56731,0.00014,0.0,0.0,0.5
YCL055W,5,6.964148288046019e-05,0.21108684840662376,4.1414859792922726e-07,0.1,0.0,1.0,3.0,0,0.08955,-0.55403,51.87854,8.6651,36.0,40.0,47035.0,0.0,1.21626,0.00022,0.0,0.0,0.0
YDR206W,5,0.0001130989346929021,0.23949400495900922,6.130052262283321e-06,0.0,0.0,0.5,0.0,0,0.10633,-0.3741,46.93441,9.05573,76.0,90.0,108930.0,0.0,1.08931,9e-05,0.0,0.0,0.0
YGL192W,2,0.0,0.19066291761572332,8.326916602351544e-08,1.0,0.0,0.3333333333333333,2.1666666666666665,0,0.09833,-0.53867,38.04303,8.24347,67.0,71.0,106365.0,0.0,1.53274,0.00012,0.0,0.0,0.0
YIL144W,20,0.0018795049685218685,0.2595152864285602,1.7456629285160463e-05,0.042105263157894736,13.886153846153846,0.5,5.333333333333333,1,0.06078,-0.81027,47.2657,8.70697,100.0,106.0,53080.0,0.0,0.65949,0.00011,0.6846499175810571,0.2889671908216764,0.5104048678281681
YBR058C,7,0.0003146624880985257,0.21820248763862604,1.0850336555866446e-06,0.0,4.132743362831858,0.5,0.0,0,0.08323,-0.5233,40.94828,5.08392,106.0,77.0,99635.0,0.0,1.12418,6e-05,0.0,0.0,0.5
YOL059W,2,0.000242392207654503,0.20516274110004298,2.1677177575812704e-06,0.0,1.6937618147448015,0.0,0.0,0,0.07727,-0.18773,41.81273,6.60211,51.0,47.0,47745.0,0.0,0.96609,0.00013,0.0,0.0,0.5
YOL064C,3,0.00023703596188923254,0.21478958511306942,2.3193941670495636e-06,0.0,1.0,0.5,0.0,0,0.07283,-0.22997,30.423,5.78534,47.0,39.0,32150.0,0.0,0.82123,0.00015,0.0,0.0,0.5
YOL113W,3,0.00022186920600210041,0.2060353659862362,1.0784616564942917e-06,0.0,2.533546325878594,0.0,8.857142857142858,0,0.08397,-0.56397,52.72615,8.89948,83.0,94.0,87415.0,0.0,1.16042,0.00012,0.0,0.0,0.5
YOL156W,2,6.857437700842084e-05,0.20350522391743334,1.1517954493635375e-06,0.0,1.0,0.0,0.0,0,0.14109,0.30829,34.37907,8.72772,38.0,45.0,110000.0,0.0,1.75349,0.00014,0.0,0.0,0.5
YOR123C,9,0.002246128405558378,0.2506326276595135,3.523280262014062e-05,0.1111111111111111,8.105050505050505,1.0,0.0,0,0.05819,-1.47651,70.42353,4.3277,133.0,62.0,26150.0,0.0,0.48498,8e-05,0.0,0.0,0.5
YBR059C,7,0.00031706147905376686,0.23122779349955536,1.8959894389453173e-06,0.0,3.4188911704312117,0.0,11.6,0,0.06408,-0.82969,56.25976,7.38361,121.0,121.0,59890.0,0.0,0.48303,6e-05,0.0,0.0,0.5
YER144C,5,0.0001753819599065049,0.23304925483878,3.892293342130211e-06,0.0,1.3993250843644545,0.0,0.0,0,0.09814,-0.37665,47.79144,8.63031,78.0,88.0,78710.0,0.0,0.85314,9e-05,0.0,0.0,0.5
YGR199W,1,0.0,0.1867375521170687,2.7034625863581426e-08,0.0,1.0,0.5,0.0,0,0.15415,-0.05283,36.77933,6.36078,71.0,63.0,203195.0,0.0,2.30838,7e-05,0.0,0.0,0.5
YJL039C,6,0.00021721504084711398,0.24699538607471974,9.216580326568936e-06,0.06666666666666667,2.7316176470588234,0.3333333333333333,5.75,1,0.1123,0.01272,35.4639,5.18829,203.0,160.0,166715.0,0.0,0.87042,3e-05,0.6846499175810571,0.22418506295530205,0.5410352201371751
YML014W,2,2.3416593665543344e-05,0.20284035778002593,3.728424050632718e-07,0.0,1.0,0.5,0.0,0,0.09319,-0.89104,47.33548,8.51202,39.0,42.0,58370.0,0.0,1.79942,0.00026,0.0,0.0,0.5
YMR144W,3,0.00017644016610169683,0.2367923643787883,4.330483867208859e-05,0.0,1.8357771260997067,0.0,0.0,0,0.02632,-0.86871,48.91667,6.67914,43.0,42.0,10345.0,0.0,0.26821,0.00017,0.0,0.0,0.5
YNL330C,17,0.0010944418628529688,0.2418194445814649,0.00011385128359508134,0.25,14.22823779193206,0.5,10.951948051948053,0,0.1224,-0.41755,27.76681,5.28705,61.0,44.0,59930.0,0.0,1.22547,0.00011,0.0,0.0,0.5
YBR061C,20,0.007571775509013295,0.24954014465188357,2.286631624627607e-05,0.0,7.424311926605505,0.0,0.0,0,0.0871,-0.38871,45.05548,8.0329,38.0,40.0,30910.0,0.0,0.89077,0.00023,0.0,0.0,0.5
YBR300C,1,0.0,0.198501673133495,3.4644395218544655e-07,0.0,0.0,0.0,0.0,0,0.13333,0.17576,55.20364,9.67426,6.0,17.0,18295.0,0.0,0.96897,0.00051,0.0,0.0,0.0
YDR383C,9,0.0019727367005298343,0.26749964532286685,2.905966531866353e-05,0.027777777777777776,4.208187134502924,0.5,15.0,0,0.04202,-0.52563,49.93193,4.52423,49.0,30.0,10680.0,0.0,0.39591,0.00017,0.0,0.0,0.5
YDR461W,2,1.306092776378482e-05,0.20362743233903935,6.727702671822417e-07,0.0,0.0,0.0,0.0,0,0.08333,-0.39722,45.12222,7.88385,4.0,5.0,7115.0,0.0,1.81206,0.00201,0.0,0.0,0.0
YER028C,2,0.00020870784460493206,0.2227901877729467,3.480512528770571e-06,0.0,0.0,0.5,0.0,0,0.0533,-0.69797,61.23528,9.95819,31.0,51.0,11180.0,0.0,0.25928,0.00023,0.0,0.0,0.0
YGR182C,3,0.00048292818191521307,0.25341343232397373,8.910679788983066e-05,0.0,1.800314465408805,0.0,0.0,0,0.13675,0.21026,57.30427,9.3891,7.0,14.0,19410.0,0.0,1.42596,0.00069,0.0,0.0,0.5
YGR201C,2,0.00040727855147569195,0.19917434733758918,3.5130096914881553e-07,0.0,0.0,0.0,0.0,0,0.12444,-0.36578,30.41778,5.39435,37.0,31.0,32805.0,0.0,1.24749,0.00021,0.0,0.0,0.0
YGR219W,1,0.0,0.198501673133495,3.4644395218544655e-07,0.0,0.0,0.5,0.0,0,0.15044,0.18673,44.12389,7.75641,6.0,7.0,17460.0,0.0,1.31603,0.00058,0.0,0.0,0.0
YGR235C,1,0.0,0.198501673133495,3.4644395218544655e-07,0.0,0.0,0.0,0.0,0,0.09871,-0.51288,42.42794,9.29828,29.0,36.0,41160.0,0.0,1.52946,0.00035,0.0,0.0,0.0
YGR277C,1,0.0,0.198501673133495,3.4644395218544655e-07,0.0,0.0,0.5,0.0,1,0.06557,-0.12984,64.24,5.89447,37.0,30.0,27930.0,0.0,0.81414,0.00017,0.3153500824189429,0.19338324065864865,0.5
YHL011C,5,0.0033503333153938387,0.2436236683583245,9.951819559328448e-06,0.2,4.547252747252747,0.0,3.0,0,0.04375,0.02531,32.71625,8.51141,38.0,41.0,9565.0,0.0,0.27233,0.00024,0.0,0.0,0.5
YHR008C,3,0.0001563931300083251,0.21618001349985402,8.563305345825176e-07,0.0,1.0,0.0,0.0,0,0.1073,-0.34592,27.66094,8.49176,22.0,24.0,45045.0,0.0,1.7477,0.00033,0.0,0.0,0.5
YHR022C,3,0.0002308363698227828,0.2006703990201449,3.49127368904074e-07,0.0,1.0,0.0,0.0,0,0.09375,-0.18242,40.26289,6.52533,31.0,30.0,21275.0,0.0,0.73373,0.00023,0.0,0.0,0.5
YHR026W,17,0.0016243129533303864,0.2677921545030997,9.999177798347191e-05,0.6764705882352942,13.50100806451613,0.0,61.35194805194806,0,0.11737,0.91878,12.70094,8.3902,11.0,13.0,30285.0,0.0,1.34031,0.00037,0.0,0.0,0.5
YHR058C,8,0.005102414257684825,0.26672273584289485,9.346925264834204e-05,0.14285714285714285,3.871345029239766,1.0,13.6,1,0.08475,-0.47898,46.92441,5.19952,29.0,24.0,34380.0,0.0,1.04758,0.00016,0.3153500824189429,0.23974612282610783,0.5309641895795049
YHR059W,19,0.0004828770626713033,0.23871583750002837,6.966377116586119e-06,0.7017543859649122,17.351814516129032,0.0,73.0,0,0.11538,-0.88769,42.87846,10.28973,11.0,27.0,21095.0,0.0,1.37953,0.00067,0.0,0.0,0.5
YJL017W,3,0.00012161450367837184,0.21787893709349168,1.8145458263615473e-06,0.0,0.0,0.0,0.0,0,0.0,0.0,0.0,0.0,0.0,0.0,0.0,0.0,0.0,0.0,0.0,0.0,0.0
YJL097W,2,5.682575627310454e-05,0.2107840412793728,7.806255667523066e-07,0.0,1.6012820512820514,0.3333333333333333,0.0,1,0.13825,0.79355,39.50604,9.9754,4.0,20.0,39100.0,0.0,1.59524,0.00041,0.3153500824189429,0.16204621790391252,0.550598899105305
YJL140W,20,0.00407236780376334,0.2779749435789837,0.00017484536635234315,0.5052631578947369,18.60612244897959,0.5,148.1059523809524,0,0.04072,-0.9,48.88009,4.82428,48.0,31.0,3105.0,0.0,0.12218,0.00019,0.0,0.0,0.5
YBR064W,2,7.320262991428152e-05,0.20848120768423778,1.9066332112020599e-06,0.0,1.0,0.0,0.0,0,0.11972,0.75775,39.99718,6.25861,12.0,12.0,11585.0,0.0,0.7223,0.00039,0.0,0.0,0.5
YOR317W,5,0.0005234504059679623,0.2557956626980516,8.906877143776914e-05,0.0,1.8659160696008188,0.0,0.0,0,0.08714,-0.24443,29.62201,7.52606,81.0,82.0,96855.0,0.0,1.24388,0.0001,0.0,0.0,0.5
YBR065C,4,2.5024409272645145e-05,0.24408231756785845,0.00014375236337358624,0.0,3.115217391304348,1.0,0.0,0,0.05769,-0.41154,42.225,9.54364,37.0,58.0,29210.0,0.0,0.71376,0.00023,0.0,0.0,0.5
YJR050W,9,0.0008230536618537807,0.26400710638291447,0.00012180815127497694,0.16666666666666666,3.436793422404933,0.5,6.875,0,0.08511,-1.0966,50.58643,9.3548,35.0,43.0,50545.0,0.0,1.80367,0.00033,0.0,0.0,0.5
YLR249W,33,0.0009418105516644335,0.2711692086168506,0.0035298936395471835,0.4015151515151515,29.288702928870293,0.0,235.4333333333333,1,0.06418,-0.28496,31.66341,5.73309,150.0,129.0,92175.0,0.0,0.795,5e-05,0.6846499175810571,0.0,0.5
YOR308C,21,0.0004956073082739788,0.2629362752923068,0.0029100648793618554,0.5142857142857142,17.955301455301456,1.0,101.0218253968254,0,0.03918,-1.09455,47.10273,6.34955,105.0,100.0,21430.0,0.0,0.3226,0.0001,0.0,0.0,0.5
YBR066C,2,0.00012730310743304076,0.25492289239391186,8.885957977782202e-05,0.0,1.5974842767295598,1.0,0.0,0,0.06818,-0.86727,42.57045,9.86615,18.0,38.0,12460.0,0.0,0.49822,0.00039,0.0,0.0,0.5
YBR067C,3,0.00026217164735674846,0.2533551730142838,8.8836338996181e-05,0.0,1.0,0.0,0.0,0,0.05238,0.26095,43.93571,4.18829,18.0,7.0,12950.0,0.0,0.62478,0.0002,0.0,0.0,0.5
YNL237W,2,1.747475093557136e-05,0.2304541329608701,8.755989879590941e-06,0.0,1.0,0.0,0.0,0,0.13943,0.41917,36.86364,6.22662,38.0,33.0,95600.0,0.0,1.85115,0.00012,0.0,0.0,0.5
YPR138C,1,0.0,0.2009081926655815,1.1680722695429015e-06,0.0,0.0,0.0,0.0,0,0.13701,0.32311,27.71227,6.06195,36.0,31.0,130635.0,0.0,2.43317,0.00011,0.0,0.0,0.0
YBR068C,2,0.0,0.1895560806396699,6.021236293204896e-08,1.0,1.0,0.0,0.0,0,0.13793,0.25123,34.05783,8.48175,47.0,52.0,99460.0,0.0,1.46764,0.00013,0.0,0.0,0.5
YOR133W,2,0.0,0.1895560806396699,6.021236293204896e-08,1.0,1.0,0.0,0.0,0,0.0,0.0,0.0,0.0,0.0,0.0,0.0,0.0,0.0,0.0,0.0,0.0,0.5
YBR069C,1,0.0,0.00021358393848782572,2.229258935376394e-19,0.0,1.0,0.0,0.0,0,0.12116,0.24523,36.46737,7.85138,51.0,53.0,98010.0,0.0,1.42546,0.00011,0.0,0.0,0.5
YOL109W,1,0.0,0.00021358393848782572,2.229258935376394e-19,0.0,1.0,0.0,0.0,0,0.0177,-1.25929,53.50265,5.43048,23.0,21.0,0.0,0.0,0.0,0.00043,0.0,0.0,0.5
YBR070C,1,0.0,0.00021358393848782572,2.229258935376394e-19,0.0,0.0,0.6666666666666666,0.0,1,0.11814,0.31013,21.01941,9.69586,16.0,30.0,37400.0,0.0,1.3834,0.00036,0.3153500824189429,0.2140833020160308,0.5
YJL018W,1,0.0,0.00021358393848782572,2.229258935376394e-19,0.0,0.0,0.0,0.0,1,0.0,0.0,0.0,0.0,0.0,0.0,0.0,0.0,0.0,0.0,0.0,0.0,0.0
YBR072W,4,8.453360898031214e-05,0.2489623096845998,1.2782672317095465e-05,0.0,3.7759674134419554,0.0,4.75,0,0.09346,-0.68785,48.11495,5.31268,33.0,28.0,21430.0,0.0,0.89743,0.00022,0.0,0.0,0.5
YPL169C,11,0.0007353133342963874,0.2402510712489385,1.561214974357521e-05,0.0,6.733890214797136,0.3333333333333333,0.0,1,0.08514,-0.37162,39.78698,9.21661,49.0,58.0,62465.0,0.0,0.92746,0.00014,0.3153500824189429,0.16204621790391252,0.5120321398727166
YBR073W,3,0.00028144356987090197,0.23593056386617017,4.329099480598895e-05,0.0,2.9529675251959686,1.0,0.0,0,0.07203,-0.42098,41.99103,9.27289,106.0,136.0,72375.0,0.0,0.67048,9e-05,0.0,0.0,0.5
YGL213C,6,0.00040934424566697593,0.21811611357127775,2.18766166136453e-06,0.0,1.8463302752293578,0.3333333333333333,7.0,1,0.09824,-0.2665,35.15846,5.315,54.0,38.0,65065.0,0.0,1.47102,0.00012,0.3153500824189429,0.16204621790391252,0.543883323606277
YBR074W,3,0.0003887146125904739,0.2586321670544194,0.0001294069974589561,0.0,2.592391304347826,0.0,0.0,0,0.11475,-0.17582,36.98744,6.08173,103.0,90.0,138185.0,0.0,1.24453,5e-05,0.0,0.0,0.5
YMR083W,2,1.0619236491165897e-05,0.20615099168851533,1.9242708349027815e-06,0.0,1.0,0.0,0.0,0,0.07733,-0.044,26.87069,8.64935,38.0,43.0,46255.0,0.0,1.1458,0.00021,0.0,0.0,0.5
YBR076W,1,0.0,0.25173471847841494,8.868705264917986e-05,0.0,1.0,0.0,0.0,0,0.13559,-0.62768,37.35791,9.07025,37.0,49.0,57185.0,0.0,1.36904,0.00022,0.0,0.0,0.5
YBR077C,4,7.689515368883759e-05,0.19886883764664456,3.589992313483152e-07,0.0,0.0,0.0,0.0,0,0.08642,-0.24136,30.98642,4.91266,22.0,14.0,16180.0,0.0,0.88157,0.00027,0.0,0.0,0.0
YKR007W,4,0.0007303764644245892,0.20435430231679214,1.473332348623021e-06,0.16666666666666666,1.2686567164179106,0.0,2.230769230769231,0,0.02717,-0.89022,49.0337,4.88141,30.0,18.0,3230.0,0.0,0.15957,0.00024,0.0,0.0,0.5
YMR004W,3,0.0007773024201433642,0.20112819524914557,1.235497032491793e-07,0.0,0.0,0.0,0.0,0,0.08611,-0.57965,42.44364,5.36334,80.0,66.0,81275.0,0.0,1.3624,9e-05,0.0,0.0,0.0
YOR045W,10,0.0038150481047176847,0.24140890773688517,2.5065691640018134e-05,0.6222222222222222,1.75,0.0,22.9,0,0.11475,0.38852,57.45902,5.8764,3.0,3.0,1490.0,0.0,0.23254,0.00092,0.0,0.0,0.5
YDL145C,15,0.0015347926043271464,0.26782469501643624,0.00012426731658025944,0.41904761904761906,13.706653225806452,0.0,46.83928571428571,1,0.09076,-0.29459,32.11133,5.66119,161.0,134.0,162495.0,0.0,1.19829,4e-05,0.6846499175810571,0.0,0.5
YER155C,13,0.0005777200482726543,0.25376355162486464,0.0006619072442352074,0.19230769230769232,11.936936936936936,0.0,11.101010101010102,0,0.08399,-0.47499,46.6218,8.52704,239.0,251.0,192920.0,0.0,0.78606,3e-05,0.0,0.0,0.5
YIL071C,4,4.9081811221119786e-05,0.24022488584607757,0.00020309864011546722,0.16666666666666666,2.9735576923076925,0.5,6.0,0,0.09685,-0.12117,42.33313,4.75214,66.0,40.0,37120.0,0.0,0.72377,9e-05,0.0,0.0,0.5
YJL005W,14,0.0010067948816791371,0.24809357582595246,0.0006719351876442473,0.16483516483516483,11.826395939086295,0.0,14.013257575757574,1,0.0696,-0.52414,49.08047,6.883,243.0,237.0,150450.0,0.0,0.66036,3e-05,0.6846499175810571,0.0,0.5
YKR054C,8,0.0007045478706425414,0.24979467644786782,0.0002345449061402537,0.10714285714285714,4.964102564102564,0.0,2.05,0,0.09555,-0.19765,40.9783,5.90216,544.0,485.0,476425.0,0.0,1.01078,1e-05,0.0,0.0,0.5
YKR059W,15,0.00012925887810354104,0.2541292894774313,0.0017011114579152844,0.4857142857142857,0.0,0.0,33.274420024420024,0,0.0,0.0,0.0,0.0,0.0,0.0,0.0,0.0,0.0,0.0,0.0,0.0,0.0
YML085C,8,0.0002951837289303232,0.2304541329608701,6.228820158424738e-05,0.07142857142857142,4.994764397905759,0.0,7.8,1,0.0962,-0.32752,31.47673,4.9599,65.0,43.0,51685.0,0.0,1.03786,0.0001,0.3153500824189429,0.0,0.5
YNL062C,7,0.00011744294573468293,0.24952601920499962,0.0003883515836673273,0.7142857142857143,5.507109004739337,1.0,35.666666666666664,1,0.08577,-0.45042,40.96318,7.21771,62.0,62.0,45310.0,0.0,0.83308,0.00013,0.3153500824189429,0.23974612282610783,0.5217669672617508
YNL244C,23,0.0013430572778837077,0.25848051221270807,0.0008911328215512873,0.32806324110671936,21.18894472361809,0.0,108.3452380952381,1,0.06481,-0.54167,50.84259,7.76288,15.0,16.0,3230.0,0.0,0.26235,0.00063,0.3153500824189429,0.0,0.5
YOL145C,19,0.005555098529484105,0.2886221865563755,0.00039299085731324147,0.10526315789473684,18.095862764883954,1.0,18.19291240160805,0,0.08449,-0.69935,42.13707,5.94635,173.0,157.0,118455.0,0.0,0.94986,5e-05,0.0,0.0,0.5
YPL211W,51,0.00045590513159424407,0.27305046179853343,0.007944647287381545,0.7725490196078432,46.27619047619048,0.3333333333333333,659.0380952380951,1,0.09392,-0.15304,33.31271,9.27643,19.0,24.0,14565.0,0.0,0.71466,0.00046,0.3153500824189429,0.16204621790391252,0.5017508595266424
YPL237W,27,0.00047917974022637384,0.2613462177788299,0.001022662339800491,0.3561253561253561,21.18894472361809,0.0,110.33733766233766,1,0.05965,-0.67895,43.35614,9.52802,39.0,55.0,6585.0,0.0,0.20856,0.0003,0.3153500824189429,0.0,0.5
YBR081C,2,4.941280177130809e-06,0.20358041173396405,4.290898228339564e-06,0.0,0.0,1.0,0.0,0,0.06682,-0.90541,44.32718,4.74152,264.0,175.0,95410.0,0.0,0.62517,3e-05,0.0,0.0,0.0
YDR392W,15,0.006837526804125107,0.24695387424512738,2.2586335562668368e-05,0.23809523809523808,5.30787037037037,1.0,16.538239203177284,0,0.06231,-0.82047,43.74896,7.7619,54.0,55.0,32220.0,0.0,0.83042,0.0002,0.0,0.0,0.5
YGL241W,7,0.0026706683748372044,0.24419048611098623,0.00024977843694546075,0.19047619047619047,3.446280991735537,0.3333333333333333,4.583333333333333,0,0.08167,-0.01444,35.75876,4.54706,152.0,87.0,75355.0,0.0,0.66147,4e-05,0.0,0.0,0.5
YBR082C,1,0.0,0.17972547214398515,2.7455004686679338e-08,0.0,1.0,0.0,0.0,0,0.10135,-0.31486,48.24122,6.04266,17.0,15.0,27305.0,0.0,1.65932,0.00037,0.0,0.0,0.5
YKL010C,2,0.00021149327066866054,0.2205717615849649,1.9800876534178103e-06,0.0,1.5686528497409327,0.0,0.0,0,0.08564,-0.2439,41.16287,4.78387,240.0,150.0,105445.0,0.0,0.62824,3e-05,0.0,0.0,0.5
YBR083W,1,0.0,0.1847264239733279,3.881875238037206e-08,0.0,0.0,1.0,0.0,0,0.08642,-0.80494,57.91753,7.22369,60.0,60.0,49655.0,0.0,0.90025,0.00013,0.0,0.0,0.0
YHR084W,7,0.0009514701033962927,0.22815209643784087,2.843224987302567e-06,0.19047619047619047,1.95947426067908,1.0,2.05,1,0.10174,-0.8189,58.68304,5.46771,83.0,71.0,76055.0,0.0,0.97674,7e-05,0.3153500824189429,0.23974612282610783,0.5611761347513238
YEL046C,5,0.00028134409235401424,0.2448823207197113,8.127818644753229e-05,0.2,3.1983173076923075,0.0,17.0,0,0.0801,-0.16434,27.44264,5.86249,47.0,39.0,42705.0,0.0,0.99744,0.00014,0.0,0.0,0.5
YER065C,3,2.224318386904086e-05,0.24402826922473003,7.84086799716837e-05,0.0,2.021205357142857,0.0,0.0,0,0.08977,-0.42334,34.46715,5.97528,76.0,66.0,83600.0,0.0,1.33957,0.0001,0.0,0.0,0.5
YGR155W,11,0.0002295617945870416,0.24273825194248477,0.0014885538873732963,0.5454545454545454,9.646288209606986,0.0,16.166666666666664,1,0.07298,-0.33176,28.54339,6.24921,69.0,66.0,45965.0,0.0,0.82049,0.00011,0.3153500824189429,0.0,0.5
YGR240C,19,0.003539993092604886,0.25543991744077904,0.00024714639971305764,0.05263157894736842,15.408040201005026,0.0,4.666666666666667,0,0.07396,-0.23252,34.31541,5.98016,126.0,112.0,98790.0,0.0,0.91499,6e-05,0.0,0.0,0.5
YKL009W,35,0.0003429427299549977,0.2644505762358584,0.007078902344511282,0.8151260504201681,30.987975951903806,0.3333333333333333,354.65476190476187,0,0.08475,-0.56144,42.52415,8.63812,35.0,38.0,27640.0,0.0,1.02152,0.00032,0.0,0.0,0.5
YBR085W,2,0.0,0.18280362674278525,6.835372235701003e-08,1.0,1.0,0.0,0.0,0,0.11401,0.0873,19.46091,9.81671,21.0,41.0,33390.0,0.0,1.00233,0.00029,0.0,0.0,0.5
YMR056C,4,0.00024927344157170633,0.21551416130221587,3.1567068680963247e-06,0.16666666666666666,1.7901554404145077,0.0,0.0,0,0.12298,0.00647,18.74434,9.71991,23.0,39.0,39225.0,0.0,1.14962,0.00028,0.0,0.0,0.5
YMR319C,4,0.0001023095114682966,0.20486715877099612,1.3185045347636289e-06,0.16666666666666666,2.5714285714285716,0.0,0.0,0,0.11413,-0.02047,35.41504,5.31927,67.0,53.0,117435.0,0.0,1.87025,8e-05,0.0,0.0,0.5
YBR088C,14,0.0009793816271400034,0.22294793927147094,5.79827402397222e-06,0.15384615384615385,11.126379137412236,1.0,10.041666666666666,1,0.0814,0.00039,27.4186,4.44147,46.0,26.0,6460.0,0.0,0.22341,0.00015,0.3153500824189429,0.23974612282610783,0.5107737710474006
YJR068W,8,5.928694916302548e-05,0.21140066445787087,2.2592552680110228e-05,0.8928571428571429,7.261785356068205,1.0,29.65,1,0.07649,-0.33626,29.68473,8.61334,43.0,47.0,33515.0,0.0,0.84333,0.00022,0.3153500824189429,0.23974612282610783,0.516507381523317
YLR390W,2,1.5528812605288747e-05,0.20308332513017247,9.881538046947676e-07,0.0,1.9789964994165694,0.0,0.0,0,0.05357,-0.48661,36.48839,9.0307,11.0,14.0,8730.0,0.0,0.69755,0.00072,0.0,0.0,0.5
YLR390WA,2,1.5528812605288747e-05,0.20308332513017247,9.881538046947676e-07,0.0,0.0,0.0,0.0,0,0.0,0.0,0.0,0.0,0.0,0.0,0.0,0.0,0.0,0.0,0.0,0.0,0.0
YMR078C,4,3.544682795812575e-06,0.20657606519872176,2.0462159072019234e-05,0.8333333333333334,3.691823899371069,1.0,37.0,0,0.07557,-0.50756,41.95103,8.53595,95.0,101.0,86955.0,0.0,1.03061,0.0001,0.0,0.0,0.5
YNL088W,13,0.002191677867701327,0.24307287870281355,2.8779386532988732e-05,0.32051282051282054,11.076288659793814,1.0,10.20714285714286,1,0.08894,-0.69664,40.02474,6.62079,224.0,219.0,173025.0,0.0,1.05366,4e-05,0.6846499175810571,0.40640486218295563,0.5183457146461964
YOR144C,6,3.1493119936898353e-06,0.20218909527912685,2.8515347861285363e-06,0.8,5.97899649941657,0.5,26.85714285714286,0,0.07332,-0.57396,41.52277,6.52435,114.0,109.0,69300.0,0.0,0.75937,7e-05,0.0,0.0,0.5
YDL164C,2,0.00011129459068890925,0.20049698241042133,5.962418763729145e-07,0.0,1.7747747747747749,0.3333333333333333,5.166666666666667,1,0.07285,-0.4151,40.42119,7.44171,101.0,102.0,52770.0,0.0,0.62209,9e-05,0.3153500824189429,0.16204621790391252,0.5456526146886658
YHR031C,2,2.414810768804145e-05,0.18675337465156427,9.569009220471214e-08,0.0,0.0,0.5,0.0,0,0.06639,-0.38728,39.70888,9.69379,81.0,113.0,58830.0,0.0,0.72113,0.00012,0.0,0.0,0.0
YKL113C,5,0.0031797793306663534,0.2676945803895988,0.00010252627975518977,0.0,3.2662473794549265,0.3333333333333333,3.8666666666666663,0,0.06545,-0.50314,40.31181,9.04633,55.0,65.0,30785.0,0.0,0.71132,0.00021,0.0,0.0,0.5
YLR035C,6,0.001899317821622673,0.25689880851305574,8.930655585188384e-05,0.06666666666666667,4.614035087719298,1.0,3.4285714285714284,0,0.06619,-0.44763,46.06578,8.30829,90.0,94.0,60945.0,0.0,0.77888,0.00011,0.0,0.0,0.5
YML021C,1,0.0,0.18129993646769446,8.614962053406035e-08,0.0,0.0,0.5,0.0,0,0.09471,-0.52256,31.39944,9.48053,36.0,48.0,57535.0,0.0,1.42165,0.00023,0.0,0.0,0.0
YBR089CA,3,0.0,0.22041735363145773,5.007539258157439e-05,1.0,0.0,0.0,0.0,0,0.0,0.0,0.0,0.0,0.0,0.0,0.0,0.0,0.0,0.0,0.0,0.0,0.0
YBR089W,1,0.0,0.21645601057085803,2.798148520361548e-06,0.0,0.0,0.0,0.0,1,0.0804,0.04925,42.35176,8.84235,15.0,18.0,32345.0,0.0,1.46397,0.0004,0.3153500824189429,0.0,0.0
YBR090C,1,0.0,0.1710631633076768,1.499841808750442e-08,0.0,0.0,0.3333333333333333,0.0,0,0.13934,-0.32869,60.25164,11.20502,5.0,20.0,26720.0,0.0,1.86583,0.00078,0.0,0.0,0.0
YBR091C,7,0.0007599395022763553,0.24856922607846643,8.257301903419428e-05,0.38095238095238093,1.3775147928994083,0.0,6.4,1,0.09174,-0.41193,51.07706,6.27191,14.0,13.0,3730.0,0.0,0.30365,0.00051,0.3153500824189429,0.0,0.5
YDL217C,7,0.00155079073866684,0.23901353658708038,5.886453267427374e-05,0.38095238095238093,1.0,0.0,6.6,1,0.10145,-0.07778,36.30483,5.8869,17.0,16.0,13660.0,0.0,0.62478,0.00027,0.3153500824189429,0.0,0.5
YJL054W,6,0.00021229631659282515,0.20969111670038643,1.998925005357509e-06,0.5333333333333333,0.0,0.0,4.675,1,0.07741,-0.53703,47.85801,5.61298,72.0,65.0,61350.0,0.0,1.13229,0.0001,0.3153500824189429,0.0,0.0
YKL002W,42,0.012818529073956504,0.2948579702525434,0.0015424165208670132,0.004645760743321719,19.1817215727949,0.0,17.0,0,0.03448,-0.75259,41.33405,5.22723,38.0,33.0,6990.0,0.0,0.26588,0.0002,0.0,0.0,0.5
YLR288C,87,0.03569868456591308,0.30211271710475796,0.004831959706657545,0.0029403902699812884,46.596774193548384,1.0,90.66666666666669,0,0.06118,-0.41646,36.44367,5.18903,68.0,49.0,46630.0,0.0,0.87741,0.0001,0.0,0.0,0.5
YOR297C,4,1.4204058039394122e-05,0.21334462565460863,3.092447634931867e-06,0.5,1.0,0.0,2.875,1,0.14583,-0.0276,35.09906,8.91144,16.0,20.0,32110.0,0.0,1.46139,0.00041,0.3153500824189429,0.0,0.5
YBR093C,2,0.00021149327066866054,0.18581657696225282,4.0911477999063924e-07,0.0,0.0,0.0,0.0,0,0.13919,-0.40685,31.51225,4.62921,63.0,37.0,85940.0,0.0,1.62587,9e-05,0.0,0.0,0.0
YKR106W,1,0.0,0.15595707253760918,6.4945553090760806e-09,0.0,0.0,0.0,0.0,0,0.13659,0.29073,39.04528,9.10175,39.0,53.0,124565.0,0.0,1.80651,0.00013,0.0,0.0,0.0
YML077W,6,0.0005977757426486134,0.2297933928621969,2.5976421901369496e-05,0.4,1.0,0.5,9.833333333333334,1,0.13836,-0.32516,27.02264,8.9577,13.0,17.0,31775.0,0.0,1.72375,0.00049,0.3153500824189429,0.19338324065864865,0.5966916203293243
YBR094W,3,0.0,0.23427543873700699,9.92463168422509e-05,1.0,3.0,0.0,5.514285714285714,0,0.10757,-0.41753,36.01222,4.79266,118.0,75.0,118690.0,0.0,1.37449,6e-05,0.0,0.0,0.5
YBR095C,1,0.0,0.19779801917237386,1.087206161692676e-06,0.0,1.0,1.0,0.0,0,0.04884,-0.62628,60.97305,4.82318,72.0,50.0,18910.0,0.0,0.38887,0.0001,0.0,0.0,0.5
YPL139C,10,0.0007356737716519202,0.24842913972472516,6.902095511703598e-05,0.37777777777777777,9.340884573894282,0.5,4.269545454545455,0,0.08913,-0.21217,36.97222,5.12543,61.0,44.0,58620.0,0.0,1.14893,0.0001,0.0,0.0,0.5
YBR096W,1,0.0,0.20037850153532086,2.5431670612010094e-07,0.0,0.0,0.0,0.0,0,0.17391,-0.13391,37.9227,8.70685,23.0,29.0,45935.0,0.0,1.69551,0.00032,0.0,0.0,0.0
YBR097W,1,0.0,0.00021358393848782572,2.229258935376394e-19,0.0,0.0,0.0,0.0,0,0.09972,-0.11809,40.56914,6.34613,162.0,153.0,144585.0,0.0,0.86906,4e-05,0.0,0.0,0.0
YLR240W,1,0.0,0.00021358393848782572,2.229258935376394e-19,0.0,0.0,0.0,0.0,1,0.09257,-0.30457,40.58288,7.83832,108.0,110.0,108065.0,0.0,1.0708,8e-05,0.3153500824189429,0.0,0.0
YHR016C,22,0.0020511848775414737,0.26394387493416704,5.9003220689271976e-05,0.05627705627705628,5.884177869700103,0.0,7.800000000000001,0,0.09188,-0.73248,42.4306,7.7464,61.0,62.0,51925.0,0.0,1.02011,0.00015,0.0,0.0,0.5
YBR099C,2,8.742270140472233e-05,0.22695395434667784,2.627211750415364e-05,0.0,1.6929223744292237,0.0,0.0,0,0.16535,0.32283,20.69213,9.02448,7.0,14.0,16720.0,0.0,1.13094,0.00061,0.0,0.0,0.5
YDR171W,2,7.768968982107579e-06,0.20675046457837454,2.881210811917735e-06,0.0,1.980370774263904,0.0,0.0,0,0.088,-1.12667,57.55576,4.98615,66.0,43.0,35885.0,0.0,0.83811,0.00012,0.0,0.0,0.5
YHL021C,4,0.0005586517170152762,0.2136548398252968,7.867548177828201e-06,0.0,2.229813664596273,0.0,0.0,0,0.11398,-0.49763,46.53615,7.20135,52.0,52.0,45685.0,0.0,0.8598,0.00014,0.0,0.0,0.5
YJL117W,5,0.00034065054336301345,0.2554251161939694,6.68359477550409e-05,0.1,4.72809667673716,0.0,4.416666666666667,0,0.09325,0.00064,28.7981,9.61786,28.0,41.0,33015.0,0.0,0.9465,0.00028,0.0,0.0,0.5
YKL171W,2,1.4746862424004434e-05,0.21554577552567228,4.884307006732284e-06,0.0,1.9341657207718501,0.0,0.0,0,0.07974,-0.63513,57.46659,8.92047,98.0,110.0,88000.0,0.0,0.84652,9e-05,0.0,0.0,0.5
YLL062C,2,7.616150880092748e-07,0.20541130732877555,3.1233071149251412e-06,0.0,1.3049817739975698,0.0,0.0,0,0.10185,-0.29352,33.98306,5.3681,43.0,33.0,51380.0,0.0,1.39945,0.00015,0.0,0.0,0.5
YLR194C,1,0.0,0.19818931100060802,2.53327977647821e-06,0.0,1.0,0.0,0.0,0,0.05118,-0.23622,30.40866,4.95294,16.0,12.0,31065.0,0.0,1.20587,0.00019,0.0,0.0,0.5
YMR092C,6,0.0003421462026960945,0.22622019169021468,2.2823610230740374e-05,0.13333333333333333,4.092132505175983,0.0,2.0296052631578947,0,0.08618,-0.26488,37.71499,5.36371,74.0,58.0,91870.0,0.0,1.36458,8e-05,0.0,0.0,0.5
YMR173W,3,0.00021149327066866054,0.21088488041312364,3.7361711660782245e-06,0.0,2.123936816524909,0.0,0.0,0,0.11163,-1.95977,35.9607,4.22247,62.0,36.0,64070.0,0.0,1.38582,9e-05,0.0,0.0,0.5
YOL011W,3,8.78006464335796e-05,0.22789260483252463,8.478400232040903e-06,0.0,1.9817739975698663,0.0,0.0,0,0.1035,-0.17638,37.49942,4.85223,70.0,49.0,89935.0,0.0,1.19792,6e-05,0.0,0.0,0.5
YPL136W,2,4.022541094457631e-05,0.19859110038633704,2.534849094930916e-06,0.0,1.818955042527339,0.0,0.0,0,0.07377,0.63115,45.40984,3.71503,18.0,4.0,1490.0,0.0,0.11525,0.00029,0.0,0.0,0.5
YBR102C,9,0.0006531899881996279,0.24681560219907744,2.6801785255399804e-05,0.3055555555555556,2.83030303030303,0.0,7.166666666666666,1,0.0571,-0.62683,49.90173,7.99091,99.0,101.0,40630.0,0.0,0.475,9e-05,0.3153500824189429,0.0,0.5
YIL068C,8,2.8394667577359145e-05,0.21140066445787087,1.420752853506237e-06,0.6785714285714286,1.0,0.0,5.583333333333334,1,0.09814,-0.32174,35.29268,5.02863,132.0,100.0,84325.0,0.0,0.90258,5e-05,0.6846499175810571,0.0,0.5
YLR166C,10,0.00012804752259515145,0.2186137004203295,1.7237643265705719e-06,0.4444444444444444,1.0,0.0,23.666666666666668,1,0.0884,-0.24328,36.4278,5.90216,113.0,101.0,65250.0,0.0,0.65028,6e-05,0.6846499175810571,0.0,0.5
YNR046W,2,1.9550564331734132e-05,0.1986627002242338,4.4360120757015626e-07,0.0,0.0,0.5,0.0,1,0.07407,-0.08148,39.8163,4.60699,17.0,9.0,10595.0,0.0,0.70323,0.00031,0.3153500824189429,0.19338324065864865,0.5
YPR055W,9,0.00018404032059035627,0.23012929549859168,2.2111021014932398e-05,0.5833333333333334,1.0,0.0,8.916666666666666,1,0.08357,-0.36685,48.68361,6.29523,128.0,119.0,85105.0,0.0,0.69631,5e-05,0.6846499175810571,0.0,0.5
YBR103W,9,0.0003682276672676805,0.2499788281317638,3.631641382013947e-05,0.0,8.750782064650679,1.0,0.0,0,0.0785,-0.28991,28.79964,4.81085,75.0,45.0,88975.0,0.0,1.50396,8e-05,0.0,0.0,0.5
YCR033W,9,0.0005979688225278793,0.25216673275416296,2.1401504848862944e-05,0.1111111111111111,7.8289885297184565,1.0,5.476190476190476,0,0.06444,-0.99796,58.62816,9.16632,160.0,182.0,99630.0,0.0,0.71989,7e-05,0.0,0.0,0.5
YCR077C,18,0.0021368763203654913,0.2640545498547696,0.0002444194610281054,0.013071895424836602,13.766454352441613,0.5,27.521825396825395,0,0.0691,-0.4995,54.63268,6.87213,85.0,84.0,53290.0,0.0,0.60208,8e-05,0.0,0.0,0.5
YGR239C,10,0.0004926112118032941,0.2482053296889371,5.188873664170321e-06,0.044444444444444446,7.248407643312102,0.0,3.25,0,0.07639,-0.89062,63.17118,6.21564,39.0,35.0,22055.0,0.0,0.66734,0.00019,0.0,0.0,0.5
YIL112W,3,2.426356406668427e-05,0.20734368086902746,1.187757807644156e-06,0.0,3.0,0.0,0.0,0,0.05725,-1.03296,52.6856,5.47382,205.0,176.0,81500.0,0.0,0.65963,4e-05,0.0,0.0,0.5
YJR141W,5,0.0007137133824898594,0.2650070130621332,7.778938632828814e-05,0.0,3.497876857749469,0.0,0.0,1,0.09798,-0.29337,44.08101,6.89484,44.0,44.0,68630.0,0.0,1.71999,0.00017,0.3153500824189429,0.0,0.5
YBR105C,1,0.0,0.2411052155158083,2.796114024364536e-05,0.0,1.0,0.0,0.0,0,0.11326,-0.65608,47.10171,6.26666,40.0,36.0,43820.0,0.0,1.06244,0.00015,0.0,0.0,0.5
YBR106W,2,2.0984190645527957e-05,0.23746844019153818,2.2198416144953962e-05,0.0,1.9441056910569106,0.3333333333333333,0.0,1,0.07447,-0.16649,41.24787,9.21381,19.0,24.0,17545.0,0.0,0.83007,0.00044,0.3153500824189429,0.16204621790391252,0.5416762881383821
YBR107C,2,0.00016095855252570913,0.23604426534273218,4.349269241024016e-05,0.0,1.9369565217391305,0.5,0.0,0,0.09796,-0.16571,30.63837,5.15216,31.0,24.0,38765.0,0.0,1.38121,0.00018,0.0,0.0,0.5
YBR108W,4,1.5990857558020066e-05,0.23387768756767421,6.133784827667952e-05,0.16666666666666666,2.6790123456790123,0.0,0.0,0,0.0528,-1.15576,69.42735,9.25409,88.0,104.0,48835.0,0.0,0.47019,9e-05,0.0,0.0,0.5
YGR136W,8,0.00037248668791777965,0.2522533136066108,1.6058285609959048e-05,0.07142857142857142,6.4801255230125525,0.5,13.5,0,0.09959,-0.65145,68.92946,5.1214,22.0,19.0,28880.0,0.0,1.10488,0.0002,0.0,0.0,0.5
YBR213W,2,4.791542878655729e-06,0.2215027714826151,2.003890354095613e-05,0.0,1.6511085180863476,0.0,0.0,0,0.09489,-0.42226,33.75405,5.92499,43.0,39.0,32400.0,0.0,1.01512,0.00019,0.0,0.0,0.5
YBR229C,1,0.0,0.21622242876713216,1.963850340380973e-05,0.0,1.0,1.0,0.0,0,0.12893,-0.33585,38.29635,5.7442,117.0,91.0,168860.0,0.0,1.53141,5e-05,0.0,0.0,0.5
YDR231C,1,0.0,0.21622242876713216,1.963850340380973e-05,0.0,1.0,0.0,0.0,1,0.10732,-0.82683,48.09512,9.47174,21.0,29.0,59720.0,0.0,2.51371,0.0004,0.3153500824189429,0.0,0.5
YDR292C,3,3.845008144894062e-05,0.2221278233950881,2.0466064452156228e-05,0.0,1.9738636363636364,0.3333333333333333,0.0,1,0.08052,-0.48293,35.20823,6.69464,75.0,73.0,50350.0,0.0,0.72679,0.0001,0.3153500824189429,0.16204621790391252,0.5410479769013941
YER023W,6,0.000145043720985416,0.255129451051946,7.640529636630374e-05,0.2,5.251859723698193,0.0,37.25,1,0.04895,0.10944,25.94269,5.36859,30.0,24.0,19785.0,0.0,0.65662,0.00018,0.3153500824189429,0.0,0.5
YFL003C,3,4.881737431569638e-05,0.23526320410287258,2.7043794234869846e-05,0.0,2.8413068844807468,0.0,0.0,0,0.06492,-0.20478,40.94864,6.95172,109.0,108.0,56905.0,0.0,0.5735,7e-05,0.0,0.0,0.5
YFL010WA,1,0.0,0.21622242876713216,1.963850340380973e-05,0.0,0.0,0.0,0.0,0,0.0,0.0,0.0,0.0,0.0,0.0,0.0,0.0,0.0,0.0,0.0,0.0,0.0
YFR054C,2,0.00011581999500164432,0.226522438606142,2.1622106003309016e-05,0.0,1.6242707117852975,0.0,0.0,0,0.09375,0.16927,59.12349,5.87347,12.0,9.0,10930.0,0.0,0.53425,0.00029,0.0,0.0,0.5
YGL043W,3,8.607074123287722e-05,0.23535112948614648,2.5849933956117806e-05,0.0,2.823469387755102,1.0,0.0,0,0.05502,-0.79903,49.77379,9.01093,41.0,50.0,25285.0,0.0,0.72568,0.00026,0.0,0.0,0.5
YGL063W,3,0.0003642240133863459,0.22586087284293302,2.107715905291298e-05,0.0,2.365208545269583,0.0,0.0,0,0.09189,-0.26838,44.9527,8.98053,35.0,44.0,49735.0,0.0,1.18725,0.00021,0.0,0.0,0.5
YGL229C,11,0.0018531886864009072,0.274872273821508,0.00013796977847201953,0.01818181818181818,6.036666666666667,0.0,3.333333333333333,0,0.10147,-0.41296,38.01813,4.62933,140.0,76.0,73325.0,0.0,0.77406,5e-05,0.0,0.0,0.5
YGR050C,1,0.0,0.21622242876713216,1.963850340380973e-05,0.0,1.0,0.0,0.0,0,0.13559,-0.24237,15.48475,9.78961,8.0,16.0,10555.0,0.0,0.7813,0.00072,0.0,0.0,0.5
YGR144W,7,0.001185081772592024,0.276354250847942,0.00016444564465644692,0.09523809523809523,4.7757704569606805,0.3333333333333333,21.428571428571427,0,0.07055,0.02515,23.66626,5.81757,35.0,27.0,27680.0,0.0,0.79107,0.00017,0.0,0.0,0.5
YHR028C,1,0.0,0.21622242876713216,1.963850340380973e-05,0.0,1.0,0.0,0.0,0,0.12836,-0.43509,32.88571,5.28082,113.0,83.0,149675.0,0.0,1.60246,6e-05,0.0,0.0,0.5
YHR179W,6,0.00041677626472685805,0.2296856323090623,3.83541294675185e-05,0.0,5.325211864406779,0.0,0.0,0,0.1125,-0.5385,30.36228,6.13019,52.0,48.0,73800.0,0.0,1.63963,0.00014,0.0,0.0,0.5
YIL021W,21,0.00071113952364865,0.260913089983754,7.866628723244906e-05,0.6047619047619047,19.65612244897959,1.0,201.92857142857144,1,0.07233,-0.42642,33.70003,4.52008,51.0,28.0,43275.0,0.0,1.22602,0.00013,0.3153500824189429,0.23974612282610783,0.5060985101066705
YJR073C,2,2.349925229651784e-06,0.22769249252456217,2.1599389035423672e-05,0.0,1.0,0.3333333333333333,0.0,0,0.12136,0.22087,36.45194,9.11127,14.0,20.0,33390.0,0.0,1.44233,0.00039,0.0,0.0,0.5
YKL175W,2,8.21963973009754e-05,0.24130318892465094,7.708150939702267e-05,0.0,1.9883313885647609,0.0,0.0,0,0.08549,-0.17674,49.67976,6.07367,50.0,35.0,37620.0,0.0,0.67904,0.00011,0.0,0.0,0.5
YKR025W,19,0.00034934161996655344,0.25652506141035397,0.00029044153520373843,0.672514619883041,17.10612244897959,1.0,91.0,1,0.07092,-0.85922,48.04897,4.39069,65.0,32.0,26930.0,0.0,0.83785,0.00014,0.3153500824189429,0.23974612282610783,0.5070076115595796
YLL050C,9,0.0016386033191217464,0.25107516405282926,5.118325516901863e-05,0.1388888888888889,7.6992561105207225,0.5,4.862573099415204,1,0.11189,-0.37972,50.14336,5.05206,22.0,18.0,16055.0,0.0,1.00971,0.00032,0.3153500824189429,0.19338324065864865,0.5125585665603719
YLL051C,3,0.00013253340161664063,0.2323368289292955,2.1183830013238922e-05,0.0,1.9941656942823804,0.0,0.0,0,0.14185,0.15323,33.75213,9.05756,51.0,66.0,130315.0,0.0,1.58944,0.00011,0.0,0.0,0.5
YLR443W,2,1.1490218817712942e-06,0.23030964761105138,2.153390623385799e-05,0.0,1.218203033838973,0.0,0.0,0,0.11161,-0.11384,42.18504,5.02435,49.0,35.0,73520.0,0.0,1.46084,0.0001,0.0,0.0,0.5
YML095CA,1,0.0,0.21622242876713216,1.963850340380973e-05,0.0,0.0,0.0,0.0,0,0.0,0.0,0.0,0.0,0.0,0.0,0.0,0.0,0.0,0.0,0.0,0.0,0.0
YMR111C,1,0.0,0.21622242876713216,1.963850340380973e-05,0.0,1.0,0.0,0.0,0,0.0671,-0.93615,38.9184,6.5545,67.0,65.0,32110.0,0.0,0.61314,0.00013,0.0,0.0,0.5
YMR200W,3,0.0005156498198764864,0.21988959222205434,1.9836785271616715e-05,0.0,2.189599133261105,0.5,0.0,1,0.12891,-0.4543,40.2934,5.43781,25.0,21.0,50685.0,0.0,1.75332,0.00019,0.3153500824189429,0.19338324065864865,0.5441595079485237
YMR250W,2,8.602116518192225e-05,0.23062292849615587,2.2772571980394856e-05,0.0,1.9049630411826821,0.0,0.0,0,0.08889,-0.40547,38.46051,6.15204,73.0,62.0,75830.0,0.0,1.14913,9e-05,0.0,0.0,0.5
YNL066W,4,0.0004140162299115509,0.24868140896285248,6.419540709144445e-05,0.0,1.9906651108518085,0.0,0.0,0,0.08333,-0.21643,27.51857,4.18292,42.0,17.0,71165.0,0.0,1.63817,0.0001,0.0,0.0,0.5
YNL079C,3,3.079442622033206e-05,0.22499625639421822,4.031474717132122e-05,0.0,1.8483080513418904,0.0,0.0,0,0.02513,-1.47538,50.58492,4.58282,58.0,33.0,13980.0,0.0,0.59387,0.00019,0.0,0.0,0.5
YNL202W,3,4.3562010990323784e-05,0.22158071052958297,1.9876860844959973e-05,0.0,1.8873096446700508,0.0,0.0,0,0.08219,0.07637,17.95856,9.13776,28.0,36.0,22055.0,0.0,0.70897,0.00029,0.0,0.0,0.5
YNR035C,8,0.00042439924306994725,0.25286104831500733,7.95017909949454e-05,0.5357142857142857,3.844494892167991,0.0,12.34935064935065,1,0.10234,-0.28713,53.37719,6.33405,44.0,41.0,23755.0,0.0,0.60039,0.00016,0.3153500824189429,0.0,0.5
YOR029W,1,0.0,0.21622242876713216,1.963850340380973e-05,0.0,1.0,0.0,0.0,0,0.18919,0.31171,48.1064,9.72064,3.0,10.0,27305.0,0.0,2.11321,0.00075,0.0,0.0,0.5
YOR035C,6,0.00027217631103047097,0.2528030426836912,3.4620958805319113e-05,0.26666666666666666,3.737650933040615,0.0,16.0,0,0.07224,-0.02928,48.79303,5.44598,102.0,87.0,40685.0,0.0,0.45432,6e-05,0.0,0.0,0.5
YOR358W,6,0.00040614188245054536,0.24720315473729942,2.4366838327024766e-05,0.0,1.0,1.0,0.0,0,0.06198,-0.90744,63.91736,4.50116,48.0,25.0,17210.0,0.0,0.62185,0.00016,0.0,0.0,0.5
YPL242C,11,0.0023796388019728357,0.2562119532272899,4.956693950753863e-05,0.01818181818181818,5.249448123620309,0.0,3.482456140350877,1,0.09967,-0.42054,50.85039,9.0423,180.0,211.0,154350.0,0.0,0.89308,5e-05,0.6846499175810571,0.0,0.5
YBR112C,8,0.0005452339721335346,0.23308622331194603,1.6588938872391105e-05,0.07142857142857142,6.809667673716012,1.0,1.181818181818182,1,0.05487,-0.8383,61.72527,4.91473,102.0,60.0,103305.0,0.0,0.96366,5e-05,0.3153500824189429,0.23974612282610783,0.5176033643867439
YCR096C,8,0.00167931598213534,0.2532823865361712,8.946011935012198e-05,0.07142857142857142,5.367676767676768,1.0,0.0,1,0.06723,-0.90672,39.84958,9.94098,14.0,23.0,15470.0,0.0,1.11441,0.00072,0.3153500824189429,0.23974612282610783,0.5223323919456009
YDR043C,2,5.446853956795868e-06,0.2094320911856482,4.424780217641475e-07,0.0,1.7530487804878048,1.0,0.0,0,0.08658,-1.02554,51.4455,8.98615,25.0,32.0,24255.0,0.0,0.90698,0.00034,0.0,0.0,0.5
YGL035C,6,0.00029577378863993877,0.23458712443592802,9.156087127015612e-06,0.06666666666666667,4.53030303030303,1.0,4.714285714285714,0,0.03373,-0.83869,57.8752,9.7995,38.0,55.0,9440.0,0.0,0.16999,0.00018,0.0,0.0,0.5
YGL162W,1,0.0,0.1879477554052837,2.699508931219774e-07,0.0,1.0,0.5,0.0,0,0.05351,-0.38562,50.1709,9.48309,29.0,44.0,18420.0,0.0,0.55497,0.00029,0.0,0.0,0.5
YNL167C,3,7.415011136797577e-05,0.2029430806719545,1.779966355711188e-05,0.0,2.713705583756345,1.0,9.8,0,0.04328,-0.81376,54.8175,9.32623,53.0,65.0,18255.0,0.0,0.26008,0.00013,0.0,0.0,0.5
YPL181W,6,0.00042773452074919207,0.24040830362541032,2.3140144772626384e-05,0.2,5.707070707070707,1.0,3.875,0,0.04348,-1.19387,52.12075,4.80511,103.0,73.0,37775.0,0.0,0.66211,8e-05,0.0,0.0,0.5
YBR113W,1,0.0,0.21450737981876028,9.618062001656271e-06,0.0,1.0,0.0,0.0,0,0.09375,0.29625,41.2,9.73639,9.0,24.0,16595.0,0.0,0.91697,0.00054,0.0,0.0,0.5
YHL024W,4,0.00027104536053259475,0.2094718996044252,1.2739066517842128e-06,0.16666666666666666,2.749745676500509,0.0,2.0,0,0.08976,-0.95764,54.2554,5.492,93.0,71.0,71795.0,0.0,0.89623,7e-05,0.0,0.0,0.5
YKL112W,5,2.2941316992991063e-05,0.23098546715968998,0.00012989025066131009,0.6,4.842931937172775,1.0,5.055555555555555,1,0.04651,-1.14391,39.271,4.86053,128.0,68.0,38195.0,0.0,0.46721,6e-05,0.3153500824189429,0.23974612282610783,0.5247521672755603
YBR115C,2,3.813949238802191e-06,0.1980824415959164,2.2546044521961776e-07,0.0,1.8789712556732223,0.0,0.0,0,0.09339,-0.25675,28.57162,5.63214,172.0,147.0,176740.0,0.0,1.13774,4e-05,0.0,0.0,0.5
YGL154C,4,7.111209345873522e-05,0.22456070582147344,1.0005585389474774e-06,0.0,3.8932874354561102,0.0,0.0,0,0.12132,0.07316,27.60257,4.69403,35.0,23.0,27930.0,0.0,0.91028,0.00015,0.0,0.0,0.5
YOL086C,18,0.0011561611571842716,0.2411447842054444,1.341199241802852e-05,0.10457516339869281,13.577464788732394,0.0,8.350000000000001,0,0.07759,0.0296,20.70836,6.21014,36.0,32.0,49360.0,0.0,1.33953,0.00017,0.0,0.0,0.5
YBR116C,2,0.00010269404040295892,0.2166262054781819,5.8991008539387425e-06,0.0,0.0,0.0,0.0,0,0.13143,0.20457,54.84863,9.03937,11.0,19.0,26690.0,0.0,1.32034,0.00045,0.0,0.0,0.0
YBR117C,3,0.000401575484769877,0.23709803438444083,1.325385754101924e-05,0.0,2.3823204419889503,0.0,0.0,0,0.09985,-0.3511,35.40429,5.75226,82.0,68.0,93085.0,0.0,1.24066,8e-05,0.0,0.0,0.5
YPR074C,1,0.0,0.19054753416078168,2.1374223827950607e-07,0.0,1.0,0.0,0.0,0,0.09265,-0.2125,31.1734,6.51251,69.0,65.0,88490.0,0.0,1.19898,9e-05,0.0,0.0,0.5
YNL271C,15,0.0012412678165381803,0.2542465483490324,5.0821571719146384e-05,0.10476190476190476,13.5562435500516,0.0,13.307017543859647,0,0.05735,-0.72586,46.83395,6.13055,285.0,265.0,118830.0,0.0,0.54095,3e-05,0.0,0.0,0.5
YDR110W,12,0.001497650790770887,0.26819948012141176,0.00023306229724732856,0.030303030303030304,9.886947584789311,0.5,3.1666666666666665,0,0.09364,-0.75742,47.93269,5.84186,89.0,79.0,57855.0,0.0,0.88575,9e-05,0.0,0.0,0.5
YLR223C,3,2.8662512106514764e-05,0.22601141587753915,6.501746533157623e-06,0.0,0.0,1.0,0.0,1,0.05161,-1.26267,53.71707,4.51776,250.0,136.0,56980.0,0.0,0.46518,4e-05,0.6846499175810571,0.40640486218295563,0.5
YLR449W,27,0.006225787310507526,0.2661912231446572,0.003830142686147915,0.5783475783475783,24.538940809968846,1.0,161.07142857142853,0,0.05612,-1.04923,56.59337,4.58148,94.0,59.0,23505.0,0.0,0.53539,0.0001,0.0,0.0,0.5
YML016C,7,0.0005733892516392908,0.2316165749934596,1.3886781674201047e-05,0.047619047619047616,6.5267406659939455,0.0,2.0,0,0.07514,-0.82832,54.31288,8.50665,77.0,83.0,56280.0,0.0,0.72629,0.00011,0.0,0.0,0.5
YNL227C,3,4.41814576309713e-05,0.2292079167676541,1.4293923086126137e-05,0.0,0.0,1.0,0.0,0,0.08983,-1.09542,48.91053,5.92291,115.0,107.0,69510.0,0.0,1.01058,9e-05,0.0,0.0,0.0
YNL277W,3,2.8593770482359705e-05,0.21953915310899563,6.350056391372304e-06,0.0,1.0,0.0,0.0,0,0.08436,-0.26399,38.86132,5.43317,57.0,46.0,68715.0,0.0,1.28059,0.0001,0.0,0.0,0.5
YBR120C,14,7.574897766834494e-05,0.23493719849040792,8.494082284884613e-06,0.8571428571428571,3.306451612903226,0.0,59.083333333333336,0,0.07407,-0.67963,33.27963,9.89752,19.0,32.0,8940.0,0.0,0.47863,0.00053,0.0,0.0,0.5
YDL044C,21,0.0009543892369620661,0.25495238029355255,2.371240967560277e-05,0.37142857142857144,6.558457711442786,0.0,35.898809523809526,0,0.07727,-0.60455,40.81025,6.32208,68.0,65.0,40060.0,0.0,0.78255,0.00012,0.0,0.0,0.5
YGR222W,16,0.0011098952070632037,0.2571085829848658,3.3874451321142115e-05,0.65,2.515695067264574,0.0,44.23452380952381,0,0.12628,-0.62969,45.02427,9.16449,37.0,44.0,43320.0,0.0,1.25069,0.00026,0.0,0.0,0.5
YIR021W,14,0.0004130985196667425,0.2515192659634556,6.299452980824574e-05,0.8571428571428571,0.0,0.0,61.91666666666666,0,0.09091,-0.15234,35.88815,8.90656,42.0,50.0,35045.0,0.0,0.84876,0.00022,0.0,0.0,0.0
YJL133W,13,0.0,0.23259427265067137,6.2759936795373155e-06,1.0,6.0011641443539,0.0,81.16666666666667,0,0.10828,0.00064,31.81309,8.58331,19.0,23.0,54735.0,0.0,1.58647,0.00025,0.0,0.0,0.5
YJR082C,16,0.0015066787730133166,0.2424578766446028,0.00014346091059767502,0.0,5.898360655737705,1.0,0.0,0,0.09735,-1.33628,49.17434,5.94476,17.0,12.0,7450.0,0.0,0.57776,0.00046,0.0,0.0,0.5
YKR052C,14,0.00033537963178393535,0.24875157470094936,6.7691699859607e-05,0.8571428571428571,6.308959835221422,0.0,78.08333333333333,0,0.09868,0.0852,32.24378,8.16205,22.0,24.0,43150.0,0.0,1.29552,0.00025,0.0,0.0,0.5
YLR382C,13,0.0,0.23259427265067137,6.2759936795373155e-06,1.0,0.0,0.0,35.898809523809526,0,0.0,0.0,0.0,0.0,0.0,0.0,0.0,0.0,0.0,0.0,0.0,0.0,0.0
YMR023C,15,0.000219576571869111,0.23265565288834766,7.382732224787392e-06,0.7428571428571429,4.388888888888889,0.0,35.898809523809526,0,0.06654,-0.14962,45.91407,7.58929,63.0,64.0,24130.0,0.0,0.41353,0.00013,0.0,0.0,0.5
YMR287C,15,0.0013062846661163184,0.2679712252447127,0.00011451360746967818,0.7428571428571429,4.721674876847291,0.0,35.898809523809526,0,0.08359,-0.31445,39.89764,9.11273,103.0,124.0,105795.0,0.0,0.95465,8e-05,0.0,0.0,0.5
YOR334W,15,0.0005016740906764062,0.25415859405416996,3.4789077558378714e-05,0.7428571428571429,2.537931034482759,0.0,35.898809523809526,0,0.09362,-0.25745,45.72155,9.42426,47.0,65.0,57590.0,0.0,1.0625,0.00017,0.0,0.0,0.5
YPL029W,13,0.0,0.23259427265067137,6.2759936795373155e-06,1.0,0.0,0.0,45.1595238095238,0,0.09634,-0.31452,31.79864,9.08771,86.0,102.0,88210.0,0.0,1.04609,0.00011,0.0,0.0,0.0
YPR134W,14,0.00021748226855182421,0.24753631262778095,4.644843457344143e-05,0.8681318681318682,5.219565217391304,0.0,107.33333333333334,0,0.10075,-0.52948,46.32914,5.39606,38.0,31.0,31650.0,0.0,1.0224,0.00017,0.0,0.0,0.5
YDR037W,6,0.0008764445159518565,0.2251916554419169,0.00016025723503245551,0.26666666666666666,5.410372040586246,0.0,4.7,1,0.08799,-0.60169,41.11848,5.77728,96.0,83.0,41925.0,0.0,0.61693,9e-05,0.3153500824189429,0.0,0.5
YOR335C,6,0.0002669203615248674,0.19584710570799377,2.9849519947602145e-06,0.3333333333333333,4.6720496894409935,0.0,4.05,1,0.09868,-0.47579,30.21702,5.4953,151.0,130.0,97025.0,0.0,0.88158,5e-05,0.6846499175810571,0.0,0.5
YGR246C,5,3.7219929743215885e-05,0.22785726534040748,1.0594972416960535e-05,0.3,3.5118483412322274,1.0,1.7,1,0.0604,-0.62819,45.59096,6.47943,94.0,90.0,34015.0,0.0,0.5084,0.0001,0.3153500824189429,0.23974612282610783,0.5341338946803703
YBR124W,1,0.0,0.23039390870618948,6.221239966814262e-05,0.0,0.0,0.0,0.0,1,0.14286,0.50168,40.78067,8.74762,8.0,11.0,17460.0,0.0,1.32079,0.00066,0.3153500824189429,0.0,0.0
YBR125C,1,0.0,0.1464931924919585,2.6295861348277423e-10,0.0,1.0,0.0,0.0,0,0.09924,-0.39262,32.36746,6.94415,42.0,41.0,39725.0,0.0,0.89926,0.00016,0.0,0.0,0.5
YDR028C,10,0.0007424988033951386,0.2407496807905802,2.38151796487634e-05,0.24444444444444444,9.074718526100307,1.0,8.007142857142858,0,0.0572,-1.10819,49.92051,4.89459,169.0,108.0,93545.0,0.0,0.83067,4e-05,0.0,0.0,0.5
YDR216W,12,0.0012439710962917298,0.26270123094609793,4.10095963526178e-05,0.18181818181818182,10.50204081632653,1.0,7.976872800402212,0,0.09675,-0.49766,40.57954,6.26813,161.0,147.0,97760.0,0.0,0.64768,4e-05,0.0,0.0,0.5
YFL033C,2,3.24034193507705e-05,0.23171397473063096,5.259430817069955e-06,0.0,1.990238611713666,0.5,0.0,0,0.06723,-0.59153,47.48188,6.01495,205.0,180.0,126445.0,0.0,0.64339,3e-05,0.0,0.0,0.5
YJL167W,3,4.94001249172976e-05,0.20557415731359996,4.6673619962983897e-07,0.0,2.6354679802955663,0.0,0.0,1,0.11364,-0.32017,36.80259,5.32037,55.0,46.0,52550.0,0.0,1.29808,0.00013,0.3153500824189429,0.0,0.5
YML100W,3,0.0,0.20957148689148633,5.87596743497509e-07,1.0,1.0,0.0,2.4,0,0.07923,-0.39654,45.27169,6.17023,123.0,111.0,118565.0,0.0,0.96381,5e-05,0.0,0.0,0.5
YMR261C,4,5.486355333987187e-06,0.20958145082848492,5.948269458676921e-07,0.6666666666666666,2.0,0.0,1.6666666666666667,0,0.09393,-0.35664,45.68682,5.94086,128.0,110.0,126765.0,0.0,1.06674,5e-05,0.0,0.0,0.5
YNL160W,3,1.6580401243233016e-05,0.213623777818053,1.5645515922414389e-06,0.3333333333333333,1.68259385665529,0.0,0.0,0,0.0791,0.12062,34.6404,5.29144,26.0,22.0,30620.0,0.0,0.82031,0.00014,0.0,0.0,0.5
YPR035W,2,0.0,0.2011649091989013,4.5400029968245025e-07,1.0,1.8074454428754814,0.0,0.0,1,0.11081,-0.57378,44.35162,5.91876,50.0,43.0,70665.0,0.0,1.69195,0.00014,0.3153500824189429,0.0,0.5
YPR183W,4,0.0001157588579118817,0.2330738991844511,4.677110863415097e-06,0.0,3.3048780487804876,0.5,0.0,1,0.11985,-0.02959,37.66562,7.70148,28.0,29.0,30745.0,0.0,1.01262,0.00025,0.3153500824189429,0.19338324065864865,0.5292572430516774
YBR127C,17,0.00025494856558870024,0.24717543205537307,1.2284234170985408e-05,0.7205882352941176,12.717479674796747,0.0,81.34826839826839,0,0.07737,-0.37834,33.72168,4.95099,80.0,59.0,33935.0,0.0,0.58763,9e-05,0.0,0.0,0.5
YDL184WB,14,0.0,0.24320698787727024,1.2005477158417483e-05,1.0,0.0,0.0,61.35194805194806,0,0.0,0.0,0.0,0.0,0.0,0.0,0.0,0.0,0.0,0.0,0.0,0.0,0.0
YDL185W,26,0.0029709376916327024,0.2667065982136691,5.310318362087856e-05,0.31384615384615383,20.913617886178862,0.0,90.32976190476192,0,0.08777,-0.29393,33.01487,5.82611,142.0,126.0,120570.0,0.0,1.01631,5e-05,0.0,0.0,0.5
YDR202C,6,7.737003187393587e-06,0.22153616721658073,1.7395321341836216e-06,0.7333333333333333,3.4559386973180075,0.0,50.33333333333333,0,0.07123,-0.20427,46.41339,5.94562,42.0,38.0,18085.0,0.0,0.45194,0.00015,0.0,0.0,0.5
YDR328C,31,0.006881050114915615,0.25003554482561113,1.424957583693326e-05,0.053763440860215055,23.424823410696266,0.3333333333333333,41.06319073083779,1,0.0567,-0.94742,57.29897,4.34943,48.0,23.0,21095.0,0.0,0.94469,0.00019,0.3153500824189429,0.16204621790391252,0.5034588567662355
YEL027W,14,0.0,0.24320698787727024,1.2005477158417483e-05,1.0,7.267361111111111,0.0,61.35194805194806,0,0.0875,1.20187,22.78812,8.24554,5.0,7.0,9690.0,0.0,0.59265,0.0005,0.0,0.0,0.5
YEL051W,18,0.00042044943207888947,0.25486393705339516,1.5385944393927e-05,0.6470588235294118,9.207317073170731,0.0,154.33333333333334,0,0.06641,-0.61797,36.98676,5.79047,42.0,40.0,11920.0,0.0,0.40831,0.0002,0.0,0.0,0.5
YGR020C,18,0.0028212106210997556,0.25745395720567243,7.269771734365863e-05,0.6143790849673203,10.240217391304348,0.0,181.5,0,0.07627,-0.47458,41.57627,4.97968,22.0,15.0,2980.0,0.0,0.22138,0.00037,0.0,0.0,0.5
YHR039CA,16,0.00015462956521878498,0.24544135051645452,1.2580814186667178e-05,0.7583333333333333,0.0,0.0,61.35194805194806,0,0.0,0.0,0.0,0.0,0.0,0.0,0.0,0.0,0.0,0.0,0.0,0.0,0.0
YKL080W,15,0.0006255863754935604,0.25781533835978027,5.469402707040334e-05,0.8666666666666667,8.710843373493976,0.0,172.5,0,0.09694,-0.2102,29.65255,6.22284,49.0,46.0,37485.0,0.0,0.84831,0.00014,0.0,0.0,0.5
YMR054W,16,0.00040821606047794165,0.25443732497982824,1.626790926944222e-05,0.7583333333333333,12.841252699784016,0.0,69.2904761904762,0,0.11348,-0.05472,38.05022,5.22211,111.0,81.0,128075.0,0.0,1.25984,5e-05,0.0,0.0,0.5
YOR270C,17,0.00018398390998192453,0.25097509993597833,1.3805791032468482e-05,0.6985294117647058,7.705,0.0,68.79361471861472,0,0.12262,0.00048,30.76181,5.28424,103.0,76.0,135525.0,0.0,1.4187,6e-05,0.0,0.0,0.5
YOR332W,18,0.0003412144939997081,0.24978052217109717,1.320293098976368e-05,0.6405228758169934,12.472251308900523,0.0,156.99999999999997,0,0.04292,-0.52918,40.60858,5.33356,41.0,37.0,7450.0,0.0,0.28144,0.0002,0.0,0.0,0.5
YPL234C,15,0.00017070660179027176,0.2526871112224433,5.217791805232158e-05,0.8761904761904762,10.655172413793103,0.0,84.35000000000001,0,0.09756,1.0689,46.01646,7.617,6.0,7.0,11055.0,0.0,0.64887,0.00045,0.0,0.0,0.5
YPR036W,14,0.0,0.24320698787727024,1.2005477158417483e-05,1.0,8.801129943502826,0.0,104.0,0,0.06904,-0.12636,38.47176,5.94659,63.0,56.0,44765.0,0.0,0.82266,0.00011,0.0,0.0,0.5
YBR128C,3,0.00023550714508501432,0.23131272788348237,4.084980185148533e-05,0.0,1.9869565217391305,0.0,0.0,0,0.0843,-0.28227,39.73637,9.33466,34.0,49.0,47995.0,0.0,1.18643,0.00023,0.0,0.0,0.5
YPL120W,3,7.903500809073994e-05,0.23825135959763935,4.464434267467366e-06,0.0,2.4793510324483776,0.0,0.0,0,0.05745,-0.64201,39.94542,4.94879,81.0,61.0,40630.0,0.0,0.64227,8e-05,0.0,0.0,0.5
YBR129C,1,0.0,0.23039390870618948,6.221239966814262e-05,0.0,1.0,0.0,0.0,0,0.09451,-0.71067,26.79881,8.17303,45.0,47.0,46910.0,0.0,1.24301,0.00022,0.0,0.0,0.5
YHR107C,18,0.001140132800863488,0.24471918366044101,1.6739383196083937e-05,0.16339869281045752,14.60351966873706,0.0,45.91073926073926,1,0.07125,-0.66855,45.76904,7.76678,58.0,59.0,31650.0,0.0,0.6782,0.00017,0.3153500824189429,0.0,0.5
YJL071W,2,0.0004229865413373211,0.20005113025983767,4.6294639586245773e-07,0.0,1.0,0.0,0.0,0,0.09408,-0.38153,45.27632,8.94513,67.0,76.0,57925.0,0.0,0.88288,0.00014,0.0,0.0,0.5
YBR131W,1,0.0,0.19406236651003847,9.225362900489404e-08,0.0,0.0,0.0,0.0,0,0.11222,-0.45739,42.50401,5.11346,89.0,67.0,108510.0,0.0,1.34409,6e-05,0.0,0.0,0.0
YML001W,11,0.0008891467498160856,0.2425646098759436,6.67044252753126e-06,0.21818181818181817,2.1436781609195403,0.0,9.28968253968254,0,0.08654,-0.33413,41.48322,4.78485,31.0,22.0,20440.0,0.0,0.88706,0.00021,0.0,0.0,0.5
YBR133C,6,0.0005626781053498207,0.22529523946005947,4.362960001390899e-06,0.0,4.1773584905660375,0.0,9.0,0,0.09553,-0.3682,48.3803,5.92694,101.0,86.0,124690.0,0.0,1.31043,6e-05,0.0,0.0,0.5
YDL154W,9,0.0006660014957666632,0.230937062828768,4.021087607200563e-06,0.027777777777777776,7.4325955734406435,0.0,0.5555555555555556,0,0.07991,-0.19456,39.0606,5.11481,129.0,97.0,82135.0,0.0,0.80361,5e-05,0.0,0.0,0.5
YER087W,2,0.00021149327066866054,0.1828642933408912,6.336388353016775e-08,0.0,1.7027027027027026,0.0,0.0,0,0.08854,-0.50799,40.17172,7.16193,78.0,78.0,83695.0,0.0,1.27043,0.00011,0.0,0.0,0.5
YGL187C,10,0.0005722887804837865,0.22138040655260766,1.477643411696629e-06,0.4666666666666667,0.0,0.0,9.6,0,0.06452,-0.39742,35.74774,6.4129,19.0,18.0,18950.0,0.0,1.10545,0.00037,0.0,0.0,0.0
YKL101W,7,0.00027094996293974583,0.23360501617782317,0.00011654396524089516,0.09523809523809523,6.109756097560975,0.0,2.2222222222222223,1,0.0527,-0.73887,54.83821,9.34576,178.0,215.0,85565.0,0.0,0.5045,6e-05,0.6846499175810571,0.0,0.5
YBR134W,1,0.0,0.20570846307692955,2.482536945256955e-07,0.0,1.0,0.0,0.0,0,0.13534,-0.31805,32.01654,9.16449,9.0,15.0,19075.0,0.0,1.22877,0.00059,0.0,0.0,0.5
YBR252W,4,0.001259541347068268,0.24518197092583144,1.184673766890166e-05,0.0,2.567295597484277,0.0,0.0,1,0.05442,-0.00544,16.61224,6.56317,15.0,15.0,5960.0,0.0,0.38936,0.00043,0.3153500824189429,0.0,0.5
YDR078C,5,0.00017965311974441512,0.2073144267166215,1.913719379074516e-06,0.1,4.26530612244898,1.0,2.5,0,0.12556,-0.0852,31.34848,4.76898,39.0,21.0,29045.0,0.0,1.11188,0.00018,0.0,0.0,0.5
YGR108W,3,4.918254089590912e-05,0.22842401571538623,6.777561204604917e-06,0.3333333333333333,2.262975778546713,0.0,7.699999999999999,0,0.09554,-0.49788,49.02293,5.65082,71.0,61.0,55320.0,0.0,1.0082,0.0001,0.0,0.0,0.5
YLR210W,4,0.00017044392290795573,0.21795434636714578,5.515628725511886e-06,0.16666666666666666,1.0,0.0,12.833333333333334,0,0.10652,-0.49826,53.74439,4.77533,77.0,49.0,71655.0,0.0,1.33059,9e-05,0.0,0.0,0.5
YLR234W,4,6.033690819977185e-05,0.22335461366414286,4.49558993765393e-06,0.0,2.12680412371134,0.0,0.0,0,0.08994,-0.47942,35.57837,8.71271,79.0,87.0,94655.0,0.0,1.27276,0.00012,0.0,0.0,0.5
YBR137W,6,0.0003553778648793106,0.2609285341112539,3.9766543484890926e-05,0.06666666666666667,5.716161616161616,0.0,63.0,0,0.11173,-0.37877,51.94754,5.31573,29.0,23.0,16430.0,0.0,0.80326,0.00026,0.0,0.0,0.5
YKR083C,6,4.915775111869088e-05,0.24474635807426148,8.271182763898609e-06,0.13333333333333333,3.4993804213135067,0.25,3.333333333333334,1,0.03008,-0.91729,49.78872,4.16876,31.0,13.0,13980.0,0.0,0.92759,0.00028,0.3153500824189429,0.13944903000175835,0.5199248171408319
YOR007C,5,0.0004319346039488193,0.21985669103618571,1.4266976923358815e-06,0.0,5.0,0.0,0.0,0,0.05491,-0.59942,47.79827,4.6806,55.0,37.0,16515.0,0.0,0.44374,0.00013,0.0,0.0,0.5
YBR138C,2,3.756356117006862e-05,0.22792795528828974,2.1896029038977852e-05,0.0,2.0,0.0,0.0,0,0.06489,-0.86718,53.47844,8.01312,71.0,73.0,45100.0,0.0,0.74585,0.00013,0.0,0.0,0.5
YIL046W,15,0.003370707554192505,0.2589968657623692,0.0001823423750686606,0.0380952380952381,11.56811301715439,0.5,2.5955882352941178,1,0.07969,-0.55953,39.11219,7.74176,78.0,80.0,99705.0,0.0,1.36892,0.00011,0.3153500824189429,0.19338324065864865,0.5083584608990196
YBR139W,2,0.0004229865413373211,0.1945505629479885,2.0862339335835118e-07,0.0,0.0,0.0,0.0,0,0.13189,-0.32835,40.77837,5.11871,61.0,43.0,94085.0,0.0,1.63233,9e-05,0.0,0.0,0.0
YEL060C,11,0.006405898370358823,0.24327409797326288,1.2312654065293966e-05,0.03636363636363636,5.371614301191766,0.0,2.6666666666666665,0,0.07087,-0.66031,32.36315,5.94061,94.0,78.0,41870.0,0.0,0.6014,9e-05,0.0,0.0,0.5
YOR381W,2,0.00021149327066866054,0.16207539728198853,3.775538290597585e-09,0.0,1.0,0.0,0.0,0,0.14909,0.15232,35.8282,6.65753,64.0,61.0,143865.0,0.0,1.78519,8e-05,0.0,0.0,0.5
YBR140C,4,0.00021149327066866054,0.20949180948937948,1.2279791871256872e-05,0.5,1.6515775034293554,0.0,2.6944444444444446,1,0.09832,-0.12274,44.05911,6.12494,344.0,310.0,292420.0,0.0,0.83316,2e-05,0.6846499175810571,0.0,0.5
YOL081W,1,0.0,0.17230013505611022,1.932774943746075e-07,0.0,0.0,0.0,0.0,0,0.09743,-0.18448,46.04,6.59259,336.0,315.0,277160.0,0.0,0.78814,2e-05,0.0,0.0,0.0
YBR141C,3,0.0002133160105815521,0.20325187455161947,4.6734461213273107e-07,0.0,0.0,0.5,0.0,0,0.06825,-0.47033,41.37151,9.74298,31.0,54.0,21525.0,0.0,0.55838,0.00025,0.0,0.0,0.0
YDR372C,4,0.00038846748703392716,0.24529111653639327,2.8444609437885605e-05,0.0,1.6621880998080614,0.0,0.0,0,0.06667,-0.33072,44.74348,5.01617,57.0,45.0,30285.0,0.0,0.77088,0.00013,0.0,0.0,0.5
YER059W,8,0.0002238295388159502,0.23269249658337857,5.232426896229957e-06,0.0,5.391523713420787,0.5,38.5,0,0.06429,-0.71095,45.0155,5.8266,51.0,45.0,24005.0,0.0,0.51067,0.00012,0.0,0.0,0.5
YGL091C,1,0.0,0.16805667766967303,6.621539780159708e-09,0.0,0.0,0.5,0.0,1,0.05183,-0.12591,39.65366,4.48322,52.0,27.0,32315.0,0.0,0.91666,0.00013,0.3153500824189429,0.19338324065864865,0.5
YDR060W,32,8.518131038549364e-05,0.26468876277624137,0.004969097166147944,0.7580645161290323,29.63326653306613,0.5,207.1027777777778,1,0.08,-0.80702,42.29935,4.88983,193.0,139.0,73940.0,0.0,0.63373,4e-05,0.6846499175810571,0.2889671908216764,0.5048757228721179
YFR001W,56,0.0005481917457085636,0.27374567815161915,0.008860353116306705,0.8168831168831169,54.40983606557377,0.5,636.2133283383282,0,0.02941,-1.27255,51.85294,10.31281,30.0,61.0,4470.0,0.0,0.18949,0.00044,0.0,0.0,0.5
YGR103W,79,0.0017648319543468161,0.28163344334752893,0.010765342920116413,0.5443037974683544,73.34068136272545,0.5,1079.2071428571428,1,0.07934,-0.81603,58.52005,5.48285,113.0,101.0,55280.0,0.0,0.79111,8e-05,0.6846499175810571,0.2889671908216764,0.5019700334483703
YLR197W,92,0.0010483316306883557,0.2857039766203593,0.012304921577376456,0.45699952221691353,76.44088176352706,0.5,2332.1666666666674,1,0.06944,-0.64306,32.55419,8.95477,79.0,89.0,33850.0,0.0,0.59529,0.00016,0.6846499175810571,0.2889671908216764,0.5018901351224311
YLR221C,8,0.00021273540774435605,0.24012020128965703,0.0009110157187040821,0.5357142857142857,5.398092967818832,0.5,47.5,0,0.04091,-0.90727,51.20591,4.78754,48.0,34.0,4470.0,0.0,0.18129,0.00019,0.0,0.0,0.5
YPR010C,31,0.0017846038961810713,0.2601125069496385,0.0018936620894542903,0.432258064516129,26.966326530612246,0.5,80.17341269841269,1,0.09227,-0.39061,38.80184,7.56122,138.0,139.0,130260.0,0.0,0.95963,6e-05,0.6846499175810571,0.2889671908216764,0.5053579264957286
YMR080C,14,0.0007156746070055745,0.25793602429932844,0.0005449749018630989,0.054945054945054944,7.59643605870021,0.5,8.3,0,0.08239,-0.38764,34.8894,6.05841,121.0,109.0,115595.0,0.0,1.05635,6e-05,0.0,0.0,0.5
YBR144C,2,0.00013905375567665283,0.24979467644786782,3.249605513390363e-05,0.0,0.0,0.0,0.0,0,0.17308,-0.09904,51.34346,8.86285,10.0,13.0,18825.0,0.0,1.52824,0.00072,0.0,0.0,0.0
YBR145W,2,0.00013905375567665283,0.24979467644786782,3.249605513390363e-05,0.0,1.3767019667170952,0.0,0.0,0,0.08547,0.04416,29.25815,5.94293,37.0,31.0,46630.0,0.0,1.23859,0.00016,0.0,0.0,0.5
YFR049W,21,0.0012575816708608185,0.25289006111385026,8.570984639328433e-06,0.3761904761904762,9.405311778290994,0.0,19.916666666666668,0,0.0813,-0.18537,26.37805,9.5528,10.0,16.0,10220.0,0.0,0.7466,0.0007,0.0,0.0,0.5
YHR075C,14,0.0001078797556809834,0.22796331671280567,2.5839873177508814e-06,0.8571428571428571,9.360576923076923,0.0,28.666666666666668,0,0.1,-0.27325,31.66925,6.56451,47.0,45.0,49430.0,0.0,1.1012,0.00015,0.0,0.0,0.5
YIL070C,3,0.0,0.21054242036946666,1.4792843883329071e-06,1.0,3.0,0.0,4.0,0,0.1015,-0.45902,50.94289,4.51984,45.0,24.0,23045.0,0.0,0.7648,0.00015,0.0,0.0,0.5
YKL142W,19,0.0006138569555396085,0.23669064944563592,4.0966709270969e-06,0.45614035087719296,7.586525759577278,0.0,28.666666666666668,0,0.07306,-0.61233,45.74114,4.66205,48.0,32.0,8480.0,0.0,0.33789,0.00019,0.0,0.0,0.5
YPR166C,13,0.0,0.22575676816939072,2.3480921729219848e-06,1.0,0.0,0.0,28.666666666666668,0,0.0,0.0,0.0,0.0,0.0,0.0,0.0,0.0,0.0,0.0,0.0,0.0,0.0
YBR149W,2,0.0,0.00042716787697565144,2.133579316030893e-18,0.0,1.0,0.0,0.0,0,0.08721,-0.28953,34.60116,5.64618,48.0,39.0,43235.0,0.0,1.11192,0.00015,0.0,0.0,0.5
YDL211C,1,0.0,0.00028477858465043426,1.508668400601407e-18,0.0,0.0,0.0,0.0,0,0.08333,-0.31317,50.06237,5.32172,35.0,26.0,22600.0,0.0,0.55458,0.00013,0.0,0.0,0.0
YNL128W,1,0.0,0.00028477858465043426,1.508668400601407e-18,0.0,1.0,0.0,1.5,0,0.10599,-0.20207,33.65461,6.35516,58.0,55.0,59330.0,0.0,1.18302,0.00013,0.0,0.0,0.5
YBR152W,6,0.00044553101125173694,0.2640545498547696,0.00010558502157682698,0.2,5.5983854692230075,1.0,9.333333333333332,1,0.05155,-1.53849,50.23814,5.51849,61.0,53.0,21555.0,0.0,0.63826,0.00016,0.3153500824189429,0.23974612282610783,0.5214120771197434
YGL128C,4,2.0680311435465073e-07,0.2302134246540382,2.213874113882416e-05,0.6666666666666666,2.5414141414141413,0.5,2.5,1,0.09187,-0.58516,46.92721,5.71613,39.0,28.0,37610.0,0.0,1.13157,0.00017,0.3153500824189429,0.19338324065864865,0.5380463847877707
YLR424W,21,0.0017458057264110119,0.2558105069217458,6.812644619745708e-05,0.10952380952380952,8.466666666666667,0.5,22.12222222222222,1,0.10734,-0.49054,40.8414,5.14056,120.0,90.0,120180.0,0.0,1.44712,6e-05,0.6846499175810571,0.2889671908216764,0.5170649915839572
YBR154C,40,0.0017544028598144206,0.26554979851057375,0.0003470874371367085,0.4166666666666667,37.03163265306122,1.0,237.7277777777778,1,0.08837,-0.50233,53.35767,9.1828,28.0,34.0,21805.0,0.0,0.86946,0.00037,0.3153500824189429,0.23974612282610783,0.5032370450024742
YDL150W,19,0.00019820330019194293,0.24831718427644905,0.00027843927630816115,0.8538011695906432,17.374489795918368,1.0,47.35912698412699,1,0.03555,-0.94408,44.85924,8.59259,75.0,78.0,8480.0,0.0,0.18171,0.00018,0.3153500824189429,0.23974612282610783,0.506899371597157
YDR045C,10,7.86077866636536e-05,0.2416338680740845,0.00010703277448186638,0.7111111111111111,7.838235294117647,0.5,16.75,1,0.11818,-0.49727,60.48827,4.86029,15.0,11.0,20940.0,0.0,1.67346,0.00039,0.3153500824189429,0.19338324065864865,0.5123358915241916
YDR156W,14,0.00042803339504158085,0.26847717006367766,0.00034161498703686935,0.8571428571428571,10.58498023715415,0.5,80.0,0,0.0365,-0.38321,33.52263,5.11639,16.0,12.0,0.0,0.0,0.0,0.00035,0.0,0.0,0.5
YDR404C,18,0.000426581026992565,0.2519649417133766,5.001444991436442e-05,0.7647058823529411,16.8,0.5,148.7309523809524,1,0.09942,-0.00936,37.39591,7.66681,18.0,19.0,9440.0,0.0,0.49533,0.0004,0.3153500824189429,0.19338324065864865,0.5057554535910311
YER071C,10,0.0007537107092366526,0.2344748220891236,9.021131257192043e-06,0.0,1.0,0.0,0.0,0,0.07143,-0.57778,52.70794,4.93427,21.0,15.0,18575.0,0.0,1.28119,0.00034,0.0,0.0,0.5
YFL023W,5,0.00018436555178902251,0.2314098721862315,2.6792577223402546e-05,0.0,1.9889012208657049,0.0,0.0,1,0.06156,-1.05075,53.51357,4.63177,187.0,116.0,35300.0,0.0,0.38613,5e-05,0.6846499175810571,0.0,0.5
YGR005C,17,0.0011909095219505715,0.2623728739524745,6.090825248701871e-05,0.6323529411764706,16.190816326530612,1.0,201.0,1,0.065,-1.09125,45.58925,6.71698,73.0,72.0,39225.0,0.0,0.84165,0.00014,0.3153500824189429,0.23974612282610783,0.5074037688400324
YGR063C,12,0.00015352930895054124,0.24935663849278897,2.4576192668444905e-05,0.803030303030303,11.16550925925926,0.5,76.31190476190477,0,0.06863,-0.16078,47.76275,5.1076,13.0,9.0,14730.0,0.0,1.32017,0.00046,0.0,0.0,0.5
YGR186W,14,0.00020133728171642837,0.25100368154398833,3.5579872232022224e-05,0.8241758241758241,13.595918367346938,1.0,76.38690476190476,1,0.05034,-1.0366,47.77607,5.5755,131.0,119.0,44600.0,0.0,0.54262,7e-05,0.6846499175810571,0.40640486218295563,0.5149458407737653
YHR143WA,29,0.0009873121527021772,0.263675478841699,0.0004840318293969542,0.5443349753694581,0.0,0.0,82.08888888888889,0,0.0,0.0,0.0,0.0,0.0,0.0,0.0,0.0,0.0,0.0,0.0,0.0,0.0
YIL128W,9,0.0003741204213791376,0.22896980341136106,7.71794408005459e-06,0.08333333333333333,6.686175580221998,1.0,13.5,0,0.09496,-0.00107,36.06348,5.64203,126.0,110.0,82305.0,0.0,0.6982,5e-05,0.0,0.0,0.5
YJL011C,14,1.0606058208251024e-06,0.239104288092619,0.00025317175544489637,0.9010989010989011,12.357142857142858,1.0,40.75,1,0.08075,-0.67578,45.03292,5.52679,28.0,24.0,13075.0,0.0,0.70311,0.0003,0.3153500824189429,0.23974612282610783,0.5097007101721547
YJL148W,13,0.0,0.2463741703149745,0.0002540783859650008,1.0,0.0,0.0,25.261507936507936,0,0.0,0.0,0.0,0.0,0.0,0.0,0.0,0.0,0.0,0.0,0.0,0.0,0.0
YKL144C,24,0.0017689406070547518,0.27057001321357255,0.0004048137637892896,0.6702898550724637,21.06020408163265,1.0,83.58333333333333,1,0.10849,-0.24953,32.44717,4.74323,34.0,22.0,36940.0,0.0,1.51857,0.00019,0.3153500824189429,0.23974612282610783,0.5056919230672413
YLR384C,10,0.000835935754827869,0.23807121707039983,2.106181951052051e-05,0.37777777777777777,6.893877551020408,0.5,17.857142857142858,0,0.08895,-0.32157,39.72573,4.95087,214.0,153.0,137210.0,0.0,0.89687,3e-05,0.0,0.0,0.5
YLR418C,16,0.0007393414196662619,0.25960698794319925,7.039396063094189e-05,0.7083333333333334,14.634343434343434,1.0,75.13214285714285,0,0.07888,-0.5659,34.11527,7.71893,49.0,50.0,53775.0,0.0,1.20963,0.00017,0.0,0.0,0.5
YML010W,18,0.0007571960514659918,0.2620609152413961,6.098973502732435e-05,0.5163398692810458,16.867676767676766,0.5,106.95,1,0.05738,-0.8317,36.39878,5.09344,168.0,133.0,117145.0,0.0,1.01294,4e-05,0.6846499175810571,0.2889671908216764,0.508565708093702
YNL113W,28,0.0008085233462686723,0.2581021520742153,0.000531415160452985,0.5423280423280423,24.27857142857143,0.5,101.53571428571428,1,0.04225,-0.81197,52.2,4.315,34.0,14.0,4720.0,0.0,0.29225,0.00027,0.3153500824189429,0.19338324065864865,0.5039825910109166
YNL151C,19,3.9994937857336324e-05,0.24809357582595246,0.00028583598434384826,0.9415204678362573,16.45204081632653,1.0,108.91666666666666,1,0.08765,-0.92789,38.94625,4.23529,56.0,27.0,17880.0,0.0,0.64494,0.00015,0.3153500824189429,0.23974612282610783,0.5072862122548405
YNL248C,21,3.832742032748247e-05,0.24785643268347057,0.00031980750391492956,0.8809523809523809,17.275510204081634,0.5,48.02579365079365,0,0.07229,-0.4294,40.22386,9.54803,51.0,68.0,20985.0,0.0,0.44984,0.0002,0.0,0.0,0.5
YOL005C,17,1.2955010453432018e-05,0.2516628599723409,4.9717264801752586e-05,0.8602941176470589,15.878571428571428,1.0,213.58333333333331,1,0.1,-0.36417,14.41167,5.39105,19.0,16.0,8605.0,0.0,0.63201,0.0004,0.3153500824189429,0.23974612282610783,0.5075493605928149
YOR151C,31,0.000619822167553936,0.265982420519853,9.9051566481017e-05,0.43655913978494626,28.694897959183674,1.0,211.66923011628893,1,0.08415,-0.39077,44.01985,6.09235,170.0,153.0,109165.0,0.0,0.78678,4e-05,0.6846499175810571,0.40640486218295563,0.507081482965387
YOR207C,33,0.0023605639086140304,0.26883738825855485,0.0012621442201015938,0.4071969696969697,28.987755102040815,1.0,66.23134920634921,1,0.07485,-0.26118,41.20462,8.40448,137.0,145.0,95895.0,0.0,0.74076,6e-05,0.6846499175810571,0.40640486218295563,0.5070099402446371
YOR210W,33,0.0010424745773808014,0.26449817924370117,0.00033913845819766796,0.48295454545454547,30.16122448979592,0.5,123.8277777777778,1,0.08571,-0.27286,51.75429,7.65314,11.0,12.0,10470.0,0.0,1.26486,0.00092,0.3153500824189429,0.19338324065864865,0.5032058254253582
YOR224C,36,0.002223602314097002,0.27374567815161915,0.0004000120516692933,0.4746031746031746,33.23571428571429,1.0,215.57142857142856,1,0.10274,-0.38699,45.7137,4.52594,21.0,14.0,19160.0,0.0,1.16042,0.00027,0.3153500824189429,0.23974612282610783,0.5036067544805131
YOR340C,24,0.000277079769479424,0.25286104831500733,0.00032800561958684226,0.7282608695652174,15.40153452685422,0.5,162.66666666666666,1,0.06748,-0.65368,35.22454,4.80255,53.0,32.0,34170.0,0.0,0.94331,0.00013,0.3153500824189429,0.19338324065864865,0.5062780510708678
YPR187W,38,0.0035331086796721992,0.27323663641452445,0.0003482937228979881,0.4438122332859175,35.05,0.5,183.63769841269843,1,0.09032,-0.87548,31.53484,4.53229,35.0,20.0,12950.0,0.0,0.72307,0.00025,0.3153500824189429,0.19338324065864865,0.5027586767568994
YPR190C,22,0.00012167650696795757,0.25238329642021773,0.0006576177282043338,0.7965367965367965,19.341836734693878,0.5,44.48412698412699,1,0.06116,-0.35657,41.55933,6.26154,91.0,87.0,48290.0,0.0,0.65243,8e-05,0.3153500824189429,0.19338324065864865,0.5049990919505533
YBR155W,8,0.0008441050945853712,0.2667065982136691,0.00013190239576352664,0.14285714285714285,7.963673057517659,0.0,6.800000000000001,1,0.07792,-0.71532,42.14286,5.68707,67.0,62.0,29505.0,0.0,0.66887,0.00013,0.3153500824189429,0.0,0.5
YDR463W,1,0.0,0.20921341505816438,1.7292543614951717e-06,0.0,1.0,0.2,0.0,0,0.07707,-0.7104,58.14992,7.25128,59.0,59.0,26705.0,0.0,0.45974,0.00012,0.0,0.0,0.5
YGR187C,4,0.0009283121984451099,0.2660305766611662,0.0001341450936873386,0.16666666666666666,3.60507614213198,0.0,0.0,0,0.07107,-0.2632,48.96954,4.61932,78.0,47.0,22765.0,0.0,0.50644,0.0001,0.0,0.0,0.5
YJR032W,5,6.586310595839934e-05,0.2288865805740445,4.1218926597962195e-06,0.3,4.92020202020202,0.0,2.9846153846153847,0,0.11705,-0.62341,32.79468,5.26459,63.0,53.0,40645.0,0.0,0.90055,0.00012,0.0,0.0,0.5
YLL026W,9,0.0003188981144501747,0.25816261524307604,3.461585150217284e-05,0.027777777777777776,8.77497477295661,0.3333333333333333,0.0,0,0.05286,-0.46839,43.97974,5.30914,150.0,124.0,33530.0,0.0,0.32862,5e-05,0.0,0.0,0.5
YBR156C,3,0.0,0.21624364264290033,3.3093467223954404e-06,1.0,1.0,0.25,3.0,0,0.04728,-1.0106,54.67479,9.92279,82.0,128.0,45380.0,0.0,0.57309,0.00013,0.0,0.0,0.5
YGR113W,19,0.0018346107920309428,0.2616098905208026,3.115240498134016e-05,0.05847953216374269,3.633975481611208,0.25,16.442857142857143,1,0.04665,-0.8621,44.48659,9.19806,44.0,50.0,14565.0,0.0,0.37909,0.00024,0.3153500824189429,0.13944903000175835,0.5191868424412058
YBR157C,1,0.0,0.21645601057085803,2.798148520361548e-06,0.0,0.0,0.0,0.0,0,0.0902,-0.96314,60.22396,9.44135,29.0,38.0,12170.0,0.0,0.42299,0.00033,0.0,0.0,0.0
YBR158W,1,0.0,0.00021358393848782572,2.229258935376394e-19,0.0,1.0,0.5,0.0,1,0.07104,-0.37195,50.95576,9.22333,60.0,76.0,58910.0,0.0,0.93977,0.00015,0.3153500824189429,0.19338324065864865,0.5966916203293243
YDR111C,1,0.0,0.00021358393848782572,2.229258935376394e-19,0.0,1.0,0.5,0.0,0,0.08481,-0.30059,37.4154,5.53986,66.0,55.0,44320.0,0.0,0.78071,0.0001,0.0,0.0,0.5
YDL106C,4,5.880214131459535e-05,0.22226222232014942,4.053951326726342e-06,0.0,1.1639908256880733,1.0,0.0,0,0.06798,-0.97174,42.70358,4.88885,78.0,49.0,34295.0,0.0,0.54102,8e-05,0.0,0.0,0.5
YDR113C,6,0.0006819888923636402,0.23265565288834766,5.922384621692924e-06,0.0,5.047770700636943,0.5,18.2,1,0.0429,-1.07131,59.79893,4.85675,68.0,49.0,13535.0,0.0,0.32351,0.00012,0.3153500824189429,0.19338324065864865,0.5191553115352731
YFL029C,4,0.0005706579062022075,0.20694458735625199,3.0433081056917737e-06,0.0,1.0,0.0,0.0,1,0.09239,-0.29946,37.92582,5.56744,50.0,42.0,42245.0,0.0,1.0014,0.00013,0.3153500824189429,0.0,0.5
YIL050W,7,0.0007731381817074139,0.2506326276595135,0.00010717479420053107,0.0,3.2751817237798546,0.0,0.0,0,0.08421,-0.22667,45.02814,5.02863,36.0,25.0,19535.0,0.0,0.60977,0.00016,0.0,0.0,0.5
YJR090C,10,0.0016056923036539246,0.25451077686348283,6.251270526940025e-05,0.08888888888888889,8.512820512820513,0.0,22.40692640692641,0,0.07472,-0.39696,44.7524,6.08075,137.0,124.0,81355.0,0.0,0.61292,5e-05,0.0,0.0,0.5
YKL108W,2,6.867532820681557e-06,0.20749984255674653,3.052474292569053e-06,0.0,2.0,1.0,16.88888888888889,1,0.0596,-1.05894,63.47638,9.05511,75.0,83.0,26150.0,0.0,0.50028,0.00017,0.3153500824189429,0.23974612282610783,0.5599365307065269
YKR077W,2,0.0,0.22143601021125853,4.470757717197374e-06,1.0,0.0,0.0,74.0,0,0.05785,-0.60028,59.00716,10.0788,22.0,39.0,14440.0,0.0,0.36225,0.00025,0.0,0.0,0.0
YMR199W,12,0.001583179668104322,0.26746718374343326,9.388663449106722e-05,0.13636363636363635,9.344032096288867,0.0,73.23333333333332,0,0.08974,-0.48919,43.46341,5.53961,58.0,46.0,62895.0,0.0,1.01364,9e-05,0.0,0.0,0.5
YNL298W,13,0.00033159348323238643,0.25589960845672377,3.676289954380939e-05,0.1794871794871795,5.612582781456954,0.0,25.7794955044955,0,0.06295,-0.73029,52.71723,9.1767,76.0,94.0,88000.0,0.0,0.93709,0.0001,0.0,0.0,0.5
YNL309W,6,7.411698508192911e-05,0.23478703889616637,9.055067258729745e-06,0.26666666666666666,3.232941176470588,0.5,33.41121212121212,0,0.0381,-0.90381,55.79452,9.48431,38.0,47.0,10430.0,0.0,0.22831,0.00021,0.0,0.0,0.5
YPL256C,12,0.000415352486046283,0.24213823978442867,6.893567527117819e-06,0.16666666666666666,10.246215943491423,0.0,73.34761904761905,0,0.0844,-0.43138,44.21305,5.5451,56.0,44.0,54415.0,0.0,0.88199,9e-05,0.0,0.0,0.5
YPR120C,15,0.0016659624072665128,0.27284765135401856,0.00010725714825510652,0.02857142857142857,7.231693989071038,0.0,76.0,1,0.09425,-0.58299,56.83356,6.58344,60.0,58.0,56560.0,0.0,1.12154,0.00013,0.3153500824189429,0.0,0.5
YBR161W,1,0.0,0.25173471847841494,8.868705264917986e-05,0.0,1.0,0.0,0.0,0,0.1516,-0.44096,50.90803,9.1579,39.0,50.0,89895.0,0.0,2.02551,0.00021,0.0,0.0,0.5
YBR192W,3,0.00012207719858998246,0.23828999704176027,5.812836965429782e-05,0.0,2.757327080890973,0.0,0.0,1,0.1008,-0.26658,34.06737,9.62408,32.0,50.0,66725.0,0.0,1.58488,0.00023,0.3153500824189429,0.0,0.5
YCR012W,8,0.0002428285176643311,0.23817412228633691,4.772032848689691e-06,0.14285714285714285,6.944791666666666,0.0,8.4,1,0.06731,-0.10601,23.23365,7.10968,55.0,55.0,21555.0,0.0,0.48181,0.00016,0.3153500824189429,0.0,0.5
YGR249W,10,0.0009424888835268124,0.2636439387126509,1.4424324836307658e-05,0.0,8.030590717299578,1.0,0.0,0,0.07237,-0.5807,61.93596,9.49359,28.0,40.0,42985.0,0.0,0.84725,0.00019,0.0,0.0,0.5
YNL217W,1,0.0,0.18265970477253235,2.0002971954744934e-08,0.0,1.0,0.0,0.0,0,0.09816,-0.28558,33.49972,8.54559,38.0,42.0,43610.0,0.0,1.17387,0.00023,0.0,0.0,0.5
YOL028C,1,0.0,0.18265970477253235,2.0002971954744934e-08,0.0,1.0,1.0,0.0,0,0.03265,-1.16612,34.54327,9.74445,32.0,45.0,14105.0,0.0,0.51504,0.00036,0.0,0.0,0.5
YPR155C,2,9.731091692787417e-05,0.23231234019897357,2.2758068966458295e-05,0.0,1.6255924170616114,0.0,0.0,0,0.09091,-0.12597,43.92662,6.42511,74.0,70.0,79270.0,0.0,1.11867,9e-05,0.0,0.0,0.5
YBR162WA,3,0.00021300664453158594,0.20645996230975242,8.227486836958893e-07,0.0,0.0,0.0,0.0,0,0.0,0.0,0.0,0.0,0.0,0.0,0.0,0.0,0.0,0.0,0.0,0.0,0.0
YIL027C,1,0.0,0.17024395223711133,1.173209737775249e-08,0.0,0.0,0.5,0.0,0,0.11348,0.02057,21.34681,8.94684,12.0,15.0,14565.0,0.0,0.91562,0.00056,0.0,0.0,0.0
YML108W,3,0.00017300760512118586,0.23390250744325178,2.3561121788102342e-05,0.0,1.0,0.0,0.0,0,0.08571,-0.49714,39.31905,4.51385,26.0,14.0,8605.0,0.0,0.69738,0.00037,0.0,0.0,0.5
YBR166C,3,2.0039037886490853e-05,0.2284713722025253,6.4574856858632935e-06,0.3333333333333333,2.56969696969697,0.0,0.0,0,0.10619,-0.14535,34.95708,6.13409,52.0,46.0,74675.0,0.0,1.46644,0.00012,0.0,0.0,0.5
YDR127W,7,0.0002836971818901136,0.24609907633293454,1.771869744572717e-05,0.2857142857142857,5.930785123966942,0.0,0.0,0,0.07746,-0.1216,32.40668,5.888,191.0,165.0,163425.0,0.0,0.93518,3e-05,0.0,0.0,0.5
YJR109C,9,0.00022989723840423693,0.24287199202619963,1.767145149747203e-05,0.25,7.840327533265097,0.0,6.642857142857142,0,0.08676,-0.13336,35.67701,5.18451,147.0,116.0,110935.0,0.0,0.89526,4e-05,0.0,0.0,0.5
YBR168W,1,0.0,0.22412683827921107,4.069454388987861e-05,0.0,1.0,0.0,0.0,1,0.13075,-0.10412,47.71891,8.85345,43.0,49.0,94475.0,0.0,1.94481,0.00018,0.3153500824189429,0.0,0.5
YIL077C,2,3.984599621058218e-05,0.18180840778996632,1.4401724894631746e-08,0.0,1.2337662337662338,0.0,0.0,0,0.12188,-1.02031,47.34941,8.92023,43.0,47.0,56840.0,0.0,1.53848,0.00024,0.0,0.0,0.5
YBR170C,4,0.0002379141659900141,0.24346220342845043,4.261847151265315e-05,0.16666666666666666,3.8127572016460904,0.4,3.2222222222222223,0,0.0931,-0.50034,35.87347,5.47382,81.0,62.0,72530.0,0.0,1.10259,8e-05,0.0,0.0,0.5
YDR259C,24,0.012464683589484124,0.2910422986448913,9.794707315738918e-05,0.03260869565217391,14.25609756097561,1.0,32.2,0,0.04961,-1.0705,56.86919,8.67377,44.0,47.0,19495.0,0.0,0.44717,0.0002,0.0,0.0,0.5
YGR048W,10,0.00037373592844768986,0.22910070449953346,3.909844543223392e-05,0.06666666666666667,7.653927813163482,0.0,4.909090909090909,1,0.08587,-0.4097,44.62161,5.95197,47.0,45.0,16180.0,0.0,0.40643,0.00015,0.3153500824189429,0.0,0.5
YBR171W,7,0.0005075728121670969,0.24162062350775726,2.333471954491513e-05,0.19047619047619047,6.041580041580041,0.5,7.033333333333333,0,0.1068,-0.40485,41.51408,6.77374,31.0,31.0,27305.0,0.0,1.12688,0.00028,0.0,0.0,0.5
YCL057W,1,0.0,0.19345767819167572,3.0272751386379455e-07,0.0,1.0,0.0,0.0,0,0.11798,-0.48174,34.43204,5.50861,97.0,79.0,114180.0,0.0,1.39358,7e-05,0.0,0.0,0.5
YDR245W,6,5.688654401357815e-05,0.20666322809543006,6.485920079470406e-07,0.26666666666666666,2.2150170648464163,0.3333333333333333,6.116666666666666,0,0.14758,-0.61425,46.45753,6.43207,53.0,51.0,129425.0,0.0,2.7686,0.00014,0.0,0.0,0.5
YLR292C,4,0.00016521381944174178,0.2559739071642485,9.094783191554322e-05,0.5,2.9825641025641025,0.0,6.666666666666668,0,0.05181,-0.1,36.43109,5.56244,25.0,22.0,14355.0,0.0,0.66437,0.00026,0.0,0.0,0.5
YOR254C,5,2.932172348395115e-05,0.21622242876713216,4.575948498983023e-06,0.4,4.677093844601413,0.6666666666666666,6.083333333333334,1,0.09653,-0.3641,39.26275,5.11176,99.0,75.0,76165.0,0.0,1.0109,7e-05,0.3153500824189429,0.2140833020160308,0.5228863594711851
YPL094C,6,0.00022376843468703396,0.2492015747230213,0.0001236606452892796,0.2,3.852713178294574,0.5,5.083333333333334,1,0.12044,-0.27445,43.47044,9.73102,24.0,43.0,39225.0,0.0,1.25135,0.00031,0.3153500824189429,0.19338324065864865,0.5250970201659615
YBR172C,2,0.0,0.19423338423774061,9.32383858480374e-07,1.0,0.0,0.0,0.0,0,0.05811,-0.75257,46.64162,8.83173,86.0,93.0,74160.0,0.0,0.9111,0.00011,0.0,0.0,0.0
YKL074C,9,0.00026982556004038837,0.2322266702810833,2.393692466391599e-05,0.1388888888888889,2.5426356589147288,0.0,2.05,0,0.09488,-0.80873,38.7266,8.40912,70.0,74.0,54290.0,0.0,0.89797,0.00014,0.0,0.0,0.5
YBR174C,1,0.0,0.25173471847841494,8.868705264917986e-05,0.0,1.0,0.0,0.0,0,0.06731,-0.03846,48.86058,6.23346,8.0,7.0,10720.0,0.0,0.93567,0.00054,0.0,0.0,0.5
YHR177W,3,2.288157256271568e-05,0.23948099393032668,2.539387278179481e-05,0.0,2.643776824034335,0.0,0.0,0,0.09934,-0.83355,64.73689,9.42535,35.0,50.0,50365.0,0.0,0.96768,0.00018,0.0,0.0,0.5
YIL160C,4,1.902075457495907e-05,0.21593644828429134,1.1312789276539604e-06,0.3333333333333333,3.2660550458715596,0.0,3.333333333333333,0,0.05516,-0.09017,34.40695,7.51898,45.0,46.0,14410.0,0.0,0.32216,0.00017,0.0,0.0,0.5
YOR047C,34,0.013783164622421963,0.2896462747404904,0.00016879441893111725,0.0071301247771836,14.484782608695653,0.3333333333333333,22.125,0,0.07432,-0.64212,52.28673,9.04681,47.0,54.0,52745.0,0.0,1.04944,0.00018,0.0,0.0,0.5
YBR176W,7,0.0008448944909085739,0.26707825842323685,6.48686011400693e-05,0.14285714285714285,6.070640176600442,0.0,43.333333333333336,0,0.08333,-0.03686,37.40801,8.34918,30.0,33.0,32275.0,0.0,0.93647,0.00024,0.0,0.0,0.5
YLR291C,28,0.002809084291486835,0.27772975398661315,8.70364539288307e-05,0.08465608465608465,25.253279515640767,0.0,73.26666666666667,1,0.07349,-0.21076,46.09318,7.74078,42.0,43.0,23295.0,0.0,0.54723,0.00018,0.3153500824189429,0.0,0.5
YBR178W,1,0.0,0.1557917178044009,2.1056377289909643e-09,0.0,0.0,0.0,0.0,0,0.12903,0.02823,41.64605,10.03241,8.0,19.0,11960.0,0.0,0.82826,0.00069,0.0,0.0,0.0
YHR122W,5,0.0006393806564850763,0.1855818909306413,1.3646580239722083e-07,0.0,1.3385744234800838,0.0,0.0,1,0.01732,-0.3658,52.35152,4.55634,45.0,23.0,1865.0,0.0,0.07264,0.00018,0.3153500824189429,0.0,0.5
YBR179C,1,0.0,0.20459141628494956,1.8144932669574118e-05,0.0,1.0,0.0,0.0,0,0.07368,-0.46842,43.25848,6.5451,120.0,116.0,66990.0,0.0,0.68492,7e-05,0.0,0.0,0.5
YBR180W,1,0.0,0.22001031419821937,4.534914890258272e-06,0.0,1.0,0.0,0.0,0,0.12413,0.26084,40.78951,8.97333,40.0,49.0,85800.0,0.0,1.35318,0.00014,0.0,0.0,0.5
YBR184W,2,0.00013936821446942468,0.25249894920812943,8.87368462989881e-05,0.0,1.0,0.0,0.0,0,0.09369,-0.62734,50.71474,8.83344,63.0,74.0,65010.0,0.0,1.07203,0.00015,0.0,0.0,0.5
YNL225C,4,0.00011281552019430489,0.2309612624581119,3.3667216365556494e-06,0.3333333333333333,1.0,0.0,1.0,1,0.06024,-0.85009,51.20964,5.73895,100.0,88.0,31245.0,0.0,0.46358,9e-05,0.3153500824189429,0.0,0.5
YBR185C,1,0.0,0.2073144267166215,5.8104915083518785e-06,0.0,1.0,0.0,0.0,0,0.09353,-0.2018,44.83777,9.84357,24.0,40.0,27180.0,0.0,0.85443,0.00031,0.0,0.0,0.5
YBR186W,2,8.442114213456591e-05,0.2335926371297506,4.463861533507408e-06,0.0,1.9954022988505746,0.3333333333333333,0.0,0,0.07624,-0.21365,36.33814,5.63214,77.0,66.0,30255.0,0.0,0.47676,9e-05,0.0,0.0,0.5
YBR187W,3,0.00010732157133804157,0.21797590146246965,6.40234962279914e-06,0.0,1.7295673076923077,0.0,0.0,0,0.09286,0.54464,30.78893,5.29193,29.0,22.0,21555.0,0.0,0.71044,0.00017,0.0,0.0,0.5
YNR032W,5,4.7534765647898695e-05,0.21194954588304277,3.490777672510598e-07,0.1,4.535312180143296,0.0,2.225,0,0.11685,-0.325,33.37505,4.85394,53.0,32.0,50405.0,0.0,1.18789,0.00011,0.0,0.0,0.5
YPR171W,10,0.0016286719915431342,0.2481354717295538,4.5297447376864934e-05,0.13333333333333333,4.459697732997481,0.0,4.047979797979798,0,0.03819,-0.99514,59.8842,9.85248,69.0,104.0,19495.0,0.0,0.30148,0.00015,0.0,0.0,0.5
YBR188C,5,0.00014367813831943593,0.24029036005862758,1.4987198857494052e-05,0.2,0.0,1.0,0.0,0,0.03571,-0.99143,34.72714,5.9295,23.0,22.0,4595.0,0.0,0.28773,0.00037,0.0,0.0,0.0
YBR190W,1,0.0,0.20369329768843972,3.443278304214922e-06,0.0,0.0,0.0,0.0,1,0.07767,-0.45922,65.52728,10.12518,4.0,13.0,18365.0,0.0,1.66539,0.00092,0.3153500824189429,0.0,0.0
YER078C,4,0.00022669334217830395,0.2368941667710406,4.9114648134188705e-05,0.0,3.408695652173913,0.3333333333333333,0.0,0,0.09785,-0.3998,39.32587,6.10614,65.0,59.0,52675.0,0.0,0.90836,0.00011,0.0,0.0,0.5
YBR193C,10,0.0038363698805326837,0.28627916971525674,0.00016952329491956713,0.13333333333333333,9.091603053435115,1.0,17.517857142857142,1,0.07175,-0.57623,48.84036,5.31586,31.0,24.0,22460.0,0.0,0.88887,0.00021,0.3153500824189429,0.23974612282610783,0.5131850302645761
YEL037C,22,0.0026824857830275548,0.2575893563533877,8.856783440157315e-05,0.1471861471861472,19.666326530612245,0.5,27.839285714285715,0,0.04271,-0.45251,47.69497,4.25909,68.0,29.0,9440.0,0.0,0.22282,0.0001,0.0,0.0,0.5
YOR264W,27,0.00322810458965697,0.26627161916493647,7.949556830852769e-05,0.0,16.2591815320042,0.0,0.0,0,0.04651,-0.55488,56.77953,6.63531,62.0,61.0,18670.0,0.0,0.38816,0.00014,0.0,0.0,0.5
YBR194W,1,0.0,0.17180990198680765,2.0433935666716824e-08,0.0,0.0,0.0,0.0,0,0.04878,-1.33171,54.12691,10.19867,15.0,26.0,9970.0,0.0,0.70044,0.00072,0.0,0.0,0.0
YPR152C,3,0.005096755068022497,0.20876754228157818,1.4769361700343975e-06,0.0,0.0,1.0,0.0,0,0.09247,-0.90086,59.3123,4.59784,104.0,63.0,71695.0,0.0,1.3243,8e-05,0.0,0.0,0.0
YBR195C,4,0.00026026531064373017,0.21210251913946607,1.8726460685889176e-06,0.16666666666666666,3.1701427003293086,0.5,15.6,0,0.08294,-0.50166,32.35687,5.32062,54.0,35.0,78795.0,0.0,1.6636,0.00011,0.0,0.0,0.5
YHR004C,1,0.0,0.17406225687168897,2.669616437938142e-08,0.0,1.0,0.6666666666666666,0.0,0,0.08072,-0.47489,47.74664,8.9931,53.0,61.0,50350.0,0.0,0.99426,0.00018,0.0,0.0,0.5
YML102W,3,2.7896626373373225e-05,0.19530911188637676,8.462314162718682e-07,0.3333333333333333,1.0,1.0,4.783333333333333,0,0.07906,-0.19658,46.64724,5.91437,53.0,46.0,66110.0,0.0,1.28991,0.00012,0.0,0.0,0.5
YPR018W,6,0.0005476365114771995,0.2377630342651307,6.2955081388916e-05,0.26666666666666666,1.9153952843273232,1.0,13.8,0,0.06106,-1.16584,67.68881,6.37799,118.0,116.0,46005.0,0.0,0.65526,9e-05,0.0,0.0,0.5
YBR196C,3,3.2341056003734e-05,0.21983476238158403,2.1410427142597016e-06,0.3333333333333333,2.8518145161290325,0.0,0.0,1,0.1065,-0.22563,27.40903,5.9953,60.0,50.0,73340.0,0.0,1.19644,0.0001,0.3153500824189429,0.0,0.5
YBR197C,3,0.0001972917777126413,0.2479121902747609,8.289249395119058e-05,0.0,2.86815415821501,0.0,0.0,0,0.02765,-0.98571,44.753,9.09613,29.0,33.0,10095.0,0.0,0.4171,0.00038,0.0,0.0,0.5
YDR145W,18,0.0004234667885660066,0.24873753838593404,3.608594226333253e-05,0.5882352941176471,7.146341463414634,1.0,84.37474747474747,1,0.04638,-1.10742,54.99056,9.56073,51.0,67.0,38640.0,0.0,0.6327,0.00016,0.3153500824189429,0.23974612282610783,0.5167740461362976
YDR167W,35,0.007615707964126837,0.2890195813844429,0.0003205029149209484,0.17142857142857143,27.55955955955956,1.0,74.12439782439782,1,0.07282,-0.75437,43.13888,4.44196,37.0,22.0,10430.0,0.0,0.4531,0.00019,0.3153500824189429,0.23974612282610783,0.5043496000418292
YFR051C,13,0.0013546737163353498,0.25322418745838254,3.1654888672026014e-05,0.46153846153846156,9.882056451612904,0.0,36.27579365079365,1,0.07509,-0.41099,52.61795,5.05634,77.0,53.0,34965.0,0.0,0.57672,8e-05,0.3153500824189429,0.0,0.5
YGL112C,34,0.0023849078839852504,0.27276323589354146,0.00011612693135973675,0.28698752228163993,25.75226586102719,1.0,128.1764874014874,1,0.07752,-0.2124,36.79186,5.26898,68.0,53.0,40590.0,0.0,0.70102,9e-05,0.3153500824189429,0.23974612282610783,0.5046548549187847
YGR274C,23,0.0007503462612076097,0.25618217325945974,4.6802763190806197e-05,0.3952569169960474,8.3119918699187,1.0,80.1158416746652,1,0.07223,-0.77336,42.46953,7.00824,147.0,145.0,93210.0,0.0,0.77228,6e-05,0.6846499175810571,0.40640486218295563,0.5244468996447016
YHR099W,11,0.0005445852752262618,0.2470923013046818,2.1326424800898748e-05,0.23636363636363636,3.408323959505062,1.0,3.666666666666667,1,0.1023,-0.1636,43.71458,6.11237,452.0,410.0,423825.0,0.0,0.97842,1e-05,0.6846499175810571,0.40640486218295563,0.5596194591552224
YHR137W,2,7.085724453808196e-06,0.22277892835071125,4.449480086197682e-06,0.0,1.0,0.0,0.0,0,0.11696,-0.33158,40.46043,5.33539,65.0,55.0,74050.0,0.0,1.26523,9e-05,0.0,0.0,0.5
YML015C,19,0.0015538137830315285,0.2729152213518774,0.00012214138181941211,0.49122807017543857,9.216463414634147,1.0,126.25,1,0.09538,-0.87052,51.57488,5.5025,48.0,43.0,47455.0,0.0,1.16818,0.00014,0.3153500824189429,0.23974612282610783,0.5130064056048567
YML061C,2,0.00021149327066866054,0.21169508021301078,3.502284169307218e-06,0.0,1.0,0.2,0.0,0,0.06519,-0.61118,47.07255,9.05902,120.0,134.0,61140.0,0.0,0.62592,9e-05,0.0,0.0,0.5
YML098W,15,0.00012817172021667368,0.2553807227434982,3.384459611815712e-05,0.7523809523809524,6.103658536585366,1.0,149.33333333333331,1,0.05389,-1.14311,47.0479,5.65582,32.0,30.0,6210.0,0.0,0.32459,0.0003,0.3153500824189429,0.23974612282610783,0.5196395425292116
YMR227C,13,0.0,0.2465257343143853,3.261998660522035e-05,1.0,6.246594005449591,1.0,66.26884226884226,1,0.03729,-1.10881,55.01593,4.49579,165.0,86.0,31525.0,0.0,0.46666,7e-05,0.6846499175810571,0.40640486218295563,0.5325301165585921
YMR236W,24,0.001790067825756264,0.26954424943594985,0.00029265422165291395,0.35507246376811596,14.129065040650406,1.0,114.44444444444444,1,0.06369,-0.47962,28.8949,5.9118,19.0,17.0,20065.0,0.0,1.15886,0.00034,0.3153500824189429,0.23974612282610783,0.508484146761882
YPL011C,17,0.0002976427026755828,0.2603583164181397,6.347498957249327e-05,0.6544117647058824,7.58130081300813,1.0,129.25,1,0.06516,-0.65949,46.59833,4.66486,62.0,39.0,28670.0,0.0,0.71149,0.00012,0.3153500824189429,0.23974612282610783,0.5158116745885315
YPR072W,11,0.0003911644617189595,0.24127677368776812,0.0001784517342754462,0.38181818181818183,6.540130151843818,0.5,31.12380952380952,0,0.09464,-1.04696,52.17073,5.19818,104.0,84.0,63550.0,0.0,0.96502,8e-05,0.0,0.0,0.5
YEL043W,10,0.0004895395625932668,0.2529190805712045,8.715678927504723e-06,0.13333333333333333,4.679878048780488,0.0,6.875,0,0.05858,-0.684,53.99196,7.67609,93.0,94.0,88405.0,0.0,0.83297,7e-05,0.0,0.0,0.5
YGR134W,2,4.2310714824805996e-05,0.19530911188637676,2.991429545273888e-07,0.0,1.0,0.5,0.0,0,0.09893,-0.30392,46.8552,4.97711,165.0,115.0,125985.0,0.0,0.97831,4e-05,0.0,0.0,0.5
YBR201W,3,0.00022489365192577377,0.24146180188844893,6.526486489462428e-05,0.0,0.0,0.5,0.0,0,0.15166,0.4109,38.86161,8.34174,16.0,18.0,48735.0,0.0,1.99811,0.00034,0.0,0.0,0.0
YBR203W,1,0.0,0.18378681072651756,3.918505905872941e-08,0.0,0.0,0.0,0.0,0,0.08117,-0.68864,47.19492,9.65253,94.0,139.0,106005.0,0.0,1.0133,9e-05,0.0,0.0,0.0
YKL006CA,3,0.00022672946001345946,0.22672049865121244,2.9122678245698505e-06,0.0,0.0,0.0,0.0,0,0.0,0.0,0.0,0.0,0.0,0.0,0.0,0.0,0.0,0.0,0.0,0.0,0.0
YBR204C,1,0.0,0.16828122371733245,2.7165549146937087e-08,0.0,0.0,0.0,0.0,0,0.10933,-0.24507,34.36432,6.0932,49.0,44.0,60025.0,0.0,1.3867,0.00014,0.0,0.0,0.0
YPL096W,2,0.00021149327066866054,0.20358041173396405,1.5261125240983081e-06,0.0,1.0,0.5,0.0,0,0.12121,-0.69146,37.07052,6.22382,53.0,50.0,71080.0,0.0,1.67308,0.00015,0.0,0.0,0.5
YDL101C,8,0.00038634460822875246,0.22625502516427262,4.288503884770829e-06,0.0,5.510531594784353,1.0,9.333333333333334,0,0.08382,-0.54172,48.57175,7.96149,66.0,68.0,46840.0,0.0,0.79888,0.00014,0.0,0.0,0.5
YFL038C,17,0.0023035443304825036,0.2677921545030997,6.433526647549317e-05,0.125,8.678534031413612,0.25,32.09314863245069,1,0.09223,-0.41262,31.0267,5.16888,29.0,25.0,24910.0,0.0,1.07306,0.00022,0.3153500824189429,0.13944903000175835,0.5080341351141215
YHR105W,5,9.760705693474575e-05,0.21658363166489084,3.658712638101724e-06,0.0,0.0,0.0,14.0,0,0.08879,-0.60654,50.63084,8.37421,26.0,28.0,31315.0,0.0,1.27061,0.00034,0.0,0.0,0.0
YPR107C,11,2.2874688947792023e-05,0.23358025939357374,7.888017009042774e-05,0.6727272727272727,5.42407809110629,1.0,41.766666666666666,1,0.10577,-0.76683,57.43514,8.44879,29.0,34.0,20785.0,0.0,0.84653,0.00034,0.3153500824189429,0.23974612282610783,0.5221001724900691
YBR207W,3,0.0004229865413373211,0.1751967988265778,6.7931152748658635e-09,0.0,1.0,0.0,0.0,0,0.11183,0.14043,42.91615,5.43256,47.0,39.0,66195.0,0.0,1.28736,0.00011,0.0,0.0,0.5
YFL041W,1,0.0,0.14840678232082696,9.784031900217615e-11,0.0,1.0,0.0,0.0,0,0.10932,-0.2709,36.78669,4.98785,81.0,43.0,90690.0,0.0,1.2795,7e-05,0.0,0.0,0.5
YOR068C,1,0.0,0.14840678232082696,9.784031900217615e-11,0.0,0.0,0.0,0.0,0,0.07018,0.52368,42.94035,5.69855,9.0,8.0,1990.0,0.0,0.16917,0.00048,0.0,0.0,0.0
YBR208C,1,0.0,0.2045059918940164,8.822243172794906e-07,0.0,1.0,0.0,0.0,0,0.08665,-0.17684,37.39745,5.44977,224.0,191.0,221725.0,0.0,1.09857,3e-05,0.0,0.0,0.5
YBR209W,1,0.0,0.231653090297731,2.2738065994503548e-05,0.0,1.0,0.0,0.0,0,0.12381,-0.32571,35.67238,10.18231,6.0,19.0,13325.0,0.0,1.09879,0.00084,0.0,0.0,0.5
YBR211C,5,0.00028170191994655023,0.24027726236103364,2.4671021377317164e-05,0.0,2.556989247311828,0.5,0.0,1,0.06173,-0.74352,41.22531,4.72565,58.0,40.0,17545.0,0.0,0.46835,0.00013,0.3153500824189429,0.19338324065864865,0.5378146370505769
YGR179C,2,1.3549578748396463e-05,0.20151436138402393,3.5619351534837423e-07,0.0,0.0,0.5,0.0,1,0.05911,-1.00911,47.79239,6.07794,72.0,65.0,29005.0,0.0,0.61258,0.00013,0.3153500824189429,0.19338324065864865,0.5
YLR052W,6,0.00024032188047136172,0.21753487244746958,2.1509934797174674e-06,0.06666666666666667,2.2644281217208815,1.0,1.2,0,0.064,-0.6856,31.4688,5.91364,35.0,30.0,12950.0,0.0,0.45853,0.00021,0.0,0.0,0.5
YBR212W,1,0.0,0.18443272897684293,4.465975097575775e-06,0.0,0.0,0.0,0.0,0,0.0744,-0.70074,53.30493,8.17487,51.0,53.0,54820.0,0.0,0.73071,0.00011,0.0,0.0,0.0
YMR206W,3,0.0002671220357807023,0.2479121902747609,2.9394493548081686e-05,0.0,2.296690307328605,0.0,0.0,0,0.06709,-0.94185,71.54249,8.99579,29.0,36.0,17265.0,0.0,0.49304,0.00026,0.0,0.0,0.5
YBR214W,1,0.0,0.2151250136779817,3.1340685765851246e-06,0.0,1.0,0.0,0.0,0,0.04744,-0.28102,54.41008,9.05829,40.0,48.0,30660.0,0.0,0.53614,0.00016,0.0,0.0,0.5
YBR215W,1,0.0,0.22355850772266575,7.58791761004804e-06,0.0,0.0,1.0,0.0,0,0.032,-0.95568,46.76448,9.23834,80.0,94.0,18910.0,0.0,0.27901,0.00014,0.0,0.0,0.0
YBR216C,3,9.601148722360605e-06,0.24778677095421717,3.889943352125284e-05,0.6666666666666666,1.3373493975903614,0.0,35.0,0,0.10534,-0.21217,36.97613,5.45148,96.0,85.0,71430.0,0.0,0.91884,7e-05,0.0,0.0,0.5
YML007W,9,0.005931162265480191,0.2669812037596465,0.00019195989479872937,0.19444444444444445,5.137088204038257,0.3333333333333333,15.125,0,0.06154,-1.03062,47.57723,4.79559,103.0,72.0,30660.0,0.0,0.42271,7e-05,0.0,0.0,0.5
YDR022C,4,0.0004365049094167884,0.25546952508116627,7.106811926011869e-05,0.16666666666666666,2.477093206951027,0.0,4.6,0,0.06122,-0.67245,35.2602,4.03241,43.0,15.0,10555.0,0.0,0.47565,0.00018,0.0,0.0,0.5
YDR465C,4,0.0002249840182518532,0.24352945446525184,2.8697246639391046e-05,0.16666666666666666,1.8521358159912378,0.25,6.666666666666667,0,0.1165,-0.46068,43.11529,4.43756,78.0,39.0,63760.0,0.0,1.3432,9e-05,0.0,0.0,0.5
YGL078C,1,0.0,0.20950176585122016,5.799473289895166e-07,0.0,1.0,0.5,0.0,0,0.06119,-0.59656,27.0417,9.15363,76.0,89.0,30745.0,0.0,0.52264,0.00016,0.0,0.0,0.5
YLL042C,2,0.00018668730800966535,0.2560036387290507,8.926699997816936e-05,0.0,1.8907563025210083,0.0,0.0,0,0.11976,-0.19162,52.83413,4.81036,23.0,13.0,45295.0,0.0,2.29233,0.00024,0.0,0.0,0.5
YLR031W,2,5.908847245568404e-06,0.21417387305779437,7.408118464812343e-07,0.0,0.0,0.0,0.0,0,0.06989,-0.64892,44.21452,8.51508,30.0,32.0,7240.0,0.0,0.33142,0.00039,0.0,0.0,0.0
YML055W,6,0.0020807370775538458,0.2545842711680926,4.8300149062553725e-05,0.06666666666666667,3.1344827586206896,0.5,0.0,0,0.15169,-0.34157,27.15112,9.2215,22.0,28.0,30370.0,0.0,1.45998,0.00044,0.0,0.0,0.5
YMR159C,13,0.006779342134448666,0.2716538272801826,0.00011464857158436299,0.02564102564102564,8.008501594048884,0.0,16.615384615384617,0,0.02,-0.924,48.74867,5.98907,28.0,26.0,5500.0,0.0,0.31935,0.00035,0.0,0.0,0.5
YBR218C,4,9.686135150384143e-06,0.2186896192526429,7.336581756378102e-07,0.3333333333333333,3.7376126126126126,0.0,2.880952380952381,0,0.07034,-0.2139,34.14856,6.06085,150.0,134.0,93180.0,0.0,0.71586,5e-05,0.0,0.0,0.5
YGL062W,4,2.9212849200748026e-06,0.21563012548429897,7.646298852685215e-07,0.3333333333333333,3.6531531531531534,0.0,4.057142857142857,0,0.07301,-0.20467,33.82139,5.83636,152.0,131.0,91690.0,0.0,0.70478,4e-05,0.0,0.0,0.5
YLR438W,10,0.00035540081044651076,0.23478703889616637,3.8899823857305345e-06,0.06666666666666667,6.353326063249727,0.0,4.5,0,0.07547,0.01038,38.14481,6.46344,44.0,39.0,39390.0,0.0,0.85472,0.00014,0.0,0.0,0.5
YBR219C,1,0.0,0.2073144267166215,5.8104915083518785e-06,0.0,0.0,0.0,0.0,0,0.16535,0.35118,36.79055,9.61005,3.0,11.0,30410.0,0.0,2.0565,0.00065,0.0,0.0,0.0
YBR220C,1,0.0,0.2073144267166215,5.8104915083518785e-06,0.0,0.0,0.0,0.0,0,0.13929,0.32446,31.48591,9.23529,35.0,51.0,108970.0,0.0,1.72944,0.00015,0.0,0.0,0.0
YBR221C,8,0.0004173028729704964,0.24674652422477042,4.48051550491131e-05,0.25,7.909638554216867,0.0,12.27777777777778,0,0.09016,-0.06858,31.71366,5.22601,47.0,38.0,23505.0,0.0,0.58685,0.00013,0.0,0.0,0.5
YGR193C,8,0.0001817131095141103,0.23159223785202918,4.084577871060987e-06,0.2857142857142857,7.563253012048193,0.0,18.5,0,0.06829,-0.41049,31.57463,5.5484,59.0,53.0,22140.0,0.0,0.48808,0.00012,0.0,0.0,0.5
YLR218C,1,0.0,0.19672989044832076,5.892807651551607e-07,0.0,1.0,0.0,0.0,0,0.09375,-1.17083,35.16979,4.65424,22.0,14.0,22960.0,0.0,2.04285,0.00041,0.0,0.0,0.5
YNL071W,5,2.120057151791682e-05,0.22018614661715902,3.7205440637691276e-06,0.7,4.8343373493975905,0.0,27.33333333333333,0,0.04979,-0.2583,43.21888,7.5965,56.0,57.0,24785.0,0.0,0.47831,0.00015,0.0,0.0,0.5
YBR223C,1,0.0,0.22970957036349784,2.477953961385945e-06,0.0,1.0,1.0,4.4,0,0.10478,-0.43107,49.68244,8.42499,64.0,69.0,69800.0,0.0,1.1198,0.00014,0.0,0.0,0.5
YBR225W,1,0.0,0.15746121290500173,1.8300477707355638e-08,0.0,0.0,0.0,0.0,0,0.08444,-0.66767,58.51167,8.2912,107.0,111.0,94740.0,0.0,0.93584,8e-05,0.0,0.0,0.0
YGL197W,2,0.00021149327066866054,0.18795576920971832,1.1306136516988506e-06,0.0,0.0,0.0,0.0,0,0.08272,-0.61984,58.17837,7.13043,176.0,175.0,138030.0,0.0,0.82668,4e-05,0.0,0.0,0.0
YBR226C,1,0.0,0.1539150368462124,8.272061720248575e-09,0.0,0.0,0.0,0.0,0,0.13971,0.17426,51.01765,9.33734,8.0,16.0,29045.0,0.0,1.83799,0.00059,0.0,0.0,0.0
YDL049C,4,0.0006344798120059816,0.18292500021891955,3.0777530522016793e-07,0.0,1.5482123510292525,0.0,0.0,0,0.10821,-0.13246,33.50709,9.1098,19.0,25.0,44725.0,0.0,1.50323,0.00031,0.0,0.0,0.5
YBR228W,2,0.00017320164529549377,0.21195973723496292,7.4893778617428325e-06,0.0,0.0,1.0,0.0,0,0.10197,-0.53125,42.80697,9.14008,37.0,49.0,42285.0,0.0,1.17929,0.00025,0.0,0.0,0.0
YLR135W,6,0.0011076634166756116,0.2310217837259852,9.655174248940033e-05,0.06666666666666667,3.1597222222222223,0.5,2.0,0,0.05749,-0.76751,47.4206,4.87067,120.0,89.0,36620.0,0.0,0.43409,6e-05,0.0,0.0,0.5
YBR230C,2,0.00021149327066866054,0.20210566481479636,1.1740728700393567e-06,0.0,1.0,0.0,0.0,0,0.08209,-0.22463,42.51866,8.96661,10.0,15.0,11055.0,0.0,0.7567,0.00061,0.0,0.0,0.5
YDR506C,1,0.0,0.16727228988257595,1.5678809626056904e-08,0.0,0.0,0.0,0.0,0,0.10691,-0.30197,30.37207,5.9422,76.0,63.0,114095.0,0.0,1.64686,9e-05,0.0,0.0,0.0
YOR014W,5,0.0010748178226496518,0.25523285595944206,8.92473348986977e-05,0.0,3.9545454545454546,0.5,0.0,0,0.07926,-0.56935,49.51863,5.92047,95.0,83.0,56810.0,0.0,0.66574,7e-05,0.0,0.0,0.5
YBR231C,3,0.00033043588943900115,0.25595904397140423,9.150152339385703e-05,0.0,1.9794594594594594,1.0,0.0,0,0.05611,-1.11683,67.80099,5.02045,62.0,48.0,29910.0,0.0,0.87091,0.00015,0.0,0.0,0.5
YNR030W,1,0.0,0.20254211795972815,1.211822108434609e-06,0.0,0.0,0.5,0.0,0,0.14156,0.39782,30.88931,6.60858,45.0,43.0,89770.0,0.0,1.43239,0.00011,0.0,0.0,0.0
YBR233W,1,0.0,0.17324136982808108,5.4660244492750405e-08,0.0,1.0,1.0,0.0,0,0.046,-0.33462,51.74676,7.26935,45.0,45.0,12420.0,0.0,0.27129,0.00016,0.0,0.0,0.5
YBR234C,10,0.0010840062719326962,0.2591338930853873,4.0982073038590985e-05,0.4888888888888889,8.733602421796165,0.0,23.428571428571438,1,0.10156,-0.22057,28.72109,6.59625,40.0,38.0,78600.0,0.0,1.85052,0.00016,0.3153500824189429,0.0,0.5
YDL029W,12,0.00016803419039072652,0.23839309151887533,9.7756149234261e-06,0.42424242424242425,11.012108980827447,0.0,19.832900432900438,1,0.08951,-0.25038,40.60128,5.54315,54.0,46.0,48735.0,0.0,1.10578,0.00013,0.3153500824189429,0.0,0.5
YIL062C,6,0.0,0.22638283973272,3.3946304908384736e-06,1.0,1.935912938331318,0.0,19.0,1,0.06494,-0.32078,42.36104,5.13422,19.0,16.0,19940.0,0.0,1.16375,0.0003,0.3153500824189429,0.0,0.5
YJR065C,11,0.0008479008276095323,0.25302070114082903,3.001506956061326e-05,0.41818181818181815,6.605450236966824,0.0,17.56854256854257,1,0.10468,-0.25679,32.20403,5.56769,51.0,44.0,50475.0,0.0,1.01885,0.00011,0.3153500824189429,0.0,0.5
YKL013C,9,6.053754598843905e-05,0.23192122140661459,6.397472138487e-06,0.5833333333333334,3.841596130592503,0.0,13.876623376623378,1,0.09357,-0.17778,65.15971,5.30695,25.0,19.0,8940.0,0.0,0.44889,0.00027,0.3153500824189429,0.0,0.5
YLR370C,7,0.00020236816939510853,0.260389075271754,9.093123156270697e-05,0.7142857142857143,2.8887545344619103,0.0,14.885714285714284,0,0.13483,-0.22753,39.69944,7.75507,18.0,19.0,17670.0,0.0,0.85867,0.00038,0.0,0.0,0.5
YBR235W,1,0.0,0.2273753884188128,3.4787416377361068e-06,0.0,1.0,0.0,0.0,0,0.09643,0.10643,39.51912,8.78302,88.0,100.0,130690.0,0.0,1.05398,7e-05,0.0,0.0,0.5
YBR237W,1,0.0,0.20702233857490834,3.146622917422851e-07,0.0,0.0,1.0,0.0,1,0.06125,-0.64087,48.174,8.22308,135.0,139.0,39975.0,0.0,0.41486,9e-05,0.6846499175810571,0.40640486218295563,0.5
YDR073W,13,0.001062444955942429,0.2631560298057145,2.013770107469287e-05,0.32051282051282054,6.417666303162487,1.0,17.22222222222222,0,0.0355,-0.38166,43.99112,7.91559,9.0,10.0,10095.0,0.0,0.5408,0.00042,0.0,0.0,0.5
YBR238C,1,0.0,0.00021358393848782572,2.229258935376394e-19,0.0,1.0,0.0,0.0,0,0.09986,-0.55308,40.70508,7.0954,68.0,66.0,98180.0,0.0,1.17216,8e-05,0.0,0.0,0.5
YKR043C,1,0.0,0.00021358393848782572,2.229258935376394e-19,0.0,1.0,0.5,0.0,0,0.08487,-0.55904,38.9369,5.63129,40.0,32.0,42900.0,0.0,1.38291,0.00018,0.0,0.0,0.5
YBR239C,3,6.273136947848311e-05,0.2140178984937381,2.2832769578204187e-06,0.0,0.0,0.5,0.0,0,0.0794,-0.45558,45.12911,8.75214,52.0,62.0,57935.0,0.0,0.96061,0.00015,0.0,0.0,0.0
YPL133C,3,4.416023749987328e-05,0.23513771031501166,3.861980126615063e-05,0.0,1.0,0.5,0.0,0,0.06951,-0.58004,57.51525,7.86835,56.0,58.0,27985.0,0.0,0.55879,0.00016,0.0,0.0,0.5
YBR240C,1,0.0,0.22412683827921107,4.069454388987861e-05,0.0,1.0,1.0,0.0,0,0.09111,-0.37333,45.92536,8.85919,44.0,56.0,72735.0,0.0,1.40355,0.00017,0.0,0.0,0.5
YBR241C,1,0.0,0.22412683827921107,4.069454388987861e-05,0.0,1.0,0.0,0.0,0,0.12295,0.3666,37.20719,6.74994,31.0,30.0,97260.0,0.0,1.81708,0.00013,0.0,0.0,0.5
YBR242W,1,0.0,0.2261505569092717,1.9400267624592413e-05,0.0,1.0,0.0,0.0,0,0.09244,-0.48067,20.90336,6.46124,36.0,35.0,40505.0,0.0,1.46884,0.00023,0.0,0.0,0.5
YBR243C,1,0.0,0.22412683827921107,4.069454388987861e-05,0.0,1.0,0.5,0.0,1,0.12946,0.58817,33.28395,8.6767,31.0,37.0,73560.0,0.0,1.46047,0.00017,0.3153500824189429,0.19338324065864865,0.5966916203293243
YBR244W,1,0.0,0.20369329768843972,3.443278304214922e-06,0.0,1.0,0.25,0.0,0,0.12963,-0.44198,26.04451,8.75604,19.0,23.0,16430.0,0.0,0.89265,0.00048,0.0,0.0,0.5
YBR246W,1,0.0,0.15507921390591112,2.0457022304827297e-09,0.0,0.0,0.0,0.0,0,0.08786,-0.20207,42.07884,5.19598,49.0,35.0,51140.0,0.0,1.18086,0.00012,0.0,0.0,0.0
YDR520C,2,0.005061952574236276,0.18457173115921466,1.3432419945950993e-07,0.0,0.0,0.5,0.0,0,0.10881,-0.43472,38.36597,8.15118,93.0,97.0,71220.0,0.0,0.80341,9e-05,0.0,0.0,0.0
YML130C,6,0.0003895099017005649,0.2214471342949625,0.0002506345676608641,0.26666666666666666,4.509269356597601,0.5,0.0,1,0.12256,-0.45382,33.95348,5.47809,77.0,68.0,93540.0,0.0,1.43837,8e-05,0.3153500824189429,0.19338324065864865,0.5214428575192238
YMR093W,60,0.0006974069649604859,0.27664909346526445,0.007186946256047771,0.6474576271186441,26.505821474773608,0.5,781.5999999999998,1,0.08187,-0.42534,42.26628,9.35358,51.0,64.0,61475.0,0.0,1.06569,0.00016,0.3153500824189429,0.19338324065864865,0.5036479390167684
YBR248C,1,0.0,0.17611372973533854,2.619968366523508e-07,0.0,1.0,0.0,0.0,0,0.09601,-0.33967,35.61232,5.34393,77.0,63.0,60375.0,0.0,0.98866,9e-05,0.0,0.0,0.5
YBR249C,4,0.000457989475350361,0.22451495646712455,4.073100716564065e-05,0.0,2.4675186368477102,0.0,0.0,0,0.04865,-0.26514,34.91919,6.46771,42.0,40.0,22055.0,0.0,0.55486,0.00016,0.0,0.0,0.5
YEL047C,1,0.0,0.18233482194223707,5.294754658421473e-07,0.0,1.0,0.0,0.0,0,0.05745,-0.13511,34.6947,5.9295,56.0,50.0,23545.0,0.0,0.46309,0.00012,0.0,0.0,0.5
YGL026C,5,6.257657845598361e-05,0.21587299976863486,1.6603967416122244e-06,0.1,3.4752774974772955,0.0,22.0,0,0.07921,-0.16223,30.60014,6.05341,82.0,72.0,56685.0,0.0,0.73977,8e-05,0.0,0.0,0.5
YOR050C,1,0.0,0.18233482194223707,5.294754658421473e-07,0.0,0.0,0.0,0.0,0,0.06957,0.16783,50.73574,9.33685,8.0,13.0,3480.0,0.0,0.28159,0.00076,0.0,0.0,0.0
YBR250W,2,5.154311436355961e-05,0.18619331173286266,1.2179835815568134e-07,0.0,1.0,0.0,0.0,0,0.10899,-0.34015,50.72566,7.07977,64.0,64.0,43500.0,0.0,0.72598,0.00012,0.0,0.0,0.5
YML038C,6,0.006187806264512926,0.23010526988962382,7.815669876708827e-06,0.0,2.8909774436090228,0.0,0.0,0,0.12217,0.38303,29.91744,7.04279,33.0,33.0,61475.0,0.0,1.23906,0.00014,0.0,0.0,0.5
YNL012W,2,4.544918006093973e-06,0.17257670028091937,1.5947187330548414e-08,0.0,1.0,0.6666666666666666,0.0,0,0.12044,-0.26672,40.95442,8.36981,74.0,79.0,67615.0,0.0,0.93667,0.00012,0.0,0.0,0.5
YDL138W,13,0.001818687502850477,0.2412899805832571,0.00011192658365284425,0.0,8.433905146316851,0.0,0.0,0,0.09961,0.06999,36.394,5.67938,61.0,50.0,94295.0,0.0,1.13392,7e-05,0.0,0.0,0.5
YLR439W,20,4.8333075873243865e-05,0.22302689882496957,9.504192978052201e-06,0.7631578947368421,13.935483870967742,0.0,17.75,0,0.08464,-0.61912,47.01223,7.21332,43.0,43.0,33835.0,0.0,0.91534,0.0002,0.0,0.0,0.5
YLL037W,2,5.7116159738112525e-06,0.21431965457387803,2.1672658167944594e-06,0.0,1.0,0.0,0.0,1,0.14286,0.53968,39.87143,8.34406,7.0,9.0,6585.0,0.0,0.45893,0.00058,0.3153500824189429,0.0,0.5
YBR253W,18,0.0010967397307376546,0.2646728703257595,0.00016393541225895875,0.5947712418300654,15.75512405609493,1.0,160.5,1,0.04132,-0.33471,34.73884,4.59662,20.0,12.0,7115.0,0.0,0.51325,0.00033,0.3153500824189429,0.23974612282610783,0.5076085126963301
YCR081W,14,0.0005890663736765333,0.25798131066164476,7.338540696993794e-05,0.6923076923076923,6.872872872872873,1.0,28.468406593406595,0,0.11352,-0.16692,36.43267,6.05621,171.0,150.0,183700.0,0.0,1.10093,4e-05,0.0,0.0,0.5
YDR308C,19,0.001227256618597453,0.2689029863524385,0.00010790001037863383,0.4152046783625731,9.155405405405405,1.0,105.22619047619048,1,0.03571,-0.50643,43.15643,4.9079,27.0,19.0,1740.0,0.0,0.10827,0.00031,0.3153500824189429,0.23974612282610783,0.5130931461912414
YGR104C,16,0.00019769747147845566,0.25857148376792133,0.00010105552268005217,0.6666666666666666,11.511326860841423,1.0,92.28571428571428,0,0.07492,-0.30195,39.65309,4.84406,35.0,24.0,31650.0,0.0,0.92306,0.00014,0.0,0.0,0.5
YLR071C,19,0.0010041322056561284,0.2670135474756511,0.00010389313564778195,0.49707602339181284,11.881881881881881,1.0,75.2973137973138,1,0.07394,-0.25148,39.18384,8.86725,104.0,116.0,95325.0,0.0,0.77276,7e-05,0.6846499175810571,0.40640486218295563,0.5171018726756855
YMR112C,6,0.00010394929628794428,0.2490748477384746,6.938432974136419e-05,0.6666666666666666,3.9452991452991455,1.0,38.33333333333333,1,0.05217,-0.69826,44.6027,5.47382,18.0,16.0,3105.0,0.0,0.23333,0.00041,0.3153500824189429,0.23974612282610783,0.5303837698988894
YNL236W,24,0.002942875510008158,0.2557066335214063,5.763091602860252e-05,0.14130434782608695,19.144144144144143,1.0,60.392857142857146,0,0.10575,-0.25565,46.18505,8.7569,95.0,107.0,126890.0,0.0,1.14012,8e-05,0.0,0.0,0.5
YOL051W,17,0.0003208796376123392,0.2473279838004558,7.194387106030865e-05,0.4632352941176471,14.1991991991992,1.0,52.2781746031746,0,0.03978,-0.86975,51.28853,9.81024,71.0,111.0,47370.0,0.0,0.39374,8e-05,0.0,0.0,0.5
YPL248C,17,0.002450308182837935,0.2670135474756511,8.704356734195105e-05,0.14705882352941177,11.052685950413224,1.0,41.013888888888886,0,0.0874,-0.33008,46.47232,6.79254,85.0,83.0,108480.0,0.0,1.09133,7e-05,0.0,0.0,0.5
YBR254C,7,0.0005529201038400062,0.21056253428590987,1.9052359219922417e-05,0.23809523809523808,1.0,0.5,7.2,1,0.11429,-0.41371,43.05103,6.50323,17.0,16.0,19035.0,0.0,0.96625,0.00033,0.3153500824189429,0.19338324065864865,0.5966916203293243
YDR472W,4,0.00014070861617242214,0.22831753536414373,2.5921462315501614e-05,0.6666666666666666,1.0,0.5,8.0,1,0.09894,-0.34664,46.10389,7.01093,28.0,28.0,20900.0,0.0,0.65886,0.00022,0.3153500824189429,0.19338324065864865,0.5966916203293243
YJR116W,2,3.6995065994632794e-05,0.20358981411765767,1.3779457069557985e-06,0.0,0.0,0.0,0.0,0,0.14695,0.48961,30.08677,9.71942,11.0,24.0,53900.0,0.0,1.68381,0.0003,0.0,0.0,0.0
YKR068C,5,1.5116608419294382e-05,0.19618704238174922,1.1110164524107945e-06,0.6,0.0,0.5,4.733333333333333,1,0.08808,-0.16528,40.88912,4.95343,28.0,21.0,30200.0,0.0,1.36471,0.00022,0.3153500824189429,0.19338324065864865,0.5
YMR218C,2,0.00021149327066866054,0.1730373564386859,2.4205584066415063e-07,0.0,0.0,0.0,0.0,1,0.11343,-0.20154,38.08893,5.72845,152.0,136.0,129215.0,0.0,1.00848,4e-05,0.6846499175810571,0.0,0.0
YOR115C,5,0.00019805986301835434,0.22179253611449173,3.2916203501632223e-06,0.4,0.0,0.5,7.033333333333333,0,0.07463,-0.38619,55.72578,5.93195,34.0,29.0,16180.0,0.0,0.5262,0.00019,0.0,0.0,0.0
YBR255W,1,0.0,0.18844590694577304,9.786221541015909e-08,0.0,0.0,0.0,0.0,0,0.06052,-0.78876,47.39756,9.67059,75.0,100.0,83435.0,0.0,1.05578,0.00012,0.0,0.0,0.0
YPL138C,7,0.0003341633849968303,0.2311792875642712,7.5262480549152725e-06,0.23809523809523808,1.0,1.0,18.93073593073593,0,0.09348,-0.74363,48.72581,6.34601,59.0,56.0,60120.0,0.0,1.4498,0.00015,0.0,0.0,0.5
YBR260C,6,0.00018094041432482357,0.23594319195394334,4.757233028002411e-06,0.06666666666666667,3.273730684326711,0.0,0.75,0,0.06156,-0.46562,46.86021,8.44403,77.0,81.0,44975.0,0.0,0.60273,0.00011,0.0,0.0,0.5
YGR196C,3,3.042760628041829e-05,0.2221502119274063,3.9243557289849185e-06,0.0,0.0,0.0,0.0,0,0.05018,-1.24945,49.31432,4.47968,174.0,93.0,61895.0,0.0,0.68169,5e-05,0.0,0.0,0.0
YIL118W,8,0.0005867053332887435,0.23410125625467462,0.00012519760109999613,0.10714285714285714,4.997874601487779,0.0,3.625,1,0.06926,-0.2658,42.99697,4.88824,30.0,21.0,20940.0,0.0,0.82727,0.00019,0.3153500824189429,0.0,0.5
YJL058C,12,0.004830240573649579,0.28125608723763945,6.77760075046545e-05,0.0,6.30242825607064,0.0,0.0,0,0.07919,-0.42744,41.58936,6.99725,52.0,51.0,39600.0,0.0,0.65089,0.00012,0.0,0.0,0.5
YKR055W,6,0.00017102888155500097,0.21339626544394266,4.496414938337852e-07,0.0,5.420886075949367,0.0,5.5,0,0.07216,-0.3378,45.86495,6.23883,33.0,31.0,26650.0,0.0,0.82802,0.00019,0.0,0.0,0.5
YBR261C,1,0.0,0.19467944421125838,3.920238418451527e-07,0.0,0.0,0.0,0.0,0,0.0819,-0.33491,29.79698,5.08124,35.0,26.0,39795.0,0.0,1.52661,0.00019,0.0,0.0,0.0
YBR262C,1,0.0,0.2261505569092717,1.9400267624592413e-05,0.0,1.0,0.0,0.0,0,0.13208,-0.6283,23.67,7.96722,13.0,14.0,41940.0,0.0,3.38561,0.00064,0.0,0.0,0.5
YBR263W,2,1.3788817463246005e-06,0.2132723719229534,1.5464351124504994e-06,0.0,1.8980099502487562,0.0,0.0,0,0.08163,-0.26959,34.93714,8.82892,49.0,55.0,45310.0,0.0,0.84399,0.00016,0.0,0.0,0.5
YML018C,2,0.00011725180357894913,0.2518929517300299,8.870786446896294e-05,0.0,1.382010582010582,0.0,0.0,0,0.12468,0.43817,29.64481,5.8327,34.0,29.0,48400.0,0.0,1.10633,0.00013,0.0,0.0,0.5
YBR264C,4,6.698024312824396e-05,0.22571053022404114,2.8103010255515407e-06,0.3333333333333333,1.0,0.0,16.0,0,0.07035,-0.11307,37.48593,6.82672,22.0,22.0,20440.0,0.0,0.93616,0.00031,0.0,0.0,0.5
YGL161C,20,0.0008994947546941579,0.24634663324441283,2.3475230526316567e-05,0.15789473684210525,4.645238095238096,0.0,98.0,0,0.11613,-0.17387,40.04587,4.78668,34.0,23.0,44140.0,0.0,1.26683,0.00014,0.0,0.0,0.5
YGL198W,21,0.006118500081014485,0.27187163286514887,0.00012091721874652063,0.18571428571428572,5.526036131774708,0.0,65.944880481837,0,0.10213,0.52128,49.68894,6.49835,17.0,16.0,43930.0,0.0,1.68993,0.00025,0.0,0.0,0.5
YNL263C,18,0.0018246647354843166,0.2544520119646458,4.908702315494662e-05,0.1437908496732026,5.251422070534699,0.25,33.84694905907721,1,0.13694,0.0379,38.51691,8.98151,18.0,23.0,44725.0,0.0,1.25995,0.00025,0.3153500824189429,0.13944903000175835,0.5132772635801067
YCR107W,3,0.00020446636147581024,0.2330615763601313,9.693745003466738e-06,0.0,0.0,0.0,0.0,0,0.10744,-0.35289,46.85733,6.35358,46.0,44.0,65110.0,0.0,1.59151,0.00016,0.0,0.0,0.0
YLR255C,1,0.0,0.16844198147785722,1.3932196572241364e-08,0.0,0.0,0.0,0.0,0,0.10256,-0.63675,72.64957,11.16656,4.0,28.0,16430.0,0.0,1.21149,0.00082,0.0,0.0,0.0
YBR266C,1,0.0,0.00021358393848782572,2.229258935376394e-19,0.0,0.0,0.0,0.0,0,0.13333,0.70267,43.544,8.38983,5.0,8.0,6750.0,0.0,0.42076,0.00052,0.0,0.0,0.0
YPR031W,1,0.0,0.00021358393848782572,2.229258935376394e-19,0.0,0.0,0.5,0.0,0,0.09626,-0.46016,46.86298,7.68903,95.0,97.0,86895.0,0.0,1.01007,9e-05,0.0,0.0,0.0
YCR072C,13,0.00044665596083758773,0.25627153393846425,0.002025760067849342,0.6923076923076923,10.662324649298597,0.5,34.61507936507937,1,0.07573,-0.42544,24.39243,9.06122,51.0,64.0,108870.0,0.0,1.90916,0.00016,0.3153500824189429,0.19338324065864865,0.5090685308794912
YER002W,29,1.0371479466878541e-06,0.2570935877333211,0.005055131398448285,0.9532019704433498,20.1371158392435,0.5,569.6666666666667,0,0.05628,-1.24242,58.05541,9.25714,45.0,52.0,26930.0,0.0,1.00108,0.00034,0.0,0.0,0.5
YJL122W,3,0.0,0.2218930159707804,0.0005092615224171422,1.0,2.973621103117506,0.5,6.666666666666667,0,0.03429,-0.76057,43.45543,10.02826,18.0,32.0,8480.0,0.0,0.43968,0.00052,0.0,0.0,0.5
YDR405W,23,5.437436211691007e-05,0.22399017557294326,1.0924238068726027e-05,0.7351778656126482,16.850806451612904,0.0,46.33333333333333,0,0.09125,-0.69392,46.15779,9.44989,34.0,44.0,31650.0,0.0,1.03547,0.00031,0.0,0.0,0.5
YBR269C,1,0.0,0.21850533633763872,0.00016961182682921278,0.0,0.0,0.0,0.0,0,0.07971,-0.8971,34.93696,7.83685,19.0,20.0,6085.0,0.0,0.39248,0.00051,0.0,0.0,0.0
YBR270C,22,0.006475593310597957,0.276718559653203,3.84885576691812e-05,0.030303030303030304,14.549163179916318,0.0,106.0,0,0.09358,-0.48954,51.08206,8.75934,55.0,60.0,57675.0,0.0,0.94213,0.00014,0.0,0.0,0.5
YER093C,5,8.550249393519434e-05,0.2394029574363506,3.1599045557550706e-05,0.0,1.341553637484587,0.0,0.0,1,0.08811,-0.3679,43.14778,8.80463,170.0,186.0,109945.0,0.0,0.6689,5e-05,0.6846499175810571,0.0,0.5
YFL047W,2,0.0001551986346377849,0.25618217325945974,8.929191878269022e-05,0.0,1.229559748427673,0.0,0.0,0,0.09804,-0.43557,37.25003,5.5473,102.0,85.0,67865.0,0.0,0.82553,7e-05,0.0,0.0,0.5
YHR077C,7,0.00027326871262214214,0.23504994429324536,1.0257968828012162e-05,0.047619047619047616,1.504258943781942,0.0,0.0,0,0.08999,-0.65601,46.40095,4.99469,209.0,161.0,81305.0,0.0,0.64148,4e-05,0.0,0.0,0.5
YIL105C,8,0.0008557029866478826,0.24179291620182786,9.821121703407126e-05,0.10714285714285714,7.530674846625767,0.0,0.9285714285714286,0,0.07434,-0.69592,49.94096,7.71112,68.0,69.0,47580.0,0.0,0.61005,0.0001,0.0,0.0,0.5
YKR026C,24,0.0027000006828156024,0.26111400635443216,0.0001264647943713055,0.10144927536231885,19.741708542713567,0.0,35.75,0,0.08197,0.02754,41.2797,5.19025,41.0,31.0,24785.0,0.0,0.72844,0.00015,0.0,0.0,0.5
YNL004W,2,6.337432259183517e-05,0.21896118891692445,2.8578749263908634e-06,0.0,1.9726027397260273,1.0,0.0,0,0.08811,-1.17423,48.93615,7.18732,79.0,79.0,40270.0,0.0,0.77233,0.00014,0.0,0.0,0.5
YNL018C,3,7.137195531628253e-05,0.22623180165642923,1.821051527122658e-06,0.0,1.0,0.0,0.0,0,0.0915,-0.6683,68.70788,6.53583,66.0,62.0,82540.0,0.0,1.18676,9e-05,0.0,0.0,0.5
YNL047C,9,0.0011629586076262754,0.25636095698025724,0.00013264778908302102,0.1111111111111111,7.155005382131324,0.0,19.984126984126988,0,0.07927,-0.65305,49.69698,8.75226,70.0,76.0,50810.0,0.0,0.67942,0.00012,0.0,0.0,0.5
YPL124W,21,0.008061979141248867,0.28304396142773364,0.00015910232769862108,0.07142857142857142,17.192073170731707,0.3333333333333333,82.89999999999999,1,0.07115,-1.14269,66.87708,9.49188,37.0,44.0,11920.0,0.0,0.4071,0.00032,0.3153500824189429,0.16204621790391252,0.5047128178287359
YPL255W,13,0.0029604285692606787,0.2598978040961927,1.385955431362404e-05,0.05128205128205128,8.76978417266187,0.0,43.5,1,0.09091,-1.16442,53.98961,6.07782,67.0,62.0,36580.0,0.0,0.80602,0.00013,0.3153500824189429,0.0,0.5
YBR271W,2,1.8606908508682917e-05,0.25683893580816425,8.954540467973162e-05,0.0,1.6650943396226414,0.0,0.0,0,0.07876,-0.29021,31.25847,4.8576,67.0,44.0,69745.0,0.0,1.45374,0.0001,0.0,0.0,0.5
YEL034W,5,0.0003771330363147895,0.22960188839395404,4.6790325547595265e-06,0.1,3.707514450867052,0.0,1.5,1,0.05096,-0.3828,29.47707,4.81403,28.0,17.0,3230.0,0.0,0.18873,0.00028,0.3153500824189429,0.0,0.5
YBR273C,1,0.0,0.2411052155158083,2.796114024364536e-05,0.0,0.0,1.0,0.0,0,0.06193,-0.86537,33.20023,5.93646,75.0,66.0,49430.0,0.0,0.988,0.00012,0.0,0.0,0.0
YDR217C,3,7.013270599918649e-05,0.2059776017604562,6.902100575690297e-07,0.0,1.9445026178010472,1.0,2.4,0,0.06646,-0.74469,50.15662,5.19781,207.0,165.0,106950.0,0.0,0.72071,4e-05,0.0,0.0,0.5
YER171W,14,0.0002622710605879734,0.24138246935031887,8.55556564569607e-06,0.43956043956043955,13.373360242179617,1.0,27.30016278441201,1,0.08997,-0.32018,45.20387,5.41156,119.0,99.0,72795.0,0.0,0.81077,6e-05,0.6846499175810571,0.40640486218295563,0.5151945679628502
YJL036W,4,0.000840214453232,0.24059200170699288,6.17195414240138e-06,0.0,1.7063953488372092,0.0,0.0,0,0.08983,-0.76241,38.34449,6.07086,71.0,65.0,40715.0,0.0,0.83089,0.00012,0.0,0.0,0.5
YLR258W,11,0.0004377448839737876,0.2281284818752535,2.4936680235332298e-06,0.10909090909090909,4.688338493292053,0.0,18.0,0,0.10355,-0.34028,37.5359,5.91351,96.0,81.0,88085.0,0.0,1.09999,7e-05,0.0,0.0,0.5
YMR255W,7,0.00018860947471918715,0.24340842933603113,1.146159560293637e-05,0.14285714285714285,1.871559633027523,0.25,19.0,0,0.0266,-1.44202,76.40957,9.75555,25.0,38.0,16500.0,0.0,0.76491,0.00045,0.0,0.0,0.5
YNL234W,4,6.3397797293077e-05,0.23628466205379092,3.0363931152453093e-05,0.0,3.4766467065868265,0.0,0.0,0,0.06808,-0.48944,39.95073,8.61176,46.0,50.0,30870.0,0.0,0.64552,0.00018,0.0,0.0,0.5
YNR013C,2,8.904974977579239e-05,0.23000921759851414,8.200753888604917e-06,0.0,1.7020348837209303,0.0,0.0,0,0.08949,0.15828,42.04622,8.16791,65.0,68.0,102550.0,0.0,1.03077,8e-05,0.0,0.0,0.5
YBR275C,2,0.0,0.22507667374396342,7.935848645487565e-06,1.0,1.943298969072165,0.5,0.0,0,0.06628,-0.43586,47.49864,6.13275,252.0,231.0,140925.0,0.0,0.64666,3e-05,0.0,0.0,0.5
YNL216W,8,0.000734583353030908,0.2449911996485035,2.2247707699697092e-05,0.07142857142857142,5.979977753058955,0.5,0.0,1,0.07255,-0.78573,36.61985,4.82953,134.0,88.0,48750.0,0.0,0.52753,5e-05,0.6846499175810571,0.2889671908216764,0.5241612262415073
YBR277C,1,0.0,0.20037850153532086,2.5431670612010094e-07,0.0,0.0,0.0,0.0,0,0.15038,0.61278,40.03541,9.09747,7.0,11.0,3480.0,0.0,0.23755,0.00062,0.0,0.0,0.0
YDR448W,13,0.0017151784269415964,0.2559887720833637,1.9772657619821367e-05,0.01282051282051282,9.359756097560975,1.0,0.5333333333333333,0,0.09677,-0.73986,48.79194,6.22772,66.0,61.0,53300.0,0.0,1.05401,0.00012,0.0,0.0,0.5
YIL006W,1,0.0,0.20984084615963838,4.9349134513058904e-06,0.0,1.0,0.0,0.0,0,0.11528,0.00885,38.21292,8.82648,29.0,34.0,40965.0,0.0,0.97643,0.00021,0.0,0.0,0.5
YLR181C,1,0.0,0.20984084615963838,4.9349134513058904e-06,0.0,1.0,0.0,0.0,0,0.06364,-0.60697,45.22455,4.49469,70.0,39.0,34880.0,0.0,0.93474,0.00012,0.0,0.0,0.5
YBR279W,8,0.00024028969665458553,0.241395687819699,1.2683370819264987e-05,0.2857142857142857,7.487878787878788,1.0,8.125,0,0.05618,-1.07596,54.44225,4.81158,102.0,72.0,34380.0,0.0,0.6637,9e-05,0.0,0.0,0.5
YDR138W,2,0.0,0.22072638602351027,5.1871715359858064e-06,1.0,2.0,1.0,0.0,0,0.10771,-0.72287,49.65977,5.18475,124.0,102.0,97595.0,0.0,1.11121,6e-05,0.0,0.0,0.5
YBR280C,1,0.0,0.19881502143584356,2.3833143400106568e-07,0.0,1.0,0.0,0.0,0,0.10047,-0.46829,43.02969,5.86188,70.0,58.0,96145.0,0.0,1.36386,8e-05,0.0,0.0,0.5
YBR281C,3,7.952205351518755e-05,0.21827812108321482,2.846335848975272e-05,0.0,3.0,0.5,0.0,0,0.08884,-0.22312,40.74387,5.32867,101.0,76.0,129605.0,0.0,1.32156,5e-05,0.0,0.0,0.5
YNL191W,3,2.2319809599625605e-05,0.2110565285490531,0.0013829837414311098,0.0,2.0,0.0,0.0,0,0.08964,-0.35658,38.41092,6.83575,44.0,43.0,35130.0,0.0,0.87431,0.00017,0.0,0.0,0.5
YBR283C,2,4.244484036070187e-05,0.19417349375718101,3.117310057095627e-07,0.0,2.0,0.5,0.0,0,0.10408,0.62,29.37349,8.19086,33.0,35.0,32360.0,0.0,0.607,0.00015,0.0,0.0,0.5
YIL162W,5,0.00024723363795671455,0.224881474098333,1.9593840722206323e-05,0.0,4.532520325203252,0.0,0.0,0,0.16165,-0.43759,26.60491,4.61298,62.0,39.0,134440.0,0.0,2.21707,8e-05,0.0,0.0,0.5
YLR311C,2,0.00017126021611889447,0.23027355457741855,4.250273889919494e-06,0.0,1.7198228128460686,0.0,0.0,1,0.2087,0.56435,67.55417,9.51288,5.0,12.0,15275.0,0.0,1.10678,0.00069,0.3153500824189429,0.0,0.5
YBR284W,3,0.00022283026246795542,0.2090943295358848,1.3773793269591872e-06,0.0,1.3881656804733729,0.0,0.0,0,0.12923,-0.33639,45.88837,6.24054,90.0,81.0,135245.0,0.0,1.45577,7e-05,0.0,0.0,0.5
YDL238C,1,0.0,0.1720311682514644,1.8155065683973348e-08,0.0,0.0,0.0,0.0,0,0.08589,-0.34213,32.21597,5.65594,64.0,52.0,55235.0,0.0,1.00058,0.0001,0.0,0.0,0.0
YMR138W,3,0.0003613094271148605,0.23575391246526492,4.3272489236332986e-05,0.0,2.069003285870756,0.0,0.0,0,0.05759,-0.18796,37.57644,5.70441,30.0,27.0,20355.0,0.0,0.92244,0.00026,0.0,0.0,0.5
YBR285W,2,3.555743076014016e-06,0.1709437567485758,3.6403371582656116e-09,0.0,0.0,0.0,0.0,0,0.09028,-0.9,55.15,6.82941,23.0,23.0,7825.0,0.0,0.46548,0.00041,0.0,0.0,0.0
YIL049W,2,0.00018984116006630025,0.20562210352064203,2.1777234058804512e-07,0.0,0.0,0.5,0.0,0,0.20158,0.28103,41.06142,9.21295,14.0,24.0,68355.0,0.0,2.25555,0.0003,0.0,0.0,0.0
YPR156C,3,2.9258985576748564e-05,0.18183840670223264,3.555918809013528e-08,0.0,1.7921686746987953,0.0,0.0,0,0.11736,0.23151,45.99424,6.67719,49.0,48.0,113105.0,0.0,1.66172,0.0001,0.0,0.0,0.5
YBR286W,2,3.557861908665658e-05,0.21981283810090374,1.4675863906447764e-06,0.0,1.0,0.0,0.0,0,0.11546,-0.41583,34.84529,5.12982,73.0,50.0,67200.0,0.0,1.11745,9e-05,0.0,0.0,0.5
YPL200W,2,3.6442812778940057e-06,0.2036368390666385,4.996965569680254e-07,0.0,0.0,0.6666666666666666,0.0,0,0.12179,0.19231,28.45,5.15472,17.0,13.0,32220.0,0.0,1.75998,0.00028,0.0,0.0,0.0
YPL195W,6,0.00018605931432536131,0.2072169724662964,1.2819482037993617e-06,0.26666666666666666,1.0,0.0,0.0,0,0.07618,-0.37028,39.0762,4.97174,157.0,123.0,63270.0,0.0,0.59173,5e-05,0.0,0.0,0.5
YHL025W,9,0.0003040829510395195,0.24861128279710806,1.1938518626364117e-05,0.5833333333333334,5.032032032032032,1.0,14.666666666666666,0,0.08133,-0.78886,48.95452,5.4444,47.0,37.0,24995.0,0.0,0.66465,0.00014,0.0,0.0,0.5
YPL016W,13,0.0008993257459997043,0.2534717184334152,3.1179624620391e-05,0.3076923076923077,7.616616616616617,0.3333333333333333,19.72222222222222,1,0.06849,-0.66705,47.06653,8.87042,103.0,115.0,74690.0,0.0,0.50488,6e-05,0.6846499175810571,0.22418506295530205,0.5147168404450221
YPR034W,17,0.00032322326388093526,0.2473835038596736,1.82973605813988e-05,0.45588235294117646,2.985651214128035,1.0,49.67222222222224,1,0.09224,-0.374,32.95094,5.35028,57.0,49.0,67310.0,0.0,1.25089,0.0001,0.3153500824189429,0.23974612282610783,0.540149720384557
YBR291C,1,0.0,0.20037850153532086,2.5431670612010094e-07,0.0,1.0,0.0,0.0,0,0.08696,0.05251,23.58796,9.60394,23.0,37.0,22390.0,0.0,0.69593,0.0003,0.0,0.0,0.5
YBR293W,1,0.0,0.25173471847841494,8.868705264917986e-05,0.0,1.0,0.0,0.0,0,0.11181,0.65359,34.54409,9.74432,16.0,36.0,54860.0,0.0,1.0616,0.00019,0.0,0.0,0.5
YBR295W,1,0.0,0.18747614746206454,8.094207745989652e-07,0.0,0.0,0.0,0.0,0,0.05674,-0.03141,42.83775,7.59052,130.0,132.0,74010.0,0.0,0.56122,6e-05,0.0,0.0,0.0
YKR091W,3,0.0002418912677306221,0.23236132282302058,6.236165335985058e-05,0.0,1.0,0.0,0.0,0,0.06098,-0.73333,59.81829,8.45599,29.0,31.0,17210.0,0.0,0.62661,0.00031,0.0,0.0,0.5
YBR296C,3,0.0004229865413373211,0.181613655869954,3.4563008225897294e-08,0.0,0.0,0.0,0.0,0,0.1115,0.37334,34.433,6.02277,44.0,40.0,127935.0,0.0,2.04197,0.0001,0.0,0.0,0.0
YHR188C,3,0.0007655057824757963,0.22337725019132074,2.563270983837567e-06,0.0,1.8435923309788094,0.5,5.333333333333333,1,0.10492,-0.16869,40.45656,5.13434,72.0,52.0,76290.0,0.0,1.10934,7e-05,0.3153500824189429,0.19338324065864865,0.5524473977812592
YLR137W,1,0.0,0.15298558531531628,4.767526590333098e-10,0.0,0.0,0.0,0.0,0,0.08447,-0.19264,46.63981,5.90094,46.0,40.0,47370.0,0.0,1.14443,0.00014,0.0,0.0,0.0
YML089C,1,0.0,0.15298558531531628,4.767526590333098e-10,0.0,0.0,0.0,0.0,0,0.13934,-0.06721,46.86639,9.66754,8.0,15.0,18825.0,0.0,1.32885,0.00068,0.0,0.0,0.0
YBR299W,1,0.0,0.1349578010371222,3.0647031617445625e-11,0.0,0.0,0.0,0.0,0,0.15068,-0.66969,30.29318,5.47406,88.0,72.0,149365.0,0.0,2.19199,8e-05,0.0,0.0,0.0
YBR301W,1,0.0,0.2411052155158083,2.796114024364536e-05,0.0,0.0,0.0,0.0,0,0.09167,0.25417,17.17917,5.13422,10.0,7.0,15930.0,0.0,1.23994,0.0004,0.0,0.0,0.0
YBR302C,3,0.00022744698274725086,0.2224641259286159,2.0326185003631218e-06,0.0,1.0,0.0,0.0,0,0.16359,0.03773,38.1462,8.78156,39.0,46.0,109985.0,0.0,2.43521,0.00019,0.0,0.0,0.5
YPL105C,6,9.284445680741315e-05,0.21748121048278274,3.603436367206869e-05,0.13333333333333333,2.354618015963512,0.0,2.0090909090909093,0,0.05889,-0.82839,58.78257,7.57465,113.0,114.0,79215.0,0.0,0.83954,8e-05,0.0,0.0,0.5
YPR063C,1,0.0,0.1809798684269624,3.0084420718251145e-08,0.0,0.0,0.5,0.0,0,0.08571,-0.04786,62.74786,6.55292,11.0,11.0,14815.0,0.0,0.95948,0.00042,0.0,0.0,0.0
YCL004W,1,0.0,0.17770404963619782,3.4031326401379427e-08,0.0,1.0,0.0,0.0,1,0.11132,-0.33013,43.37643,9.68158,41.0,68.0,76375.0,0.0,1.28643,0.00016,0.3153500824189429,0.0,0.5
YCL005W,1,0.0,0.25173471847841494,8.868705264917986e-05,0.0,1.0,0.0,0.0,0,0.10547,0.10312,38.08324,8.2851,20.0,22.0,37065.0,0.0,1.27708,0.00029,0.0,0.0,0.5
YCL007C,1,0.0,0.1888495696716444,1.3439630674002148e-07,0.0,0.0,0.0,0.0,0,0.06923,-0.81385,49.57154,10.35394,9.0,27.0,18825.0,0.0,1.21696,0.00067,0.0,0.0,0.0
YCL008C,5,5.620801044193685e-05,0.21939710607582735,1.8355756902793758e-06,0.3,1.0,0.0,1.6,0,0.05974,-0.31195,52.89195,5.37006,42.0,27.0,39670.0,0.0,0.91553,0.00012,0.0,0.0,0.5
YJL172W,3,2.364073247611708e-05,0.2087774299173782,1.2628415174060243e-06,0.3333333333333333,1.0,0.0,0.0,0,0.10069,-0.26736,35.39988,5.2995,81.0,52.0,66280.0,0.0,1.02607,8e-05,0.0,0.0,0.5
YLR119W,4,0.0001422035262219129,0.239976408910421,8.165460908397935e-05,0.16666666666666666,1.6226415094339623,0.0,2.5,0,0.07512,-0.88169,40.24742,9.05548,34.0,39.0,21555.0,0.0,0.85875,0.00036,0.0,0.0,0.5
YPL065W,2,0.0,0.1984391219625247,6.156056070881139e-07,1.0,0.0,0.0,1.6666666666666667,0,0.08264,-0.41529,30.29756,5.20526,36.0,27.0,19035.0,0.0,0.68714,0.00019,0.0,0.0,0.0
YCL009C,4,0.00031678502469404757,0.24021179528502662,6.470218801504097e-05,0.0,4.0,0.0,0.0,0,0.03883,-0.18479,57.10453,6.07465,36.0,31.0,13700.0,0.0,0.4031,0.00018,0.0,0.0,0.5
YMR108W,5,0.0002497645353198067,0.20657606519872176,1.0102106367966725e-06,0.1,4.36491935483871,0.0,0.5714285714285714,1,0.06987,-0.25691,38.75432,8.591,71.0,75.0,59735.0,0.0,0.79715,0.00011,0.3153500824189429,0.0,0.5
YCL010C,5,0.0012517334988042168,0.22993723098823868,3.2843307879086233e-06,0.0,1.0,1.0,0.0,0,0.07336,-0.69537,42.20274,5.35529,41.0,35.0,30285.0,0.0,1.03078,0.00018,0.0,0.0,0.5
YMR223W,3,7.530584775865958e-05,0.20831372124547626,4.0668528911160015e-06,0.0,1.0,1.0,0.0,0,0.09766,-0.30573,42.47964,7.71442,46.0,48.0,54590.0,0.0,1.01804,0.00014,0.0,0.0,0.5
YPL254W,2,1.3555455661306427e-06,0.19896757640602677,3.941809899809145e-07,0.0,0.0,1.0,0.0,0,0.06352,-0.5625,40.19223,5.46649,66.0,54.0,43235.0,0.0,0.7938,0.0001,0.0,0.0,0.0
YCL011C,3,8.405439849529933e-05,0.24421754322856085,9.964239647928194e-06,0.0,1.6259541984732824,0.5,0.0,0,0.09602,-0.96112,44.7007,5.95282,71.0,67.0,32610.0,0.0,0.66922,0.00012,0.0,0.0,0.5
YDR120C,4,7.488993511130659e-05,0.2239787945366355,2.5073093040413886e-06,0.16666666666666666,3.602787456445993,0.3333333333333333,0.0,0,0.08246,-0.53596,48.17181,9.18866,62.0,80.0,63145.0,0.0,0.98585,0.00014,0.0,0.0,0.5
YFL034CB,6,0.0003159235313307178,0.24952601920499962,2.4767833934217578e-05,0.0,0.0,0.0,0.0,0,0.0,0.0,0.0,0.0,0.0,0.0,0.0,0.0,0.0,0.0,0.0,0.0,0.0
YCL012W,4,0.0004600389079137739,0.26271688749481636,0.0001115809196424398,0.0,0.0,0.0,0.0,0,0.0,0.0,0.0,0.0,0.0,0.0,0.0,0.0,0.0,0.0,0.0,0.0,0.0
YIL104C,5,0.00020960312512307864,0.21254226881752766,7.633733703321846e-06,0.0,3.0758693361433087,1.0,0.0,1,0.10059,-0.52544,46.39961,4.71942,88.0,56.0,67645.0,0.0,1.14362,8e-05,0.3153500824189429,0.23974612282610783,0.5389720915659432
YJR092W,2,1.7802463860998362e-07,0.20810719739757924,3.1204827290364694e-06,0.0,1.0,0.0,0.0,0,0.06773,-0.88777,56.33393,4.75128,271.0,166.0,122170.0,0.0,0.74275,3e-05,0.0,0.0,0.5
YCL014W,7,0.0013930318693795806,0.26487962115584207,0.0001230797446233509,0.047619047619047616,5.915821501014198,0.0,2.0075757575757573,0,0.07763,-0.65134,45.19929,5.84088,245.0,222.0,116155.0,0.0,0.62883,3e-05,0.0,0.0,0.5
YLR189C,2,2.0047551196626934e-06,0.2108747921582244,1.9108981535415456e-06,0.0,2.0,0.0,0.0,0,0.10017,-0.46795,44.38131,7.15253,155.0,154.0,152360.0,0.0,1.11986,5e-05,0.0,0.0,0.5
YLR371W,13,0.000708484795276688,0.24482791753821292,6.461794506530296e-05,0.038461538461538464,10.120812182741117,0.0,2.1666666666666665,1,0.08333,-0.55605,48.91911,9.2641,135.0,168.0,108915.0,0.0,0.71376,6e-05,0.6846499175810571,0.0,0.5
YCL016C,5,0.0004501908483503301,0.22256521535269733,2.20853871325614e-06,0.0,0.0,0.0,0.0,0,0.09474,-0.34184,41.44763,6.04242,55.0,49.0,48400.0,0.0,1.09817,0.00014,0.0,0.0,0.0
YHL023C,1,0.0,0.18104676586477425,2.9658604306424638e-08,0.0,0.0,0.0,0.0,0,0.07504,-0.75942,54.84729,5.94159,154.0,132.0,96425.0,0.0,0.74189,5e-05,0.0,0.0,0.0
YHR191C,2,0.00011995911798113724,0.20965122492511765,9.169875608897278e-07,0.0,1.0,1.0,0.0,0,0.06015,-0.39925,38.65865,7.95013,19.0,20.0,6990.0,0.0,0.46082,0.00052,0.0,0.0,0.5
YLR123C,1,0.0,0.18104676586477425,2.9658604306424638e-08,0.0,0.0,0.0,0.0,0,0.09174,0.01009,52.19174,9.89264,4.0,13.0,16095.0,0.0,1.26346,0.00078,0.0,0.0,0.0
YCL019W,4,0.0002759858680340569,0.1756645674374561,3.37255382602837e-08,0.16666666666666666,0.0,0.5,0.0,0,0.08249,-0.69768,46.68589,8.27618,201.0,208.0,206555.0,0.0,1.02207,4e-05,0.0,0.0,0.0
YDR261WA,4,0.0002467909484530618,0.1865321028806501,3.4929775297673424e-08,0.3333333333333333,0.0,0.0,0.0,0,0.0,0.0,0.0,0.0,0.0,0.0,0.0,0.0,0.0,0.0,0.0,0.0,0.0
YDR261WB,3,3.529767778440124e-05,0.18652421001462038,3.4922584760830465e-08,0.6666666666666666,0.0,0.0,0.0,0,0.0,0.0,0.0,0.0,0.0,0.0,0.0,0.0,0.0,0.0,0.0,0.0,0.0
YHR189W,2,0.000415708820519089,0.21294269142918332,1.9841652375630584e-06,0.0,1.0,0.0,0.0,0,0.06842,-0.34632,66.68684,9.92255,13.0,25.0,34420.0,0.0,1.63625,0.00047,0.0,0.0,0.5
YOL030W,3,0.0002227935988051976,0.15562671333717645,9.017611903373979e-10,0.0,0.0,0.0,0.0,0,0.09711,-0.3374,42.84155,4.46515,57.0,34.0,52230.0,0.0,1.00696,9e-05,0.0,0.0,0.0
YCL020W,4,0.0008964430489738169,0.2300332231527174,2.479423803991372e-06,0.16666666666666666,0.0,0.0,0.0,0,0.08219,-0.81347,48.93473,6.97589,41.0,40.0,53665.0,0.0,1.07673,0.00014,0.0,0.0,0.0
YCL023C,2,2.5583514165885377e-05,0.22746925307165092,8.361072970438948e-06,0.0,1.0,0.0,0.0,0,0.16522,0.47391,38.80957,10.14948,3.0,17.0,22055.0,0.0,1.62994,0.00075,0.0,0.0,0.5
YML008C,7,0.00023111838706064118,0.24412286953954276,6.03484225625903e-05,0.0,1.8707692307692307,0.0,0.0,0,0.12272,-0.55013,30.09901,5.54413,56.0,47.0,62270.0,0.0,1.43379,0.00013,0.0,0.0,0.5
YCL024W,6,3.292027222129272e-05,0.225364348429219,1.1168766633794779e-05,0.7333333333333333,3.761797752808989,0.0,10.666666666666666,0,0.05882,-0.6296,51.52161,8.76532,139.0,148.0,70750.0,0.0,0.60744,8e-05,0.0,0.0,0.5
YCR002C,7,3.536756153718341e-07,0.212429601237315,1.149669331084048e-06,0.8571428571428571,6.4625641025641025,0.0,17.616694090223504,0,0.08696,-0.38043,41.30435,5.49786,47.0,38.0,26025.0,0.0,0.70291,0.00015,0.0,0.0,0.5
YDR507C,12,0.0005436842613944802,0.2410129390527897,1.4838670928065391e-05,0.3181818181818182,6.023858921161826,0.0,21.616694090223504,0,0.05692,-0.79615,53.40771,9.22443,169.0,193.0,69260.0,0.0,0.53336,7e-05,0.0,0.0,0.5
YJR076C,20,0.001468169766555189,0.24649816335489144,2.5500463158838535e-05,0.14736842105263157,15.135942327497425,0.0,33.68023740964918,1,0.06265,-0.58145,56.18169,4.93683,73.0,51.0,29255.0,0.0,0.61398,0.0001,0.3153500824189429,0.0,0.5
YKR048C,20,0.0026064175557696154,0.2732705136244203,0.0006594648465287026,0.06315789473684211,13.964968152866241,0.3333333333333333,16.59345238095238,0,0.08153,-0.8494,54.18492,4.23102,99.0,42.0,37400.0,0.0,0.78105,9e-05,0.0,0.0,0.5
YLR314C,12,0.00015631310738154302,0.2328768902359091,5.809994793084938e-06,0.2878787878787879,10.4983922829582,0.0,22.52027972027972,1,0.075,-0.87635,50.92788,5.32465,91.0,72.0,37735.0,0.0,0.62836,9e-05,0.3153500824189429,0.0,0.5
YCL025C,1,0.0,0.19969768303323018,4.341816145668602e-07,0.0,1.0,0.0,0.0,0,0.12164,0.22701,35.37476,6.51056,54.0,51.0,104625.0,0.0,1.50171,9e-05,0.0,0.0,0.5
YIR038C,21,0.0024696618856163022,0.25143318818591853,3.200599833343871e-05,0.014285714285714285,13.416842105263157,0.5,0.0,0,0.11966,-0.25256,48.23765,6.17767,31.0,28.0,32890.0,0.0,1.22749,0.00023,0.0,0.0,0.5
YCL026CA,5,0.000582769800999794,0.2560036387290507,3.240396747670664e-05,0.0,0.0,0.0,0.0,0,0.0,0.0,0.0,0.0,0.0,0.0,0.0,0.0,0.0,0.0,0.0,0.0,0.0
YCR048W,2,0.0,0.20258866010733598,8.949655137334452e-07,0.0,0.0,0.5,0.0,0,0.16721,0.03574,46.91693,8.5296,56.0,62.0,129730.0,0.0,1.81156,0.00012,0.0,0.0,0.0
YLR177W,4,3.378630823403267e-05,0.21460136581838876,1.9056739682754437e-06,0.0,1.8060941828254848,0.0,0.0,0,0.09873,-0.54936,46.57616,8.81195,62.0,69.0,55740.0,0.0,0.78216,0.00012,0.0,0.0,0.5
YER032W,12,0.0025513632627629586,0.27473522313964,0.00020627913605906887,0.015151515151515152,7.081930415263749,0.0,2.2403846153846154,0,0.04795,-0.954,65.65183,7.20953,113.0,112.0,27735.0,0.0,0.28069,7e-05,0.0,0.0,0.5
YER149C,9,0.0009054914736574462,0.2504759733664142,1.3251066312188595e-05,0.027777777777777776,2.97534833869239,0.0,0.1666666666666666,0,0.07143,-0.91452,45.33786,5.39435,69.0,55.0,31985.0,0.0,0.66408,0.00011,0.0,0.0,0.5
YGR070W,1,0.0,0.2112082150005042,2.896294358335062e-06,0.0,1.0,0.0,0.0,0,0.09091,-0.35091,44.86833,9.17377,114.0,146.0,82860.0,0.0,0.63051,7e-05,0.0,0.0,0.5
YIL159W,10,0.001131945717903689,0.2461128164410431,1.0397979239329119e-05,0.044444444444444446,6.578713968957872,0.0,0.0,0,0.07055,-0.45695,49.02489,8.05219,179.0,183.0,111085.0,0.0,0.70822,5e-05,0.0,0.0,0.5
YIR014W,3,0.0002616442337940534,0.22779839053669182,1.9906146677105146e-05,0.0,1.919908466819222,0.0,0.0,0,0.07851,0.25083,36.88554,5.08759,31.0,23.0,25285.0,0.0,0.91612,0.00018,0.0,0.0,0.5
YKL092C,4,7.608243958365894e-05,0.22337725019132074,3.611804775158487e-06,0.0,1.0,0.0,0.0,0,0.08424,-0.4269,41.92945,8.90167,134.0,150.0,121250.0,0.0,0.95728,7e-05,0.0,0.0,0.5
YKL105C,1,0.0,0.2112082150005042,2.896294358335062e-06,0.0,1.0,0.0,0.0,0,0.03799,-1.09046,54.25194,5.51569,186.0,154.0,40395.0,0.0,0.32164,4e-05,0.0,0.0,0.5
YKR023W,1,0.0,0.2112082150005042,2.896294358335062e-06,0.0,1.0,0.0,0.0,0,0.04528,-1.1017,44.3917,6.44989,94.0,90.0,34920.0,0.0,0.57436,0.00011,0.0,0.0,0.5
YKR101W,5,0.0006298531414663194,0.24609907633293454,2.6287954784907e-05,0.2,3.260869565217391,0.5,2.1022727272727275,0,0.09939,-0.42446,42.28518,9.12262,87.0,106.0,87220.0,0.0,1.13372,0.00012,0.0,0.0,0.5
YML058W,5,0.0007558829946170244,0.24385277730129576,4.679900222621843e-05,0.1,4.763874873864783,0.5,25.25,0,0.07692,-0.78846,48.60394,4.72467,14.0,9.0,8605.0,0.0,0.72714,0.0004,0.0,0.0,0.5
YNL058C,2,2.239484638144014e-05,0.221602988903857,4.063200943683109e-06,0.0,1.0,0.0,0.0,0,0.07911,-0.53924,65.58829,6.67059,34.0,33.0,31400.0,0.0,0.89598,0.00019,0.0,0.0,0.5
YPR008W,2,1.910082438349622e-05,0.2217813773030551,3.832765570346321e-06,0.0,1.4810344827586206,1.0,0.0,0,0.04467,-0.86427,54.81383,8.84198,70.0,79.0,28765.0,0.0,0.37518,0.00012,0.0,0.0,0.5
YCL028W,4,0.0001499671363634944,0.24485511610706678,9.991139092839807e-06,0.16666666666666666,3.71010101010101,0.5,6.0,1,0.07407,-1.13728,43.89037,6.13251,16.0,13.0,23840.0,0.0,0.5599,0.00014,0.3153500824189429,0.19338324065864865,0.526061721787648
YDR188W,12,0.00037603340126364905,0.22999721670017342,7.701020576441031e-06,0.3181818181818182,9.57643312101911,0.0,4.0,1,0.05128,-0.16758,37.4048,5.59515,75.0,66.0,22515.0,0.0,0.37573,9e-05,0.3153500824189429,0.0,0.5
YOR027W,8,0.0001328421301053344,0.23261882085886668,3.653723268141366e-06,0.17857142857142858,7.83939393939394,0.0,9.857142857142858,0,0.06961,-0.87284,39.65452,5.44867,97.0,84.0,54125.0,0.0,0.8168,8e-05,0.0,0.0,0.5
YCL029C,5,8.494862550465494e-05,0.22873218427124967,3.6409540240763486e-06,0.2,1.6755725190839694,0.0,3.5166666666666666,0,0.06136,-1.03659,55.13159,5.61517,72.0,58.0,28920.0,0.0,0.56604,0.00011,0.0,0.0,0.5
YER016W,4,3.9315131560666175e-05,0.22257645318230362,6.6244516158474905e-06,0.16666666666666666,1.7939189189189189,0.0,2.8166666666666664,1,0.07849,-0.61628,37.08113,5.25543,48.0,36.0,36370.0,0.0,0.94809,0.00014,0.3153500824189429,0.0,0.5
YPL155C,3,0.00010123800959864222,0.24102611707996738,6.396738189920377e-06,0.3333333333333333,1.6833976833976834,0.0,2.5,0,0.04816,-0.6398,55.82465,9.44257,81.0,100.0,35590.0,0.0,0.45409,0.00012,0.0,0.0,0.5
YCL030C,1,0.0,0.19338129656834938,2.849488495952449e-06,0.0,1.0,0.0,0.0,0,0.06508,-0.18824,36.70202,5.17511,112.0,87.0,50655.0,0.0,0.57746,6e-05,0.0,0.0,0.5
YCL031C,42,0.0003177049948316711,0.27017201858761486,0.005853481466624755,0.883855981416957,16.10292249047014,0.5,551.65,1,0.09764,-0.63872,35.35764,8.95001,39.0,45.0,24785.0,0.0,0.71903,0.00026,0.3153500824189429,0.19338324065864865,0.5060046007416695
YDL148C,40,0.0008614117175432343,0.27333829325203224,0.00531846875104335,0.8153846153846154,26.264908256880734,0.5,223.0553085803086,1,0.07037,-0.92753,47.85816,6.95172,149.0,148.0,41175.0,0.0,0.43663,7e-05,0.6846499175810571,0.2889671908216764,0.5055010127580776
YDR449C,63,0.0013229024343895401,0.2788718071282042,0.007907644156216847,0.5826932923707118,28.246740220661987,0.5,692.4452380952378,1,0.11364,-0.62773,41.57955,9.0329,58.0,69.0,71335.0,0.0,1.36089,0.00017,0.3153500824189429,0.19338324065864865,0.5034231072178231
YOL082W,18,0.005730221897441338,0.27961475770856475,0.00017743999237742887,0.0392156862745098,11.381203801478353,0.0,6.1761904761904765,0,0.08916,-0.65108,46.35255,4.70148,67.0,41.0,44445.0,0.0,0.93375,0.0001,0.0,0.0,0.5
YDL016C,1,0.0,0.2137066299159123,4.5439510968280907e-07,0.0,0.0,0.0,0.0,1,0.13,-0.068,51.3861,10.3454,3.0,15.0,6210.0,0.0,0.54612,0.00091,0.3153500824189429,0.0,0.0
YDR309C,17,0.002899515653803103,0.2545548683533824,3.019773745636609e-05,0.15441176470588236,10.24899193548387,0.0,48.892857142857146,0,0.0705,-0.93368,64.56789,9.47516,40.0,51.0,19035.0,0.0,0.44421,0.00022,0.0,0.0,0.5
YDR386W,7,0.0003435986369124814,0.2537781609254763,4.491170446064664e-05,0.047619047619047616,6.144298688193744,1.0,2.6944444444444446,0,0.07753,-0.57468,48.05415,8.69171,89.0,98.0,61780.0,0.0,0.8544,0.00012,0.0,0.0,0.5
YER040W,8,0.000881107085662897,0.26165647624357596,3.110917390526742e-05,0.07142857142857142,4.877675840978593,1.0,0.0,0,0.05753,-0.80945,54.85836,9.60699,49.0,66.0,35910.0,0.0,0.45237,0.00012,0.0,0.0,0.5
YER047C,7,0.0012148215658636025,0.24413638985797095,2.0631626321765426e-05,0.047619047619047616,6.514736842105263,0.0,0.0,0,0.05909,-0.73835,52.50435,8.9903,115.0,126.0,63510.0,0.0,0.63301,9e-05,0.0,0.0,0.5
YHR061C,13,0.0004280648097813159,0.24669128967908238,2.8023580800495743e-05,0.24358974358974358,7.591611479028698,0.0,64.05357142857144,0,0.06051,-0.88535,51.07041,6.07513,42.0,37.0,14690.0,0.0,0.41688,0.00017,0.0,0.0,0.5
YKL061W,9,0.0005726488402582175,0.2608976476843941,3.4713691445682704e-05,0.08333333333333333,4.225877192982456,0.0,7.0,0,0.0885,-0.91947,52.82212,4.74042,25.0,18.0,13075.0,0.0,0.96701,0.00035,0.0,0.0,0.5
YKR020W,4,0.00020355264677702546,0.22026316170866553,6.288449707268715e-07,0.0,1.0,0.0,0.0,0,0.03659,-1.04512,53.97201,4.88995,36.0,25.0,5960.0,0.0,0.31515,0.00026,0.0,0.0,0.5
YLL049W,4,1.9115295781953132e-05,0.24405529040391558,6.672225391496397e-06,0.16666666666666666,1.0,0.0,10.5,0,0.12291,-0.11285,45.05251,4.6579,25.0,17.0,19535.0,0.0,0.93708,0.00022,0.0,0.0,0.5
YMR117C,14,0.0021288855338923514,0.25286104831500733,3.514555109361393e-05,0.07692307692307693,12.298792756539235,0.5,27.8,1,0.04695,-0.74789,46.82117,4.86053,46.0,34.0,12950.0,0.0,0.52635,0.0002,0.3153500824189429,0.19338324065864865,0.5078618789862862
YNL086W,11,0.0003543320510692283,0.2527305730578789,2.6258924796820972e-05,0.03636363636363636,3.5589080459770117,0.0,10.0,0,0.04902,-0.36569,40.33627,5.33905,15.0,13.0,5960.0,0.0,0.52003,0.00047,0.0,0.0,0.5
YOL043C,3,9.46147418913164e-05,0.22638283973272,1.7562979595728525e-06,0.0,2.5743473325766173,0.3333333333333333,0.0,0,0.07632,-0.38421,42.44529,8.77557,51.0,59.0,65900.0,0.0,1.50307,0.0002,0.0,0.0,0.5
YOL123W,14,0.000694744240079672,0.2718884016083096,0.00011775034387030476,0.16483516483516483,10.699898270600203,0.5,6.2398767898767895,1,0.07491,-1.31498,49.25468,5.42401,71.0,62.0,45060.0,0.0,0.75542,9e-05,0.3153500824189429,0.19338324065864865,0.5090366859463517
YPR051W,1,0.0,0.2137066299159123,4.5439510968280907e-07,0.0,1.0,0.5,0.0,0,0.10227,-0.22159,33.14148,6.90131,23.0,23.0,22390.0,0.0,1.09451,0.00034,0.0,0.0,0.5
YPR076W,1,0.0,0.2137066299159123,4.5439510968280907e-07,0.0,0.0,0.0,0.0,0,0.06452,-0.16774,40.775,4.21234,26.0,7.0,4845.0,0.0,0.34875,0.0003,0.0,0.0,0.0
YPR193C,5,0.00025354337872540375,0.25236884727059733,1.2652970760464457e-05,0.1,4.984293193717278,0.0,5.0,0,0.16026,-0.57564,26.35263,5.21332,24.0,20.0,42525.0,0.0,2.31954,0.00028,0.0,0.0,0.5
YCL033C,1,0.0,0.20770516210128273,2.9310728310023486e-07,0.0,1.0,0.0,0.0,0,0.09524,-0.64821,53.87387,9.21075,17.0,25.0,38805.0,0.0,2.01284,0.00048,0.0,0.0,0.5
YCL035C,2,5.279150158157053e-06,0.21059271236745286,4.015399428099324e-07,0.0,1.0,0.0,0.0,0,0.05455,-0.24818,40.58818,4.98199,17.0,11.0,6210.0,0.0,0.50161,0.0004,0.0,0.0,0.5
YDR453C,3,0.00012839399434285065,0.2433815511967493,9.718479415062513e-06,0.0,2.505857294994675,0.0,0.0,0,0.09694,-0.10459,21.53622,6.7431,24.0,24.0,24200.0,0.0,1.11961,0.00031,0.0,0.0,0.5
YCL036W,1,0.0,0.221047370137174,2.0968050876975457e-05,0.0,0.0,0.0,0.0,0,0.09364,-0.48869,32.47829,8.83356,72.0,82.0,87790.0,0.0,1.35243,0.00014,0.0,0.0,0.0
YLR256W,3,1.5023193492815911e-05,0.21592587094173518,2.572267084122756e-05,0.0,0.0,0.0,0.0,0,0.0,0.0,0.0,0.0,0.0,0.0,0.0,0.0,0.0,0.0,0.0,0.0,0.0
YCL038C,3,0.00016334572716950166,0.22887469653559311,4.133366505035205e-05,0.0,2.1913043478260867,0.0,0.0,0,0.13447,0.49886,28.39265,8.59418,36.0,40.0,98945.0,0.0,1.68151,0.00015,0.0,0.0,0.5
YHR178W,13,0.002311694381060839,0.2401463638742386,3.164907135233402e-05,0.0,8.672875436554133,1.0,0.0,0,0.07806,-0.37968,46.00054,8.78339,77.0,89.0,84655.0,0.0,1.01417,0.00011,0.0,0.0,0.5
YMR009W,4,0.0002544406401004392,0.2237514164395474,7.898031422224433e-06,0.0,2.18204804045512,0.5,0.0,0,0.10615,-0.6324,41.01291,5.17963,31.0,22.0,27890.0,0.0,1.33578,0.00025,0.0,0.0,0.5
YCL039W,1,0.0,0.2411052155158083,2.796114024364536e-05,0.0,1.0,0.5,6.666666666666667,0,0.09664,-0.33584,43.77718,5.75372,85.0,68.0,102105.0,0.0,1.20812,7e-05,0.0,0.0,0.5
YDR516C,3,0.00024816859697559623,0.2553363447217055,8.910458870847167e-05,0.0,2.5684848484848484,0.0,0.0,0,0.078,-0.2314,44.8422,5.87518,65.0,56.0,38945.0,0.0,0.69644,0.00011,0.0,0.0,0.5
YML099C,9,0.002376296381642096,0.24292552933293968,2.148574586171713e-05,0.1111111111111111,3.9542682926829267,0.5,8.666666666666666,0,0.08977,-0.51125,48.75274,6.64471,110.0,106.0,132055.0,0.0,1.31685,7e-05,0.0,0.0,0.5
YCL043C,3,0.00026672826911350544,0.1726848691689397,9.450954043235285e-07,0.0,2.880835380835381,1.0,0.0,1,0.10728,-0.24828,40.29736,4.38251,93.0,42.0,55530.0,0.0,0.95369,8e-05,0.3153500824189429,0.23974612282610783,0.541610521104574
YER189W,1,0.0,0.14660037431492645,1.4892485822802042e-08,0.0,1.0,0.0,0.0,0,0.10656,-0.47541,38.9132,6.74103,19.0,19.0,3105.0,0.0,0.22166,0.00048,0.0,0.0,0.5
YML074C,2,0.005163727441692205,0.20904475057028138,6.007087185388343e-05,0.0,1.8873762376237624,0.5,0.0,0,0.05353,-1.13674,63.63406,4.36188,118.0,60.0,20400.0,0.0,0.43821,9e-05,0.0,0.0,0.5
YCL044C,1,0.0,0.21300442886086127,1.872493373350957e-06,0.0,1.0,0.0,0.0,0,0.08393,-0.44269,43.61153,9.33453,43.0,52.0,46535.0,0.0,0.98684,0.0002,0.0,0.0,0.5
YDL116W,30,0.007070684160338583,0.2728983257150699,0.00013529254164696824,0.0735632183908046,22.332990750256936,0.25,38.65119047619048,0,0.08953,-0.21956,42.98912,4.7547,114.0,69.0,92095.0,0.0,1.10116,6e-05,0.0,0.0,0.5
YCL045C,1,0.0,0.25173471847841494,8.868705264917986e-05,0.0,1.0,0.5,0.0,0,0.10263,-0.225,34.40974,5.14801,101.0,72.0,119010.0,0.0,1.3651,6e-05,0.0,0.0,0.5
YCL046W,2,3.287087049509213e-06,0.19350013850469794,1.0692256167807242e-07,0.0,1.3253968253968254,0.0,0.0,0,0.07477,-0.40467,47.68131,8.9505,13.0,16.0,8730.0,0.0,0.72456,0.00074,0.0,0.0,0.5
YGL115W,11,0.0009198192428266634,0.2344249444413701,6.561064979450096e-06,0.16363636363636364,8.467625899280575,0.5,5.335714285714285,0,0.07143,-0.00621,32.27019,5.51605,41.0,36.0,22390.0,0.0,0.6151,0.00015,0.0,0.0,0.5
YPL208W,3,5.7873886295910435e-05,0.21038164727129877,7.184008223100039e-07,0.0,1.4464609800362977,0.5,0.0,0,0.11492,-0.32401,38.13396,5.01056,86.0,65.0,94615.0,0.0,1.40843,7e-05,0.0,0.0,0.5
YCL049C,1,0.0,0.2261505569092717,1.9400267624592413e-05,0.0,1.0,0.0,0.0,0,0.12179,-0.4484,38.50067,4.68353,44.0,29.0,77975.0,0.0,2.18715,0.00013,0.0,0.0,0.5
YCL050C,1,0.0,0.25173471847841494,8.868705264917986e-05,0.0,1.0,0.5,0.0,0,0.09346,-0.44891,44.41997,4.91937,48.0,31.0,28140.0,0.0,0.77113,0.00013,0.0,0.0,0.5
YCL051W,3,0.00039819547049386956,0.24534572579036698,2.56010539251438e-05,0.0,2.4751184834123223,0.0,0.0,0,0.06003,-0.87479,62.65664,8.25372,69.0,72.0,28850.0,0.0,0.44528,0.00013,0.0,0.0,0.5
YCL052C,1,0.0,0.19451622342580194,2.08549433704326e-07,0.0,1.0,0.5,0.0,1,0.09856,-0.46226,40.58945,5.44354,62.0,50.0,51965.0,0.0,1.08435,0.00011,0.3153500824189429,0.19338324065864865,0.5966916203293243
YDR412W,9,0.00016618382049523518,0.24667748490629676,0.0012882653952111798,0.5833333333333334,4.802511415525114,0.5,90.0,1,0.06809,-1.41021,55.23234,9.36908,46.0,55.0,14440.0,0.0,0.51619,0.00033,0.3153500824189429,0.19338324065864865,0.5201335534605391
YNL154C,10,0.001183603560928905,0.23056261599851058,0.0001518322542265211,0.022222222222222223,4.783815028901734,0.0,0.0,0,0.08608,-0.9674,46.05112,9.10297,54.0,64.0,62605.0,0.0,1.00848,0.00015,0.0,0.0,0.5
YNL308C,27,0.001961467065657341,0.25683893580816425,0.003758984681149164,0.5612535612535613,23.43950361944157,0.5,329.99999999999994,1,0.06261,-1.38122,55.99445,5.03009,150.0,117.0,41370.0,0.0,0.6026,7e-05,0.6846499175810571,0.2889671908216764,0.5061641064485256
YGL036W,4,1.93901004534379e-05,0.2087873184898178,3.0749282803781723e-06,0.0,1.4571984435797665,0.0,0.0,0,0.08361,-0.3374,36.85646,5.69781,92.0,75.0,90730.0,0.0,0.88629,6e-05,0.0,0.0,0.5
YMR147W,6,0.00043746889452824335,0.24351600128579848,9.349146215917552e-06,0.0,3.516739446870451,0.0,0.0,0,0.11211,-0.58296,46.24309,6.71661,28.0,27.0,27640.0,0.0,1.06656,0.00026,0.0,0.0,0.5
YNL196C,3,0.0004051929791566881,0.24055261420330276,9.390637632669585e-06,0.0,1.7261904761904763,0.3333333333333333,0.0,0,0.06376,-1.02483,38.33255,9.06976,46.0,54.0,25940.0,0.0,0.75588,0.00026,0.0,0.0,0.5
YCL056C,4,0.00043831473293191924,0.2109555252333233,1.3729395702103428e-06,0.0,1.3070866141732282,0.0,0.0,0,0.09722,0.27222,20.77222,9.57684,12.0,23.0,30075.0,0.0,1.81254,0.00058,0.0,0.0,0.5
YDL157C,1,0.0,0.17328904219182026,2.2634382843233725e-08,0.0,0.0,0.0,0.0,0,0.13559,-0.62203,47.48136,9.42023,12.0,18.0,28210.0,0.0,2.08001,0.00069,0.0,0.0,0.0
YNL100W,1,0.0,0.17328904219182026,2.2634382843233725e-08,0.0,0.0,0.0,0.0,0,0.10684,-0.40513,48.8509,9.39313,23.0,31.0,48150.0,0.0,1.78602,0.00035,0.0,0.0,0.0
YOR037W,4,0.0004545100567076976,0.23888401101585235,6.930635546452769e-05,0.0,2.56951596292482,0.0,0.0,0,0.10929,-0.4459,50.75139,9.60028,34.0,52.0,56185.0,0.0,1.32614,0.00023,0.0,0.0,0.5
YCL058C,1,0.0,0.18198854988339208,2.797666477477244e-07,0.0,0.0,0.0,0.0,0,0.17763,1.14605,27.31447,6.79303,6.0,6.0,15065.0,0.0,0.87898,0.0004,0.0,0.0,0.0
YDR457W,2,5.10429986291993e-06,0.22749273134517847,0.00015310598558767203,0.0,1.0,0.5,0.0,0,0.09272,-0.2967,42.97989,5.05597,506.0,370.0,293870.0,0.0,0.78537,1e-05,0.0,0.0,0.5
YER082C,51,0.0008235866161227714,0.2751639610034659,0.006435860627562653,0.7058823529411765,38.16016016016016,0.5,306.0030497280497,1,0.06859,-0.72274,40.40722,9.46002,62.0,80.0,58580.0,0.0,0.94005,0.00015,0.3153500824189429,0.19338324065864865,0.5025338368582182
YJR041C,11,6.084836388343584e-07,0.23866413943018536,0.0018707923860675896,0.9090909090909091,7.228672985781991,0.5,28.78333333333333,1,0.10733,-0.06448,39.87072,5.95844,143.0,124.0,113340.0,0.0,0.83883,4e-05,0.6846499175810571,0.2889671908216764,0.519987568353835
YCL061C,1,0.0,0.21690334376201956,1.3003339287210822e-05,0.0,0.0,1.0,0.0,0,0.04471,-1.07673,44.34599,5.15961,212.0,164.0,35425.0,0.0,0.28494,4e-05,0.0,0.0,0.0
YCL062W,7,0.0006428361370396675,0.26487962115584207,0.00012913416301561776,0.0,0.0,0.0,0.0,0,0.0,0.0,0.0,0.0,0.0,0.0,0.0,0.0,0.0,0.0,0.0,0.0,0.0
YER150W,2,1.5259254737998596e-07,0.20944204187178805,3.3795767940200426e-06,0.0,0.0,0.0,0.0,0,0.0473,0.28041,34.08453,4.18073,10.0,3.0,4845.0,0.0,0.32309,0.00028,0.0,0.0,0.0
YJL043W,2,1.5259254737998596e-07,0.20944204187178805,3.3795767940200426e-06,0.0,0.0,0.0,0.0,0,0.09339,-0.22918,46.96848,5.14227,33.0,23.0,47535.0,0.0,1.62579,0.00018,0.0,0.0,0.0
YPL005W,3,1.9766530641356414e-05,0.2319090201639059,0.0013855099063395694,0.0,1.0,0.0,0.0,0,0.10396,-0.53432,32.62561,9.74493,64.0,103.0,54540.0,0.0,0.77572,0.00014,0.0,0.0,0.5
YCL063W,8,0.0018796993116897787,0.2670458990292314,0.00012926627015978192,0.0,2.889393939393939,0.0,0.0,0,0.05674,-0.80804,62.59173,8.67828,51.0,55.0,13575.0,0.0,0.28374,0.00018,0.0,0.0,0.5
YCL065W,1,0.0,0.00021358393848782572,2.229258935376394e-19,0.0,0.0,0.0,0.0,0,0.13934,0.89508,28.26557,9.14386,3.0,10.0,27930.0,0.0,1.94617,0.00064,0.0,0.0,0.0
YLR374C,1,0.0,0.00021358393848782572,2.229258935376394e-19,0.0,0.0,0.0,0.0,0,0.07752,0.06124,27.51318,9.03619,8.0,13.0,10720.0,0.0,0.75672,0.00064,0.0,0.0,0.0
YGR284C,1,0.0,0.207558463851376,2.0711632930340443e-06,0.0,0.0,0.5,0.0,0,0.16452,0.33161,35.48661,9.63873,14.0,29.0,54695.0,0.0,1.56216,0.00028,0.0,0.0,0.0
YLR378C,6,0.0005381527106826291,0.21372735298305567,2.5823746665789557e-06,0.06666666666666667,4.0,0.5,0.0,1,0.10833,0.43833,28.27067,9.38641,30.0,41.0,54695.0,0.0,1.03323,0.00018,0.3153500824189429,0.19338324065864865,0.524172905082331
YMR043W,10,0.007133298160350572,0.2521811587686226,3.2437412054118495e-05,0.13333333333333333,1.9628154050464808,1.0,7.333333333333334,1,0.04196,-1.41608,83.97133,4.97223,34.0,19.0,7575.0,0.0,0.23094,0.00015,0.3153500824189429,0.23974612282610783,0.5610719994885179
YCL067C,3,0.00012503420417165332,0.24512743453681382,6.91471153142924e-05,0.0,0.0,0.0,0.0,1,0.0,0.0,0.0,0.0,0.0,0.0,0.0,0.0,0.0,0.0,0.3153500824189429,0.0,0.0
YCL069W,1,0.0,0.21300442886086127,1.872493373350957e-06,0.0,0.0,0.0,0.0,0,0.12227,0.6107,31.76664,9.25494,25.0,36.0,46255.0,0.0,0.92096,0.00018,0.0,0.0,0.0
YCL076W,1,0.0,0.1999059750249659,1.1660077807165429e-06,0.0,0.0,0.0,0.0,0,0.09717,-0.52389,60.48826,5.38812,34.0,29.0,26400.0,0.0,0.93456,0.00019,0.0,0.0,0.0
YOR209C,2,0.00021148253551457353,0.2517634733722956,8.870260885258507e-05,0.0,1.0,0.5,0.0,0,0.11422,-0.47879,39.10256,6.44269,56.0,53.0,71530.0,0.0,1.45926,0.00013,0.0,0.0,0.5
YCLX08C,5,0.000582769800999794,0.2560036387290507,3.240396747670664e-05,0.0,0.0,0.0,0.0,0,0.0,0.0,0.0,0.0,0.0,0.0,0.0,0.0,0.0,0.0,0.0,0.0,0.0
YCR001W,1,0.0,0.00021358393848782572,2.229258935376394e-19,0.0,0.0,0.0,0.0,0,0.23077,0.34423,33.27135,9.59515,3.0,12.0,23420.0,0.0,1.87154,0.00077,0.0,0.0,0.0
YOR241W,1,0.0,0.00021358393848782572,2.229258935376394e-19,0.0,0.0,0.0,0.0,0,0.09307,-0.28577,38.20128,8.92413,63.0,71.0,70985.0,0.0,1.14214,0.00014,0.0,0.0,0.0
YNL166C,7,0.00022797840027292772,0.2136030748304271,9.95602486733827e-07,0.47619047619047616,3.673697270471464,0.0,22.6,0,0.04241,-0.98147,48.14286,4.78973,83.0,55.0,21805.0,0.0,0.43879,0.0001,0.0,0.0,0.5
YIR039C,3,4.9787177853333714e-05,0.22131371901172422,3.5532851890432523e-06,0.0,1.647764449291167,0.0,0.0,0,0.12663,-0.02104,34.39963,4.10699,56.0,24.0,63440.0,0.0,1.08979,7e-05,0.0,0.0,0.5
YCR004C,2,0.00021149327066866054,0.18380980132080407,2.3082182035320863e-08,0.0,0.0,0.0,0.0,0,0.08502,-0.22834,39.63202,8.2774,27.0,29.0,34295.0,0.0,1.30153,0.00031,0.0,0.0,0.0
YLR253W,1,0.0,0.15454097094641436,3.708323354329421e-10,0.0,0.0,0.0,0.0,0,0.11248,-0.28489,45.70425,9.00714,64.0,76.0,93375.0,0.0,1.41657,0.00014,0.0,0.0,0.0
YCR005C,3,1.756452180209465e-05,0.19927338977783662,1.8527498998971526e-06,0.0,3.0,0.0,0.0,0,0.09565,-0.33304,31.67654,5.94135,58.0,50.0,65780.0,0.0,1.27945,0.00012,0.0,0.0,0.5
YJL042W,3,6.188824717783952e-05,0.2163179240001729,0.00011303874960846006,0.3333333333333333,2.3702497285559176,0.0,0.0,0,0.05436,-0.61989,43.51144,6.85834,178.0,173.0,75105.0,0.0,0.48391,4e-05,0.0,0.0,0.5
YPL245W,2,2.7487413120783415e-05,0.20147751978040696,1.1952009959405385e-06,0.0,1.248642779587405,0.5,0.0,0,0.09912,-0.54361,36.55797,9.11395,57.0,69.0,73645.0,0.0,1.40931,0.00017,0.0,0.0,0.5
YCR007C,2,3.6334691612879144e-05,0.23242258015794176,6.252453891552583e-05,0.0,0.0,0.0,0.0,0,0.14226,-0.10167,29.22933,5.1524,29.0,22.0,36245.0,0.0,1.31493,0.00019,0.0,0.0,0.0
YCR008W,1,0.0,0.2411052155158083,2.796114024364536e-05,0.0,1.0,0.0,1.818181818181818,0,0.06965,-0.59303,50.2836,9.31024,57.0,81.0,53800.0,0.0,0.80702,0.00014,0.0,0.0,0.5
YDR154C,2,3.948577197316745e-05,0.21569343129008778,3.582751816220208e-05,0.0,0.0,0.0,0.0,0,0.0,0.0,0.0,0.0,0.0,0.0,0.0,0.0,0.0,0.0,0.0,0.0,0.0
YDR277C,10,0.0016898474112708275,0.26125328366476164,5.855481577584892e-05,0.022222222222222223,6.541975308641975,0.0,7.5,0,0.06928,-0.66605,65.36446,9.1441,46.0,54.0,49890.0,0.0,1.01692,0.00019,0.0,0.0,0.5
YDR395W,12,0.0008306201349901174,0.2614857429870402,0.00015420594532439556,0.22727272727272727,4.1559953434225845,0.3333333333333333,11.72857142857143,1,0.10381,0.01102,48.74779,4.61188,138.0,79.0,95575.0,0.0,0.88166,4e-05,0.6846499175810571,0.22418506295530205,0.5269712841846784
YLR433C,12,0.0017224277583961403,0.2582231067468527,7.109350919187003e-05,0.045454545454545456,10.623612512613521,0.0,0.0,0,0.09765,-0.42043,40.24213,6.24689,80.0,75.0,56030.0,0.0,0.88935,0.0001,0.0,0.0,0.5
YMR192W,8,0.00018555053738951072,0.23952003125817886,7.842804219804945e-05,0.07142857142857142,4.355912743972445,0.0,2.4285714285714284,0,0.06806,-0.56694,50.70669,5.25372,116.0,92.0,48540.0,0.0,0.59101,6e-05,0.0,0.0,0.5
YMR232W,3,6.33066555841884e-06,0.22518015198587676,1.9518963786471924e-05,0.0,1.0,0.0,0.0,0,0.09453,-0.51581,44.67566,8.98553,85.0,100.0,73450.0,0.0,0.92932,0.00011,0.0,0.0,0.5
YCR011C,1,0.0,0.18630348063376542,2.3912712311564836e-06,0.0,1.0,0.5,0.0,0,0.102,-0.00086,41.66467,5.02667,126.0,98.0,89735.0,0.0,0.76546,4e-05,0.0,0.0,0.5
YHR174W,12,0.0006563917331447435,0.23686870796751872,2.723527263335413e-05,0.21212121212121213,8.011470281543275,0.0,7.45,0,0.06865,-0.18421,29.56247,5.66681,58.0,49.0,42525.0,0.0,0.90645,0.00012,0.0,0.0,0.5
YKL060C,9,0.0016185205532421346,0.2525134132597539,0.00011031898620980529,0.3333333333333333,8.439516129032258,0.0,8.350000000000001,1,0.09192,-0.35738,32.11365,5.51227,49.0,37.0,39475.0,0.0,0.99633,0.00014,0.3153500824189429,0.0,0.5
YNL006W,3,0.00015667144979617472,0.24158089851896333,2.823128844133194e-05,0.3333333333333333,2.9579067121729237,0.0,4.5,1,0.07591,-0.45017,34.78581,6.02789,36.0,28.0,62295.0,0.0,1.8304,0.00018,0.3153500824189429,0.0,0.5
YCR014C,3,0.00027873450347967987,0.20677955977462817,1.4397935391244346e-06,0.0,2.369542066027689,1.0,2.8,0,0.10309,-0.5701,47.85997,8.27936,89.0,94.0,78320.0,0.0,1.15984,0.00012,0.0,0.0,0.5
YJL110C,7,0.002209025959599934,0.2624353548416696,0.0001055291358942175,0.09523809523809523,6.7044167610419025,1.0,4.3809523809523805,0,0.03811,-0.7775,48.76515,9.33698,57.0,74.0,21190.0,0.0,0.35014,0.00015,0.0,0.0,0.5
YOL085C,1,0.0,0.17046120090005892,2.009893985248313e-08,0.0,1.0,0.0,0.0,0,0.0885,-0.90442,54.86637,9.29938,13.0,21.0,21845.0,0.0,1.70913,0.00073,0.0,0.0,0.5
YOR005C,2,1.8360274395309645e-06,0.17844499272458905,5.5266497648268874e-08,0.0,1.5346112886048988,1.0,0.0,0,0.09534,-0.35773,44.2962,8.64825,123.0,135.0,121445.0,0.0,1.11917,8e-05,0.0,0.0,0.5
YCR016W,2,0.00021149327066866054,0.23041799463047008,6.222297238014865e-05,0.0,0.0,0.0,0.0,0,0.06552,-1.08138,46.93448,7.64532,55.0,56.0,35075.0,0.0,1.04413,0.00023,0.0,0.0,0.0
YDL231C,1,0.0,0.18620904216937115,8.072662000789649e-07,0.0,0.0,0.0,0.0,0,0.12444,-0.16462,43.68394,9.11395,111.0,135.0,202330.0,0.0,1.5597,7e-05,0.0,0.0,0.0
YCR021C,3,0.0051663724151086365,0.22958992996226685,1.619891090449091e-05,0.0,1.7036114570361145,0.0,0.0,0,0.13855,0.35542,29.64102,5.06378,33.0,21.0,68380.0,0.0,1.8459,0.00014,0.0,0.0,0.5
YJL068C,1,0.0,0.18566787361113316,2.5737871870218375e-07,0.0,0.0,0.0,4.5,0,0.14047,-0.45318,37.4509,6.21857,35.0,30.0,56435.0,0.0,1.66309,0.00018,0.0,0.0,0.0
YCR022C,1,0.0,0.19259553719309347,1.245942076495324e-07,0.0,0.0,0.0,0.0,0,0.13158,-0.18333,87.46667,10.83661,5.0,17.0,14605.0,0.0,1.10844,0.00082,0.0,0.0,0.0
YCR023C,2,0.00021149327066866054,0.19009559080924246,2.314510459283905e-06,0.0,0.0,0.0,0.0,0,0.12439,0.06972,44.42573,6.96429,52.0,51.0,97510.0,0.0,1.40876,0.0001,0.0,0.0,0.0
YMR075CA,1,0.0,0.15896024864864317,3.8226349063239344e-08,0.0,0.0,0.0,0.0,0,0.0,0.0,0.0,0.0,0.0,0.0,0.0,0.0,0.0,0.0,0.0,0.0,0.0
YCR024C,1,0.0,0.2112892036272599,3.240326145753572e-06,0.0,1.0,0.0,0.0,0,0.11789,-0.38801,41.92994,8.67828,51.0,57.0,74800.0,0.0,1.31727,0.00015,0.0,0.0,0.5
YCR024CA,4,0.0005215577488786025,0.2154088475017359,3.1373412441308366e-06,0.5,0.0,0.0,0.0,0,0.0,0.0,0.0,0.0,0.0,0.0,0.0,0.0,0.0,0.0,0.0,0.0,0.0
YEL017CA,3,0.0,0.17723249659358006,5.254425639622247e-08,1.0,0.0,0.0,0.0,0,0.0,0.0,0.0,0.0,0.0,0.0,0.0,0.0,0.0,0.0,0.0,0.0,0.0
YGL008C,3,0.0,0.17723249659358006,5.254425639622247e-08,1.0,1.0,0.0,0.0,1,0.0817,0.12288,33.90133,4.96051,113.0,81.0,116405.0,0.0,1.16851,5e-05,0.6846499175810571,0.0,0.5
YPL036W,5,3.237897706355284e-05,0.18435559597154128,9.868284589465191e-08,0.3,1.737417943107221,0.0,0.0,0,0.0792,0.14477,34.65483,4.91351,114.0,80.0,117895.0,0.0,1.1539,5e-05,0.0,0.0,0.5
YCR027C,2,2.575558776248073e-05,0.21972518469123334,3.569542785399306e-05,0.0,1.990185387131952,0.0,0.0,0,0.06699,-0.16459,40.05694,5.80707,27.0,25.0,15065.0,0.0,0.64553,0.00025,0.0,0.0,0.5
YDR158W,5,4.584191043344644e-05,0.2166368515468608,6.490220456147873e-07,0.4,2.7574671445639187,0.0,2.2666666666666666,0,0.05479,-0.04356,39.07562,6.27313,45.0,42.0,22555.0,0.0,0.57039,0.00016,0.0,0.0,0.5
YJR126C,2,0.00010071641708152358,0.24078913286040987,2.7955742830692373e-05,0.0,1.5551181102362204,0.0,0.0,0,0.10604,-0.49741,36.76425,6.68243,100.0,96.0,123455.0,0.0,1.34166,7e-05,0.0,0.0,0.5
YMR132C,1,0.0,0.20301785360270452,2.2880399587918256e-07,0.0,1.0,0.0,0.0,0,0.09615,-0.86731,47.75726,9.06757,29.0,37.0,32150.0,0.0,1.30347,0.00037,0.0,0.0,0.5
YNL106C,7,0.00011153758317071818,0.22584930091584812,4.690038579005828e-06,0.0,5.815418023887079,0.0,0.0,0,0.08876,-0.50237,44.66738,8.79291,140.0,154.0,110850.0,0.0,0.8314,7e-05,0.0,0.0,0.5
YDR155C,9,0.001052467959727611,0.25350087154382217,8.871330793015001e-05,0.027777777777777776,7.334343434343435,0.25,2.0,0,0.11111,-0.23642,19.17346,6.89789,17.0,17.0,13200.0,0.0,0.75904,0.0004,0.0,0.0,0.5
YDR381W,8,0.00035530971124805773,0.25642060701969194,0.00030740563046492784,0.03571428571428571,5.164667393675027,1.0,2.2976190476190474,1,0.03097,-0.95133,44.6115,11.32709,22.0,51.0,2980.0,0.0,0.11941,0.00045,0.3153500824189429,0.23974612282610783,0.5232102190278232
YOL068C,7,0.000521019514240831,0.21169508021301078,1.5454335721509134e-06,0.09523809523809523,5.903023983315954,0.5,4.714285714285714,0,0.09145,-0.26441,45.20044,8.72467,58.0,66.0,41715.0,0.0,0.72295,0.00015,0.0,0.0,0.5
YCR034W,3,2.3275544034110523e-05,0.20379688651296918,4.2252115721950845e-07,0.3333333333333333,2.287461773700306,0.5,0.0,0,0.1585,0.3585,31.15824,9.54193,16.0,31.0,71905.0,0.0,1.79755,0.00024,0.0,0.0,0.5
YGR032W,3,1.362528064722655e-05,0.20655670564994721,4.351390989271027e-07,0.6666666666666666,2.405005688282139,0.0,0.0,0,0.13456,-0.14433,38.71396,6.58807,193.0,184.0,359480.0,0.0,1.65669,3e-05,0.0,0.0,0.5
YLR342W,7,0.00021324700818380922,0.22171444800701756,1.0606675454723725e-06,0.09523809523809523,4.712538226299694,0.0,0.0,0,0.1338,-0.10874,40.43761,6.84039,189.0,184.0,355135.0,0.0,1.65296,3e-05,0.0,0.0,0.5
YOR049C,5,0.0005124175793806808,0.2494977731081913,2.9265003905855225e-05,0.0,1.802132701421801,0.0,0.0,0,0.13089,0.47016,31.82016,6.85748,28.0,27.0,65610.0,0.0,1.51924,0.00016,0.0,0.0,0.5
YHR081W,10,0.00032435388812216434,0.2524411095679489,0.0005662722821821724,0.6,9.469410456062292,1.0,16.4982683982684,0,0.05435,-0.88261,44.14457,9.58344,28.0,39.0,7450.0,0.0,0.354,0.00046,0.0,0.0,0.5
YOR001W,11,0.0004737109093448756,0.2529335927975398,0.000681743287105722,0.7636363636363637,10.744160177975528,0.5,21.508238983238986,0,0.07503,-0.58704,45.32566,6.66571,108.0,105.0,77615.0,0.0,0.92358,8e-05,0.0,0.0,0.5
YCR036W,1,0.0,0.2000602094615378,1.4532670107514478e-07,0.0,0.0,0.5,0.0,0,0.07808,-0.24354,26.05135,5.16644,46.0,35.0,26400.0,0.0,0.71499,0.00014,0.0,0.0,0.0
YGL153W,15,0.0011004370704910088,0.2520081554582394,9.918578969890143e-06,0.06666666666666667,4.0693467336683415,0.0,27.08333333333333,0,0.05572,-0.73402,38.71261,4.78644,65.0,48.0,30940.0,0.0,0.80531,0.00012,0.0,0.0,0.5
YDR532C,5,0.00047663449984457754,0.24277835849950563,2.8307808072743666e-05,0.0,2.782212086659065,0.16666666666666666,0.0,1,0.07013,-0.60935,38.50727,4.80426,71.0,48.0,27180.0,0.0,0.60841,0.00011,0.3153500824189429,0.10903842484628909,0.5195956349570073
YCR041W,5,0.0007217914305635933,0.2587232454088228,9.18167807220371e-05,0.0,1.3995749202975558,0.0,0.0,0,0.14545,0.95182,27.31182,8.52972,5.0,8.0,24825.0,0.0,1.92644,0.00066,0.0,0.0,0.5
YCR065W,1,0.0,0.2042690757773644,1.2129691536237454e-06,0.0,0.0,0.5,0.0,0,0.0727,-0.80337,56.8344,6.86566,69.0,67.0,53330.0,0.0,0.83791,0.00011,0.0,0.0,0.0
YJL031C,3,2.1703893966575437e-05,0.2092034860839791,1.2583610570386865e-06,0.3333333333333333,0.0,0.0,1.6666666666666667,1,0.11621,-0.57462,54.09208,6.73883,50.0,49.0,91580.0,0.0,2.3083,0.00017,0.3153500824189429,0.0,0.0
YCR042C,1,0.0,0.2227001442495465,4.814955993812585e-06,0.0,1.0,1.0,0.0,1,0.08529,-0.41862,41.79752,5.46307,209.0,172.0,155780.0,0.0,0.96477,3e-05,0.6846499175810571,0.40640486218295563,0.7032024310914778
YCR044C,1,0.0,0.23453719900375225,5.744300599321293e-05,0.0,1.0,0.5,0.0,0,0.18487,0.1972,42.54874,6.40814,34.0,31.0,94780.0,0.0,2.22797,0.00015,0.0,0.0,0.5
YCR045C,1,0.0,0.17354829351478437,2.090589424852889e-08,0.0,0.0,0.0,0.0,0,0.10794,-0.32627,41.05418,5.24274,63.0,48.0,63300.0,0.0,1.1495,0.0001,0.0,0.0,0.0
YOR348C,4,0.0003199088817898244,0.21133985306719355,1.548029640671456e-06,0.0,0.0,0.0,0.0,0,0.12121,0.29617,37.7077,7.49323,48.0,49.0,133780.0,0.0,1.94485,0.00011,0.0,0.0,0.0
YCR047C,2,8.78892137384193e-05,0.19376380902309995,3.9079843520899815e-07,0.0,0.0,0.5,0.0,0,0.07636,-0.54327,53.46844,9.11871,35.0,42.0,21930.0,0.0,0.71336,0.0003,0.0,0.0,0.0
YLR339C,4,0.0004353330541614215,0.19077844089308074,7.395568366661245e-07,0.0,0.0,0.0,0.0,1,0.08743,0.37486,34.1388,9.83148,8.0,21.0,22960.0,0.0,1.14698,0.00049,0.3153500824189429,0.0,0.0
YCR050C,1,0.0,0.19259553719309347,1.245942076495324e-07,0.0,0.0,0.0,0.0,0,0.06863,-0.04216,33.2049,9.65155,5.0,13.0,26970.0,0.0,2.30181,0.00082,0.0,0.0,0.0
YCR052W,13,0.00020607121456755873,0.239976408910421,1.4845405656333151e-05,0.48717948717948717,2.9355555555555557,1.0,51.46666666666667,1,0.06211,-0.74431,43.41822,4.69183,78.0,49.0,44935.0,0.0,0.82961,9e-05,0.3153500824189429,0.23974612282610783,0.5408348808749994
YGR056W,12,0.0005711400703548247,0.2585563173954791,4.585137749040114e-05,0.5606060606060606,2.0,1.0,42.46666666666667,0,0.09159,-0.70054,50.55357,6.09821,123.0,113.0,98765.0,0.0,0.92591,6e-05,0.0,0.0,0.5
YKR008W,13,0.00016207893521841954,0.24717543205537307,9.276656233896019e-05,0.5512820512820513,1.8256880733944953,1.0,65.83333333333334,1,0.1008,-0.59776,39.17696,5.14728,92.0,69.0,60085.0,0.0,0.83117,7e-05,0.3153500824189429,0.23974612282610783,0.565659114040316
YLR321C,23,0.0047311210958934855,0.2731181322971204,7.952995758126706e-05,0.20553359683794467,7.665249734325186,1.0,42.4062091503268,1,0.07042,-0.67629,43.30235,5.02765,64.0,43.0,38765.0,0.0,0.79474,0.0001,0.3153500824189429,0.23974612282610783,0.5156385069720898
YLR357W,12,0.000149196703870575,0.23963721963987625,6.713674609867574e-05,0.5757575757575758,1.0,1.0,35.09166666666667,0,0.08436,-0.81845,46.15243,8.97089,116.0,128.0,106745.0,0.0,1.04347,9e-05,0.0,0.0,0.5
YMR033W,11,0.00010624976123564778,0.24172662071043668,1.4215917685034398e-05,0.7090909090909091,1.0,1.0,38.35947712418301,1,0.08779,-0.36338,38.86747,5.02863,68.0,50.0,52870.0,0.0,0.99617,9e-05,0.3153500824189429,0.23974612282610783,0.6198730614130539
YOR213C,16,0.003261777168539411,0.25665948502332014,4.024066451026293e-05,0.35,1.0,1.0,66.2,0,0.09677,-0.40927,53.8004,5.62091,38.0,30.0,28210.0,0.0,0.97215,0.00019,0.0,0.0,0.5
YOR232W,12,0.0016581126768439498,0.2560631225835332,1.1483380952904723e-05,0.06060606060606061,8.790110998990919,0.0,24.416666666666664,1,0.07456,-0.80965,42.35925,7.85577,38.0,39.0,2980.0,0.0,0.11432,0.0003,0.3153500824189429,0.0,0.5
YCR053W,9,0.00035695748396623143,0.2232641134154945,1.066378321400632e-06,0.3055555555555556,6.743951612903226,0.0,19.000000000000004,0,0.10117,-0.28035,31.93484,5.45941,68.0,59.0,49070.0,0.0,0.85378,9e-05,0.0,0.0,0.5
YHR018C,3,0.0003235780923471485,0.24223138011185422,9.62039823307901e-06,0.3333333333333333,2.619959677419355,0.0,2.666666666666667,0,0.08855,-0.29374,36.95832,5.46625,66.0,52.0,51840.0,0.0,0.99714,0.00011,0.0,0.0,0.5
YHR208W,4,0.00011862422311143718,0.21193935551110743,8.000548351862675e-07,0.5,0.0,0.0,0.0,0,0.09415,-0.30382,32.0374,9.00848,38.0,45.0,66850.0,0.0,1.53341,0.00021,0.0,0.0,0.0
YLR027C,9,0.00037985197384114624,0.21417387305779437,8.265170673404632e-07,0.1388888888888889,6.694556451612903,0.0,17.53333333333333,1,0.0933,-0.16244,31.15457,8.45428,39.0,42.0,54360.0,0.0,1.18028,0.00018,0.3153500824189429,0.0,0.5
YLR134W,9,0.0008935174013436904,0.23708528237914933,7.406850103182208e-06,0.08333333333333333,5.577620967741935,0.5,2.7666666666666666,0,0.08171,-0.05524,30.42256,5.99359,60.0,52.0,65820.0,0.0,1.06313,0.0001,0.0,0.0,0.5
YPL028W,4,1.88849758626233e-05,0.205545400320597,4.1665196310904145e-07,0.3333333333333333,2.9465725806451615,0.0,2.2666666666666666,1,0.05528,0.01131,28.73166,7.00482,41.0,41.0,27680.0,0.0,0.66334,0.00017,0.3153500824189429,0.0,0.5
YCR054C,2,2.641642198567338e-05,0.22422944479757484,4.953617255411183e-06,0.0,1.5460358056265984,0.0,0.0,1,0.10124,-0.19751,38.75506,4.84125,84.0,57.0,52060.0,0.0,0.79841,7e-05,0.3153500824189429,0.0,0.5
YGL019W,25,0.0012619163466815945,0.2668842196086168,0.001778216580478254,0.27,21.98198198198198,0.0,95.39285714285714,0,0.1223,-0.68165,58.1446,4.51825,58.0,28.0,41005.0,0.0,1.2709,0.00014,0.0,0.0,0.5
YGR154C,2,0.00021149327066866054,0.21348928008889595,9.931825990078538e-05,0.0,0.0,0.0,0.0,0,0.1236,-0.32893,38.06829,8.9079,44.0,50.0,54695.0,0.0,1.32433,0.00022,0.0,0.0,0.0
YJL069C,27,3.5200599687806552e-06,0.2545695689117304,0.0034514520189603305,0.792022792022792,19.353353353353352,0.5,205.0,1,0.07744,-0.58805,48.78402,4.84052,88.0,54.0,78100.0,0.0,1.1758,7e-05,0.3153500824189429,0.19338324065864865,0.5049961171360813
YKL099C,22,1.1065707727321346e-05,0.25495238029355255,0.0027715288644413424,0.8138528138528138,0.0,0.5,75.62301587301586,1,0.06,-1.3076,45.67,10.17963,33.0,62.0,12950.0,0.0,0.43552,0.00034,0.3153500824189429,0.19338324065864865,0.5
YKR060W,31,0.0027156265927367204,0.2606354079864911,0.004221183368500394,0.8150537634408602,1.0,0.5,365.33333333333326,0,0.06569,-0.46022,38.59931,9.60333,31.0,47.0,15400.0,0.0,0.4871,0.0003,0.0,0.0,0.5
YOR061W,40,0.0033819280840268473,0.27694456589027605,0.003294847472733232,0.3243589743589744,35.64364364364364,0.0,146.58873626373628,0,0.11799,-0.33481,28.47555,8.68475,41.0,46.0,59415.0,0.0,1.50788,0.00022,0.0,0.0,0.5
YPR144C,38,0.0010885982329973845,0.272813878900577,0.00639526605397337,0.7667140825035562,0.0,0.5,345.0928571428572,1,0.11594,-0.17301,39.39513,5.73663,68.0,56.0,68675.0,0.0,1.07918,9e-05,0.3153500824189429,0.19338324065864865,0.5
YCR059C,5,0.000564243958135395,0.25781533835978027,9.030778444756757e-05,0.0,1.7264150943396226,0.5,0.0,0,0.08915,-0.28527,56.54612,4.51788,46.0,20.0,32680.0,0.0,1.12623,0.00016,0.0,0.0,0.5
YDR400W,1,0.0,0.20370271050256578,1.189373491485247e-06,0.0,0.0,0.5,0.0,0,0.10882,-0.15853,30.98179,5.21552,42.0,31.0,49235.0,0.0,1.29703,0.00014,0.0,0.0,0.0
YJL160C,1,0.0,0.20370271050256578,1.189373491485247e-06,0.0,0.0,0.0,0.0,0,0.05575,-0.05436,44.61017,9.09784,16.0,22.0,21930.0,0.0,0.7258,0.0003,0.0,0.0,0.0
YOL117W,3,1.4002288307609422e-05,0.2257452069071298,7.983985442080106e-06,0.0,1.0,0.5,0.0,0,0.10698,-0.36636,44.62341,4.86639,113.0,84.0,62895.0,0.0,0.82337,6e-05,0.0,0.0,0.5
YCR060W,1,0.0,0.18027673218041565,1.4921633282966122e-07,0.0,1.0,0.5,0.0,0,0.08108,-0.48919,33.55405,6.08575,12.0,11.0,10680.0,0.0,0.85365,0.00049,0.0,0.0,0.5
YHR034C,3,0.00026133179317754134,0.22140264466476764,9.197567921055442e-06,0.0,2.3558467741935485,0.5,0.0,0,0.07267,-0.49244,56.02791,5.62958,58.0,50.0,38150.0,0.0,0.96536,0.00014,0.0,0.0,0.5
YCR063W,1,0.0,0.19517939585014493,3.2318962191881483e-07,0.0,1.0,1.0,0.0,0,0.0828,-0.85223,30.99108,9.54144,18.0,33.0,28055.0,0.0,1.52083,0.00052,0.0,0.0,0.5
YDR408C,4,0.00027030383748307963,0.2443122903771836,2.4622503462017396e-05,0.16666666666666666,2.6114044350580783,0.0,2.083333333333333,0,0.0514,-0.10654,47.83645,5.98236,27.0,23.0,20565.0,0.0,0.87362,0.00025,0.0,0.0,0.5
YGL058W,7,0.0002783837081768772,0.21778205895338787,3.4841738730905224e-06,0.0,3.052694610778443,0.5,0.0,0,0.08721,-0.82209,54.95116,4.19684,40.0,17.0,24075.0,0.0,1.22174,0.00021,0.0,0.0,0.5
YLR032W,2,2.9293145080370037e-07,0.19588191678259526,6.328481597070005e-07,0.0,1.598326359832636,0.5,0.0,0,0.0787,-0.53841,52.26145,5.98395,174.0,160.0,115220.0,0.0,0.85985,4e-05,0.0,0.0,0.5
YCR067C,2,1.1259875004721297e-06,0.21651980231227091,1.4148208439714681e-06,0.0,1.4649122807017543,0.3333333333333333,0.0,0,0.06103,-0.17577,48.18677,4.6181,127.0,70.0,39560.0,0.0,0.34678,4e-05,0.0,0.0,0.5
YNL171C,3,0.00043287705087952924,0.25231106721283975,8.873238157986768e-05,0.0,1.4166666666666667,0.0,0.0,0,0.17213,0.19754,47.81648,8.92999,5.0,9.0,24910.0,0.0,1.70114,0.00061,0.0,0.0,0.5
YCR068W,1,0.0,0.19229308389790278,3.792196889532483e-07,0.0,0.0,0.25,0.0,0,0.10577,-0.30577,46.08754,5.33685,67.0,49.0,102520.0,0.0,1.75445,9e-05,0.0,0.0,0.0
YER019W,4,0.00032658872631534754,0.2398066943355197,2.7991216577467274e-05,0.0,1.0,0.0,0.0,0,0.10273,-0.20524,43.60881,7.24469,52.0,52.0,83070.0,0.0,1.54005,0.00013,0.0,0.0,0.5
YCR071C,1,0.0,0.19550834502486023,1.0149001553781846e-06,0.0,1.0,0.0,0.0,0,0.07534,-0.33356,46.06849,9.87384,11.0,25.0,13450.0,0.0,0.82112,0.0006,0.0,0.0,0.5
YLR006C,4,0.00016668407033830948,0.2099607837711609,8.722647001708456e-06,0.0,2.737012987012987,0.0,0.0,0,0.06882,-0.55548,50.54101,6.75299,77.0,75.0,65360.0,0.0,0.83231,9e-05,0.0,0.0,0.5
YCR076C,5,0.0009337452425056185,0.2569287553345878,3.1578467208820726e-05,0.0,4.894396551724138,0.0,0.0,0,0.08,-0.518,52.3696,4.88715,31.0,22.0,27180.0,0.0,1.01586,0.00018,0.0,0.0,0.5
YDL139C,2,1.1648364217417274e-05,0.21664749866199062,3.9338917621896e-06,0.0,1.0,1.0,0.0,1,0.04036,-1.18655,44.41166,6.21613,48.0,45.0,20065.0,0.0,0.77912,0.00024,0.3153500824189429,0.23974612282610783,0.6198730614130539
YDL216C,2,2.2735071560054352e-05,0.21355133491306671,3.90427414575879e-06,0.0,1.0,0.3333333333333333,0.0,0,0.08182,-0.70636,49.85843,5.45038,67.0,55.0,38695.0,0.0,0.76154,0.00011,0.0,0.0,0.5
YDR141C,1,0.0,0.20757801164416667,3.788565061114455e-06,0.0,1.0,0.0,0.0,1,0.09658,-0.06702,42.71458,5.49884,219.0,186.0,225265.0,0.0,1.15707,3e-05,0.6846499175810571,0.0,0.5
YDR389W,4,0.00019494243669512017,0.2617496974808814,0.00010016700719469523,0.0,3.5090329436769396,0.0,0.0,1,0.06575,-0.86407,56.34893,9.57855,72.0,91.0,48945.0,0.0,0.66476,0.00013,0.3153500824189429,0.0,0.5
YER115C,4,0.0003503760031576611,0.2347370283441889,2.4409438432503928e-05,0.16666666666666666,2.462242562929062,0.0,20.0,0,0.08377,-0.4466,59.88115,9.58368,13.0,27.0,21065.0,0.0,0.97924,0.00045,0.0,0.0,0.5
YGL143C,2,1.5293055303801228e-06,0.2199444494199942,4.493261418723341e-06,0.0,1.3107913669064748,0.0,0.0,0,0.07022,-0.58523,41.85956,8.85089,57.0,62.0,32110.0,0.0,0.68656,0.00019,0.0,0.0,0.5
YIL154C,1,0.0,0.20757801164416667,3.788565061114455e-06,0.0,1.0,0.0,0.0,0,0.05491,-0.60318,48.86387,4.94647,64.0,43.0,29045.0,0.0,0.7434,0.00013,0.0,0.0,0.5
YMR002W,3,3.0849094375561615e-05,0.21881988857163184,4.996619740020215e-06,0.0,0.0,0.0,0.0,0,0.05128,-0.73974,58.20641,8.85724,9.0,12.0,6460.0,0.0,0.38754,0.00053,0.0,0.0,0.0
YNR027W,1,0.0,0.20757801164416667,3.788565061114455e-06,0.0,1.0,0.5,0.0,0,0.08833,0.02461,29.26628,6.31757,35.0,33.0,33640.0,0.0,0.95119,0.00018,0.0,0.0,0.5
YCR079W,2,2.9957766931407044e-05,0.20531563368772818,1.4196293871563305e-05,0.0,1.877507919746568,0.0,1.7777777777777777,0,0.0905,-0.41584,30.63104,6.56512,53.0,51.0,57505.0,0.0,1.16359,0.00013,0.0,0.0,0.5
YMR277W,2,1.374717946839174e-05,0.20140387697151382,7.77657065214857e-07,0.0,1.9350180505415162,1.0,0.0,1,0.07377,-0.68169,42.73374,4.54974,137.0,76.0,88905.0,0.0,1.06549,5e-05,0.6846499175810571,0.40640486218295563,0.6050131966648122
YGR161CC,2,2.0896930745253753e-06,0.21387252706203114,9.439223470145622e-07,0.0,0.0,0.0,0.0,0,0.0,0.0,0.0,0.0,0.0,0.0,0.0,0.0,0.0,0.0,0.0,0.0,0.0
YOR023C,6,0.000410592721619335,0.2410129390527897,3.1892773709099886e-05,0.06666666666666667,1.7391304347826086,0.5,0.0,0,0.04594,-0.93481,56.93657,9.41937,58.0,76.0,27445.0,0.0,0.42972,0.00015,0.0,0.0,0.5
YDL105W,8,0.0011040057628007862,0.2362593340805833,5.9223389784704254e-05,0.07142857142857142,7.157575757575757,1.0,4.117857142857143,1,0.06716,-0.84129,50.54729,9.30963,54.0,63.0,21555.0,0.0,0.46736,0.0002,0.3153500824189429,0.23974612282610783,0.5167477181483098
YNL021W,8,0.001785428667163314,0.24691237636674643,0.0003738776123293443,0.10714285714285714,7.793814432989691,1.0,7.089285714285714,0,0.09207,-0.34405,41.7816,5.29645,102.0,76.0,96980.0,0.0,1.2112,7e-05,0.0,0.0,0.5
YCR086W,21,0.004370419760334019,0.26865715841513427,0.000235979676658716,0.014285714285714285,11.87076923076923,0.3333333333333333,6.428571428571429,0,0.08947,-0.63632,47.28742,5.10614,29.0,23.0,20525.0,0.0,0.94363,0.00023,0.0,0.0,0.5
YDL089W,7,0.0002594147546762167,0.2352757608494622,6.293200420728624e-06,0.047619047619047616,2.657142857142857,0.5,10.0,1,0.13843,-0.50971,49.3868,9.05328,54.0,63.0,76125.0,0.0,1.3382,0.00016,0.3153500824189429,0.19338324065864865,0.536389319478778
YDL214C,4,0.00012586538141598193,0.22879154280767755,5.215958493838368e-06,0.0,2.9894179894179893,0.0,0.0,0,0.08584,-0.46867,50.53549,6.25726,90.0,83.0,70845.0,0.0,0.89748,8e-05,0.0,0.0,0.5
YDR061W,2,2.3244710569711828e-05,0.21519852837705153,3.9605057273393855e-06,0.0,0.0,0.0,0.0,0,0.0872,-0.29685,48.36976,6.55829,67.0,64.0,77445.0,0.0,1.26563,0.00011,0.0,0.0,0.0
YDR439W,2,0.00013468928133574754,0.2560779978665925,9.233568373032731e-05,0.0,1.275787187839305,0.3333333333333333,0.0,0,0.03458,-1.02161,54.317,9.54413,46.0,59.0,9065.0,0.0,0.23035,0.00024,0.0,0.0,0.5
YER106W,1,0.0,0.2104117735215047,3.6486310811474588e-06,0.0,0.0,1.0,0.0,1,0.07616,-1.03874,64.95,9.03424,47.0,56.0,32150.0,0.0,0.89925,0.00025,0.3153500824189429,0.23974612282610783,0.5
YFL008W,24,0.004116839958573988,0.2588751852992438,5.434014457218566e-05,0.10869565217391304,23.30784708249497,0.5,20.05277777777778,1,0.06694,-0.73976,43.99454,6.11298,205.0,194.0,76850.0,0.0,0.54396,4e-05,0.6846499175810571,0.2889671908216764,0.5061989249757585
YGL175C,3,6.656444633249987e-05,0.25034794725553855,5.7600217739750096e-05,0.3333333333333333,2.2381656804733727,0.5,3.666666666666667,0,0.08116,-0.90464,57.85655,6.17084,56.0,53.0,26525.0,0.0,0.66153,0.00015,0.0,0.0,0.5
YHR152W,14,0.008846345430612027,0.26359664266432603,9.996036249659795e-05,0.02197802197802198,4.785714285714286,0.0,28.5,0,0.06358,-1.11387,55.68676,9.40472,24.0,31.0,6085.0,0.0,0.30559,0.00047,0.0,0.0,0.5
YKL077W,1,0.0,0.2104117735215047,3.6486310811474588e-06,0.0,0.0,0.0,0.0,0,0.13776,-0.63648,33.08571,8.94891,52.0,59.0,73020.0,0.0,1.58616,0.00019,0.0,0.0,0.0
YKR010C,3,3.138516138722671e-05,0.22620858291556029,9.156496946773505e-06,0.0,1.4120819848975188,1.0,0.0,0,0.05188,-0.89987,49.28132,7.97235,112.0,114.0,26525.0,0.0,0.30713,9e-05,0.0,0.0,0.5
YML095C,6,0.0006217393129707956,0.23085240404689833,7.224439795882551e-06,0.13333333333333333,4.80060120240481,1.0,16.2,0,0.1,-0.64857,43.28619,8.86847,23.0,26.0,26025.0,0.0,1.0705,0.00036,0.0,0.0,0.5
YOL020W,3,0.000459661650345194,0.21585185854840486,4.3975645971720504e-06,0.0,1.7496886674968868,0.0,0.0,0,0.125,0.43564,30.52503,8.62811,42.0,49.0,119090.0,0.0,1.82085,0.00013,0.0,0.0,0.5
YOR281C,4,0.00061016347021161,0.2433681143529798,6.1882552913313e-05,0.16666666666666666,0.0,0.0,0.875,1,0.07692,-0.85245,51.19301,4.62872,64.0,38.0,17670.0,0.0,0.53884,0.00014,0.3153500824189429,0.0,0.0
YCR087CA,5,0.00023017517973989367,0.2679549361908409,9.35067465551897e-05,0.1,0.0,0.0,0.0,0,0.0,0.0,0.0,0.0,0.0,0.0,0.0,0.0,0.0,0.0,0.0,0.0,0.0
YKR092C,7,2.3740251897650704e-05,0.23121566510755434,2.1265479295115604e-05,0.0,1.0,0.0,0.0,0,0.02217,-1.36133,110.82241,4.20599,81.0,37.0,15470.0,0.0,0.37718,0.0001,0.0,0.0,0.5
YLR265C,5,9.57082804320847e-05,0.22433214530664242,3.7691204312151897e-06,0.0,2.235294117647059,0.3333333333333333,0.0,0,0.07602,-0.43743,47.29216,8.08551,43.0,45.0,22180.0,0.0,0.56704,0.00021,0.0,0.0,0.5
YCR087W,3,6.229771397413988e-05,0.23296304065508527,2.335593555696169e-06,0.0,2.123620309050773,0.0,0.0,0,0.09357,1.1386,37.9152,10.2226,6.0,16.0,9230.0,0.0,0.46557,0.00052,0.0,0.0,0.5
YDR146C,6,0.00027174790757098416,0.22572208793463688,1.7020643000385867e-06,0.0,2.519035532994924,0.3333333333333333,0.0,0,0.06206,-0.90874,56.71805,8.86139,86.0,96.0,41925.0,0.0,0.52555,0.00011,0.0,0.0,0.5
YDL047W,5,0.00013473562137615192,0.2108445331838869,1.7972973079185452e-06,0.3,4.713420787083754,0.0,0.0,0,0.11576,-0.20354,27.67559,5.23273,41.0,29.0,55110.0,0.0,1.55077,0.00015,0.0,0.0,0.5
YDR129C,3,0.0,0.2210030409744071,2.0713264224333276e-05,0.6666666666666666,2.840549102428722,0.0,5.961988304093567,0,0.06698,-0.28084,38.28006,5.30316,92.0,74.0,66390.0,0.0,0.92502,7e-05,0.0,0.0,0.5
YIR003W,4,0.0003037570596342546,0.25764957947720635,8.980326730343056e-05,0.0,2.427380952380952,0.0,0.0,0,0.02209,-1.09691,68.243,4.90643,124.0,84.0,7240.0,0.0,0.09684,7e-05,0.0,0.0,0.5
YNL020C,3,1.6645542133228667e-05,0.23714905612629242,3.7499570477790478e-06,0.0,2.583858764186633,0.0,0.0,1,0.06583,-0.54044,39.84718,8.83807,64.0,72.0,39030.0,0.0,0.54685,0.00012,0.3153500824189429,0.0,0.5
YCR093W,20,0.0007944740642848452,0.25536592835566696,4.045547788641539e-05,0.32105263157894737,13.388185654008439,0.5,62.82380952380953,1,0.08634,-0.08928,42.7455,6.0401,238.0,218.0,177645.0,0.0,0.73934,3e-05,0.6846499175810571,0.2889671908216764,0.5107918727111153
YDL165W,19,0.0017561646304537796,0.2648159711207211,3.664758567064469e-05,0.27485380116959063,8.889265536723164,0.5,44.94761904761904,1,0.13089,-0.40576,44.70534,5.59576,25.0,21.0,32680.0,0.0,1.46139,0.00025,0.3153500824189429,0.19338324065864865,0.5108773463825413
YDR376W,2,1.1644542258070771e-05,0.20528694897198918,8.925574129197116e-07,0.0,1.0,0.0,0.0,1,0.10345,-0.46187,38.61361,9.00922,62.0,71.0,76485.0,0.0,1.36006,0.00016,0.3153500824189429,0.0,0.5
YER068W,10,4.5027743094494596e-05,0.23317252871068625,3.137175285426747e-06,0.8,5.448795180722891,0.5,34.72619047619048,0,0.06814,-0.73356,43.80477,8.29413,58.0,62.0,46770.0,0.0,0.71565,0.00013,0.0,0.0,0.5
YMR005W,4,1.6207078209578722e-05,0.23872876551722302,4.1787608582829285e-05,0.16666666666666666,1.5809523809523809,1.0,2.0,1,0.03608,-0.81624,50.1433,9.67242,44.0,60.0,14565.0,0.0,0.34403,0.00023,0.3153500824189429,0.23974612282610783,0.5758233219781365
YCR094W,2,0.00022827981697902435,0.2520802113155786,8.872222020697564e-05,0.0,1.7164480322906155,0.0,0.0,0,0.11765,-0.42148,39.2512,7.58795,46.0,47.0,60570.0,0.0,1.34654,0.00017,0.0,0.0,0.5
YGL090W,5,0.0003605477227828495,0.21681799494739676,2.333196781451306e-06,0.0,2.9713631156930127,0.5,13.0,0,0.05226,-0.76627,49.45392,4.86249,86.0,63.0,27680.0,0.0,0.57358,0.0001,0.0,0.0,0.5
YCR095C,4,0.0004388688963257427,0.22217260497331404,4.691301359086921e-06,0.0,1.0,0.0,0.0,0,0.09392,-0.5105,39.04064,8.62238,48.0,52.0,40380.0,0.0,0.96958,0.00021,0.0,0.0,0.5
YHL029C,1,0.0,0.1807868865716082,7.327360735009026e-08,0.0,0.0,0.0,0.0,0,0.11782,-0.4704,50.9305,5.96808,73.0,61.0,131960.0,0.0,1.69711,8e-05,0.0,0.0,0.0
YNL099C,4,0.00017872035519022418,0.22417242958073247,9.747284439260546e-06,0.0,2.660211267605634,0.0,18.0,0,0.07143,-0.49328,59.79874,4.40741,48.0,21.0,31565.0,0.0,1.16026,0.00016,0.0,0.0,0.5
YPL027W,1,0.0,0.1807868865716082,7.327360735009026e-08,0.0,0.0,0.0,0.0,0,0.10204,-0.74163,50.16612,9.84698,23.0,45.0,33515.0,0.0,1.18017,0.00035,0.0,0.0,0.0
YCR097W,1,0.0,0.2008624193600439,1.1715806916116968e-06,0.0,0.0,1.0,0.0,0,0.06349,-0.74444,63.51032,9.69476,14.0,22.0,8730.0,0.0,0.58975,0.00065,0.0,0.0,0.0
YCR098C,2,1.1208928447680833e-05,0.22598824234981665,5.984636513287101e-06,0.0,1.0,0.0,0.0,0,0.12355,0.26757,26.67247,8.75067,43.0,50.0,88905.0,0.0,1.551,0.00015,0.0,0.0,0.5
YJL184W,4,6.046328901346757e-05,0.23708528237914933,4.8107503653244695e-06,0.0,1.0,0.5,0.0,1,0.04065,-1.00569,39.30163,4.71661,24.0,17.0,4470.0,0.0,0.32856,0.00035,0.3153500824189429,0.19338324065864865,0.5966916203293243
YGR203W,2,1.1465503848926761e-05,0.2212137629987215,9.255159446563597e-06,0.0,1.0,0.5,0.0,0,0.10811,-0.58311,59.76892,7.01398,19.0,19.0,39670.0,0.0,2.29993,0.00041,0.0,0.0,0.5
YGR205W,4,0.0001491592152385694,0.2390005777095816,2.5215121143530576e-05,0.0,1.871001031991744,0.5,0.0,0,0.12069,-0.41448,32.02248,5.24884,39.0,30.0,41870.0,0.0,1.25598,0.00016,0.0,0.0,0.5
YGR262C,2,3.920174168357089e-05,0.2522533136066108,9.059730911359343e-05,0.0,1.8405650857719476,0.3333333333333333,0.0,0,0.09962,-0.41916,33.5908,8.81439,31.0,35.0,45755.0,0.0,1.52843,0.00029,0.0,0.0,0.5
YIL059C,2,3.1306579078350024e-05,0.23559011572206315,4.5157093238064135e-05,0.0,0.0,0.0,0.0,0,0.08264,0.15124,39.00083,4.68964,13.0,7.0,4720.0,0.0,0.36225,0.00036,0.0,0.0,0.0
YLR208W,11,0.00019312316578238946,0.23242258015794176,0.0001122050818064811,0.38181818181818183,5.1967380224260955,0.3333333333333333,5.083333333333333,1,0.09091,-0.34276,28.09529,5.44916,40.0,28.0,93305.0,0.0,2.82378,0.00016,0.3153500824189429,0.16204621790391252,0.515591147485655
YCR100C,1,0.0,0.18951533341683247,5.658998617374234e-07,0.0,0.0,0.0,0.0,0,0.11076,-0.31266,32.49184,4.8576,39.0,25.0,45630.0,0.0,1.29422,0.00014,0.0,0.0,0.0
YIL110W,3,0.005166336937143045,0.23550201171468765,4.326288734902993e-05,0.0,0.0,0.5,0.0,0,0.08488,-0.2321,47.0934,4.54474,61.0,35.0,38890.0,0.0,0.91475,0.00011,0.0,0.0,0.0
YCR101C,1,0.0,0.21960477533380776,7.344902982150003e-06,0.0,1.0,0.0,0.0,0,0.13736,-0.12857,44.27423,4.67609,28.0,17.0,43805.0,0.0,2.07363,0.00022,0.0,0.0,0.5
YOR114W,3,0.00032936612880868463,0.2636281714775147,0.00011157858803111669,0.0,1.7535545023696681,0.0,0.0,0,0.10204,-0.76531,52.70068,9.84943,30.0,55.0,37985.0,0.0,1.08606,0.00028,0.0,0.0,0.5
YCRX16C,5,0.00023017517973989367,0.2679549361908409,9.35067465551897e-05,0.1,0.0,0.0,0.0,0,0.0,0.0,0.0,0.0,0.0,0.0,0.0,0.0,0.0,0.0,0.0,0.0,0.0
YDL001W,5,0.00032820593699750046,0.23237357170666967,7.214799334904626e-06,0.0,1.0,0.0,0.0,0,0.0814,-0.5593,44.38837,5.43158,69.0,54.0,47705.0,0.0,0.95542,0.00011,0.0,0.0,0.5
YLR457C,6,0.0012031733702864177,0.24526382102462158,3.323209671177562e-05,0.0,1.3649289099526067,0.0,0.0,1,0.05643,-1.16458,75.10063,10.1662,43.0,72.0,20650.0,0.0,0.55283,0.00027,0.3153500824189429,0.0,0.5
YMR079W,1,0.0,0.18748412109882287,1.1208836009232315e-07,0.0,0.0,0.0,0.0,1,0.125,-0.46941,45.23428,5.36823,45.0,38.0,43820.0,0.0,1.25557,0.00015,0.3153500824189429,0.0,0.0
YDL002C,5,7.384901441734964e-05,0.23058673721167147,2.1783342415187412e-05,0.2,2.3529411764705883,1.0,2.1666666666666665,0,0.05419,-1.19557,51.61281,7.64508,40.0,41.0,17670.0,0.0,0.74067,0.00032,0.0,0.0,0.5
YER092W,4,0.00015260699665301086,0.24795402493393653,2.5258246392673718e-05,0.3333333333333333,2.4608150470219434,1.0,5.017948717948719,0,0.048,-0.6544,38.3464,4.40265,28.0,15.0,12950.0,0.0,0.90484,0.00031,0.0,0.0,0.5
YDL003W,7,0.00015097494002754903,0.2385091794868263,2.7345207487231e-05,0.3333333333333333,2.722051282051282,0.5,10.244444444444444,1,0.05654,-0.64611,50.00424,4.52435,100.0,58.0,36690.0,0.0,0.57972,7e-05,0.3153500824189429,0.19338324065864865,0.5355216012890321
YDR180W,4,5.039498864146655e-05,0.21977995987812352,1.0143306939343258e-05,0.16666666666666666,1.0,0.5,2.355555555555556,1,0.0864,-0.12987,44.46224,6.39874,188.0,178.0,116990.0,0.0,0.68375,4e-05,0.6846499175810571,0.2889671908216764,0.6444835954108382
YFR027W,4,0.00027698837134317375,0.2377245675066345,5.797222292843406e-05,0.16666666666666666,1.0,1.0,4.926984126984127,1,0.07117,-0.6032,39.96975,9.9361,24.0,45.0,51255.0,0.0,1.60951,0.00031,0.3153500824189429,0.23974612282610783,0.6198730614130539
YMR001C,7,0.0003939603495580472,0.23564049047284566,4.3119016329289e-06,0.047619047619047616,5.694358974358974,0.0,2.083333333333333,1,0.0922,-0.48809,41.60411,9.06024,91.0,106.0,67365.0,0.0,0.83136,0.00011,0.3153500824189429,0.0,0.5
YDL005C,3,0.0002662820729226553,0.23562789476563628,4.656925042355744e-05,0.3333333333333333,2.7295660948536833,1.0,10.125,0,0.0464,-1.26288,41.47842,4.37006,66.0,35.0,14565.0,0.0,0.30524,9e-05,0.0,0.0,0.5
YDL006W,4,9.37252804295092e-05,0.23796840073825976,3.8018226878002836e-05,0.0,2.983418367346939,0.0,1.1111111111111112,0,0.07829,-0.23025,41.92562,4.86444,44.0,29.0,33055.0,0.0,1.04773,0.00015,0.0,0.0,0.5
YFR006W,9,0.0,0.23372887885872343,3.7919854011794924e-05,1.0,7.4423076923076925,0.0,117.5,0,0.10841,-0.42355,38.86492,5.78265,83.0,70.0,59010.0,0.0,0.95558,9e-05,0.0,0.0,0.5
YLR421C,18,0.0,0.24773106975809395,5.789017574259936e-05,0.9934640522875817,11.337373737373737,0.5,141.9333333333333,0,0.08974,-0.63141,57.83526,4.48676,30.0,17.0,26720.0,0.0,1.49258,0.00025,0.0,0.0,0.5
YDL011C,2,2.453532178398299e-05,0.19383196971574723,3.73394497100913e-07,0.0,0.0,0.0,0.0,0,0.1028,0.86262,29.73084,4.81256,8.0,6.0,8855.0,0.0,0.76234,0.00041,0.0,0.0,0.0
YEL023C,4,0.000766108858266601,0.23401426210519316,2.615850267425348e-05,0.0,1.3258145363408522,0.0,0.0,0,0.1129,-0.56393,42.92331,6.14606,91.0,83.0,107855.0,0.0,1.37713,8e-05,0.0,0.0,0.5
YDL012C,7,0.0007931330051649906,0.21457002800211855,2.1074108683080553e-06,0.0,1.0,0.0,0.0,0,0.13084,-1.14299,103.21308,4.82611,5.0,3.0,19995.0,0.0,1.64228,0.0004,0.0,0.0,0.5
YDR151C,1,0.0,0.17572058739039798,2.8281927636664587e-08,0.0,0.0,0.0,0.0,1,0.08308,-0.81231,46.55108,8.87054,33.0,41.0,41465.0,0.0,1.12762,0.00024,0.3153500824189429,0.0,0.0
YFR047C,4,0.0004690384213484433,0.24689854683967308,5.3998079647383375e-05,0.16666666666666666,1.893491124260355,0.5,17.0,0,0.07797,-0.13695,41.18746,5.55341,37.0,30.0,40545.0,0.0,1.25276,0.00017,0.0,0.0,0.5
YHR032W,1,0.0,0.17572058739039798,2.8281927636664587e-08,0.0,0.0,0.0,0.0,0,0.0895,0.13563,41.49105,5.77057,55.0,45.0,76955.0,0.0,1.19852,9e-05,0.0,0.0,0.0
YHR140W,2,0.00025689775015142564,0.23575391246526492,4.327511870128721e-05,0.0,1.7605344295991778,0.5,0.0,0,0.14226,0.28285,38.35444,9.65924,10.0,23.0,44600.0,0.0,1.64299,0.00036,0.0,0.0,0.5
YIL172C,1,0.0,0.17572058739039798,2.8281927636664587e-08,0.0,0.0,0.0,0.0,0,0.14092,-0.7511,32.02144,5.40399,92.0,74.0,150855.0,0.0,2.19592,8e-05,0.0,0.0,0.0
YJL065C,3,0.0003849527122903038,0.2351502536688106,5.7480906752792966e-05,0.0,1.0,1.0,0.0,0,0.05988,-0.63772,45.81497,4.20746,32.0,11.0,7575.0,0.0,0.40309,0.00022,0.0,0.0,0.5
YOR355W,11,0.006384438511745539,0.23408882455926525,4.741860901283697e-06,0.0,6.03913491246138,0.0,0.0,0,0.04981,-0.75096,56.26724,8.73383,53.0,57.0,31525.0,0.0,0.55261,0.00015,0.0,0.0,0.5
YDL013W,8,0.00138422785400817,0.2737116830348043,0.0001379758425641359,0.07142857142857142,5.311043566362716,0.5,0.0,1,0.05816,-0.90355,52.50711,6.26752,103.0,98.0,32650.0,0.0,0.4594,9e-05,0.3153500824189429,0.19338324065864865,0.5182057667426637
YER116C,2,2.583028795865463e-05,0.24331438181131113,4.51422396036988e-05,0.0,1.8077777777777777,0.5,0.0,0,0.03285,-0.8854,52.13029,4.664,54.0,31.0,5595.0,0.0,0.18187,0.00015,0.0,0.0,0.5
YGR159C,2,5.360164424083304e-05,0.2235244995322511,0.00016445083468699382,0.0,1.534068136272545,0.5,0.0,1,0.05797,-1.28865,75.47754,4.88031,84.0,62.0,20065.0,0.0,0.45055,0.00011,0.3153500824189429,0.19338324065864865,0.5630295474125837
YHR072WA,4,1.898776943885417e-05,0.23418831510787458,0.0004208423012209503,0.6666666666666666,0.0,0.0,4.416666666666667,0,0.0,0.0,0.0,0.0,0.0,0.0,0.0,0.0,0.0,0.0,0.0,0.0,0.0
YMR229C,29,3.97781541031357e-05,0.26430786996495526,0.004464243534070806,0.6551724137931034,19.650380021715527,0.5,161.70277777777778,1,0.06593,-0.40619,39.78949,5.85858,272.0,247.0,112660.0,0.0,0.58333,3e-05,0.6846499175810571,0.2889671908216764,0.5073527125303007
YDL015C,1,0.0,0.23453719900375225,5.744300599321293e-05,0.0,1.0,0.4,0.0,1,0.2,0.03935,38.832,9.55475,22.0,37.0,78185.0,0.0,2.12648,0.00026,0.3153500824189429,0.17633328920720467,0.5881666446036024
YDL132W,16,0.0023880527744391446,0.23888401101585235,9.372309193502674e-06,0.058333333333333334,12.320887991927346,0.5,32.964285714285715,1,0.09816,-0.40933,45.39596,8.52301,104.0,110.0,95410.0,0.0,1.01562,9e-05,0.6846499175810571,0.2889671908216764,0.5117267193326897
YDR173C,4,0.00017175260846816166,0.2145909188625997,1.3119693121235221e-06,0.5,1.0,1.0,3.7857142857142856,0,0.08451,-0.64113,40.6471,4.56842,71.0,44.0,32110.0,0.0,0.79574,0.00011,0.0,0.0,0.5
YFR057W,1,0.0,0.19259553719309347,1.245942076495324e-07,0.0,0.0,0.0,0.0,0,0.17219,-0.16424,36.38146,9.18524,12.0,17.0,20650.0,0.0,1.17982,0.00052,0.0,0.0,0.0
YGR099W,2,0.0007258114622598363,0.23584220508670073,2.2862660202153077e-05,0.0,1.6315165876777251,0.5,0.0,1,0.09157,-0.15596,37.08273,6.22491,91.0,85.0,59205.0,0.0,0.75242,8e-05,0.3153500824189429,0.19338324065864865,0.5592648711386708
YJL088W,1,0.0,0.19259553719309347,1.245942076495324e-07,0.0,1.0,0.0,0.0,0,0.0858,-0.14911,41.02609,5.88202,43.0,37.0,12335.0,0.0,0.32594,0.00016,0.0,0.0,0.5
YKL039W,1,0.0,0.19259553719309347,1.245942076495324e-07,0.0,0.0,0.0,0.0,0,0.14914,0.14149,36.00329,5.00372,58.0,43.0,84785.0,0.0,1.41267,8e-05,0.0,0.0,0.0
YNR048W,2,0.0010368222687474607,0.2537343380691604,8.881164685682937e-05,0.0,1.8957746478873239,0.0,0.0,0,0.11196,-0.18092,31.9456,8.11078,37.0,39.0,65945.0,0.0,1.48053,0.00018,0.0,0.0,0.5
YOR006C,2,1.999957188225355e-05,0.2024769948681973,3.098115889163434e-07,0.0,0.0,0.5,0.0,0,0.0639,-0.89936,55.54121,5.57867,53.0,45.0,48565.0,0.0,1.36091,0.00016,0.0,0.0,0.0
YGR086C,6,0.00046999298040935615,0.24265807856850838,9.788116727370644e-06,0.0,5.047520661157025,0.0,0.0,0,0.0708,-0.859,65.36608,4.54095,70.0,40.0,34380.0,0.0,0.89651,0.00012,0.0,0.0,0.5
YDL022W,1,0.0,0.1691205315662967,8.903098905082815e-09,0.0,0.0,0.0,0.0,0,0.07928,-0.07442,30.90997,5.30304,50.0,35.0,49150.0,0.0,1.14653,0.00012,0.0,0.0,0.0
YDL023C,1,0.0,0.18902772964303274,7.35285813144382e-07,0.0,1.0,0.0,0.0,0,0.12264,0.61792,37.31415,4.83734,8.0,5.0,8605.0,0.0,0.75277,0.00042,0.0,0.0,0.5
YDL024C,1,0.0,0.192301472550518,7.479199593884764e-07,0.0,0.0,0.0,0.0,0,0.13462,-0.36004,35.74859,5.3371,54.0,43.0,82960.0,0.0,1.56305,0.0001,0.0,0.0,0.0
YEL017W,12,0.0014086753121318205,0.2398197407799099,5.846267055173835e-05,0.045454545454545456,3.930062630480167,0.5,0.0,0,0.12166,-0.31721,38.14899,4.85089,43.0,31.0,39600.0,0.0,1.03571,0.00013,0.0,0.0,0.5
YDL026W,1,0.0,0.21273715821029504,1.983602599499285e-06,0.0,0.0,0.0,0.0,0,0.12621,0.61262,37.28058,9.20636,5.0,8.0,13075.0,0.0,1.148,0.00081,0.0,0.0,0.0
YDL028C,1,0.0,0.18844590694577304,9.786221541015909e-08,0.0,1.0,0.0,0.0,1,0.06937,-0.72408,49.8639,9.00641,94.0,105.0,52885.0,0.0,0.60948,0.0001,0.3153500824189429,0.0,0.5
YDL209C,8,1.7249772200016248e-05,0.23898762023722003,6.863124492158613e-05,0.75,3.9954128440366974,1.0,12.433333333333334,1,0.0885,-0.66342,38.96283,8.08563,49.0,51.0,38680.0,0.0,1.0065,0.00021,0.3153500824189429,0.23974612282610783,0.5300026720873086
YDR421W,1,0.0,0.21690334376201956,1.3003339287210822e-05,0.0,0.0,1.0,0.0,0,0.08211,-0.54368,48.78148,5.92401,131.0,121.0,109470.0,0.0,1.0117,5e-05,0.0,0.0,0.0
YDR485C,2,0.0,0.23046618159018786,2.372049248805145e-05,1.0,1.0,1.0,2.25,0,0.05031,-1.1239,56.68881,5.09357,149.0,118.0,45755.0,0.0,0.50514,6e-05,0.0,0.0,0.5
YML049C,13,7.7505999580753e-07,0.24699538607471974,0.00020760864408900446,0.8205128205128205,6.510791366906475,1.0,54.16666666666667,1,0.07862,-0.20757,44.22896,5.5213,172.0,133.0,121025.0,0.0,0.78699,4e-05,0.6846499175810571,0.40640486218295563,0.5312100971510667
YML104C,2,0.00021149327066866054,0.21692469146575086,1.3006858365250086e-05,0.0,0.0,0.0,0.0,0,0.09672,-0.31837,41.46064,6.00824,152.0,138.0,88545.0,0.0,0.68122,5e-05,0.0,0.0,0.0
YMR288W,5,1.0375623832078297e-05,0.24057887110601558,9.3757976433613e-05,0.4,1.9263157894736842,1.0,5.716666666666667,1,0.07312,-0.10886,39.14635,6.83307,116.0,113.0,83210.0,0.0,0.75627,6e-05,0.6846499175810571,0.40640486218295563,0.6054876008398382
YPR143W,1,0.0,0.21099591495670703,0.00014843962929259855,0.0,0.0,0.5,0.0,1,0.028,-1.2632,43.3052,5.62274,58.0,53.0,2980.0,0.0,0.10563,0.0002,0.3153500824189429,0.19338324065864865,0.5
YDL035C,1,0.0,0.16220660344699453,4.090900905853867e-08,0.0,0.0,0.0,0.0,0,0.11759,-0.58418,38.22613,6.65582,107.0,104.0,172005.0,0.0,1.55368,6e-05,0.0,0.0,0.0
YDL036C,1,0.0,0.15387205582503222,9.418605667568047e-10,0.0,1.0,0.0,0.0,0,0.08225,-0.7513,34.1119,9.1203,65.0,77.0,57715.0,0.0,1.08084,0.00017,0.0,0.0,0.5
YDL037C,1,0.0,0.23453719900375225,5.744300599321293e-05,0.0,0.0,0.0,0.0,0,0.09146,-0.53628,49.26405,4.70697,21.0,13.0,58370.0,0.0,1.67751,0.00014,0.0,0.0,0.0
YDL040C,2,0.0,0.1755666184194489,1.1205461556026732e-06,1.0,1.9515306122448979,0.0,4.25,0,0.11241,-0.57787,30.16341,8.85944,119.0,133.0,115030.0,0.0,1.16305,9e-05,0.0,0.0,0.5
YGR254W,4,0.005481734672078615,0.2143300751337348,6.459815560526234e-05,0.16666666666666666,3.5289928789420144,0.0,2.5,0,0.06865,-0.17963,31.29634,6.15509,56.0,51.0,41035.0,0.0,0.87653,0.00013,0.0,0.0,0.5
YHR013C,2,0.0,0.1755666184194489,1.1205461556026732e-06,1.0,2.0,0.0,2.75,0,0.07143,-0.5521,48.55966,4.76813,42.0,25.0,23630.0,0.0,0.85607,0.00017,0.0,0.0,0.5
YDL041W,2,3.2923446655208584e-05,0.21507253392249823,2.0068381079014263e-06,0.0,1.3770491803278688,0.0,0.0,0,0.08547,1.02821,29.83504,3.97174,9.0,3.0,2240.0,0.0,0.18712,0.00033,0.0,0.0,0.5
YIR002C,5,0.00027028882147938174,0.2228465019602408,1.603542498326324e-06,0.1,3.555811277330265,1.0,1.7272727272727273,0,0.08056,-0.58137,39.40495,6.99823,150.0,149.0,68825.0,0.0,0.60343,6e-05,0.0,0.0,0.5
YDL042C,7,0.0007144204882952705,0.23545169614760836,2.6537430487560025e-05,0.14285714285714285,5.932681867535288,0.5,3.786064425770308,0,0.08363,-0.29964,38.78795,8.69879,60.0,68.0,50655.0,0.0,0.80073,0.00014,0.0,0.0,0.5
YDR363W,2,0.00021149327066866054,0.1894990394323585,3.570535653801022e-07,0.0,1.0,0.5,0.0,0,0.0636,-0.91886,53.21425,4.96539,91.0,69.0,26610.0,0.0,0.50646,9e-05,0.0,0.0,0.5
YNR023W,5,8.490471386674877e-05,0.2319700392188351,3.4085563520894847e-06,0.3,1.7339955849889626,1.0,9.11111111111111,0,0.0636,-0.62615,41.19772,5.47186,79.0,64.0,38640.0,0.0,0.60498,9e-05,0.0,0.0,0.5
YOL017W,2,2.489639254150409e-05,0.2050959221735227,1.2905186393166998e-06,0.0,1.7339955849889626,0.5,0.0,0,0.08683,-0.64062,43.08139,6.47882,104.0,100.0,76705.0,0.0,0.93329,8e-05,0.0,0.0,0.5
YDR131C,2,8.482342669962728e-05,0.23302461570415622,1.4152976891914544e-05,0.0,1.9172043010752688,0.0,10.0,0,0.13309,-0.27266,43.58493,6.65314,67.0,65.0,80230.0,0.0,1.22972,0.0001,0.0,0.0,0.5
YDR409W,5,4.53180726692604e-05,0.22876779569648262,1.0419998457100672e-05,0.2,4.382758620689655,0.3333333333333333,2.0723981900452486,0,0.0531,-0.78086,45.65134,6.46869,99.0,94.0,64050.0,0.0,0.63545,6e-05,0.0,0.0,0.5
YER113C,2,3.935723905061343e-05,0.2187221720390753,9.659073495074252e-06,0.0,1.9497716894977168,0.0,0.0,0,0.14873,0.1034,35.85006,7.17157,66.0,66.0,147290.0,0.0,1.80625,9e-05,0.0,0.0,0.5
YJL146W,1,0.0,0.21450737981876028,9.618062001656271e-06,0.0,1.0,0.0,0.0,0,0.09168,-0.45437,48.32516,4.74384,60.0,38.0,72600.0,0.0,1.36426,9e-05,0.0,0.0,0.5
YKL155C,1,0.0,0.21450737981876028,9.618062001656271e-06,0.0,1.0,0.0,0.0,0,0.07484,-0.74554,40.34094,9.43597,79.0,101.0,53580.0,0.0,0.74221,0.00013,0.0,0.0,0.5
YLL014W,1,0.0,0.21450737981876028,9.618062001656271e-06,0.0,1.0,0.5,0.0,0,0.17593,0.63333,55.71028,5.07953,8.0,5.0,22585.0,0.0,1.82074,0.00041,0.0,0.0,0.5
YMR302C,1,0.0,0.21450737981876028,9.618062001656271e-06,0.0,1.0,0.0,0.0,0,0.08471,-0.39471,41.48506,8.98041,101.0,112.0,106730.0,0.0,1.10387,9e-05,0.0,0.0,0.5
YNL023C,4,0.00015148502179822057,0.23026152608000017,1.0115506207697837e-05,0.0,3.691146881287726,0.5,4.0,0,0.06114,-0.53513,50.95067,8.29218,117.0,135.0,74760.0,0.0,0.68907,8e-05,0.0,0.0,0.5
YNL286W,1,0.0,0.21450737981876028,9.618062001656271e-06,0.0,1.0,0.0,0.0,0,0.06667,-0.80211,30.69018,4.90533,55.0,42.0,14035.0,0.0,0.43474,0.00015,0.0,0.0,0.5
YPL233W,2,7.546750578140398e-05,0.2353888319151772,5.031260589153488e-05,0.0,1.942391304347826,0.5,0.0,1,0.06944,-0.86435,53.84722,4.69391,44.0,26.0,24410.0,0.0,0.96041,0.00018,0.3153500824189429,0.19338324065864865,0.5497796814230433
YDR505C,2,2.36574322029265e-06,0.2108445331838869,6.518507094947406e-07,0.0,1.0,0.0,0.0,1,0.0868,-0.79168,43.76375,6.19794,85.0,77.0,57355.0,0.0,0.60154,7e-05,0.3153500824189429,0.0,0.5
YER086W,11,0.0006514671622523609,0.24656710231991963,7.6027086735827685e-06,0.09090909090909091,9.535864978902953,0.0,23.75,0,0.07639,-0.16667,37.14045,8.67487,61.0,66.0,35925.0,0.0,0.56282,0.00014,0.0,0.0,0.5
YLR386W,13,0.0011671240471876018,0.27878362353121194,0.00012095069931865202,0.038461538461538464,6.928861788617886,0.0,4.5,0,0.07614,-0.1625,43.06967,5.31854,115.0,93.0,70845.0,0.0,0.71007,5e-05,0.0,0.0,0.5
YDL045C,2,0.0002500298741884842,0.24706460347917966,4.749298067790227e-05,0.0,1.6318510858324715,0.0,0.0,1,0.13725,-0.35294,34.09216,5.15948,39.0,28.0,61475.0,0.0,1.72946,0.00015,0.3153500824189429,0.0,0.5
YDL046W,2,0.00037549449013102705,0.25645044245014387,9.067065524867914e-05,0.0,1.2358490566037736,0.0,0.0,0,0.07514,0.02254,37.94855,4.3598,27.0,13.0,10930.0,0.0,0.57337,0.00023,0.0,0.0,0.5
YFR040W,3,0.0,0.18464131085178537,2.7151799202271256e-07,1.0,2.9329073482428116,0.0,0.0,0,0.07984,-0.68882,41.97546,4.55841,175.0,98.0,76835.0,0.0,0.66813,4e-05,0.0,0.0,0.5
YJL098W,3,0.0,0.18464131085178537,2.7151799202271256e-07,1.0,2.795156407669021,0.0,0.0,0,0.08034,-0.75151,47.48837,4.30096,234.0,102.0,93390.0,0.0,0.76927,4e-05,0.0,0.0,0.5
YKR028W,5,0.00032307323742325597,0.22301561546471332,1.9100758624922908e-05,0.3,3.756849315068493,0.0,0.0,0,0.07648,-0.74172,40.2667,4.21588,234.0,95.0,89130.0,0.0,0.76116,4e-05,0.0,0.0,0.5
YNL187W,3,0.0001738812267504232,0.23421320096039125,5.59936591973335e-05,0.0,1.4783105022831051,1.0,0.0,0,0.09524,-0.35798,41.84905,7.9848,38.0,40.0,47090.0,0.0,1.16828,0.0002,0.0,0.0,0.5
YMR289W,1,0.0,0.1539150368462124,8.272061720248575e-09,0.0,1.0,0.0,0.0,0,0.08556,-0.29947,32.33048,5.58344,50.0,44.0,39850.0,0.0,0.93458,0.00013,0.0,0.0,0.5
YOR311C,1,0.0,0.1539150368462124,8.272061720248575e-09,0.0,1.0,0.5,0.0,0,0.13793,0.20621,28.44831,8.88678,23.0,27.0,62130.0,0.0,1.89192,0.00027,0.0,0.0,0.5
YDL050C,1,0.0,0.21273715821029504,1.983602599499285e-06,0.0,0.0,0.0,0.0,0,0.1626,0.05691,36.78374,7.70941,12.0,13.0,10345.0,0.0,0.73399,0.00055,0.0,0.0,0.0
YIR001C,2,4.588456731337727e-06,0.20749007556015645,8.123753547933934e-05,0.0,1.603448275862069,0.0,0.0,0,0.104,-1.2524,58.4728,9.31171,29.0,38.0,33475.0,0.0,1.15615,0.00032,0.0,0.0,0.5
YDL052C,1,0.0,0.25173471847841494,8.868705264917986e-05,0.0,1.0,0.0,0.0,0,0.08911,-0.00198,45.98125,9.6275,23.0,40.0,33515.0,0.0,0.98904,0.00028,0.0,0.0,0.5
YDL053C,2,0.0001470965894150697,0.22674382260560277,4.781751119860834e-06,0.0,1.8848920863309353,0.5,0.0,0,0.04865,-0.92378,50.74811,10.34222,9.0,29.0,18575.0,0.0,0.93431,0.00052,0.0,0.0,0.5
YDL054C,2,8.849698482480503e-06,0.18573045652968415,1.1297088343235588e-07,0.0,1.35656836461126,0.0,0.0,0,0.11728,0.53971,36.4243,9.14618,21.0,31.0,83155.0,0.0,1.55241,0.00017,0.0,0.0,0.5
YER140W,3,0.00011834167112168428,0.21426756697008328,8.498877041597043e-07,0.0,1.9001122334455667,0.3333333333333333,0.0,0,0.10432,-0.08183,50.48059,9.78754,51.0,82.0,74885.0,0.0,1.15575,0.00015,0.0,0.0,0.5
YGR173W,5,0.0004869075444814425,0.21753487244746958,6.601153336056234e-06,0.0,4.600484261501211,0.0,8.666666666666666,0,0.06522,-0.36196,34.7962,8.71539,48.0,53.0,32485.0,0.0,0.79221,0.00021,0.0,0.0,0.5
YDL055C,4,9.392437932262408e-05,0.2521090451973419,8.929590093715477e-05,0.16666666666666666,3.74581589958159,0.0,1.4285714285714286,1,0.06925,0.00305,25.52853,5.9538,44.0,40.0,31775.0,0.0,0.8031,0.00015,0.3153500824189429,0.0,0.5
YDL056W,2,7.340655553553937e-06,0.19680015426025818,4.876491320506063e-07,0.0,0.0,1.0,0.0,0,0.05882,-0.694,54.77971,9.27399,88.0,103.0,47915.0,0.0,0.51024,0.0001,0.0,0.0,0.0
YHR206W,5,0.0002057797107387692,0.21870046910475907,1.4942624087141746e-06,0.1,1.9989270386266094,1.0,6.181818181818182,0,0.05466,-0.64116,44.74293,6.55621,57.0,53.0,28015.0,0.0,0.40483,9e-05,0.0,0.0,0.5
YLR182W,9,0.000854667816879682,0.2398327886439349,3.284519742442717e-05,0.05555555555555555,4.626050420168068,0.5,3.0,1,0.05479,-0.73935,45.6533,4.74017,140.0,87.0,53580.0,0.0,0.59166,5e-05,0.6846499175810571,0.2889671908216764,0.531232602822688
YDL059C,3,0.00013978649842369417,0.22342253701345788,0.0013844738789440473,0.0,2.6898454746136866,1.0,0.75,0,0.09664,-0.57437,26.76092,8.75409,26.0,30.0,37735.0,0.0,1.41703,0.00033,0.0,0.0,0.5
YFL059W,9,0.0003156157200972258,0.2546872345317497,2.994255110770672e-05,0.25,6.95995995995996,0.0,50.0,0,0.04362,-0.01174,36.75201,5.40021,41.0,33.0,16095.0,0.0,0.50268,0.00017,0.0,0.0,0.5
YGR049W,3,0.00011977269490169275,0.25302070114082903,0.00010660692035136888,0.0,1.9535232383808097,0.0,0.0,0,0.07487,0.16203,44.71979,8.81036,12.0,17.0,16805.0,0.0,0.83531,0.00044,0.0,0.0,0.5
YDR023W,2,1.885705992864262e-05,0.2324716092857042,0.00015223544246704238,0.0,1.7193195625759417,0.0,0.0,1,0.10173,-0.65281,41.21517,5.79596,75.0,67.0,65290.0,0.0,1.22475,0.00011,0.3153500824189429,0.0,0.5
YDR091C,17,0.0003867294957114899,0.2626073308278043,0.0023461937985537447,0.5514705882352942,12.739742086752639,0.5,55.65674603174603,1,0.07566,-0.19737,36.64655,8.89301,72.0,84.0,31090.0,0.0,0.45493,0.00013,0.3153500824189429,0.19338324065864865,0.5075897627809804
YKR024C,17,0.00042822768419540367,0.2529626222469599,0.002681607005119559,0.7647058823529411,12.061755146262188,0.5,55.06428571428571,0,0.06873,-0.49272,39.89852,9.33014,86.0,108.0,46965.0,0.0,0.56376,0.00011,0.0,0.0,0.5
YPL204W,8,0.0005013870535561836,0.23151925710480692,0.00020307319079988797,0.07142857142857142,7.227227227227227,0.3333333333333333,2.1142857142857143,1,0.09919,-0.77834,53.95324,9.31451,51.0,65.0,56895.0,0.0,0.99225,0.00016,0.3153500824189429,0.16204621790391252,0.5112108152137125
YDL062W,1,0.0,0.19834983150087848,3.35804064703359e-05,0.0,0.0,0.0,0.0,0,0.11348,0.21986,43.98298,8.79694,12.0,15.0,12990.0,0.0,0.81266,0.00055,0.0,0.0,0.0
YDL063C,2,2.6837295874159012e-05,0.21474773007626655,0.0013852529162900363,0.0,1.8657465495608532,0.5,0.0,0,0.07258,-0.1279,48.50435,5.07062,76.0,57.0,53370.0,0.0,0.76065,7e-05,0.0,0.0,0.5
YMR168C,4,0.00011950949928450569,0.21451781864205183,5.359051566252082e-07,0.5,2.5558252427184467,0.5,0.0,1,0.12171,-0.24391,40.56436,5.92572,78.0,70.0,101450.0,0.0,1.42172,8e-05,0.3153500824189429,0.19338324065864865,0.5378318590462313
YDR329C,2,1.0519742508836881e-05,0.22546809141606686,0.0001603403276824408,0.0,0.0,0.0,0.0,0,0.0907,-0.34989,45.28596,5.97833,49.0,45.0,66390.0,0.0,1.31011,0.00012,0.0,0.0,0.0
YGR242W,2,6.173479736549324e-06,0.2189503131811217,1.1675518468096564e-06,0.0,0.0,0.0,0.0,0,0.12745,0.57157,39.07843,6.0921,8.0,8.0,14815.0,0.0,1.28264,0.00053,0.0,0.0,0.0
YLR063W,3,0.00021149327066866054,0.22858984937126756,5.38551337116743e-06,0.3333333333333333,0.0,0.5,2.128571428571429,0,0.11781,-0.2863,39.97455,8.02252,41.0,43.0,53705.0,0.0,1.27745,0.00019,0.0,0.0,0.0
YML042W,10,0.002126042781255753,0.2747181014131574,0.0001002870518969907,0.0,3.167507568113017,0.0,19.0,0,0.11493,-0.54448,45.26575,8.35443,75.0,79.0,104585.0,0.0,1.35401,0.00011,0.0,0.0,0.5
YMR155W,1,0.0,0.21144122483094413,8.492854075271186e-07,0.0,0.0,0.0,0.0,0,0.12797,0.21737,35.7174,8.42072,37.0,42.0,62365.0,0.0,1.03867,0.00014,0.0,0.0,0.0
YMR163C,3,2.7972119494051406e-05,0.2143300751337348,1.1624045637459148e-06,0.0,0.0,0.0,0.0,0,0.09645,-0.35504,41.40145,9.03522,82.0,98.0,56865.0,0.0,0.69802,0.00011,0.0,0.0,0.0
YDL066W,1,0.0,0.2411052155158083,2.796114024364536e-05,0.0,1.0,0.0,0.0,0,0.08645,-0.37103,33.12897,8.84332,55.0,61.0,47705.0,0.0,0.98994,0.00018,0.0,0.0,0.5
YDL067C,8,0.0004403257544632357,0.2143092350272509,2.012279772085949e-06,0.75,0.0,0.0,8.533333333333333,1,0.13559,-0.24576,46.2239,9.77313,6.0,10.0,19480.0,0.0,2.79759,0.0014,0.3153500824189429,0.0,0.0
YGL191W,7,0.0,0.18906015848668398,6.085416750043988e-08,1.0,0.0,0.0,8.533333333333333,0,0.0,0.0,0.0,0.0,0.0,0.0,0.0,0.0,0.0,0.0,0.0,0.0,0.0
YHR051W,7,0.0,0.18906015848668398,6.085416750043988e-08,1.0,1.0,0.0,15.66666666666667,0,0.11486,-0.57635,52.51014,5.79681,25.0,23.0,12045.0,0.0,0.69458,0.00033,0.0,0.0,0.5
YLR038C,8,2.1587509115326752e-05,0.19331345240869724,7.920911318006023e-08,0.75,1.0,0.0,10.5,0,0.14458,-0.86024,38.77229,5.18341,13.0,9.0,26970.0,0.0,2.75547,0.00053,0.0,0.0,0.5
YLR395C,8,0.00016686097079758952,0.20526783028058318,2.0913290395562558e-07,0.75,0.0,0.0,12.083333333333334,0,0.14103,0.07308,49.37436,10.41559,2.0,13.0,4720.0,0.0,0.52995,0.00117,0.0,0.0,0.0
YMR256C,7,0.0,0.18906015848668398,6.085416750043988e-08,1.0,0.0,0.0,8.533333333333333,0,0.0,0.0,0.0,0.0,0.0,0.0,0.0,0.0,0.0,0.0,0.0,0.0,0.0
YNL052W,7,0.0,0.18906015848668398,6.085416750043988e-08,1.0,0.0,0.0,12.083333333333334,0,0.09804,-0.51569,50.25229,9.81708,13.0,20.0,38960.0,0.0,2.27301,0.00057,0.0,0.0,0.0
YDL070W,4,0.0006404788920376627,0.2302855843316019,3.901097921726809e-05,0.0,2.660958904109589,0.5,0.0,0,0.06583,-0.83871,48.1881,5.77582,99.0,86.0,39685.0,0.0,0.54729,8e-05,0.0,0.0,0.5
YGL075C,4,0.0003607482559382832,0.22498477289213104,2.152794253966003e-06,0.0,2.2925877763329,0.25,0.0,1,0.10078,-0.52558,46.72791,8.28314,52.0,54.0,42650.0,0.0,0.9566,0.00019,0.3153500824189429,0.13944903000175835,0.5304130187383301
YOL131W,14,0.0034682026242680276,0.26516642536546703,0.001456328061385979,0.0,5.347474747474747,0.0,0.0,0,0.05556,-0.76944,70.62315,5.16888,18.0,14.0,7240.0,0.0,0.5828,0.00042,0.0,0.0,0.5
YDL071C,5,0.00024956004584342467,0.22381958137981842,4.966436482963324e-06,0.0,3.343065693430657,0.0,0.0,0,0.10484,0.57742,44.98548,8.26288,8.0,10.0,3730.0,0.0,0.27423,0.00061,0.0,0.0,0.5
YDR183W,3,9.226537345997025e-05,0.2159893505451283,1.7942977452156577e-06,0.0,2.559150657229525,0.0,0.0,0,0.07826,-0.73826,33.62174,5.02875,44.0,31.0,12420.0,0.0,0.46653,0.00019,0.0,0.0,0.5
YEL068C,5,0.0008640241979383128,0.2620920777261147,0.00011016547180125278,0.1,2.43954802259887,0.0,0.0,0,0.12727,-0.58636,42.28918,5.7171,16.0,13.0,29950.0,0.0,2.31984,0.00044,0.0,0.0,0.5
YGR269W,3,0.0001123299386044208,0.2581021520742153,9.939540615034234e-05,0.0,2.4502923976608186,0.5,0.0,0,0.09259,-0.1787,20.77315,9.71637,9.0,17.0,10345.0,0.0,0.84247,0.00079,0.0,0.0,0.5
YNL155W,2,6.384996958524453e-06,0.18429393600382638,7.721044689434459e-08,0.0,0.0,0.5,0.0,0,0.08029,-0.77445,35.0442,9.1214,35.0,45.0,29420.0,0.0,0.93348,0.00029,0.0,0.0,0.0
YDL072C,2,9.46555491142892e-06,0.2179866806090161,0.00013295968233316443,0.0,1.0,0.5,0.0,0,0.08867,0.21921,42.85222,6.61041,24.0,24.0,9190.0,0.0,0.40127,0.00029,0.0,0.0,0.5
YDL074C,9,0.0005250791105567541,0.24583830546403007,2.4576691517835957e-05,0.25,4.486153846153846,1.0,8.333333333333334,0,0.04857,-0.805,44.4033,6.06927,127.0,119.0,29015.0,0.0,0.35958,8e-05,0.0,0.0,0.5
YDR295C,8,7.380647472940366e-05,0.22680215349225782,2.305699856561467e-06,0.25,7.7152917505030185,1.0,5.916666666666666,0,0.06825,-0.70519,46.66068,8.81195,86.0,95.0,54500.0,0.0,0.70726,0.00011,0.0,0.0,0.5
YFR031C,9,0.00032028373192070247,0.2502058494310094,1.2394159674078411e-05,0.19444444444444445,6.703589743589744,0.3333333333333333,2.5,1,0.0547,-0.62171,44.50838,6.83356,184.0,182.0,57855.0,0.0,0.43199,5e-05,0.6846499175810571,0.22418506295530205,0.5167212696130217
YNL153C,6,0.0002306746127792023,0.22275641292008305,2.0432805452630245e-06,0.2,0.0,0.0,1.75,0,0.06202,-0.76589,47.68295,4.51959,30.0,19.0,4470.0,0.0,0.29447,0.0003,0.0,0.0,0.0
YOL069W,24,0.004265346794689286,0.25707859423079976,9.198983781155454e-06,0.10507246376811594,19.38128772635815,0.5,33.66666666666667,1,0.06874,-0.53592,54.60931,4.52643,85.0,51.0,22850.0,0.0,0.43136,9e-05,0.3153500824189429,0.19338324065864865,0.5049889162007447
YOR195W,4,0.00021040125437950187,0.24451556774326177,1.882048381308427e-05,0.16666666666666666,2.2865853658536586,0.0,9.5,0,0.03776,-1.16541,42.53471,4.81708,175.0,119.0,32110.0,0.0,0.33666,5e-05,0.0,0.0,0.5
YJR067C,3,5.657824682637603e-05,0.21558794225439054,0.00276251184367631,0.3333333333333333,0.0,0.5,0.0,1,0.08511,-0.66525,38.25532,5.07513,25.0,19.0,22585.0,0.0,1.4049,0.00032,0.3153500824189429,0.19338324065864865,0.5
YDL076C,2,5.267101694147197e-06,0.19778914413225304,8.911388206128704e-07,0.0,1.1988235294117646,1.0,0.0,0,0.10884,-0.79014,60.86701,6.0838,36.0,32.0,42080.0,0.0,1.24456,0.00018,0.0,0.0,0.5
YLR098C,4,0.0005769680885686387,0.23271706553033067,5.485621572403741e-06,0.0,1.0,1.0,0.0,0,0.10957,-0.35278,56.40142,6.55963,75.0,73.0,92930.0,0.0,1.2492,9e-05,0.0,0.0,0.5
YDL077C,4,0.0003280998070734255,0.19525720478718656,5.900116007165323e-07,0.3333333333333333,0.0,0.0,2.3076923076923075,0,0.10582,-0.43956,39.76163,6.60834,144.0,138.0,148125.0,0.0,1.20544,5e-05,0.0,0.0,0.0
YLR148W,7,0.00032112788533832277,0.186114699399431,5.458865429257458e-08,0.2857142857142857,3.0856423173803527,0.0,6.133333333333333,0,0.09586,-0.25436,29.9244,6.50787,118.0,113.0,141760.0,0.0,1.31996,6e-05,0.0,0.0,0.5
YMR231W,3,5.654842092726871e-07,0.16768588919946453,1.050842407327693e-08,0.6666666666666666,1.0,0.0,3.4913461538461537,0,0.09135,-0.20875,37.81499,5.5694,141.0,118.0,68950.0,0.0,0.58693,5e-05,0.0,0.0,0.5
YPL045W,3,5.654842092726871e-07,0.16768588919946453,1.050842407327693e-08,0.6666666666666666,1.0,0.0,3.4913461538461537,1,0.10902,-0.2589,36.65405,6.6767,106.0,104.0,121975.0,0.0,1.31523,7e-05,0.6846499175810571,0.0,0.5
YDL078C,2,0.0,0.18935251955650875,5.937393333344069e-08,1.0,1.9861635220125786,0.0,2.416666666666667,0,0.05831,-0.02303,31.03878,9.21637,35.0,42.0,10555.0,0.0,0.28385,0.00025,0.0,0.0,0.5
YGR209C,2,1.5403945787528913e-05,0.22266639669018154,0.0013824424687929326,0.0,1.0,0.25,0.0,0,0.09615,0.14327,27.38865,4.79156,13.0,10.0,11710.0,0.0,1.04519,0.00043,0.0,0.0,0.5
YOR229W,4,0.00024735644424501855,0.25353003136110447,0.0014229015809870517,0.16666666666666666,3.908489525909592,0.0,0.0,1,0.09422,-0.58051,37.23578,4.83539,71.0,46.0,58120.0,0.0,1.11876,9e-05,0.3153500824189429,0.0,0.5
YPR078C,4,0.0004603050369983275,0.247814630946454,0.0013904301145357854,0.0,1.6556291390728477,0.0,0.0,0,0.07527,-0.89167,42.29167,5.32404,63.0,52.0,38430.0,0.0,0.90224,0.00012,0.0,0.0,0.5
YDL084W,2,6.043917450704049e-06,0.22529523946005947,5.242325826159842e-06,0.0,0.0,1.0,0.0,1,0.07623,-0.4065,32.79621,5.34503,71.0,56.0,20120.0,0.0,0.39993,0.00011,0.3153500824189429,0.23974612282610783,0.5
YER063W,7,0.0007347142452092481,0.26159436563263444,0.00010895438554998224,0.047619047619047616,2.4883227176220806,0.0,0.0,0,0.02294,-1.21697,65.6,6.68744,37.0,37.0,2980.0,0.0,0.12346,0.00028,0.0,0.0,0.5
YDL085W,2,4.615924558244575e-06,0.2261969753322826,4.982169249353355e-06,0.0,1.0,0.0,0.0,0,0.10275,-0.1778,41.28406,8.73114,61.0,66.0,71530.0,0.0,1.1601,0.00014,0.0,0.0,0.5
YGR139W,3,0.0001833303223250231,0.2538658520660863,3.2284403544093105e-05,0.0,1.8432601880877744,0.0,0.0,0,0.13393,-0.16964,53.92232,9.90167,5.0,22.0,22055.0,0.0,1.66481,0.00075,0.0,0.0,0.5
YDL086W,1,0.0,0.231653090297731,2.2738065994503548e-05,0.0,1.0,0.0,0.0,0,0.10989,-0.21758,35.02967,5.91071,34.0,29.0,17265.0,0.0,0.55988,0.00019,0.0,0.0,0.5
YDL087C,3,2.6645864515391766e-05,0.22792795528828974,8.163214921544952e-06,0.0,1.7375964718853363,1.0,0.0,1,0.0613,-0.63716,53.71149,9.31158,33.0,43.0,12670.0,0.0,0.41961,0.00031,0.3153500824189429,0.23974612282610783,0.5689878595822588
YDL088C,3,9.125029698736964e-06,0.23945497611361416,4.5761509276718125e-05,0.3333333333333333,1.6523178807947019,0.25,15.142857142857142,0,0.07386,-0.92917,50.10663,7.75616,47.0,48.0,44265.0,0.0,0.7529,0.00013,0.0,0.0,0.5
YML031W,4,4.561334541212403e-06,0.2302134246540382,5.0437340056383495e-06,0.16666666666666666,1.0,0.2,22.0,1,0.10382,0.00534,36.57405,8.54657,61.0,66.0,75260.0,0.0,1.01521,0.00012,0.3153500824189429,0.12238285902226197,0.561191429511131
YMR153W,27,0.002722183222166114,0.27743260464947594,9.660558736451917e-05,0.022792022792022793,20.151794871794873,0.25,26.04404761904762,0,0.07579,-0.77284,48.02295,9.53033,50.0,65.0,47565.0,0.0,0.90397,0.00018,0.0,0.0,0.5
YDR233C,2,5.436110465077704e-06,0.20028745764348782,2.1882890116562493e-06,0.0,1.0,0.5,0.0,1,0.09831,-0.16475,43.66271,9.0766,24.0,31.0,27430.0,0.0,0.83334,0.00028,0.3153500824189429,0.19338324065864865,0.5966916203293243
YLR324W,9,0.0010280664913678082,0.2756974579570657,0.0001017040817386026,0.08333333333333333,3.7899159663865545,0.0,0.0,0,0.08987,-0.40115,41.64667,5.63654,69.0,63.0,100965.0,0.0,1.69801,9e-05,0.0,0.0,0.5
YMR316CB,2,4.919028845540274e-06,0.20918363096263104,1.0341217943535865e-06,0.0,0.0,0.0,0.0,0,0.0,0.0,0.0,0.0,0.0,0.0,0.0,0.0,0.0,0.0,0.0,0.0,0.0
YPR028W,4,2.016068005370821e-05,0.22505369149310886,2.140913044873819e-06,0.3333333333333333,3.196938775510204,0.3333333333333333,0.0,0,0.13889,0.29111,33.05894,9.00165,13.0,16.0,32890.0,0.0,1.62265,0.00044,0.0,0.0,0.5
YDL090C,2,0.0,0.19236860812897766,2.9704274032274746e-07,1.0,1.0,0.0,0.0,0,0.09281,-0.26009,47.13552,5.97345,52.0,46.0,68685.0,0.0,1.42531,0.00012,0.0,0.0,0.5
YKL019W,4,0.00022732858834051777,0.1927049903945584,3.0130419925543964e-07,0.16666666666666666,1.0,0.0,0.0,1,0.13608,-0.32816,51.60924,4.96295,47.0,31.0,89310.0,0.0,2.38114,0.00013,0.3153500824189429,0.0,0.5
YKL152C,10,0.001034337927385868,0.23975452274967496,1.8626671922588764e-05,0.26666666666666666,9.188128772635816,0.0,9.9,1,0.08097,-0.48947,34.13887,8.81293,33.0,36.0,40910.0,0.0,1.48181,0.00032,0.3153500824189429,0.0,0.5
YDL091C,1,0.0,0.19503259248188318,3.8434420137968586e-07,0.0,0.0,0.0,0.0,0,0.08352,-0.7044,43.44398,5.95709,62.0,55.0,43695.0,0.0,0.82533,0.00011,0.0,0.0,0.0
YIL022W,6,0.0007629866073964688,0.24408231756785845,2.83201533522261e-05,0.2,1.5123674911660778,0.0,0.0,1,0.08585,-0.64455,46.2174,9.44403,61.0,75.0,46995.0,0.0,0.96195,0.00019,0.3153500824189429,0.0,0.5
YDL092W,4,0.0,0.1894094725766134,3.691894688511616e-07,1.0,0.0,0.5,7.666666666666667,1,0.07534,-0.82945,35.9137,9.72028,16.0,28.0,11710.0,0.0,0.71274,0.00059,0.3153500824189429,0.19338324065864865,0.5
YKL122C,4,0.0,0.1894094725766134,3.691894688511616e-07,1.0,0.0,0.5,12.5,1,0.04192,-0.93533,24.92216,10.39069,11.0,37.0,4470.0,0.0,0.24261,0.00056,0.3153500824189429,0.19338324065864865,0.5
YPL210C,5,1.0158419772719538e-05,0.19830521639639767,6.449165786174155e-07,0.8,0.0,0.4,12.833333333333332,1,0.07969,-0.50141,37.21736,9.44171,76.0,103.0,58175.0,0.0,0.79107,0.00013,0.3153500824189429,0.17633328920720467,0.5
YPL243W,5,1.0158419772719538e-05,0.19830521639639767,6.449165786174155e-07,0.8,0.0,0.5,9.8,1,0.0818,-0.50902,38.602,8.82233,79.0,87.0,61240.0,0.0,0.88747,0.00013,0.3153500824189429,0.19338324065864865,0.5
YDL093W,1,0.0,0.00021358393848782572,2.229258935376394e-19,0.0,1.0,0.5,0.0,0,0.15478,0.16231,42.79641,8.03497,58.0,61.0,160475.0,0.0,1.89296,9e-05,0.0,0.0,0.5
YGL055W,1,0.0,0.00021358393848782572,2.229258935376394e-19,0.0,1.0,0.5,0.0,1,0.12549,-0.29255,32.46573,9.0257,51.0,60.0,118760.0,0.0,2.03348,0.00015,0.3153500824189429,0.19338324065864865,0.5966916203293243
YDL094C,2,1.0775399424542953e-05,0.18432476083109026,9.444641144354144e-08,0.0,0.0,0.0,0.0,0,0.13609,0.06686,39.30533,9.56244,14.0,23.0,10805.0,0.0,0.54867,0.00049,0.0,0.0,0.0
YDL193W,5,0.0005287287583996145,0.22485853169126319,5.930830830370585e-06,0.0,3.3353474320241694,0.6666666666666666,1.4285714285714286,1,0.08533,-0.34693,41.00195,6.4798,50.0,48.0,42330.0,0.0,0.99468,0.00015,0.3153500824189429,0.2140833020160308,0.5320931036989611
YDL196W,2,2.4312286859193585e-05,0.1900464175587637,1.358805761382496e-07,0.0,0.0,0.0,0.0,1,0.18349,-0.04679,64.22211,9.54083,7.0,15.0,19075.0,0.0,1.47813,0.00074,0.3153500824189429,0.0,0.0
YDL096C,1,0.0,0.21273715821029504,1.983602599499285e-06,0.0,0.0,0.0,0.0,0,0.0463,0.17037,27.89815,8.88007,4.0,8.0,3730.0,0.0,0.33316,0.00079,0.0,0.0,0.0
YDL098C,1,0.0,0.21273715821029504,1.983602599499285e-06,0.0,1.0,1.0,0.0,1,0.09794,-0.79794,51.32995,8.6076,31.0,34.0,16305.0,0.0,0.71896,0.00038,0.3153500824189429,0.23974612282610783,0.6198730614130539
YDL099W,2,1.314927203593157e-05,0.19199157906252282,9.974190603173549e-08,0.0,0.0,0.0,4.0,0,0.02639,-1.29179,46.78006,4.54083,76.0,46.0,16500.0,0.0,0.43088,0.00012,0.0,0.0,0.0
YKL050C,3,0.00024934975837813964,0.23606954722195275,5.696885871639988e-06,0.0,1.7316017316017316,0.0,0.0,0,0.04989,-0.86508,53.0538,5.81293,153.0,140.0,40060.0,0.0,0.38839,6e-05,0.0,0.0,0.5
YDL100C,25,0.005376820618492492,0.26841177953330836,6.447913147616913e-05,0.0,12.25,0.3333333333333333,0.0,0,0.07062,-0.30339,30.54661,4.87469,50.0,33.0,20815.0,0.0,0.52893,0.00012,0.0,0.0,0.5
YDL121C,2,6.722675954576894e-06,0.21450737981876028,1.1370741666522173e-06,0.0,1.0,0.5,0.0,0,0.10067,-0.61544,31.44094,7.815,25.0,26.0,8940.0,0.0,0.52753,0.00046,0.0,0.0,0.5
YDR304C,1,0.0,0.21026122848917356,8.357503652990691e-07,0.0,0.0,1.0,0.0,0,0.10222,-0.28267,34.20493,5.35321,32.0,23.0,13200.0,0.0,0.52119,0.00021,0.0,0.0,0.0
YDR415C,3,0.0002396494644953292,0.2118375056598358,8.41057382240148e-07,0.0,0.0,0.0,0.0,0,0.1123,-0.31337,40.44898,5.47589,49.0,36.0,53080.0,0.0,1.24943,0.00013,0.0,0.0,0.0
YDR431W,1,0.0,0.21026122848917356,8.357503652990691e-07,0.0,0.0,0.0,0.0,0,0.20388,0.1233,50.88262,9.78265,2.0,13.0,21025.0,0.0,1.697,0.00079,0.0,0.0,0.0
YDR513W,1,0.0,0.21026122848917356,8.357503652990691e-07,0.0,0.0,0.0,0.0,0,0.06993,0.02448,32.23566,6.7309,16.0,16.0,4720.0,0.0,0.29758,0.00042,0.0,0.0,0.0
YGR189C,3,0.00014051692184308636,0.23794271052982421,7.916218985241021e-06,0.0,2.2085987261146496,0.0,0.0,0,0.0789,-0.30355,49.59531,4.46356,50.0,29.0,65570.0,0.0,1.24286,8e-05,0.0,0.0,0.5
YHR057C,4,0.0005561491703017127,0.2611913642990771,9.016014871713277e-05,0.0,1.9591194968553458,0.0,0.0,0,0.10732,-0.25707,9.40688,5.73615,27.0,23.0,28335.0,0.0,1.24448,0.00025,0.0,0.0,0.5
YHR128W,6,0.0009370275086579286,0.2504759733664142,4.773579615953912e-05,0.0,2.848180677540778,0.0,0.0,1,0.09259,-0.13611,33.67694,5.586,30.0,27.0,15525.0,0.0,0.63125,0.00023,0.3153500824189429,0.0,0.5
YHR180W,3,0.00016615331161683083,0.23879342661297526,6.315089931455372e-05,0.0,0.0,0.0,0.0,0,0.1227,0.18282,44.11663,4.76727,14.0,6.0,21430.0,0.0,1.18148,0.00026,0.0,0.0,0.0
YJL075C,2,1.0015737516570859e-05,0.21192916611901555,8.694576098522842e-07,0.0,0.0,0.0,0.0,0,0.15942,-0.12029,57.8029,3.85504,30.0,7.0,10220.0,0.0,0.65295,0.00025,0.0,0.0,0.0
YJL153C,2,6.272039949862816e-05,0.21976900265607355,4.628639683705593e-05,0.0,1.645610278372591,0.0,0.0,0,0.08443,-0.27392,33.56531,5.63348,66.0,57.0,54040.0,0.0,0.90608,9e-05,0.0,0.0,0.5
YKR100C,2,8.397230189992615e-05,0.23104600111512782,6.741166084481373e-06,0.0,0.0,0.0,0.0,0,0.07887,-0.93746,53.81296,5.66339,51.0,45.0,25120.0,0.0,0.6307,0.00014,0.0,0.0,0.0
YML101C,2,0.00010236714820473228,0.2146536158587614,1.4067504145821246e-06,0.0,0.0,0.5,0.0,0,0.03419,-0.35043,57.92991,6.90778,14.0,14.0,1615.0,0.0,0.12527,0.00054,0.0,0.0,0.0
YNL199C,6,0.0007003427843546173,0.2418990646587018,1.9906117187727562e-05,0.06666666666666667,3.7957559681697615,1.0,2.5,0,0.05056,-0.75337,39.05618,9.00421,48.0,53.0,40005.0,0.0,0.68901,0.00016,0.0,0.0,0.5
YOL111C,4,0.0006464367758754024,0.25864734232679243,5.1555183065457253e-05,0.0,3.9131313131313132,0.3333333333333333,0.0,0,0.05189,-0.55425,39.71368,9.2049,24.0,29.0,15470.0,0.0,0.65186,0.00039,0.0,0.0,0.5
YOL126C,1,0.0,0.21026122848917356,8.357503652990691e-07,0.0,1.0,0.0,4.571428571428571,0,0.0504,0.03873,46.48408,6.40924,34.0,31.0,15525.0,0.0,0.38117,0.00016,0.0,0.0,0.5
YOL159C,1,0.0,0.21026122848917356,8.357503652990691e-07,0.0,0.0,0.0,0.0,0,0.14035,-0.37719,32.48246,4.27264,21.0,8.0,29965.0,0.0,1.5309,0.00022,0.0,0.0,0.0
YOR164C,5,0.00020519675109434077,0.24130318892465094,6.619651462958686e-06,0.1,4.785858585858586,0.0,4.333333333333333,0,0.14744,-0.22788,30.64587,5.05695,46.0,33.0,45060.0,0.0,1.24201,0.00014,0.0,0.0,0.5
YPL252C,1,0.0,0.21026122848917356,8.357503652990691e-07,0.0,1.0,0.0,0.0,1,0.05233,-0.3343,42.23721,5.45404,23.0,17.0,6710.0,0.0,0.35442,0.00029,0.3153500824189429,0.0,0.5
YPR037C,2,0.00011526492057451889,0.2103716071048737,8.362686311482257e-07,0.0,1.4861367837338262,0.5,0.0,0,0.08673,-0.3898,45.54082,7.03864,28.0,28.0,29170.0,0.0,1.31745,0.00032,0.0,0.0,0.5
YDR051C,1,0.0,0.18348081811760764,6.55309260217195e-08,0.0,0.0,0.5,6.0,0,0.10479,-0.74281,33.52907,6.87506,50.0,49.0,44975.0,0.0,1.14815,0.00018,0.0,0.0,0.0
YHR135C,5,8.513766801401672e-05,0.2149362063131076,4.406889098571003e-06,0.0,4.069207622868606,0.0,5.0,0,0.08364,-0.94535,58.26322,9.09625,53.0,63.0,58260.0,0.0,0.94402,0.00015,0.0,0.0,0.5
YPL153C,9,0.0003655862180318033,0.23188462152948572,4.879348018993184e-06,0.0,5.378461538461538,1.0,0.0,1,0.06699,-0.49671,41.07175,7.87897,99.0,101.0,59580.0,0.0,0.64788,9e-05,0.3153500824189429,0.23974612282610783,0.5222876115327474
YPL269W,2,1.23555413988738e-05,0.2160952328680584,1.5174408922782166e-06,0.0,0.0,0.3333333333333333,0.0,0,0.07143,-0.57174,52.03573,8.64374,88.0,93.0,54235.0,0.0,0.7305,0.00012,0.0,0.0,0.0
YDL103C,1,0.0,0.15890867538844713,9.927098101884544e-09,0.0,0.0,0.0,0.0,1,0.09015,-0.45702,38.07799,7.07672,64.0,64.0,53705.0,0.0,1.00429,0.00013,0.3153500824189429,0.0,0.0
YDR288W,2,0.00021149327066866054,0.19002184047226156,7.628691763089575e-07,0.0,1.0,0.5,0.0,1,0.06271,-0.32013,42.21815,5.22797,45.0,35.0,13535.0,0.0,0.39851,0.00015,0.3153500824189429,0.19338324065864865,0.5966916203293243
YDL104C,1,0.0,0.1349578010371222,3.0647031617445625e-11,0.0,0.0,0.0,0.0,0,0.07371,-0.15209,33.74106,7.62067,47.0,48.0,41450.0,0.0,0.91013,0.00017,0.0,0.0,0.0
YHR216W,6,0.00047473221846321725,0.25186416725377236,5.7111915878120383e-05,0.26666666666666666,4.64632454923717,0.0,7.0,0,0.06119,-0.13499,31.9287,8.71185,51.0,57.0,25870.0,0.0,0.45764,0.00015,0.0,0.0,0.5
YLR216C,10,0.0002408833230848539,0.238845180714972,5.621553672974572e-06,0.1111111111111111,8.592479674796747,0.0,35.2,0,0.09164,-0.55633,26.8876,5.83575,57.0,52.0,21735.0,0.0,0.51662,0.00014,0.0,0.0,0.5
YNR031C,2,1.1953436601379062e-05,0.19367867553934637,9.041712567752788e-07,0.0,1.8434343434343434,0.0,0.0,0,0.09373,-0.46048,42.66024,5.61224,208.0,180.0,207345.0,0.0,1.14856,3e-05,0.0,0.0,0.5
YFR034C,11,0.0012023457009491215,0.26060459091194343,4.109927832406542e-05,0.12727272727272726,7.3791322314049586,0.5,28.000000000000004,0,0.03526,-0.75962,61.10353,7.25238,38.0,38.0,17085.0,0.0,0.5012,0.00021,0.0,0.0,0.5
YKR099W,6,0.00029118474497574716,0.23268021405518732,2.8937202975254477e-05,0.0,2.863368669022379,1.0,0.0,0,0.04932,-0.91245,45.52282,8.10687,96.0,98.0,76235.0,0.0,0.85081,9e-05,0.0,0.0,0.5
YDL108W,14,0.0006755683190413797,0.2433009523830182,1.4686245280965318e-05,0.45054945054945056,12.004081632653062,1.0,22.26998132586368,1,0.10458,-0.19804,37.84935,6.40131,38.0,36.0,47370.0,0.0,1.34396,0.00018,0.3153500824189429,0.23974612282610783,0.509986025177218
YDR460W,12,0.0003092424150980365,0.2466360798565167,6.86615802797544e-05,0.6515151515151515,10.519701810436635,1.0,92.0,1,0.09346,-0.81059,41.67383,5.8609,60.0,56.0,24380.0,0.0,0.63943,0.00015,0.3153500824189429,0.23974612282610783,0.5113951006951668
YGL134W,2,3.0488882991722015e-06,0.21187823385126284,5.011213832177457e-07,0.0,1.5598755832037325,0.0,0.0,0,0.07159,-0.44388,43.84991,4.82367,69.0,44.0,18670.0,0.0,0.38428,0.0001,0.0,0.0,0.5
YGR258C,8,0.0,0.23172615545789432,6.269950244159547e-06,1.0,7.6165489404641775,1.0,13.644607843137257,0,0.07856,-0.80698,45.20282,5.07953,183.0,148.0,89770.0,0.0,0.76182,4e-05,0.0,0.0,0.5
YIL143C,13,0.0012301210158808485,0.25489341131464804,5.709553229653389e-05,0.48717948717948717,12.557575757575757,1.0,32.93789682539683,1,0.08422,-0.48149,45.18804,5.72479,118.0,101.0,80440.0,0.0,0.84372,6e-05,0.6846499175810571,0.40640486218295563,0.5161816607770724
YKL028W,9,0.00022085332815188687,0.23167744023101505,7.048565296783314e-06,0.4444444444444444,4.570754716981132,1.0,20.914285714285715,1,0.05394,-0.94772,57.94172,4.39032,111.0,56.0,30870.0,0.0,0.56392,8e-05,0.3153500824189429,0.23974612282610783,0.5262260980594091
YLR005W,14,0.00028193916451252577,0.24511380423017815,0.0001505018052859926,0.4945054945054945,8.202492211838006,1.0,51.17142857142857,1,0.06291,-0.40521,50.47833,8.00482,59.0,62.0,26910.0,0.0,0.51463,0.00015,0.3153500824189429,0.23974612282610783,0.5146142243500154
YOR299W,19,0.006463418773733258,0.25334061237215655,7.255507504046713e-05,0.0,4.2214876033057855,0.0,0.0,0,0.08713,-0.16488,44.97803,5.04059,91.0,68.0,95865.0,0.0,1.1301,6e-05,0.0,0.0,0.5
YPL122C,12,0.00015715332467631032,0.24374490767351525,1.384967216915145e-05,0.5909090909090909,7.190073917634636,1.0,27.31083099906629,1,0.08187,-0.24191,29.63238,6.35919,62.0,59.0,51590.0,0.0,0.88137,0.00011,0.3153500824189429,0.23974612282610783,0.516672020731115
YPR025C,15,0.0010857363727730489,0.24223138011185422,1.2728458130787156e-05,0.4095238095238095,8.629946524064172,0.0,27.351715686274503,1,0.08651,-0.60865,40.92499,6.44598,59.0,57.0,31455.0,0.0,0.69575,0.00014,0.3153500824189429,0.0,0.5
YPR056W,12,0.0004059188805388716,0.2496956301844071,5.585980073861292e-05,0.5303030303030303,5.287625418060201,1.0,48.91428571428572,1,0.07101,-0.08373,43.4858,8.98944,35.0,44.0,21525.0,0.0,0.57466,0.00024,0.3153500824189429,0.23974612282610783,0.5226704904253656
YDL110C,4,0.00025285109230720806,0.2228014483333598,2.3973263120335984e-05,0.0,0.0,0.5,0.0,0,0.04,-0.77133,31.008,4.5799,31.0,18.0,6085.0,0.0,0.36282,0.00027,0.0,0.0,0.0
YKL015W,2,1.582430674370318e-05,0.18290981972097606,3.854571105662976e-07,0.0,0.0,1.0,0.0,0,0.09295,-0.43422,43.6275,5.22601,122.0,93.0,101380.0,0.0,0.90995,5e-05,0.0,0.0,0.0
YLR125W,5,0.0005267163565544879,0.23727670660326858,6.311681607181334e-05,0.0,1.0,0.0,0.0,0,0.05882,-0.88824,61.49632,4.3327,32.0,14.0,21220.0,0.0,1.3962,0.00029,0.0,0.0,0.5
YOR078W,13,0.0005160250736697949,0.24742516026467914,0.0013423586726232883,0.5384615384615384,5.595890410958904,0.5,51.81666666666666,0,0.02804,-1.26355,64.56121,6.17987,44.0,42.0,8480.0,0.0,0.34776,0.00025,0.0,0.0,0.5
YDL112W,3,0.00011875906755431068,0.23182364739813427,0.00018580523805913806,0.0,2.5810113519091846,0.0,0.0,0,0.10724,-0.10884,37.77543,5.73822,183.0,157.0,195285.0,0.0,1.18321,3e-05,0.0,0.0,0.5
YDR075W,2,2.313299164933431e-06,0.19963437594653882,2.987695628021658e-06,0.0,1.9040247678018576,0.5,0.0,0,0.10714,-0.19675,17.20883,4.91351,46.0,31.0,43985.0,0.0,1.24731,0.00014,0.0,0.0,0.5
YDL114W,3,0.00022491718897923904,0.18140438910598863,1.5626948996299568e-07,0.0,0.0,0.0,0.0,0,0.07468,-0.0763,43.9588,9.51556,24.0,36.0,19410.0,0.0,0.56598,0.00028,0.0,0.0,0.0
YDL123W,4,0.0003905113252630388,0.2199225032566116,7.830105111922714e-06,0.5,1.7992518703241895,0.0,4.0,0,0.12857,-0.02214,70.92007,6.02142,8.0,7.0,21150.0,0.0,1.34948,0.00038,0.0,0.0,0.5
YDR348C,2,4.5899134384860996e-05,0.18704657594413898,8.103728226612042e-07,0.0,0.0,0.0,0.0,0,0.06012,-1.13146,57.95553,9.49164,59.0,71.0,24870.0,0.0,0.45222,0.00017,0.0,0.0,0.0
YLR040C,1,0.0,0.15283706592037735,3.105028104218498e-09,0.0,0.0,0.0,0.0,0,0.12946,0.05268,45.60491,4.76678,15.0,7.0,18910.0,0.0,0.77303,0.00019,0.0,0.0,0.0
YDL115C,1,0.0,0.21608463996448643,2.403415544593914e-06,0.0,1.0,0.5,0.0,0,0.07649,-1.0779,55.43428,4.58881,84.0,48.0,23380.0,0.0,0.5753,0.00011,0.0,0.0,0.5
YDR335W,21,0.0014307478508901576,0.27055340669462485,6.529105035658772e-05,0.16666666666666666,16.882716049382715,0.0,27.81748529248529,0,0.10458,-0.18023,40.43236,5.19501,171.0,137.0,201925.0,0.0,1.42084,4e-05,0.0,0.0,0.5
YGL092W,23,0.0012728571727558342,0.2685589530446889,0.0002414405598222322,0.17786561264822134,13.726485148514852,0.25,26.273992673992677,1,0.08656,-0.46264,39.47761,5.55316,155.0,138.0,114400.0,0.0,0.78539,4e-05,0.6846499175810571,0.183130042784624,0.5066706822905949
YGL100W,4,4.024688974158365e-05,0.23107022358208962,9.404461769004104e-06,0.5,3.513931888544892,0.2,14.14285714285714,0,0.08596,-0.45673,54.09802,5.31378,50.0,37.0,80410.0,0.0,2.05535,0.00014,0.0,0.0,0.5
YGL179C,1,0.0,0.21300442886086127,1.872493373350957e-06,0.0,1.0,0.0,6.0,0,0.07679,-0.30286,52.23304,7.14471,61.0,61.0,43540.0,0.0,0.70124,0.00012,0.0,0.0,0.5
YGL263W,2,1.3252880785649955e-05,0.21629669554835737,1.9071509643751434e-06,0.0,0.0,0.0,0.0,0,0.17632,-0.10526,35.99763,8.59979,36.0,41.0,106310.0,0.0,2.37283,0.00019,0.0,0.0,0.0
YHR033W,2,7.423845137762704e-05,0.22207187180229337,3.891668901515447e-06,0.0,1.9341825902335457,0.0,0.0,0,0.0591,-0.16903,33.28392,5.71014,51.0,42.0,33265.0,0.0,0.70983,0.00012,0.0,0.0,0.5
YJL090C,4,7.865968857147064e-05,0.21862454274044157,2.4200587893520957e-06,0.0,2.8913978494623658,1.0,5.8,1,0.09031,-0.44777,44.23861,9.08417,79.0,96.0,79645.0,0.0,0.91295,0.0001,0.3153500824189429,0.23974612282610783,0.5414585151038082
YJR042W,12,0.00021617010573668193,0.25965286300733487,0.00017874124327419853,0.3939393939393939,8.92638731596829,0.25,39.92857142857143,1,0.10349,-0.13804,43.68645,4.49799,119.0,70.0,108190.0,0.0,1.27437,5e-05,0.6846499175810571,0.183130042784624,0.5102577916632087
YKL057C,13,0.0006202950703113169,0.2496956301844071,3.00925831016095e-05,0.20512820512820512,7.5813471502590675,0.25,15.83470695970696,0,0.12825,-0.11794,41.2771,5.03241,130.0,86.0,134730.0,0.0,1.11859,4e-05,0.0,0.0,0.5
YKR082W,7,7.225915602404754e-06,0.2531078695036474,5.16554047089554e-05,0.6190476190476191,6.2803347280334725,0.25,12.1,0,0.10631,-0.27511,32.85317,4.99835,157.0,110.0,126445.0,0.0,0.94844,4e-05,0.0,0.0,0.5
YOL014W,3,5.803021776455029e-05,0.2241838303044054,0.0013824713254833722,0.0,1.9867549668874172,0.0,0.0,0,0.15323,0.02016,37.50403,6.24139,9.0,8.0,30535.0,0.0,2.19412,0.00045,0.0,0.0,0.5
YOR180C,5,7.917894039526296e-05,0.23699605673524318,4.263249065375757e-06,0.1,1.8779247202441505,0.0,2.083333333333333,0,0.09594,0.09742,38.13838,8.75787,23.0,27.0,14940.0,0.0,0.49705,0.00029,0.0,0.0,0.5
YOR294W,4,0.00026142823976720443,0.2350750136132425,0.0015340659508791918,0.0,1.678714859437751,1.0,0.0,1,0.04926,-0.85222,34.03251,9.46259,30.0,38.0,27960.0,0.0,1.21761,0.00041,0.3153500824189429,0.23974612282610783,0.571407637061843
YPL091W,2,4.874108655054187e-06,0.22885093216049857,4.493711370531673e-06,0.0,1.3492586490939045,0.0,2.1818181818181817,0,0.08282,-0.3029,30.23685,7.66766,59.0,60.0,50935.0,0.0,0.95312,0.00014,0.0,0.0,0.5
YDL118W,2,0.00028565383231274035,0.2419654547851314,4.523043937314983e-05,0.0,1.0,0.0,0.0,0,0.13492,0.43968,41.76111,9.05902,10.0,15.0,10595.0,0.0,0.74958,0.00064,0.0,0.0,0.5
YMR305C,2,4.916174716407852e-05,0.23238582188178203,2.2753103861386397e-05,0.0,1.0,0.0,0.0,0,0.07455,-0.16015,33.35321,4.50836,39.0,21.0,51965.0,0.0,1.28408,0.00011,0.0,0.0,0.5
YDL125C,2,0.0001331086441186144,0.2523255097467386,8.870848861765406e-05,0.0,1.0,0.0,0.0,0,0.07595,-0.19367,32.66456,6.43793,21.0,19.0,13200.0,0.0,0.74663,0.00036,0.0,0.0,0.5
YKL213C,3,1.4840223263690987e-05,0.20786186897135492,6.906176871180202e-07,0.3333333333333333,2.843621399176955,0.2,2.2474747474747474,0,0.09091,-0.24098,30.63762,4.86957,96.0,68.0,115250.0,0.0,1.4496,6e-05,0.0,0.0,0.5
YDL127W,5,0.0006491945259792858,0.2541292894774313,4.8258340980000086e-05,0.0,2.7322033898305085,0.3333333333333333,0.0,0,0.07468,-0.46981,44.61494,9.71869,29.0,46.0,31775.0,0.0,0.90252,0.00028,0.0,0.0,0.5
YPL031C,21,0.0017038007283768119,0.2605429786202213,1.8148533311381273e-05,0.009523809523809525,16.402623612512613,0.5,0.0,0,0.0918,-0.38098,37.71279,8.28143,33.0,35.0,44265.0,0.0,1.26813,0.00024,0.0,0.0,0.5
YDL128W,1,0.0,0.00021358393848782572,2.229258935376394e-19,0.0,1.0,0.0,0.0,0,0.09489,0.70535,27.54358,5.38995,30.0,19.0,35785.0,0.0,0.80153,0.00012,0.0,0.0,0.5
YKL102C,1,0.0,0.00021358393848782572,2.229258935376394e-19,0.0,1.0,0.0,0.0,0,0.09901,0.09109,49.03762,9.29974,7.0,13.0,6585.0,0.0,0.57646,0.00081,0.0,0.0,0.5
YDL129W,2,5.597281336942177e-05,0.21571454148644598,6.011011387121383e-06,0.0,1.0,0.5,0.0,0,0.04811,-0.95189,51.65739,9.46735,42.0,51.0,21430.0,0.0,0.65106,0.00029,0.0,0.0,0.5
YDR367W,2,0.00021149327066866054,0.20672137756872647,0.0013828949226802165,0.0,1.0,0.0,0.0,1,0.1448,0.31765,32.41498,8.21747,16.0,18.0,48525.0,0.0,1.90417,0.00032,0.3153500824189429,0.0,0.5
YDR399W,2,0.0003139684007571509,0.24514106635944408,0.00139227073071072,0.0,1.6766004415011038,0.5,0.0,0,0.0905,-0.41765,30.12172,5.46356,34.0,28.0,28670.0,0.0,1.13813,0.00022,0.0,0.0,0.5
YJL208C,2,0.00021149327066866054,0.20672137756872647,0.0013828949226802165,0.0,1.0,0.0,0.0,0,0.10334,-0.49635,36.14015,8.94855,36.0,43.0,31120.0,0.0,0.83636,0.00024,0.0,0.0,0.5
YJL210W,3,0.0005048683394330689,0.2456875852901306,0.0014483702486093111,0.0,2.4348785871964678,0.0,0.0,0,0.14022,0.01144,35.60373,9.15253,16.0,28.0,62475.0,0.0,2.03163,0.0003,0.0,0.0,0.5
YJR012C,1,0.0,0.2067019907753692,0.0013826791073034324,0.0,1.0,0.0,0.0,1,0.07246,-0.36667,56.16382,4.61298,28.0,15.0,13575.0,0.0,0.58539,0.0002,0.3153500824189429,0.0,0.5
YJR108W,3,0.0005130938495694415,0.24862530486607576,0.001480816657186524,0.0,2.9619565217391304,0.0,0.0,0,0.13821,-0.14959,36.09106,4.40558,17.0,7.0,42190.0,0.0,2.97036,0.00031,0.0,0.0,0.5
YJR144W,1,0.0,0.2067019907753692,0.0013826791073034324,0.0,1.0,0.0,0.0,0,0.09294,-0.51673,26.84721,9.39655,29.0,43.0,43275.0,0.0,1.43818,0.00031,0.0,0.0,0.5
YLR051C,4,0.0005553337664002002,0.2632974946407552,0.0015346304833140977,0.16666666666666666,2.9647964796479647,0.5,2.0,1,0.06452,-1.27926,61.66456,9.48883,40.0,50.0,18450.0,0.0,0.7197,0.00037,0.3153500824189429,0.19338324065864865,0.5326132404005031
YLR287C,2,7.106903698098999e-05,0.22891035235371673,0.001385224661033116,0.0,1.534216335540839,0.0,0.0,0,0.09296,-0.48986,36.0102,4.94659,63.0,49.0,29045.0,0.0,0.70968,0.00012,0.0,0.0,0.5
YDL131W,1,0.0,0.00021358393848782572,2.229258935376394e-19,0.0,0.0,0.0,0.0,0,0.06818,-0.23318,33.93705,5.88116,61.0,53.0,24380.0,0.0,0.50171,0.00012,0.0,0.0,0.0
YLR427W,1,0.0,0.00021358393848782572,2.229258935376394e-19,0.0,0.0,0.0,6.0,0,0.07612,-0.74313,53.28496,8.74884,87.0,97.0,49750.0,0.0,0.65189,0.00011,0.0,0.0,0.0
YDR054C,7,0.0006733850439657996,0.23875462575288542,7.700710717082363e-06,0.23809523809523808,5.5672451193058565,0.5,4.7785947712418295,1,0.09153,-0.96373,62.11559,4.12567,73.0,28.0,33015.0,0.0,0.96919,0.00012,0.3153500824189429,0.19338324065864865,0.5173679473882012
YDR274C,1,0.0,0.19169935443685687,1.6197477098852292e-07,0.0,1.0,0.0,0.0,0,0.13821,0.12846,51.15854,10.90668,4.0,16.0,8980.0,0.0,0.64479,0.00078,0.0,0.0,0.5
YDR285W,6,0.0003207354487915111,0.2271176596051071,9.024020813036549e-07,0.06666666666666667,2.1770186335403725,0.5,0.5,0,0.03657,-1.03691,49.48011,6.40094,146.0,140.0,20245.0,0.0,0.20238,6e-05,0.0,0.0,0.5
YGL249W,3,2.9030018719499127e-05,0.20318629432014396,4.441622960407736e-07,0.0,2.5062111801242235,0.5,0.0,0,0.10653,-0.53778,43.39645,8.48541,98.0,105.0,106365.0,0.0,1.28437,0.0001,0.0,0.0,0.5
YLR079W,4,4.104564006828392e-05,0.22119156281175792,1.7474442428583251e-06,0.5,3.393258426966292,0.5,10.4,0,0.0493,-1.04965,65.74049,7.89459,42.0,43.0,8480.0,0.0,0.26317,0.00025,0.0,0.0,0.5
YLR100W,2,8.332923019326105e-05,0.19252824315494074,1.633758116906133e-07,0.0,1.7045951859956237,0.5,0.0,1,0.1268,-0.11902,23.02369,8.28326,37.0,39.0,54905.0,0.0,1.38215,0.00021,0.3153500824189429,0.19338324065864865,0.5567240956232364
YLR368W,9,0.0007882124303785547,0.22893412907169688,1.877358370583398e-05,0.027777777777777776,2.8078703703703702,0.0,5.0,0,0.12709,-0.38779,44.24753,5.93658,83.0,74.0,103805.0,0.0,1.47183,8e-05,0.0,0.0,0.5
YMR052W,9,0.002308229176658321,0.2680364012693374,9.971913451135797e-05,0.027777777777777776,3.9731127197518097,1.0,3.6666666666666665,0,0.09314,-0.94167,50.59902,7.70563,33.0,34.0,24535.0,0.0,1.02094,0.00032,0.0,0.0,0.5
YMR273C,9,8.595095486058715e-05,0.2299732186600336,3.96653501548494e-05,0.4166666666666667,7.114702815432742,0.0,24.872294372294373,0,0.04044,-1.17213,65.78361,5.95453,143.0,127.0,53860.0,0.0,0.52111,6e-05,0.0,0.0,0.5
YPR040W,8,0.00025275748102494697,0.23177489117595687,3.4665746432348784e-06,0.03571428571428571,4.235159817351598,0.5,7.5,1,0.07303,-0.59663,47.47728,7.69391,45.0,46.0,46910.0,0.0,1.14361,0.00019,0.3153500824189429,0.19338324065864865,0.522830689867517
YDL135C,4,2.5199524683200008e-05,0.21805137788264362,1.6694459851199076e-06,0.0,2.8154761904761907,0.0,0.0,0,0.09406,-0.64455,25.49411,5.76532,34.0,31.0,24410.0,0.0,1.05498,0.00025,0.0,0.0,0.5
YNL176C,3,0.00013320860261021724,0.25331149610823606,8.884271138308662e-05,0.0,1.991105463786531,0.0,0.0,0,0.08491,-0.37642,60.52945,5.35309,41.0,34.0,56060.0,0.0,0.83175,8e-05,0.0,0.0,0.5
YDL137W,2,4.775708735866822e-06,0.2079697421813325,9.757260862235517e-07,0.0,1.7861080485115766,0.0,0.0,0,0.09945,-0.27403,41.16575,6.75055,21.0,21.0,36565.0,0.0,1.77007,0.00033,0.0,0.0,0.5
YDR007W,3,0.00028665812993154606,0.23585482371725647,4.3267661718756806e-05,0.0,2.4698457223001404,0.0,0.0,0,0.06696,-0.08437,38.15491,5.26007,27.0,22.0,22960.0,0.0,0.95095,0.00022,0.0,0.0,0.5
YJL186W,1,0.0,0.1932456558360231,1.7068803587826036e-06,0.0,0.0,0.0,0.0,0,0.12969,-0.37014,29.84512,6.39325,71.0,66.0,82585.0,0.0,1.22888,0.0001,0.0,0.0,0.0
YLL015W,2,8.535420217661247e-05,0.22500774106862964,9.917296658550595e-06,0.0,1.9439809296781883,0.0,0.0,0,0.10071,0.03688,37.67366,7.68646,166.0,168.0,203015.0,0.0,1.14781,4e-05,0.0,0.0,0.5
YLR313C,5,0.0004588792442594743,0.22196005313572625,3.3448206398463695e-06,0.0,0.0,0.0,0.0,0,0.05598,-0.39637,47.14738,9.01752,80.0,91.0,24255.0,0.0,0.32775,0.00012,0.0,0.0,0.0
YMR035W,3,0.00022584597049899827,0.20069780801655088,1.9462615906059154e-06,0.0,1.9231770833333333,0.0,0.0,0,0.09605,-0.1661,36.12034,10.00861,12.0,23.0,37720.0,0.0,1.89263,0.0005,0.0,0.0,0.5
YPL145C,1,0.0,0.1932456558360231,1.7068803587826036e-06,0.0,0.0,0.0,0.0,0,0.10829,-0.53157,43.18459,5.72784,65.0,56.0,74745.0,0.0,1.51026,0.00012,0.0,0.0,0.0
YPR023C,1,0.0,0.1932456558360231,1.7068803587826036e-06,0.0,1.0,1.0,0.0,0,0.07481,-0.58504,51.76808,8.49774,51.0,55.0,57590.0,0.0,1.27403,0.00019,0.0,0.0,0.5
YPR077C,1,0.0,0.1932456558360231,1.7068803587826036e-06,0.0,1.0,0.0,0.0,0,0.07317,0.12114,45.89756,10.08905,6.0,22.0,20230.0,0.0,1.42404,0.00071,0.0,0.0,0.5
YPR079W,1,0.0,0.1932456558360231,1.7068803587826036e-06,0.0,1.0,0.0,0.0,0,0.08136,-0.49738,44.75698,8.83478,40.0,46.0,41785.0,0.0,0.97844,0.00021,0.0,0.0,0.5
YGL130W,2,0.0,0.21900470266670924,5.066355078009115e-06,1.0,1.930964467005076,1.0,0.0,1,0.09368,-0.55621,40.6,5.5816,67.0,58.0,61850.0,0.0,1.17221,0.00011,0.3153500824189429,0.23974612282610783,0.5620793719725858
YKR062W,3,3.2565225821323515e-06,0.22228463795449163,6.024813669539793e-06,0.6666666666666666,2.8653061224489798,1.0,1.3333333333333333,1,0.05488,-0.75732,34.92439,9.49762,45.0,61.0,32805.0,0.0,0.88698,0.00026,0.3153500824189429,0.23974612282610783,0.5418360399518493
YMR201C,9,0.00046132143480774444,0.2389746641697671,8.556071225676232e-06,0.1111111111111111,8.34712411705348,1.0,32.2,0,0.06739,-1.10701,51.59164,6.90704,66.0,65.0,32400.0,0.0,0.75283,0.00016,0.0,0.0,0.5
YNL266W,3,0.0007502408616061698,0.26195190487731895,0.00011192089495631586,0.0,2.8221052631578947,0.0,0.0,0,0.18705,0.70935,37.5741,5.71283,10.0,9.0,11960.0,0.0,0.77113,0.00037,0.0,0.0,0.5
YPL228W,2,0.0,0.21900470266670924,5.066355078009115e-06,1.0,2.0,1.0,0.0,1,0.06011,-0.84098,49.27887,5.41071,87.0,73.0,39100.0,0.0,0.63218,9e-05,0.3153500824189429,0.23974612282610783,0.5599365307065269
YDL143W,12,0.0002438157222570564,0.23741728094336853,6.680923442119782e-05,0.36363636363636365,10.09959349593496,0.0,6.023809523809524,1,0.02841,-0.09337,41.79299,8.03766,69.0,71.0,12335.0,0.0,0.21414,0.00014,0.3153500824189429,0.0,0.5
YDR212W,9,0.00013282748848937975,0.22240800480703954,8.487879018484364e-06,0.5833333333333334,7.81995661605206,0.0,7.0,1,0.03578,-0.03506,40.3746,6.08392,73.0,68.0,12920.0,0.0,0.21362,0.0001,0.3153500824189429,0.0,0.5
YIL142W,8,3.3964709522160055e-05,0.21960477533380776,5.232690770322085e-06,0.75,7.706555671175859,0.0,12.5,1,0.04364,-0.15332,34.99734,5.79474,72.0,65.0,8200.0,0.0,0.14335,0.0001,0.3153500824189429,0.0,0.5
YJL014W,8,0.00011049215173282085,0.22630148648675616,1.0022488139459914e-05,0.75,7.273673257023933,0.0,7.0,1,0.03371,-0.14382,46.14494,5.81622,74.0,67.0,35295.0,0.0,0.60012,0.0001,0.3153500824189429,0.0,0.5
YJL111W,7,0.0,0.20977094581115083,4.992892964027194e-06,1.0,6.6073752711496745,0.0,4.0,1,0.05273,-0.08764,29.03745,5.40839,71.0,60.0,26565.0,0.0,0.44471,9e-05,0.3153500824189429,0.0,0.5
YJR064W,9,0.00020002793372518238,0.23000921759851414,0.0001616625241138862,0.5833333333333334,5.549891540130152,0.0,4.0,1,0.04626,-0.25338,30.25569,5.33185,86.0,72.0,22555.0,0.0,0.3643,9e-05,0.3153500824189429,0.0,0.5
YOR260W,15,0.0005997429015095162,0.25719859124076805,0.0001700578540505982,0.38095238095238093,10.07035175879397,0.0,38.51890331890332,1,0.08824,-0.5526,44.02457,4.78253,88.0,59.0,46185.0,0.0,0.70298,7e-05,0.3153500824189429,0.0,0.5
YDL144C,1,0.0,0.20934257754074764,6.869300939150147e-06,0.0,0.0,0.5,0.0,0,0.07584,-0.09635,40.27753,6.2829,44.0,41.0,40505.0,0.0,1.01817,0.00016,0.0,0.0,0.0
YDR238C,10,7.09014042924047e-07,0.24291214279360354,2.8261014066619217e-05,0.9333333333333333,6.299395161290323,0.0,49.333333333333336,1,0.06269,-0.111,39.91955,5.43085,136.0,111.0,63020.0,0.0,0.57807,5e-05,0.6846499175810571,0.0,0.5
YGL137W,11,0.00011734129486381023,0.24574237123846157,3.0408470690756947e-05,0.6181818181818182,10.118951612903226,0.0,22.607142857142858,1,0.10799,-0.38223,27.9712,4.62714,138.0,81.0,159920.0,0.0,1.60815,5e-05,0.6846499175810571,0.0,0.5
YIL076W,13,0.002666651857825142,0.2784138606249936,0.00016430099830166094,0.5512820512820513,6.814814814814815,0.0,39.20039682539682,0,0.10135,-0.33682,34.34095,4.43634,46.0,22.0,31080.0,0.0,0.91875,0.00013,0.0,0.0,0.5
YPL010W,9,2.839041497158698e-07,0.2418194445814649,2.7841589129326225e-05,0.9444444444444444,3.6571087216248506,0.0,54.75,1,0.08995,-0.37619,46.32434,5.02716,28.0,20.0,18910.0,0.0,0.87193,0.00023,0.3153500824189429,0.0,0.5
YDL146W,2,0.00021149327066866054,0.23456215906324288,5.745245618646494e-05,0.0,1.0,0.0,0.0,0,0.09369,-0.20611,43.8811,5.67328,60.0,53.0,46395.0,0.0,0.82044,0.0001,0.0,0.0,0.5
YKL070W,1,0.0,0.18890622049605843,7.33920057756515e-07,0.0,0.0,0.0,0.0,0,0.12426,-0.57278,40.89822,9.18463,22.0,27.0,28210.0,0.0,1.42277,0.00046,0.0,0.0,0.0
YDR201W,14,0.0009276079342266517,0.2638490845319641,1.7229023413677536e-05,0.0989010989010989,5.612307692307692,0.25,22.333333333333336,1,0.02424,-0.74061,47.38909,4.76495,35.0,26.0,4595.0,0.0,0.243,0.00025,0.3153500824189429,0.13944903000175835,0.5124235018504856
YDR341C,3,0.0002795830662474918,0.22327542193564928,3.945114349260904e-06,0.3333333333333333,2.280936454849498,0.0,1.5,1,0.10214,-0.31895,33.21763,6.32501,84.0,79.0,85635.0,0.0,1.23173,9e-05,0.3153500824189429,0.0,0.5
YPL026C,2,0.0001424862615015945,0.2305505572842847,1.22015129681616e-05,0.0,1.893181818181818,0.0,1.1428571428571428,0,0.09163,-0.46414,46.79902,5.01898,64.0,40.0,47800.0,0.0,0.82637,9e-05,0.0,0.0,0.5
YDL149W,1,0.0,0.13993608632346666,1.3602883280512673e-10,0.0,0.0,0.2,0.0,0,0.12136,-0.54554,41.08008,5.65863,131.0,110.0,130040.0,0.0,1.12685,5e-05,0.0,0.0,0.0
YLR065C,2,0.00021149327066866054,0.16351224656981056,1.0285010213672242e-08,0.0,0.0,0.5,0.0,0,0.12707,-0.13702,28.57127,10.21014,9.0,30.0,31650.0,0.0,1.52594,0.00049,0.0,0.0,0.0
YDR040C,2,0.0003431231943553224,0.24496397084054036,3.6568017382319284e-05,0.0,1.9913419913419914,0.0,0.0,0,0.08616,-0.0549,34.40541,5.34515,130.0,102.0,127250.0,0.0,1.05728,4e-05,0.0,0.0,0.5
YDR269C,2,0.0004355334601771754,0.2541292894774313,9.729392978785377e-05,0.0,1.5361635220125787,0.0,0.0,0,0.05607,0.81215,50.51963,6.2226,4.0,3.0,7490.0,0.0,0.651,0.00054,0.0,0.0,0.5
YDR307W,4,0.0004378276424174424,0.24030345918423046,5.122730307131854e-05,0.16666666666666666,3.775201612903226,0.5,2.333333333333333,0,0.16616,0.06934,36.66307,6.34064,64.0,60.0,159640.0,0.0,2.05805,8e-05,0.0,0.0,0.5
YDR422C,12,0.003056939943676963,0.26982473252589356,0.00015078018855156953,0.13636363636363635,10.146464646464647,0.0,5.885714285714286,0,0.06135,-0.76663,49.95607,6.10272,104.0,88.0,51270.0,0.0,0.56298,7e-05,0.0,0.0,0.5
YFL001W,1,0.0,0.20685718701433708,8.606877138673926e-06,0.0,1.0,1.0,0.0,0,0.09502,-0.44887,49.44799,9.34027,51.0,69.0,46965.0,0.0,0.92291,0.00018,0.0,0.0,0.5
YGL250W,5,0.001232890036755386,0.2516628599723409,5.634034409676263e-05,0.0,2.4642857142857144,0.5,0.0,0,0.07884,-0.58755,36.52531,4.27069,55.0,22.0,10555.0,0.0,0.38093,0.00015,0.0,0.0,0.5
YGR160W,3,0.00011665869513842162,0.21726682711200768,9.025208751078251e-06,0.0,0.0,0.0,0.0,0,0.08374,-0.52463,101.40842,3.16193,64.0,2.0,7365.0,0.0,0.33208,0.00014,0.0,0.0,0.0
YGR290W,2,5.0700665713371146e-05,0.22422944479757484,2.178175637285139e-05,0.0,1.5216374269005848,0.0,0.0,0,0.19728,0.4619,45.56741,7.67755,9.0,10.0,24325.0,0.0,1.44945,0.00046,0.0,0.0,0.5
YJL076W,4,0.00010563899546418067,0.230937062828768,0.00031909087754204154,0.16666666666666666,3.9896800825593397,0.5,0.0,1,0.03112,-0.92532,55.92852,7.56207,165.0,166.0,27640.0,0.0,0.21505,6e-05,0.6846499175810571,0.2889671908216764,0.5362143310794366
YJL175W,1,0.0,0.20685718701433708,8.606877138673926e-06,0.0,0.0,0.0,0.0,0,0.1,0.97353,49.45412,4.64825,9.0,6.0,23000.0,0.0,1.29713,0.00026,0.0,0.0,0.0
YNL125C,2,9.974956975148119e-06,0.21580958852812707,1.1367857285999711e-05,0.0,1.0,0.5,0.0,0,0.09955,0.21486,31.56374,8.62604,54.0,61.0,87790.0,0.0,1.18955,0.00012,0.0,0.0,0.5
YNL280C,2,0.00026758582581076166,0.2377117480196033,6.604988313188685e-05,0.0,0.0,0.0,0.0,0,0.15068,0.21347,32.00824,8.99677,34.0,43.0,109625.0,0.0,2.16587,0.00018,0.0,0.0,0.0
YOL118C,1,0.0,0.20685718701433708,8.606877138673926e-06,0.0,0.0,0.0,0.0,0,0.15686,-0.48922,50.66088,10.20319,5.0,20.0,18825.0,0.0,1.53419,0.00083,0.0,0.0,0.0
YOR252W,2,0.0004583359005504245,0.20984084615963838,8.627311074340644e-06,0.0,1.0,1.0,0.0,0,0.0618,-0.97079,39.46404,10.065,24.0,39.0,7115.0,0.0,0.34143,0.00048,0.0,0.0,0.5
YOR309C,1,0.0,0.20685718701433708,8.606877138673926e-06,0.0,0.0,0.0,0.0,0,0.07143,-1.23968,138.20246,12.53302,4.0,56.0,3105.0,0.0,0.19056,0.00077,0.0,0.0,0.0
YOR314W,4,0.0020685859228368624,0.2757319481626024,0.00013284298764154717,0.0,2.818590704647676,0.0,0.0,0,0.12844,0.20826,42.44413,7.65839,11.0,12.0,6460.0,0.0,0.51583,0.00061,0.0,0.0,0.5
YOR321W,1,0.0,0.20685718701433708,8.606877138673926e-06,0.0,0.0,0.5,0.0,0,0.14874,0.07809,36.80389,6.43207,72.0,66.0,195495.0,0.0,2.26473,7e-05,0.0,0.0,0.0
YPL076W,3,0.00509662665606492,0.21210251913946607,9.11937750349164e-06,0.0,2.8121085594989563,0.0,0.0,1,0.15357,0.39393,42.91079,9.42548,18.0,27.0,72100.0,0.0,2.21322,0.00029,0.3153500824189429,0.0,0.5
YPR029C,5,0.0009153366274620403,0.22164755909470654,9.886962811584132e-06,0.3,1.7393258426966292,0.0,3.416666666666666,0,0.07091,-0.13942,38.68846,5.2608,114.0,91.0,53385.0,0.0,0.57021,6e-05,0.0,0.0,0.5
YER173W,5,0.00019709761308363695,0.22271139570936813,1.8322836447371183e-06,0.0,3.7255297679112007,1.0,5.428571428571429,0,0.08346,-0.61684,50.50379,6.00421,92.0,84.0,71165.0,0.0,0.93977,8e-05,0.0,0.0,0.5
YGL025C,8,0.0002781497440548227,0.23716181499303401,4.207856573201766e-05,0.4642857142857143,5.780748663101604,1.0,26.57142857142857,0,0.03526,-0.67531,39.78942,8.75714,26.0,29.0,9190.0,0.0,0.21333,0.0002,0.0,0.0,0.5
YGL170C,5,0.00028113363481517843,0.2546430971795693,3.530695708906771e-05,0.2,4.454285714285715,0.0,4.0,0,0.10654,-0.9753,51.45521,5.84723,58.0,50.0,43235.0,0.0,0.90641,0.00012,0.0,0.0,0.5
YLR394W,6,9.068943458167597e-05,0.2119699295670092,3.7881433029117147e-07,0.13333333333333333,4.7002012072434605,0.5,6.4,0,0.04772,-0.61328,57.82033,10.16901,27.0,64.0,13170.0,0.0,0.24451,0.00019,0.0,0.0,0.5
YMR224C,3,2.5101420894391747e-06,0.1977802698885285,2.3183799676002376e-07,0.3333333333333333,3.0,1.0,2.355555555555556,0,0.06503,-0.59798,33.64496,5.57477,106.0,88.0,36745.0,0.0,0.47322,7e-05,0.0,0.0,0.5
YDL155W,5,0.00033158081446828876,0.24869543894361207,9.725181300131469e-06,0.0,4.707692307692308,0.0,0.0,1,0.09368,-0.51827,56.08735,5.17377,67.0,45.0,77405.0,0.0,1.56453,0.0001,0.3153500824189429,0.0,0.5
YGL003C,4,5.12964680458694e-05,0.2134789411242929,2.168190060608234e-06,0.0,3.6971544715447155,0.3333333333333333,11.333333333333334,1,0.07244,-0.50124,47.5986,8.80963,59.0,65.0,72600.0,0.0,1.15567,0.00014,0.3153500824189429,0.16204621790391252,0.521914991536208
YDL156W,2,2.964574090883115e-05,0.22256521535269733,5.656063717644141e-06,0.0,1.610200364298725,0.5,1.6666666666666667,0,0.08046,-0.64617,39.55862,6.7923,77.0,76.0,54360.0,0.0,0.91894,0.00011,0.0,0.0,0.5
YDL158C,1,0.0,0.231653090297731,2.2738065994503548e-05,0.0,1.0,0.0,0.0,0,0.14706,0.72549,40.23627,8.67731,7.0,10.0,17585.0,0.0,1.46698,0.00072,0.0,0.0,0.5
YER125W,17,0.0029764295065992405,0.2780626162414384,0.00017524469311466187,0.022058823529411766,14.597376387487387,0.5,6.507872244714351,1,0.10136,-0.678,40.1078,6.24396,104.0,97.0,113720.0,0.0,1.23858,7e-05,0.6846499175810571,0.2889671908216764,0.5098979153222827
YGR178C,8,0.0011906256819487356,0.26051218339787974,5.7255038805082025e-05,0.03571428571428571,5.402918069584736,0.3333333333333333,0.0,0,0.06648,-0.84557,50.09698,6.42572,90.0,84.0,44475.0,0.0,0.56454,8e-05,0.0,0.0,0.5
YIL038C,9,0.00023145627303309478,0.2426180117384294,3.057973149512936e-05,0.4444444444444444,6.233918128654971,0.5,25.38214285714286,0,0.06459,-0.81974,51.77837,5.45831,130.0,111.0,73270.0,0.0,0.77615,6e-05,0.0,0.0,0.5
YMR213W,5,0.00016823141791894305,0.24914523570200212,2.0968518390553414e-05,0.1,4.753910323253389,0.5,0.0,1,0.05763,-0.9322,50.78576,8.30231,95.0,98.0,49195.0,0.0,0.72634,0.00012,0.3153500824189429,0.19338324065864865,0.5203393866847602
YDL161W,4,0.00045883092103958864,0.2205386559573506,2.610225890267838e-06,0.0,2.27363184079602,0.0,0.0,0,0.07269,-1.10066,66.74229,5.63715,59.0,53.0,36580.0,0.0,0.69874,0.00011,0.0,0.0,0.5
YOR111W,2,0.00021149327066866054,0.1797181447845533,3.696480267359814e-08,0.0,0.0,0.0,34.0,0,0.10345,-0.30302,40.3319,4.68939,39.0,26.0,30870.0,0.0,1.16592,0.00018,0.0,0.0,0.0
YDL162C,2,7.01802235417052e-05,0.23758362915142414,2.1383870224091695e-05,0.0,1.7915632754342432,0.0,0.0,0,0.15254,-0.2,52.22475,8.23749,10.0,12.0,15190.0,0.0,1.10604,0.0006,0.0,0.0,0.5
YGR014W,7,0.00011153999983666544,0.2369705760281434,0.00012681774340286782,0.0,1.4260485651214128,0.0,0.0,0,0.06049,-0.17167,61.0654,4.06317,88.0,27.0,82420.0,0.0,0.61917,3e-05,0.0,0.0,0.5
YIL035C,40,0.0029778355136070842,0.2787307401375608,0.002773838060856522,0.2833333333333333,35.705705705705704,0.0,173.29484126984124,0,0.13172,-0.54866,34.13476,8.62897,54.0,58.0,71530.0,0.0,1.6014,0.00019,0.0,0.0,0.5
YDL168W,1,0.0,0.22412683827921107,4.069454388987861e-05,0.0,1.0,0.0,0.0,0,0.06736,-0.04896,27.34922,6.3266,47.0,44.0,24795.0,0.0,0.60414,0.00015,0.0,0.0,0.5
YDL171C,1,0.0,0.17558759829816864,5.423685228154632e-08,0.0,1.0,0.0,0.0,0,0.07552,-0.28858,32.37731,6.14862,277.0,254.0,237610.0,0.0,0.99795,3e-05,0.0,0.0,0.5
YIL094C,6,0.00023457265721891178,0.2143717675084143,3.5285997762436817e-06,0.26666666666666666,5.7682926829268295,0.0,9.0,0,0.0566,-0.11536,30.62372,8.14606,43.0,45.0,15525.0,0.0,0.38746,0.0002,0.0,0.0,0.5
YDL172C,2,0.00027465476623088315,0.25050444139771116,0.00010068984276686347,0.0,1.826829268292683,0.0,0.0,0,0.15723,0.87233,44.5434,6.19025,10.0,10.0,5625.0,0.0,0.32024,0.00035,0.0,0.0,0.5
YNR073C,1,0.0,0.19633558949205077,3.28164781382726e-06,0.0,0.0,0.0,0.0,0,0.0,0.0,0.0,0.0,0.0,0.0,0.0,0.0,0.0,0.0,0.0,0.0,0.0
YDL178W,2,1.4006373966787637e-05,0.2221278233950881,2.128918896831142e-05,0.0,1.9717791411042944,0.0,0.0,0,0.09434,-0.29509,42.85023,5.77643,68.0,59.0,57105.0,0.0,0.96351,0.0001,0.0,0.0,0.5
YDL179W,3,1.4957716620857901e-05,0.23017736177095313,2.1388301594770258e-05,0.0,2.7071352502662407,0.0,0.2857142857142857,0,0.07895,-0.37105,53.85987,9.65448,24.0,35.0,34295.0,0.0,0.98556,0.00028,0.0,0.0,0.5
YDL180W,1,0.0,0.20014195937686827,1.1866603970979482e-07,0.0,0.0,0.0,0.0,0,0.12431,-0.02249,37.447,5.21466,53.0,36.0,71375.0,0.0,1.1459,8e-05,0.0,0.0,0.0
YLR452C,19,0.0036759360144790767,0.2521378856761153,8.431675408239256e-06,0.005847953216374269,5.257828810020877,0.0,10.0,0,0.09169,-0.39871,39.77206,8.75177,77.0,86.0,65540.0,0.0,0.82217,0.00011,0.0,0.0,0.5
YGR089W,10,0.0005188541533423051,0.2258955957402646,2.0438253628134592e-06,0.022222222222222223,4.459487179487179,0.5,0.0,0,0.09722,-0.42479,34.74615,8.74481,101.0,111.0,49500.0,0.0,0.46494,8e-05,0.0,0.0,0.5
YNL250W,7,9.528854457381645e-05,0.2349998216907732,3.801542444222254e-06,0.38095238095238093,7.0,0.0,3.9333333333333336,0,0.05488,-0.78117,43.28224,5.78326,229.0,208.0,70345.0,0.0,0.46108,4e-05,0.0,0.0,0.5
YDL183C,1,0.0,0.21645601057085803,2.798148520361548e-06,0.0,0.0,0.0,0.0,0,0.09375,-0.41281,43.56944,9.62958,31.0,51.0,50560.0,0.0,1.36476,0.00026,0.0,0.0,0.0
YNL055C,1,0.0,0.20921341505816438,7.634994508819266e-07,0.0,1.0,0.0,0.0,0,0.09541,-0.09223,34.23643,7.70001,23.0,24.0,23170.0,0.0,0.76147,0.00025,0.0,0.0,0.5
YDL186W,3,0.00010563287648173679,0.21791124896314812,1.1323311771460923e-06,0.0,2.4944649446494465,0.0,0.0,0,0.09747,-0.9361,73.26498,5.45428,41.0,32.0,32930.0,0.0,1.02277,0.00017,0.0,0.0,0.5
YDL189W,1,0.0,0.2273753884188128,3.4787416377361068e-06,0.0,1.0,0.0,0.0,0,0.09847,-1.11182,60.68864,8.09735,51.0,53.0,58720.0,0.0,1.13018,0.00016,0.0,0.0,0.5
YDL190C,1,0.0,0.1973552406552437,5.907641525844761e-07,0.0,0.0,0.5,0.0,0,0.10718,-0.24755,42.86132,5.56195,131.0,111.0,58900.0,0.0,0.53587,5e-05,0.0,0.0,0.0
YGR130C,3,0.00014343126389119117,0.2212137629987215,1.7614466143053802e-06,0.3333333333333333,2.9374358974358974,0.0,0.0,0,0.03799,-1.25809,52.9136,4.96429,160.0,116.0,47455.0,0.0,0.51194,5e-05,0.0,0.0,0.5
YPR176C,3,2.304447335002552e-05,0.20588139999418634,4.6573393872238323e-07,0.3333333333333333,1.0,0.0,2.2666666666666666,1,0.11692,-0.05477,30.40738,5.0274,45.0,32.0,64495.0,0.0,1.75901,0.00014,0.3153500824189429,0.0,0.5
YFL022C,5,3.7169091941330874e-05,0.21021109467217566,1.389074037615834e-06,0.1,4.831822759315206,0.0,0.0,1,0.09344,-0.47416,29.64793,5.53033,73.0,60.0,55475.0,0.0,0.9646,0.0001,0.3153500824189429,0.0,0.5
YGR062C,1,0.0,0.18256136234885795,9.23818567962336e-08,0.0,1.0,0.0,0.0,0,0.08861,0.19937,54.13484,11.24518,10.0,36.0,47690.0,0.0,1.33774,0.00032,0.0,0.0,0.5
YOR026W,3,4.902169841602618e-06,0.20056083785775164,2.069020484052291e-07,0.0,2.1041405269761606,1.0,4.8,0,0.09384,-0.23284,35.62463,5.07098,44.0,36.0,42620.0,0.0,1.10862,0.00013,0.0,0.0,0.5
YIL109C,13,0.0003117317918420971,0.23265565288834766,3.5057069888364864e-05,0.41025641025641024,3.533132530120482,0.25,9.813492063492063,1,0.07775,-0.24471,55.99594,5.82721,93.0,80.0,68910.0,0.0,0.66493,6e-05,0.3153500824189429,0.13944903000175835,0.5197344748340085
YPL085W,8,3.7564955317572283e-07,0.2089456631405187,4.500610257603219e-06,0.7857142857142857,1.221122112211221,0.25,7.75,1,0.05877,-0.76118,50.0693,5.2121,293.0,220.0,168835.0,0.0,0.69855,2e-05,0.6846499175810571,0.183130042784624,0.5749843283293798
YPL218W,13,0.00021103706506677604,0.23337003839671364,2.6403223769793064e-05,0.3717948717948718,5.440273037542662,0.25,9.813492063492063,1,0.11053,-0.00368,43.93579,5.20648,24.0,18.0,37595.0,0.0,1.75265,0.00024,0.3153500824189429,0.13944903000175835,0.5128163631714289
YPR181C,16,0.000822478515694153,0.2564952086160551,7.055531968133044e-05,0.30833333333333335,8.147788565264294,0.25,11.94206349206349,1,0.09505,-0.21146,41.76773,5.3858,81.0,61.0,76095.0,0.0,0.89121,6e-05,0.3153500824189429,0.13944903000175835,0.5085574772151218
YDL201W,1,0.0,0.00021358393848782572,2.229258935376394e-19,0.0,0.0,1.0,0.0,0,0.1014,-0.69056,36.9993,9.17462,38.0,47.0,34880.0,0.0,1.04459,0.00027,0.0,0.0,0.0
YDR165W,1,0.0,0.00021358393848782572,2.229258935376394e-19,0.0,0.0,1.0,0.0,0,0.0991,-0.43559,41.4286,6.24811,59.0,54.0,47745.0,0.0,0.94568,0.00012,0.0,0.0,0.0
YER009W,11,0.0009656927202031403,0.26296764632079717,6.700886778747646e-05,0.12727272727272726,8.448730964467005,0.0,31.83333333333333,1,0.128,-0.3872,32.95368,4.50116,15.0,8.0,8940.0,0.0,0.61856,0.00031,0.3153500824189429,0.0,0.5
YDL203C,6,0.000619169945722547,0.2404738778722123,6.947211857625097e-06,0.0,3.983375959079284,0.0,0.0,0,0.10273,-0.54254,42.32106,8.56842,62.0,69.0,92025.0,0.0,1.32659,0.00012,0.0,0.0,0.5
YGR058W,7,0.0002275077476853567,0.24358328205092133,6.86199438930066e-06,0.0,3.507726269315673,0.3333333333333333,12.571428571428571,0,0.09851,-0.66418,36.01433,9.25909,36.0,44.0,30620.0,0.0,0.79861,0.00024,0.0,0.0,0.5
YOR372C,1,0.0,0.19272184039153253,9.623296894070638e-08,0.0,0.0,0.5,0.0,1,0.05957,-0.78069,49.29224,9.50494,40.0,54.0,12295.0,0.0,0.20315,0.00016,0.3153500824189429,0.19338324065864865,0.5
YDL204W,3,0.00021626119433377797,0.21421550467856562,1.8669842219481097e-06,0.0,1.0,0.5,0.0,0,0.07379,-0.62137,34.36387,9.20831,44.0,51.0,24870.0,0.0,0.56066,0.00021,0.0,0.0,0.5
YMR110C,1,0.0,0.17548274901574537,2.920584874394677e-08,0.0,0.0,0.0,0.0,0,0.10526,-0.1438,38.98086,6.30011,62.0,58.0,52675.0,0.0,0.87824,0.00011,0.0,0.0,0.0
YOL065C,5,0.00012802207206858703,0.2356027073904609,3.936212164072173e-06,0.1,2.561676646706587,0.3333333333333333,5.25,0,0.11198,-0.27083,38.2737,7.54938,40.0,41.0,70455.0,0.0,1.60862,0.00017,0.0,0.0,0.5
YDL207W,5,3.083430525020358e-05,0.2314098721862315,1.6500699253258755e-05,0.3,0.0,0.25,9.075,1,0.06506,-0.63253,55.05967,9.00897,74.0,83.0,53565.0,0.0,0.86294,0.00015,0.3153500824189429,0.13944903000175835,0.5
YIL115C,9,0.0001399556616627143,0.2338528729589137,1.0586895392760902e-05,0.1388888888888889,1.863102998696219,0.25,7.2,1,0.07603,-0.59452,48.69062,4.72821,219.0,141.0,52550.0,0.0,0.3307,3e-05,0.6846499175810571,0.183130042784624,0.5491465160307231
YNL124W,6,0.00047354776045596735,0.22412683827921107,0.00015842951530838507,0.13333333333333333,4.7766069546891465,0.5,2.833333333333333,1,0.06504,-1.0437,66.199,4.67609,78.0,47.0,24995.0,0.0,0.45488,9e-05,0.3153500824189429,0.19338324065864865,0.5202427416043522
YLR426W,3,0.0002475171047158503,0.2408022864238787,1.4615608318120635e-05,0.0,1.0,0.0,0.0,0,0.09202,0.2227,41.05862,9.18512,25.0,36.0,34265.0,0.0,0.93425,0.00025,0.0,0.0,0.5
YDL210W,3,0.0009250325688489209,0.2238423122569199,7.591955368008434e-06,0.0,1.0,0.0,0.0,0,0.12259,0.47356,36.5811,6.24249,41.0,39.0,114510.0,0.0,1.85075,0.0001,0.0,0.0,0.5
YGL230C,3,0.0002249067785232085,0.18527768389692012,1.2372362285361795e-07,0.0,0.0,0.0,0.0,0,0.12925,-0.19728,23.33061,8.54205,15.0,18.0,25035.0,0.0,1.4503,0.00049,0.0,0.0,0.0
YDL212W,1,0.0,0.17721112182012155,1.3862888221119508e-08,0.0,1.0,0.5,0.0,1,0.10952,0.07381,33.96052,8.21344,18.0,20.0,29045.0,0.0,1.23532,0.00035,0.3153500824189429,0.19338324065864865,0.5966916203293243
YDR508C,4,0.00025159589180162,0.2167966682376198,9.208423780207843e-07,0.16666666666666666,2.2596291012838803,0.0,0.0,0,0.11614,0.11071,37.92765,7.84344,61.0,63.0,111865.0,0.0,1.51996,0.00011,0.0,0.0,0.5
YFR032C,1,0.0,0.22349050168705759,0.00015020519756528134,0.0,1.0,0.0,0.0,0,0.06228,-0.51211,42.89066,6.23431,34.0,32.0,17795.0,0.0,0.55846,0.0002,0.0,0.0,0.5
YEL013W,8,0.0007277546144481469,0.26397548687199973,0.0001087879647114305,0.0,4.047830923248053,0.0,0.0,0,0.04325,-0.11782,44.84431,5.0025,74.0,53.0,29015.0,0.0,0.45905,8e-05,0.0,0.0,0.5
YML011C,5,0.0004705556557195858,0.2281757158898247,3.0231213589042285e-06,0.0,2.8453292496171514,1.0,0.0,0,0.07345,-0.02712,39.70621,4.66669,29.0,19.0,17585.0,0.0,0.86753,0.00023,0.0,0.0,0.5
YDL215C,2,1.0828627347343215e-05,0.19412218844792686,1.3395278458046897e-07,0.0,1.0,0.0,0.0,0,0.10623,-0.30375,34.39755,5.47565,144.0,118.0,103820.0,0.0,0.83503,4e-05,0.0,0.0,0.5
YPR048W,4,0.00029713474658532536,0.20238403449224202,4.023831955405276e-07,0.0,0.0,0.0,0.0,1,0.11075,-0.47897,36.40193,8.70831,81.0,89.0,93835.0,0.0,1.29737,0.00012,0.3153500824189429,0.0,0.0
YMR025W,6,0.0013072431034248113,0.2417663936420514,7.446927602926505e-06,0.06666666666666667,1.7677595628415301,0.5,2.3956043956043955,0,0.07797,-0.38644,30.03492,5.14777,45.0,37.0,30410.0,0.0,0.88096,0.00015,0.0,0.0,0.5
YHR102W,9,0.0055151105321179185,0.2344249444413701,9.234983630401985e-06,0.0,2.5294840294840295,0.0,0.0,1,0.05463,-0.61037,43.90972,8.12189,103.0,106.0,71710.0,0.0,0.61259,7e-05,0.6846499175810571,0.0,0.5
YDL218W,1,0.0,0.20694458735625199,1.6727326890238116e-06,0.0,1.0,0.0,0.0,0,0.10095,-0.17666,31.76722,8.15094,23.0,25.0,44070.0,0.0,1.27927,0.00024,0.0,0.0,0.5
YDL219W,1,0.0,0.21645601057085803,2.798148520361548e-06,0.0,1.0,0.0,0.0,0,0.05333,-0.18,38.44133,6.83929,22.0,22.0,8605.0,0.0,0.51388,0.00041,0.0,0.0,0.5
YDL220C,4,7.337271919805232e-05,0.1993815484768883,1.1408161863339326e-06,0.16666666666666666,3.4137235116044398,0.0,10.333333333333332,1,0.08983,-0.38593,48.70748,6.14484,117.0,107.0,66220.0,0.0,0.63125,6e-05,0.6846499175810571,0.0,0.5
YDR082W,4,0.00024173610494295216,0.22842401571538623,1.0814774165237999e-05,0.16666666666666666,1.2461752433936022,0.0,3.2666666666666666,1,0.11134,-0.35223,34.72551,5.44257,66.0,53.0,82250.0,0.0,1.43019,9e-05,0.3153500824189429,0.0,0.5
YLR010C,2,0.0,0.18613041655514603,1.9705862745149642e-07,1.0,1.0,0.5,2.2666666666666666,1,0.10625,-0.115,41.66375,6.94916,20.0,20.0,12085.0,0.0,0.64958,0.00037,0.3153500824189429,0.19338324065864865,0.5966916203293243
YDL221W,1,0.0,0.22409265697094827,5.9054157191823046e-06,0.0,0.0,0.0,0.0,1,0.13115,0.12678,63.83721,9.0119,9.0,16.0,32190.0,0.0,1.58875,0.00044,0.3153500824189429,0.0,0.0
YDL224C,4,9.109589081941388e-05,0.25003554482561113,1.325996768902363e-05,0.0,2.6677704194260485,0.0,0.0,0,0.06626,-0.56857,57.0225,6.47357,55.0,50.0,29630.0,0.0,0.41916,9e-05,0.0,0.0,0.5
YDR264C,10,0.0009237780993147722,0.2246064738242904,4.211742875085264e-06,0.044444444444444446,4.258670520231214,0.0,5.125,0,0.11257,-0.00838,29.34582,5.42987,86.0,64.0,116780.0,0.0,1.36045,6e-05,0.0,0.0,0.5
YEL064C,4,5.899652053812653e-05,0.2019205100671304,7.149478026389072e-07,0.0,3.353211009174312,0.0,0.0,0,0.1,0.3875,27.22752,8.7757,34.0,41.0,38275.0,0.0,0.71779,0.00016,0.0,0.0,0.5
YKL126W,2,7.1559003055080666e-06,0.20113737248017538,7.377506702896369e-07,0.0,1.0,0.0,0.0,0,0.09853,-0.39279,38.4865,6.07391,86.0,79.0,77865.0,0.0,1.01812,8e-05,0.0,0.0,0.5
YKR088C,1,0.0,0.1967035544522768,6.762362008993636e-07,0.0,1.0,0.0,0.0,0,0.11869,0.25045,40.01964,5.89264,31.0,27.0,41495.0,0.0,1.08311,0.00015,0.0,0.0,0.5
YOL129W,4,0.00011677225446187701,0.2269422701439211,4.500638667306653e-06,0.0,2.5382513661202184,0.0,0.0,0,0.13587,0.58587,22.66793,5.19574,14.0,11.0,34295.0,0.0,1.70613,0.00026,0.0,0.0,0.5
YOR327C,7,0.0004347045314799223,0.23332062961284727,0.0013844073361810722,0.0,4.436754176610979,0.0,0.0,0,0.06087,-0.16261,50.15391,8.85028,13.0,15.0,14105.0,0.0,1.08861,0.00068,0.0,0.0,0.5
YPR113W,2,1.64288499062751e-06,0.2048385992228403,1.4493915612902708e-06,0.0,1.0,0.3333333333333333,0.0,1,0.13636,0.10045,38.36232,8.89435,14.0,19.0,41995.0,0.0,1.69175,0.00036,0.3153500824189429,0.16204621790391252,0.5810231089519563
YDL230W,2,3.633830432227042e-05,0.2523399539341418,8.875020155009273e-05,0.0,2.0,0.0,0.0,0,0.10448,-0.53343,39.25406,8.16547,38.0,40.0,64455.0,0.0,1.65832,0.00021,0.0,0.0,0.5
YDL232W,8,2.567577689488428e-06,0.19884192589992888,6.778960121625838e-07,0.9642857142857143,3.851063829787234,0.5,4.583333333333334,1,0.05556,0.66111,38.83889,4.5351,3.0,1.0,1490.0,0.0,0.37393,0.00114,0.3153500824189429,0.19338324065864865,0.5251077688147969
YGL226CA,8,2.567577689488428e-06,0.19884192589992888,6.778960121625838e-07,0.9642857142857143,0.0,0.0,4.583333333333334,0,0.0,0.0,0.0,0.0,0.0,0.0,0.0,0.0,0.0,0.0,0.0,0.0,0.0
YML019W,8,0.000684318653883972,0.2350374116382577,2.3041747472883812e-05,0.75,1.6315165876777251,0.5,7.083333333333333,0,0.1506,0.39337,50.0362,8.68365,21.0,26.0,55195.0,0.0,1.45671,0.00023,0.0,0.0,0.5
YOR085W,8,2.567577689488428e-06,0.19884192589992888,6.778960121625839e-07,0.9642857142857143,1.6305309734513274,0.5,4.583333333333334,0,0.13143,0.40343,35.58714,8.68768,24.0,28.0,36035.0,0.0,0.91267,0.00022,0.0,0.0,0.5
YOR103C,8,2.567577689488428e-06,0.19884192589992888,6.778960121625839e-07,0.9642857142857143,1.345132743362832,0.5,16.0,1,0.14615,0.68385,30.50615,9.43231,6.0,13.0,3605.0,0.0,0.24528,0.00064,0.3153500824189429,0.19338324065864865,0.5718825861658793
YDL233W,4,0.000498224527798925,0.2553807227434982,6.837743846179961e-05,0.0,1.9213161659513591,1.0,0.0,0,0.09825,-0.39345,47.20808,8.59332,39.0,42.0,39100.0,0.0,0.76189,0.00017,0.0,0.0,0.5
YDL235C,2,3.943737584553027e-06,0.1859184586788496,4.1202900626207047e-07,0.0,1.0,0.5,0.0,1,0.07186,-0.3491,30.71976,4.57684,28.0,17.0,15595.0,0.0,0.81358,0.00024,0.3153500824189429,0.19338324065864865,0.5966916203293243
YIL147C,2,0.00012403055642273698,0.2213359437274314,2.097388240458494e-05,0.0,1.9595015576323989,0.0,0.0,1,0.06803,-0.32566,43.87747,7.06781,137.0,136.0,73075.0,0.0,0.54358,5e-05,0.6846499175810571,0.0,0.5
YDL236W,1,0.0,0.24106565980944566,9.591623407287666e-06,0.0,1.0,0.0,0.0,0,0.10577,-0.17917,34.73561,6.00397,36.0,34.0,30995.0,0.0,0.89518,0.00017,0.0,0.0,0.5
YDL237W,2,0.00021149327066866054,0.199942244081985,1.16622043631765e-06,0.0,0.0,0.0,0.0,0,0.11282,-0.20641,34.93285,5.3432,52.0,40.0,66070.0,0.0,1.48866,0.00012,0.0,0.0,0.0
YLR085C,1,0.0,0.165787605975235,1.5559209081726077e-08,0.0,0.0,0.5,0.0,0,0.11872,-0.34612,41.47443,5.32916,60.0,45.0,63465.0,0.0,1.2682,0.00011,0.0,0.0,0.0
YPR148C,2,0.0004229865413373211,0.2517922348360955,8.870261185826157e-05,0.0,1.0,0.0,0.0,0,0.06667,-0.90046,40.56299,4.66852,95.0,60.0,33055.0,0.0,0.67077,9e-05,0.0,0.0,0.5
YDR148C,12,0.0027669594199290944,0.2854080061686969,0.0001454231555371012,0.15151515151515152,11.119477911646586,0.0,32.33333333333333,0,0.05184,-0.37948,37.20778,8.87714,60.0,65.0,17545.0,0.0,0.34791,0.00018,0.0,0.0,0.5
YDR273W,2,1.454216324299152e-05,0.23034575196088852,6.050793631172435e-06,0.0,1.0,0.0,0.0,0,0.04658,-0.75534,47.48603,4.77216,68.0,46.0,9315.0,0.0,0.23194,0.00012,0.0,0.0,0.5
YHR184W,3,0.00010458648623510789,0.23398941850817576,0.001383202620679202,0.0,1.5485651214128036,0.0,6.666666666666667,0,0.07881,-0.91138,54.76692,5.59747,89.0,78.0,52870.0,0.0,0.80332,9e-05,0.0,0.0,0.5
YKL042W,6,6.180606990699481e-05,0.2366525288707534,4.163125652375932e-06,0.3333333333333333,3.262564102564103,0.3333333333333333,22.5,1,0.06061,-1.16612,55.9595,7.66791,58.0,59.0,22600.0,0.0,0.53465,0.00018,0.3153500824189429,0.16204621790391252,0.5248341814612252
YKL192C,3,0.00022445122793203834,0.22243044985747923,1.8327653423130344e-05,0.0,0.0,0.0,0.0,1,0.064,-0.2544,55.13368,4.79425,19.0,14.0,4595.0,0.0,0.32957,0.00034,0.3153500824189429,0.0,0.0
YLR072W,2,0.0006344798120059816,0.21777130003337236,9.354847410212763e-07,0.0,1.0,0.4,0.0,0,0.09524,-0.43304,40.77994,5.86432,84.0,75.0,92790.0,0.0,1.1864,7e-05,0.0,0.0,0.5
YLR242C,1,0.0,0.2177067688302807,9.352641188719418e-07,0.0,1.0,0.3333333333333333,0.0,0,0.15888,0.32741,28.12773,9.10406,23.0,34.0,86260.0,0.0,2.25848,0.00024,0.0,0.0,0.5
YMR124W,7,0.0009216648737974516,0.2527305730578789,1.0464676466572513e-05,0.09523809523809523,2.711775043936731,0.0,12.5,0,0.0562,-1.06957,59.43022,6.43524,114.0,110.0,38280.0,0.0,0.36143,6e-05,0.0,0.0,0.5
YNL201C,12,0.0017052078779253735,0.2557066335214063,1.4071383286181512e-05,0.0,4.310096153846154,1.0,0.0,0,0.08159,-0.43159,44.81669,4.95013,136.0,91.0,55710.0,0.0,0.56817,5e-05,0.0,0.0,0.5
YNR012W,10,0.0012656088339260132,0.26821579892154085,3.8451465095262435e-05,0.022222222222222223,4.067164179104478,0.5,0.0,0,0.07784,-0.06387,37.54575,7.60492,57.0,58.0,49360.0,0.0,0.8768,0.00014,0.0,0.0,0.5
YOL091W,5,0.00012851003806482741,0.24315332645350118,3.2397790449377646e-05,0.0,2.578767123287671,0.0,0.0,0,0.07389,-0.878,48.90034,8.89447,80.0,92.0,43875.0,0.0,0.62788,0.00013,0.0,0.0,0.5
YOR324C,8,0.0016442190442057937,0.2609903289091488,0.0002314290946296547,0.0,5.764512595837897,0.5,0.0,0,0.07143,-0.61844,54.90002,9.40399,64.0,79.0,22975.0,0.0,0.34142,0.00014,0.0,0.0,0.5
YOR373W,6,0.00016817201229923651,0.2537343380691604,7.625058603107345e-05,0.13333333333333333,2.6084275436793423,0.3333333333333333,2.2666666666666666,1,0.06228,-0.59589,35.71974,6.55353,88.0,83.0,61725.0,0.0,0.65593,7e-05,0.3153500824189429,0.16204621790391252,0.5310620508314631
YDL240W,2,1.1987496210845351e-05,0.21897206573322356,2.2868977666425063e-05,0.0,1.0,0.0,0.0,0,0.09145,-0.36096,43.40817,8.54144,115.0,128.0,110330.0,0.0,0.94582,7e-05,0.0,0.0,0.5
YDL241W,1,0.0,0.22409265697094827,5.9054157191823046e-06,0.0,0.0,0.0,0.0,0,0.13821,-0.17967,34.47333,6.80511,9.0,9.0,12420.0,0.0,0.9204,0.0005,0.0,0.0,0.0
YDL243C,1,0.0,0.2002601606067383,7.696734181960953e-07,0.0,0.0,0.0,0.0,0,0.1003,-0.36231,43.00277,6.33221,42.0,39.0,63620.0,0.0,1.72055,0.00017,0.0,0.0,0.0
YNL331C,5,0.0002212340424189607,0.2523255097467386,5.6539953612581867e-05,0.2,3.356512141280353,0.0,2.5,0,0.09574,-0.2758,49.34418,6.28363,47.0,44.0,69120.0,0.0,1.64609,0.00015,0.0,0.0,0.5
YDL246C,6,9.229901670999272e-05,0.2577098307673501,5.084230772465408e-05,0.4,3.3620309050772628,0.0,9.9,0,0.08683,-0.01457,25.85546,6.26373,40.0,37.0,21610.0,0.0,0.56725,0.00016,0.0,0.0,0.5
YJR037W,3,0.00021035369721395124,0.25633114236643156,5.3567977403629295e-05,0.3333333333333333,1.8923327895595432,0.0,0.0,0,0.11024,-0.23071,55.96299,4.64081,17.0,11.0,10095.0,0.0,0.70085,0.00032,0.0,0.0,0.5
YJR159W,7,0.0009574439771234488,0.26508669524779144,5.727565274182814e-05,0.2857142857142857,5.039735099337748,0.0,14.5,0,0.08683,-0.02493,25.64426,6.46344,40.0,38.0,21610.0,0.0,0.56622,0.00017,0.0,0.0,0.5
YDL247W,1,0.0,0.22001031419821937,4.534914890258272e-06,0.0,0.0,0.0,0.0,0,0.0,0.0,0.0,0.0,0.0,0.0,0.0,0.0,0.0,0.0,0.0,0.0,0.0
YGL252C,2,5.019811437680153e-05,0.21681799494739676,2.048446389948381e-05,0.0,1.7971830985915493,0.0,0.0,0,0.07993,-0.21139,39.90939,8.16779,73.0,76.0,68520.0,0.0,1.04497,0.00012,0.0,0.0,0.5
YLR270W,3,1.194286781648689e-05,0.19757638184193999,3.8989651571211603e-07,0.0,0.0,0.0,0.0,0,0.10286,-0.42229,50.48057,5.84991,47.0,40.0,63300.0,0.0,1.55264,0.00014,0.0,0.0,0.0
YDR002W,6,0.0002836607161892403,0.24561913719705372,1.884935949154729e-05,0.2,4.030952380952381,0.5,5.0,1,0.0796,-0.98905,44.2791,5.84552,44.0,41.0,15845.0,0.0,0.69033,0.00025,0.3153500824189429,0.19338324065864865,0.523987289154351
YMR235C,6,0.0004451975669699277,0.23575391246526492,1.0601917669504964e-05,0.06666666666666667,3.562764456981664,0.0,7.083333333333334,1,0.06634,-0.27666,35.6027,4.5307,82.0,41.0,19535.0,0.0,0.42639,0.0001,0.3153500824189429,0.0,0.5
YDR003W,1,0.0,0.19406236651003847,9.225362900489404e-08,0.0,0.0,0.0,0.0,0,0.10952,-0.74429,65.60052,5.18964,30.0,24.0,31065.0,0.0,1.28312,0.00021,0.0,0.0,0.0
YDR004W,8,0.00015836585271171774,0.22274515691134528,1.7966552330669982e-06,0.25,7.707135250266241,1.0,20.22380952380952,0,0.08696,-0.35522,46.66522,6.19281,56.0,52.0,52425.0,0.0,1.00341,0.00012,0.0,0.0,0.5
YDR076W,4,0.0,0.20863908818986762,4.0625898982212274e-07,1.0,3.8780487804878048,1.0,29.5,0,0.08867,-0.35591,52.14975,6.36591,53.0,51.0,29295.0,0.0,0.63205,0.00014,0.0,0.0,0.5
YGL163C,4,0.0,0.20863908818986762,4.0625898982212274e-07,1.0,3.9424920127795526,1.0,21.101190476190474,0,0.0657,-0.57617,40.18853,9.14935,111.0,134.0,76385.0,0.0,0.75069,9e-05,0.0,0.0,0.5
YJL023C,2,3.669198861476478e-05,0.2128295990380226,6.008338915607507e-05,0.0,1.960088691796009,0.0,0.0,0,0.10375,-0.59337,37.91905,9.74994,37.0,59.0,37275.0,0.0,0.93627,0.00024,0.0,0.0,0.5
YDR005C,3,0.0003316065968695574,0.2609439800672186,0.00013105432922808227,0.0,2.6739130434782608,0.5,0.0,0,0.10127,-0.85747,54.00281,5.14655,52.0,43.0,49445.0,0.0,1.10535,0.00012,0.0,0.0,0.5
YDR006C,1,0.0,0.18941761151923012,3.566532458392466e-07,0.0,0.0,1.0,0.0,0,0.06548,-0.5576,53.68768,9.19073,86.0,103.0,72405.0,0.0,0.71631,9e-05,0.0,0.0,0.0
YOR242C,3,4.634281666701492e-05,0.19497220820361463,5.862646315081206e-07,0.0,2.3128295254833042,0.0,0.0,0,0.12668,-0.67412,49.26313,8.88348,48.0,55.0,52425.0,0.0,1.21638,0.00021,0.0,0.0,0.5
YDR008C,1,0.0,0.25173471847841494,8.868705264917986e-05,0.0,0.0,0.0,0.0,0,0.0,0.0,0.0,0.0,0.0,0.0,0.0,0.0,0.0,0.0,0.0,0.0,0.0
YDR009W,3,3.73417545236561e-06,0.21778205895338787,1.8067517072535196e-06,0.3333333333333333,1.6239103362391034,0.0,2.011111111111111,0,0.10192,-0.24462,35.31425,6.51349,59.0,56.0,47800.0,0.0,0.82232,0.00011,0.0,0.0,0.5
YDR010C,1,0.0,0.25173471847841494,8.868705264917986e-05,0.0,1.0,0.0,0.0,0,0.13636,-0.11909,22.94555,9.50104,9.0,15.0,24450.0,0.0,1.92617,0.00075,0.0,0.0,0.5
YDR013W,1,0.0,0.18722134870569224,1.3903133444660912e-07,0.0,0.0,1.0,0.0,1,0.08173,-0.45433,51.24231,5.04364,31.0,25.0,20900.0,0.0,0.86352,0.00021,0.3153500824189429,0.23974612282610783,0.5
YDR016C,9,0.00046111164820667914,0.2561375162856202,3.029358606214826e-05,0.16666666666666666,3.1333333333333333,0.25,7.285714285714286,1,0.05319,-0.45745,63.28723,4.2077,16.0,7.0,8480.0,0.0,0.80642,0.0004,0.3153500824189429,0.13944903000175835,0.5222525047875146
YKL052C,4,0.00011359555726077074,0.23663982474100942,6.278858688485648e-05,0.16666666666666666,1.0,0.25,2.333333333333333,1,0.03425,-0.90171,55.76199,4.59503,51.0,23.0,8730.0,0.0,0.27221,0.00014,0.3153500824189429,0.13944903000175835,0.5697245150008792
YKR037C,6,0.00038972888088558517,0.268673532960049,9.806305191283824e-05,0.3333333333333333,1.7327044025157232,0.25,8.666666666666666,1,0.07458,-0.66508,53.61627,8.3327,46.0,48.0,19160.0,0.0,0.56225,0.00024,0.3153500824189429,0.13944903000175835,0.5402402827046816
YDR017C,1,0.0,0.19969768303323018,9.904945572892943e-07,0.0,1.0,0.0,0.0,0,0.07143,-0.86629,49.27772,6.32501,151.0,138.0,90700.0,0.0,0.75869,5e-05,0.0,0.0,0.5
YDR018C,1,0.0,0.2001147019827276,6.122545511766106e-07,0.0,0.0,0.0,0.0,0,0.13636,-0.06414,26.50962,9.58282,29.0,50.0,67685.0,0.0,1.47339,0.00021,0.0,0.0,0.0
YDR479C,4,0.0004602279396242391,0.2520946274319755,4.6306928907926544e-05,0.0,1.9793478260869566,0.0,0.0,0,0.10108,-0.32996,43.9367,5.80914,67.0,59.0,86540.0,0.0,1.36194,9e-05,0.0,0.0,0.5
YDR020C,1,0.0,0.21014094747940715,5.312207467427796e-07,0.0,0.0,0.5,0.0,0,0.07328,-0.44741,40.36853,4.80402,38.0,26.0,22140.0,0.0,0.8325,0.00018,0.0,0.0,0.0
YDR021W,1,0.0,0.18030622771905772,3.961419940883217e-06,0.0,1.0,0.5,0.0,1,0.07268,-0.25063,36.04965,9.08795,49.0,58.0,30535.0,0.0,0.67536,0.0002,0.3153500824189429,0.19338324065864865,0.5966916203293243
YDR027C,2,1.342419593965592e-05,0.2008624193600439,1.6863199592371336e-07,0.0,0.0,0.0,0.0,0,0.07649,-0.45467,45.35549,5.94733,122.0,109.0,72990.0,0.0,0.71898,6e-05,0.0,0.0,0.0
YLR262C,11,0.0053612045643102796,0.24067081542233695,5.5420007694738025e-06,0.09090909090909091,3.265159301130524,0.0,9.818181818181818,0,0.08837,-0.55395,43.70279,5.66229,33.0,31.0,23295.0,0.0,0.95423,0.00023,0.0,0.0,0.5
YER027C,6,1.4643785531448359e-05,0.22567586419267513,2.940951730719022e-06,0.6,3.4334763948497855,0.3333333333333333,8.149999999999999,0,0.07194,-0.81631,43.83118,4.6861,58.0,29.0,42985.0,0.0,0.92148,0.0001,0.0,0.0,0.5
YNL076W,2,0.00021149327066866054,0.19291582736435553,3.7399363469217105e-07,0.0,1.3826998689384011,1.0,0.0,0,0.05993,-1.03031,57.26389,9.35626,64.0,77.0,34630.0,0.0,0.52756,0.00014,0.0,0.0,0.5
YDR030C,1,0.0,0.18207875486474695,2.500254683137504e-06,0.0,1.0,1.0,12.0,0,0.09091,-0.6832,44.96958,6.49176,66.0,64.0,72070.0,0.0,1.23768,0.00011,0.0,0.0,0.5
YDR031W,1,0.0,0.25173471847841494,8.868705264917986e-05,0.0,1.0,0.0,0.0,0,0.03306,-0.52479,61.45207,5.50824,20.0,18.0,3980.0,0.0,0.28703,0.0004,0.0,0.0,0.5
YDR342C,6,0.0017160803615345725,0.23172615545789432,5.85845334019745e-06,0.0,2.2259786476868326,0.0,0.0,0,0.12807,0.36246,37.04446,7.89435,44.0,46.0,110125.0,0.0,1.75542,0.00013,0.0,0.0,0.5
YDR417C,1,0.0,0.22001031419821937,4.534914890258272e-06,0.0,0.0,0.0,0.0,0,0.0,0.0,0.0,0.0,0.0,0.0,0.0,0.0,0.0,0.0,0.0,0.0,0.0
YDR438W,2,0.00023699429170531596,0.25884478304612585,9.322196753943812e-05,0.0,1.674074074074074,0.0,0.0,0,0.13514,0.7273,31.89784,5.74982,26.0,22.0,54025.0,0.0,1.30545,0.00014,0.0,0.0,0.5
YDR456W,2,0.00011048631283541183,0.22543349980952865,5.043850011112936e-06,0.0,1.9328107502799552,0.0,0.0,0,0.11216,0.38483,41.99259,4.66449,59.0,35.0,73645.0,0.0,1.04986,7e-05,0.0,0.0,0.5
YER038C,2,0.00020818612118061468,0.220076218436122,4.538239758213049e-06,0.0,1.0,0.5,0.0,1,0.11638,-0.41832,43.84075,5.12445,73.0,57.0,30465.0,0.0,0.56657,0.0001,0.3153500824189429,0.19338324065864865,0.5966916203293243
YER043C,1,0.0,0.22001031419821937,4.534914890258272e-06,0.0,1.0,0.0,0.0,1,0.0735,0.00379,35.82762,5.8266,55.0,44.0,41255.0,0.0,0.8398,0.00012,0.3153500824189429,0.0,0.5
YER044C,3,0.00017289182517765802,0.24263136587822123,2.425344895413322e-05,0.0,2.0,0.5,0.0,0,0.16892,0.33108,33.00209,9.41998,8.0,14.0,35660.0,0.0,2.08112,0.00055,0.0,0.0,0.5
YER064C,5,0.00034766712029765814,0.23669064944563592,1.2085376942422564e-05,0.0,2.10989010989011,1.0,0.0,0,0.05743,-0.55921,55.61069,9.19977,59.0,70.0,22390.0,0.0,0.39532,0.00016,0.0,0.0,0.5
YFR046C,1,0.0,0.22001031419821937,4.534914890258272e-06,0.0,0.0,0.5,0.0,0,0.04155,-0.82438,55.61274,4.6015,70.0,42.0,12950.0,0.0,0.31347,0.00011,0.0,0.0,0.0
YFR055W,3,0.0003093643041934169,0.2360316264336862,4.5237538853635826e-05,0.0,1.816304347826087,0.0,0.0,0,0.07647,-0.06706,28.08444,5.74738,41.0,34.0,46910.0,0.0,1.26883,0.00016,0.0,0.0,0.5
YGL125W,1,0.0,0.22001031419821937,4.534914890258272e-06,0.0,1.0,0.0,0.0,0,0.10167,-0.33833,40.31237,5.48187,74.0,57.0,110000.0,0.0,1.60445,8e-05,0.0,0.0,0.5
YGL169W,2,0.0001534627683978249,0.22349050168705759,5.234450951998724e-06,0.0,1.0,0.3333333333333333,0.0,1,0.05634,-0.14061,37.27394,6.77142,50.0,49.0,23545.0,0.0,0.50593,0.00015,0.3153500824189429,0.16204621790391252,0.5810231089519563
YGL223C,5,9.225368455128035e-05,0.23945497611361416,7.184715237021623e-06,0.6,0.0,0.0,13.25,0,0.08153,-0.41175,37.01058,5.12445,55.0,40.0,33515.0,0.0,0.69337,0.00011,0.0,0.0,0.0
YGR111W,2,2.1838781590450753e-05,0.22180369604888414,4.8486477746168826e-06,0.0,1.8834285714285715,0.0,0.0,0,0.125,-0.5445,36.39577,5.94781,58.0,50.0,78560.0,0.0,1.6834,0.00013,0.0,0.0,0.5
YGR124W,2,8.073977557733806e-06,0.22226222232014942,4.601996026519888e-06,0.0,1.0,0.0,0.0,0,0.1014,-0.38549,36.94948,5.53375,85.0,66.0,94405.0,0.0,1.46155,9e-05,0.0,0.0,0.5
YGR295C,1,0.0,0.22001031419821937,4.534914890258272e-06,0.0,1.0,0.0,0.0,0,0.16798,-0.13701,41.55493,9.11896,43.0,53.0,108120.0,0.0,2.36702,0.0002,0.0,0.0,0.5
YHR060W,10,0.0029688850494564477,0.2685262338739963,0.00010065093650417498,0.08888888888888889,3.796551724137931,0.0,1.7999999999999998,0,0.07735,-0.9442,62.76409,5.44366,29.0,26.0,20525.0,0.0,0.97379,0.00026,0.0,0.0,0.5
YIL145C,3,0.000272539035460766,0.23591793713007886,1.0458982579350343e-05,0.0,1.7026666666666668,0.5,0.0,0,0.08414,-0.09773,34.64919,5.27252,40.0,32.0,24910.0,0.0,0.71107,0.00015,0.0,0.0,0.5
YIR026C,2,2.4178097454389296e-05,0.23211661604315326,0.00017394703529440987,0.0,1.994541484716157,0.0,0.0,0,0.09341,-0.42005,41.61923,8.25739,44.0,47.0,38025.0,0.0,0.92328,0.0002,0.0,0.0,0.5
YJL185C,3,2.1530010960506644e-05,0.2253528273235276,4.6723817022497e-06,0.0,0.0,0.0,0.0,0,0.09898,-0.6802,57.73891,4.99847,46.0,32.0,34420.0,0.0,1.02016,0.00015,0.0,0.0,0.0
YJR075W,4,0.00013345599797915273,0.2216587044438841,4.734704190109228e-06,0.5,1.0,0.0,8.0,0,0.11364,-0.38838,50.08515,7.8371,46.0,47.0,70025.0,0.0,1.51254,0.00017,0.0,0.0,0.5
YLR328W,7,0.0006251451432135711,0.25852598998742143,6.075606307337283e-05,0.14285714285714285,4.337197049525817,0.5,24.5,0,0.07481,-0.55761,47.37681,6.40192,56.0,50.0,40840.0,0.0,0.89057,0.00014,0.0,0.0,0.5
YMR064W,2,0.00021149327066866054,0.22003227789136087,4.536029275488615e-06,0.0,0.0,0.0,0.0,0,0.09266,-0.1749,44.67956,9.35333,51.0,69.0,44320.0,0.0,0.7418,0.00016,0.0,0.0,0.0
YMR094W,7,0.00037071712434221394,0.22883905182347108,4.957297166117932e-06,0.19047619047619047,5.017456359102244,0.5,2.0723981900452486,1,0.11715,-0.36987,45.69205,9.17706,60.0,73.0,81540.0,0.0,1.44741,0.00016,0.3153500824189429,0.19338324065864865,0.5192710436143434
YMR187C,3,0.00027418962128311104,0.2593320776135736,0.00010757918491754129,0.0,1.2940251572327044,0.0,0.0,0,0.14385,0.01323,50.93923,9.13214,31.0,48.0,106405.0,0.0,2.11594,0.00018,0.0,0.0,0.5
YOR009W,1,0.0,0.22001031419821937,4.534914890258272e-06,0.0,0.0,0.0,0.0,0,0.0308,0.17967,61.23203,4.04449,37.0,12.0,22515.0,0.0,0.47055,8e-05,0.0,0.0,0.0
YPL102C,1,0.0,0.22001031419821937,4.534914890258272e-06,0.0,0.0,0.0,0.0,0,0.15,0.541,33.9571,8.32269,8.0,10.0,15065.0,0.0,1.29239,0.00071,0.0,0.0,0.0
YPL114W,2,0.00021149327066866054,0.22003227789136087,4.536029275488615e-06,0.0,0.0,0.0,0.0,0,0.07914,0.39353,75.85036,9.96075,3.0,11.0,8980.0,0.0,0.59417,0.00066,0.0,0.0,0.0
YPL178W,5,0.0001405608629329083,0.2406314021112246,1.666091832807492e-05,0.0,3.815523059617548,0.3333333333333333,0.0,0,0.12019,-0.70337,47.28659,5.01605,34.0,27.0,13910.0,0.0,0.58509,0.00021,0.0,0.0,0.5
YPR136C,2,9.787103352475635e-05,0.2360063526756357,4.5229458780136883e-05,0.0,1.816304347826087,0.0,0.0,1,0.12353,0.45294,53.05353,9.07965,9.0,15.0,10845.0,0.0,0.58803,0.00049,0.3153500824189429,0.0,0.5
YDR036C,7,2.3251961017107762e-05,0.22451495646712455,3.2279827491490755e-06,0.5714285714285714,6.988911290322581,0.0,10.25,0,0.094,-0.3176,45.7768,8.56635,52.0,57.0,48330.0,0.0,0.85862,0.00015,0.0,0.0,0.5
YGR150C,5,8.833332929805072e-05,0.21107674081955197,1.404747297458087e-06,0.3,4.459132189707367,0.0,5.333333333333333,0,0.10532,-0.49387,41.97663,8.7464,115.0,125.0,104835.0,0.0,1.03366,9e-05,0.0,0.0,0.5
YHR019C,6,0.00017133673469052311,0.2090943295358848,2.2930219468528666e-05,0.26666666666666666,4.445930880713489,0.0,3.866666666666667,1,0.08845,-0.37978,40.41319,5.59589,81.0,70.0,57395.0,0.0,0.92266,9e-05,0.3153500824189429,0.0,0.5
YLL018C,5,0.00022614702185939087,0.18910882262014259,2.903313957766922e-06,0.3,1.9177001127395716,0.0,2.033333333333333,1,0.08438,-0.5316,46.06738,6.15802,90.0,84.0,32695.0,0.0,0.51476,0.0001,0.3153500824189429,0.0,0.5
YDR038C,1,0.0,0.00028477858465043426,1.508668400601407e-18,0.0,0.0,0.0,0.0,0,0.08524,-0.05729,36.3473,5.32745,131.0,104.0,127250.0,0.0,1.05782,4e-05,0.0,0.0,0.0
YDR380W,2,0.0,0.00042716787697565144,2.133579316030893e-18,0.0,0.0,0.0,0.0,0,0.10236,-0.21591,33.6074,6.09821,70.0,63.0,77710.0,0.0,1.08863,9e-05,0.0,0.0,0.0
YOR205C,2,0.0,0.18894670618412016,8.317292846343157e-08,1.0,1.532520325203252,0.0,4.0,0,0.10252,-0.49281,40.36424,9.34943,56.0,80.0,73575.0,0.0,1.15226,0.00015,0.0,0.0,0.5
YDR042C,2,9.040109048034015e-06,0.24061826720936264,5.861846396718125e-05,0.0,1.0,0.0,0.0,0,0.135,-0.2205,35.17855,9.99371,12.0,25.0,28420.0,0.0,1.22244,0.00043,0.0,0.0,0.5
YLR413W,2,3.663287262017851e-05,0.25350087154382217,8.943652891034135e-05,0.0,1.0,0.0,0.0,0,0.06815,0.33244,37.92194,5.02179,53.0,38.0,54985.0,0.0,0.75636,7e-05,0.0,0.0,0.5
YDR077W,1,0.0,0.19637932263890603,1.5737718632108336e-07,0.0,1.0,0.0,0.0,0,0.04438,-0.30947,36.29172,3.9809,30.0,8.0,15650.0,0.0,0.45453,0.00012,0.0,0.0,0.5
YDR049W,2,0.0,0.2167540274020516,0.00015073775531523746,1.0,1.9768637532133677,0.2,1.0,0,0.06804,-0.85759,46.06582,8.99213,93.0,104.0,51965.0,0.0,0.71447,0.00012,0.0,0.0,0.5
YGL246C,3,4.0814967087029485e-06,0.2273402091426263,0.0001625809909043695,0.6666666666666666,2.9153175591531757,1.0,1.0,0,0.10594,-0.46253,36.91579,6.14154,58.0,54.0,45225.0,0.0,1.01609,0.00014,0.0,0.0,0.5
YDR050C,5,0.0,0.21448650521971213,2.742709648343834e-06,1.0,3.715730337078652,0.0,13.5,1,0.08065,-0.10524,19.66331,5.73651,32.0,29.0,25690.0,0.0,0.95876,0.00021,0.3153500824189429,0.0,0.5
YFL009W,6,0.0004241969537547884,0.22758669292557818,2.4971948683510655e-06,0.06666666666666667,3.15203426124197,1.0,13.444444444444445,1,0.08087,-0.28228,37.84969,6.66925,81.0,77.0,100240.0,0.0,1.16438,8e-05,0.3153500824189429,0.23974612282610783,0.5380303802173207
YDR056C,2,0.00011785853435985272,0.24173987690022064,6.0241154513574476e-05,0.0,1.0,1.0,0.0,0,0.07805,-0.32976,35.40537,4.76215,32.0,24.0,23295.0,0.0,1.02312,0.00021,0.0,0.0,0.5
YPL024W,2,2.950691344397551e-06,0.22751621446583348,7.984442107570386e-05,0.0,1.5101311084624554,0.5,0.0,0,0.07054,-0.43361,31.20373,9.12323,28.0,34.0,22835.0,0.0,0.85017,0.00034,0.0,0.0,0.5
YDR062W,1,0.0,0.17736798999217493,2.011033690750298e-06,0.0,1.0,0.3333333333333333,0.0,1,0.09626,-0.16738,42.49449,8.37921,62.0,67.0,62490.0,0.0,0.99017,0.00013,0.3153500824189429,0.16204621790391252,0.5810231089519563
YMR296C,3,0.0002390346625242599,0.21703149304689692,0.00012707364946021923,0.0,3.0,0.3333333333333333,0.0,1,0.0914,-0.1328,52.24339,5.79926,57.0,48.0,53760.0,0.0,0.86422,9e-05,0.3153500824189429,0.16204621790391252,0.5270077029839854
YDR063W,3,5.062732142177579e-05,0.22867285652723576,1.9520517864252013e-05,0.0,1.0,0.5,0.0,0,0.07383,-0.49866,55.84564,4.47699,31.0,18.0,18700.0,0.0,1.09164,0.00026,0.0,0.0,0.5
YGL239C,2,1.4803156852500928e-05,0.21502007976564672,2.2299242216189987e-06,0.0,0.0,0.0,0.0,1,0.08654,0.32692,47.0875,8.79803,7.0,10.0,500.0,0.0,0.04382,0.00077,0.3153500824189429,0.0,0.0
YDR066C,1,0.0,0.19399404371234097,2.253008792880478e-06,0.0,0.0,0.5,0.0,0,0.09694,-0.14694,40.9801,4.95612,27.0,16.0,17140.0,0.0,0.76041,0.00022,0.0,0.0,0.0
YDR067C,1,0.0,0.21645601057085803,2.798148520361548e-06,0.0,1.0,0.0,0.0,0,0.08929,-0.28214,46.4817,9.12836,26.0,34.0,25160.0,0.0,0.9668,0.00035,0.0,0.0,0.5
YDR068W,2,0.00021149327066866054,0.14144932150158912,3.8630195729000354e-10,0.0,1.0,0.0,0.0,0,0.07097,-1.22839,52.87068,4.47992,84.0,46.0,38180.0,0.0,1.06163,0.00012,0.0,0.0,0.5
YLR237W,1,0.0,0.12345618818337321,6.182737600213453e-12,0.0,0.0,0.0,0.0,0,0.16221,0.22391,28.95672,6.63348,42.0,40.0,163315.0,0.0,2.44107,0.0001,0.0,0.0,0.0
YDR070C,2,2.241699781484006e-05,0.21065309448893835,2.6619445205262645e-06,0.0,1.8357030015797788,0.0,0.0,0,0.06452,-1.33871,38.36559,9.64203,15.0,20.0,2980.0,0.0,0.27478,0.00089,0.0,0.0,0.5
YER089C,1,0.0,0.1464931924919585,2.6295861348277423e-10,0.0,1.0,0.0,0.0,0,0.05172,-0.39806,40.40843,4.83868,73.0,45.0,28430.0,0.0,0.56423,0.0001,0.0,0.0,0.5
YDR072C,1,0.0,0.14046224565132473,1.0230423257147378e-10,0.0,0.0,0.0,0.0,0,0.16888,0.14668,40.24687,7.73785,41.0,42.0,105935.0,0.0,1.74028,0.00013,0.0,0.0,0.0
YDR107C,2,0.00021149327066866054,0.16423108882960857,7.682984595506343e-09,0.0,0.0,0.0,0.0,0,0.15179,0.29673,33.99421,7.21063,55.0,55.0,129035.0,0.0,1.69014,9e-05,0.0,0.0,0.0
YML068W,1,0.0,0.20702233857490834,3.146622917422851e-07,0.0,1.0,0.0,0.0,1,0.10345,-0.22974,45.74528,5.41095,73.0,61.0,53155.0,0.0,0.98262,0.0001,0.3153500824189429,0.0,0.5
YER019CA,2,0.0001033859059164765,0.25436391548041104,8.88206490929949e-05,0.0,0.0,0.0,0.0,0,0.0,0.0,0.0,0.0,0.0,0.0,0.0,0.0,0.0,0.0,0.0,0.0,0.0
YMR251W,1,0.0,0.19517075424048186,1.3359644381505882e-07,0.0,0.0,0.0,0.0,0,0.12568,-0.54645,29.83637,7.16803,48.0,48.0,79925.0,0.0,1.88492,0.00017,0.0,0.0,0.0
YIL152W,2,3.0794788140598964e-05,0.1854101642597486,5.460602058204906e-08,0.0,1.0,0.0,0.0,0,0.05957,-0.85745,76.81791,9.99957,16.0,29.0,32095.0,0.0,1.17995,0.00037,0.0,0.0,0.5
YLR376C,4,0.0002949982803110188,0.21692469146575086,1.5257354190396629e-06,0.16666666666666666,1.0,1.0,2.05,0,0.10744,-0.14256,44.4736,8.23846,29.0,31.0,31900.0,0.0,1.12918,0.00029,0.0,0.0,0.5
YDR079W,3,2.0891496960116342e-05,0.23265565288834766,9.80927827174776e-06,0.0,1.0,0.0,0.0,0,0.11712,-0.6009,29.82883,9.29974,18.0,23.0,11585.0,0.0,0.87849,0.00071,0.0,0.0,0.5
YJL099W,5,0.00024228054313447497,0.2599284542293486,9.097062860429002e-05,0.0,1.0,0.0,0.0,0,0.09651,-0.23391,45.28811,5.68756,95.0,82.0,118450.0,0.0,1.37666,7e-05,0.0,0.0,0.5
YDR080W,3,1.162984393063436e-06,0.1712758540340958,1.8708125423380563e-08,0.3333333333333333,1.0,0.0,2.0041666666666664,0,0.09274,-0.38417,39.4621,4.76459,165.0,106.0,113690.0,0.0,1.00246,4e-05,0.0,0.0,0.5
YLR396C,5,9.772497180829467e-05,0.18384046439550936,4.570298368840385e-08,0.4,1.0,0.0,4.979166666666666,0,0.08538,-0.30304,42.23213,5.13287,94.0,69.0,77655.0,0.0,0.97962,6e-05,0.0,0.0,0.5
YDR084C,9,0.0008789836650814891,0.24823328388757313,0.0013903856705072412,0.027777777777777776,4.6279547790339155,0.0,2.0,0,0.17588,0.1794,50.72281,8.8974,12.0,16.0,57910.0,0.0,2.50177,0.00038,0.0,0.0,0.5
YDR441C,2,3.2326435183273615e-05,0.20948185407382613,1.7860113030993292e-05,0.0,1.0,0.0,0.0,0,0.10497,0.21215,41.10994,4.836,27.0,15.0,4595.0,0.0,0.22991,0.00024,0.0,0.0,0.5
YDR442W,1,0.0,0.19767384104374544,1.7389444986136727e-05,0.0,0.0,0.0,0.0,0,0.07692,0.22077,59.21538,8.97955,9.0,15.0,9605.0,0.0,0.66439,0.00062,0.0,0.0,0.0
YER011W,4,6.886594668717684e-05,0.25056139687804946,8.141553972108795e-05,0.0,3.216887417218543,0.0,0.0,0,0.03937,0.02283,60.09488,4.65912,20.0,13.0,12950.0,0.0,0.51995,0.00019,0.0,0.0,0.5
YDR086C,2,0.0,0.1789811464239524,3.988355272224768e-08,1.0,1.0,0.5,0.0,1,0.075,0.00875,16.97875,9.47943,9.0,14.0,4595.0,0.0,0.51378,0.00106,0.3153500824189429,0.19338324065864865,0.5966916203293243
YER087CA,3,5.666432095555315e-05,0.19852849285153681,4.1607205346498517e-07,0.3333333333333333,0.0,0.0,0.0,0,0.0,0.0,0.0,0.0,0.0,0.0,0.0,0.0,0.0,0.0,0.0,0.0,0.0
YDR092W,2,0.0001220001289323845,0.23039390870618948,4.254854093561401e-06,0.0,2.0,0.0,0.0,0,0.07843,-0.52941,41.73529,5.30878,24.0,20.0,25565.0,0.0,1.46355,0.0003,0.0,0.0,0.5
YDR095C,2,3.793844285993722e-05,0.23484958206049675,7.120372760966977e-06,0.0,0.0,0.0,0.0,0,0.07353,-0.45147,57.54485,10.3454,5.0,19.0,11960.0,0.0,0.78745,0.00068,0.0,0.0,0.0
YDR098C,2,5.8367846150633e-06,0.20713907500942266,1.70951074945612e-06,0.0,2.0,0.0,0.0,0,0.088,-0.47,51.7924,4.37335,47.0,19.0,18825.0,0.0,0.66611,0.00015,0.0,0.0,0.5
YGL071W,3,9.024047408216167e-05,0.21133985306719355,2.649868881128531e-06,0.0,2.1406086044071353,1.0,0.0,0,0.06377,-0.88942,45.70291,6.39349,83.0,72.0,32860.0,0.0,0.42301,8e-05,0.0,0.0,0.5
YER177W,3,0.00013372928124495744,0.2476475649031193,1.106396968697604e-05,0.3333333333333333,2.9687814702920443,0.0,2.1484848484848484,0,0.07116,-0.65768,57.98509,4.81793,45.0,28.0,29130.0,0.0,0.96806,0.00016,0.0,0.0,0.5
YGR123C,10,0.000790654043958664,0.22908879821616898,2.643377067414563e-06,0.0,9.415642458100558,1.0,0.0,0,0.10721,-0.44795,31.24487,7.59369,65.0,66.0,35965.0,0.0,0.62015,0.00013,0.0,0.0,0.5
YNL042W,3,0.00015808083964283346,0.21599993410797352,2.1649831985320445e-06,0.0,1.6565096952908587,0.5,0.0,0,0.03535,-0.85076,65.59066,9.72272,35.0,48.0,11585.0,0.0,0.26481,0.00022,0.0,0.0,0.5
YNL293W,2,3.379345544090792e-05,0.217491940757624,5.39020103646059e-06,0.0,1.0,0.0,0.0,0,0.09637,-0.70348,42.63872,7.29742,85.0,85.0,95310.0,0.0,1.30565,0.0001,0.0,0.0,0.5
YOR298CA,1,0.0,0.19969768303323018,9.904945572892943e-07,0.0,0.0,0.0,0.0,0,0.0,0.0,0.0,0.0,0.0,0.0,0.0,0.0,0.0,0.0,0.0,0.0,0.0
YDR100W,6,0.0002929989822667731,0.2524411095679489,1.1468267686129897e-05,0.13333333333333333,1.7942583732057416,0.0,26.0,0,0.16783,0.86154,32.02035,4.31842,12.0,6.0,12045.0,0.0,0.75844,0.00027,0.0,0.0,0.5
YPL095C,5,3.051884063782561e-05,0.22561811113089997,3.4354341053261468e-06,0.4,0.0,0.0,6.333333333333333,0,0.11623,-0.39978,25.50618,7.26605,51.0,51.0,77070.0,0.0,1.49005,0.00014,0.0,0.0,0.0
YER036C,4,0.0004336500207599787,0.257003652942836,0.000267897493356335,0.0,3.7104446742502586,0.5,0.0,1,0.07049,-0.36754,41.63311,6.08539,87.0,80.0,49195.0,0.0,0.71947,9e-05,0.3153500824189429,0.19338324065864865,0.5260593079315654
YNL112W,7,8.291409541355654e-06,0.24442066289301487,0.0007653934714699592,0.42857142857142855,6.593306288032454,0.5,2.225,1,0.08608,-0.72601,36.15789,8.89508,68.0,75.0,76375.0,0.0,1.25208,0.00015,0.3153500824189429,0.19338324065864865,0.5146651188501329
YOR048C,3,0.0,0.2319090201639059,0.00037562622190783857,1.0,2.788832487309645,1.0,2.225,1,0.0994,-0.67356,50.33065,6.37311,137.0,130.0,140830.0,0.0,1.21476,5e-05,0.6846499175810571,0.40640486218295563,0.5728629030306173
YDR102C,2,0.00024167294722211445,0.2470369118625602,2.6216807632239654e-05,0.0,1.4976303317535544,0.0,0.0,0,0.09091,0.25545,40.49091,8.94891,8.0,12.0,10595.0,0.0,0.83426,0.0007,0.0,0.0,0.5
YER132C,1,0.0,0.18562096409278775,2.171044548126255e-08,0.0,0.0,0.0,0.0,0,0.07872,-0.63474,56.05683,7.78741,190.0,192.0,142835.0,0.0,0.73106,4e-05,0.0,0.0,0.0
YDR105C,2,3.330410770532263e-05,0.2256412088081247,4.0716991283595994e-05,0.0,1.434782608695652,0.0,0.0,0,0.12685,0.37696,32.35353,5.2807,33.0,25.0,105905.0,0.0,2.02768,0.0001,0.0,0.0,0.5
YDR106W,1,0.0,0.20770516210128273,1.2072460333158883e-06,0.0,0.0,0.0,0.0,0,0.10563,-0.11232,59.24616,8.01056,34.0,36.0,35505.0,0.0,1.07533,0.00024,0.0,0.0,0.0
YHR129C,7,0.0015062946675927708,0.26426033542806326,9.16358524284406e-05,0.09523809523809523,2.869565217391304,0.0,2.583333333333333,0,0.08854,-0.17109,35.03802,5.39691,47.0,42.0,63215.0,0.0,1.47029,0.00013,0.0,0.0,0.5
YOL015W,3,0.0006344798120059816,0.1976649771434251,5.868672218371391e-07,0.0,0.0,0.0,0.0,0,0.10239,-0.5029,42.49403,9.73785,55.0,88.0,66570.0,0.0,0.98347,0.00014,0.0,0.0,0.0
YDR108W,2,1.316355985827064e-05,0.1948343273049955,5.715603630430002e-07,0.0,1.6848249027237354,0.0,0.0,0,0.10315,-0.35072,40.42837,5.99615,90.0,80.0,89740.0,0.0,1.11487,7e-05,0.0,0.0,0.5
YGR234W,5,6.548157395591877e-05,0.21110706648510721,3.4608704647781587e-07,0.2,3.9767676767676767,0.0,6.0,0,0.07769,-0.19123,37.02333,5.8576,51.0,41.0,43360.0,0.0,0.9712,0.00013,0.0,0.0,0.5
YIR040C,3,0.00022895074828165323,0.2363606785670522,4.327943905548373e-05,0.0,2.257315842583249,0.0,0.0,0,0.15455,0.22091,55.89827,9.31854,6.0,15.0,23920.0,0.0,1.8374,0.00072,0.0,0.0,0.5
YER161C,6,0.0004496160997607291,0.2430996887043249,2.954054060344501e-05,0.06666666666666667,4.887860082304527,1.0,4.222222222222222,0,0.05405,-1.47988,67.49009,9.41339,65.0,78.0,22920.0,0.0,0.59454,0.00024,0.0,0.0,0.5
YLR095C,2,0.00021149327066866054,0.21015096564051886,3.6340136613591362e-06,0.0,0.0,1.0,0.0,0,0.08005,-0.72131,55.68904,5.51288,119.0,97.0,107270.0,0.0,1.14795,6e-05,0.0,0.0,0.0
YGL116W,6,5.0883593169743406e-05,0.21396595744469096,4.095408863957987e-06,0.06666666666666667,5.860215053763441,1.0,8.0,1,0.06721,-0.52607,49.28528,8.99945,62.0,73.0,85590.0,0.0,1.27065,0.00013,0.3153500824189429,0.23974612282610783,0.5204554031402092
YGR060W,4,0.0004305777667205719,0.18977641877370086,9.140316662177547e-08,0.0,3.7641129032258065,0.5,0.0,1,0.18123,-0.10194,45.54178,8.17413,24.0,26.0,96425.0,0.0,2.64332,0.00022,0.3153500824189429,0.19338324065864865,0.5256877577307686
YGR098C,3,0.00014727462813199748,0.2294465258835896,2.5941384841987377e-05,0.0,1.9898862199747156,0.25,0.0,1,0.09693,-0.09337,45.44235,8.46515,173.0,186.0,169690.0,0.0,0.90528,5e-05,0.6846499175810571,0.183130042784624,0.5460152045243448
YNL041C,10,0.0005273376092455328,0.2568539013678781,5.263597676907757e-05,0.13333333333333333,2.218543046357616,0.0,16.0,0,0.07867,-0.40632,42.47045,5.15009,127.0,103.0,50365.0,0.0,0.51936,5e-05,0.0,0.0,0.5
YGL064C,6,0.000839520405975101,0.231385578461788,0.00011015932409916877,0.6666666666666666,5.887991927346115,0.0,6.75,0,0.06417,-0.32121,39.64831,9.94952,53.0,89.0,39670.0,0.0,0.62911,0.00016,0.0,0.0,0.5
YDR121W,2,6.169794182576961e-05,0.23781434264542098,0.00018617190264150188,0.0,1.8038379530916844,1.0,0.0,0,0.03571,-0.88265,50.46378,4.87213,40.0,28.0,10095.0,0.0,0.45892,0.00022,0.0,0.0,0.5
YDR122W,2,9.389300556430624e-06,0.22891035235371673,4.073127963437214e-06,0.0,1.5392491467576792,0.0,0.0,0,0.06673,-0.70367,53.62134,8.80731,129.0,139.0,72950.0,0.0,0.60757,7e-05,0.0,0.0,0.5
YDR123C,2,6.8621015504824545e-06,0.18918186581157562,9.904268090212811e-08,0.0,0.0,1.0,0.0,1,0.04605,-0.73651,54.12961,5.78448,39.0,25.0,13075.0,0.0,0.38193,0.00017,0.3153500824189429,0.23974612282610783,0.5
YDR126W,1,0.0,0.18195850141482386,2.0423401116390422e-08,0.0,0.0,0.5,0.0,0,0.14881,0.17738,48.65607,7.09161,30.0,30.0,75885.0,0.0,1.93035,0.00018,0.0,0.0,0.0
YNR051C,3,0.005272377697073274,0.2239446583659583,1.400715726339685e-06,0.0,0.0,0.0,0.0,0,0.06214,-0.88777,37.43227,9.15338,72.0,84.0,27765.0,0.0,0.48142,0.00016,0.0,0.0,0.0
YOR303W,8,0.0012047255646820063,0.272072994400415,0.0003171421673123894,0.07142857142857142,6.356725146198831,0.0,1.5,0,0.09489,-0.20365,31.98321,6.85895,38.0,37.0,44320.0,0.0,0.97705,0.00015,0.0,0.0,0.5
YDR128W,2,7.470629293227592e-07,0.20708069034037319,1.5955431091800344e-05,0.0,1.9747729566094854,0.0,0.0,0,0.10627,-0.58824,44.35768,5.60638,156.0,128.0,205850.0,0.0,1.57203,4e-05,0.0,0.0,0.5
YHR134W,2,2.1125223206932187e-05,0.19261236805363643,1.8915367246356282e-06,0.0,0.0,0.2,0.0,0,0.0632,-0.59554,37.57888,8.8476,35.0,39.0,21805.0,0.0,0.71196,0.00029,0.0,0.0,0.0
YDR132C,4,4.397865023009489e-05,0.23632266419747622,0.00015675912668928446,0.16666666666666666,2.0839080459770116,0.5,0.0,0,0.11919,-0.43879,50.58404,7.05939,63.0,63.0,63815.0,0.0,1.11577,0.00012,0.0,0.0,0.5
YJL218W,4,3.817557341673175e-05,0.24840114139949981,1.4635381648401761e-05,0.16666666666666666,3.3598326359832638,0.0,65.0,0,0.07653,-0.0949,42.30571,5.21661,24.0,19.0,20775.0,0.0,0.96721,0.00024,0.0,0.0,0.5
YDR133C,2,0.0006658068449856361,0.2338528729589137,2.296514721202987e-05,0.0,1.0,0.0,0.0,0,0.09009,0.32342,52.71351,9.9881,1.0,11.0,18615.0,0.0,1.44509,0.00078,0.0,0.0,0.5
YDR134C,2,0.0003519685247070788,0.25402677665392287,8.915831797550824e-05,0.0,0.0,0.0,0.0,0,0.0,0.0,0.0,0.0,0.0,0.0,0.0,0.0,0.0,0.0,0.0,0.0,0.0
YDR135C,1,0.0,0.22087016009998614,8.210416299767991e-06,0.0,1.0,0.0,0.0,0,0.10231,0.06416,36.15291,8.64386,143.0,156.0,213470.0,0.0,1.24749,5e-05,0.0,0.0,0.5
YDR136C,3,7.689767543389021e-05,0.22258769214681495,3.3277214467326657e-06,0.0,0.0,0.0,0.0,0,0.15263,0.07263,38.11,10.04852,10.0,27.0,30870.0,0.0,1.3533,0.00044,0.0,0.0,0.0
YDR139C,2,1.9767785266735388e-05,0.20110066858008777,2.698421709695305e-07,0.0,1.984732824427481,0.0,0.0,0,0.02597,-0.1974,25.07792,5.86115,12.0,10.0,1490.0,0.0,0.1714,0.00067,0.0,0.0,0.5
YLR306W,2,3.154324535553432e-05,0.21248079896247582,2.1601515789196093e-06,0.0,1.9505263157894737,0.0,0.0,0,0.06383,-0.38777,59.57287,5.49774,26.0,23.0,13325.0,0.0,0.62845,0.00026,0.0,0.0,0.5
YDR142C,8,0.0002389959815834514,0.24030345918423046,4.348174162583197e-05,0.35714285714285715,7.0442211055276385,0.0,16.416666666666664,0,0.11733,-0.27653,28.9584,8.58954,33.0,37.0,76275.0,0.0,1.80224,0.0002,0.0,0.0,0.5
YDR244W,7,0.0002596386549274791,0.22823478592086172,4.780758791618544e-06,0.2857142857142857,1.7339449541284404,0.0,2.0,0,0.08333,-0.71569,44.36194,4.94843,88.0,62.0,71570.0,0.0,1.03241,7e-05,0.0,0.0,0.5
YHR160C,3,6.7911852513470746e-06,0.2132001671152797,1.8527271463287086e-06,0.6666666666666666,2.5217932752179326,0.0,4.333333333333333,0,0.08481,-0.75901,46.33714,4.93134,44.0,29.0,17335.0,0.0,0.54109,0.00015,0.0,0.0,0.5
YNL214W,5,0.00014201770630836643,0.2574088557825123,9.073390169515023e-05,0.7,2.8628719275549805,0.0,2.0,0,0.11055,-0.42563,54.69749,9.39252,19.0,23.0,25440.0,0.0,1.09801,0.00041,0.0,0.0,0.5
YDR144C,1,0.0,0.22355850772266575,7.58791761004804e-06,0.0,0.0,0.0,0.0,0,0.10067,-0.15906,30.38862,4.56171,62.0,35.0,62855.0,0.0,0.97801,7e-05,0.0,0.0,0.0
YPL121C,1,0.0,0.18313018384261243,2.425991721947274e-08,0.0,0.0,1.0,0.0,0,0.05856,-1.02703,40.29009,5.96686,43.0,40.0,24575.0,0.0,0.92873,0.00023,0.0,0.0,0.0
YNL092W,29,0.00528212890322426,0.2897224222987528,0.00019200910911418818,0.0049261083743842365,18.652875882946518,0.0,4.0,0,0.1125,-0.28425,38.4675,5.66632,47.0,39.0,67155.0,0.0,1.47605,0.00012,0.0,0.0,0.5
YDR150W,7,8.434062119816848e-05,0.22835301778261102,1.6860814685207556e-06,0.23809523809523808,3.841025641025641,0.0,4.083333333333334,0,0.0655,-0.7056,39.72405,5.26105,476.0,353.0,217610.0,0.0,0.69517,2e-05,0.0,0.0,0.5
YJR112W,16,0.0032912261979611587,0.2509893899262952,6.766569404967683e-05,0.125,13.001006036217303,0.5,10.3515873015873,1,0.06468,-0.75473,42.61891,4.78448,39.0,24.0,21930.0,0.0,0.92769,0.0002,0.3153500824189429,0.19338324065864865,0.5074372413996247
YJR104C,2,3.287026019559818e-06,0.20209639901318188,1.2278989080060855e-06,0.0,1.0,0.0,0.0,0,0.04545,-0.32273,24.79805,5.62262,19.0,14.0,1740.0,0.0,0.10975,0.00035,0.0,0.0,0.5
YKR105C,2,8.908024944349472e-05,0.25486393705339516,8.985841004231325e-05,0.0,1.5424528301886793,0.0,0.0,0,0.11684,0.62491,33.00278,8.58282,35.0,40.0,63465.0,0.0,1.00166,0.00014,0.0,0.0,0.5
YML078W,1,0.0,0.20099980189118252,1.1713573931333955e-06,0.0,1.0,0.0,0.0,0,0.10989,-0.25769,23.29835,8.81476,20.0,23.0,17210.0,0.0,0.86402,0.00044,0.0,0.0,0.5
YNL135C,6,0.00015284160886291497,0.22581459224811862,3.832775881249924e-06,0.0,5.847628657921292,0.0,0.0,0,0.07895,-0.13421,29.84386,5.72162,12.0,11.0,10095.0,0.0,0.83034,0.00047,0.0,0.0,0.5
YDR159W,2,3.134022156239243e-06,0.22337725019132074,3.008354242936827e-06,0.0,1.0,0.5,0.0,0,0.08224,-0.65388,51.83583,8.9715,156.0,177.0,104195.0,0.0,0.69664,6e-05,0.0,0.0,0.5
YJL041W,13,0.0005287708671001085,0.26553380249837505,8.46009920185773e-05,0.2692307692307692,10.309644670050762,0.25,91.0,1,0.08262,-0.96586,28.15747,6.03387,96.0,93.0,16960.0,0.0,0.19604,7e-05,0.3153500824189429,0.13944903000175835,0.506763037644103
YDR162C,2,1.049299068851846e-05,0.22591875027037328,1.218259307663727e-05,0.0,1.567774936061381,0.0,0.0,0,0.08051,-0.84153,41.11275,4.02411,55.0,17.0,28880.0,0.0,1.08693,0.00015,0.0,0.0,0.5
YDR164C,4,0.005070701360606271,0.21436134289416084,1.302659094476007e-06,0.16666666666666666,3.936293436293436,0.0,2.761904761904762,1,0.09669,-0.42749,44.48413,6.83331,96.0,94.0,54375.0,0.0,0.65136,8e-05,0.3153500824189429,0.0,0.5
YKR014C,10,0.00240564614963361,0.24013328186934269,5.08397937495969e-06,0.26666666666666666,2.4348785871964678,0.25,13.821428571428571,0,0.06838,-0.62906,40.38462,4.68988,40.0,27.0,21805.0,0.0,0.83443,0.00018,0.0,0.0,0.5
YNR049C,1,0.0,0.17558060444816073,1.750852929574724e-08,0.0,1.0,0.0,0.0,0,0.08095,-1.11286,51.30624,10.02924,19.0,31.0,16960.0,0.0,0.72632,0.00043,0.0,0.0,0.5
YPL232W,4,8.708871369722067e-05,0.21439261977897592,1.5521975924715327e-06,0.16666666666666666,1.0,0.0,0.4285714285714285,0,0.05862,-0.58241,39.85483,5.16913,49.0,36.0,16055.0,0.0,0.48496,0.00016,0.0,0.0,0.5
YER008C,11,0.00014991974313525015,0.2305143887086505,4.746087148355568e-06,0.32727272727272727,3.9596174282678,0.0,5.459967320261438,1,0.0741,-0.69461,53.13685,5.33636,210.0,167.0,127755.0,0.0,0.82586,3e-05,0.6846499175810571,0.0,0.5
YJL085W,7,4.131324551378544e-05,0.226522438606142,2.1681752626953264e-05,0.7619047619047619,1.0,0.0,3.0416666666666665,1,0.08347,-0.42135,44.67112,7.12091,80.0,80.0,55405.0,0.0,0.77715,0.0001,0.3153500824189429,0.0,0.5
YGR097W,3,0.0004911422562383383,0.23454967836945428,6.324791399279971e-06,0.0,1.854854854854855,0.0,6.8,0,0.07766,-0.68211,45.1818,9.32465,98.0,127.0,92445.0,0.0,0.7287,7e-05,0.0,0.0,0.5
YIL129C,1,0.0,0.2227001442495465,4.814955993812585e-06,0.0,1.0,0.0,0.0,1,0.09049,-0.16124,44.12589,5.9516,283.0,253.0,262620.0,0.0,0.97319,2e-05,0.6846499175810571,0.0,0.5
YLR228C,1,0.0,0.2227001442495465,4.814955993812585e-06,0.0,0.0,0.5,0.0,0,0.05897,-0.46523,50.51991,6.09271,76.0,65.0,47870.0,0.0,0.53615,7e-05,0.0,0.0,0.0
YPL089C,2,4.910008827968638e-05,0.22690722475294814,5.152596611889027e-06,0.0,1.4327323162274619,1.0,0.0,0,0.05917,-1.03565,52.37132,9.32709,50.0,61.0,27975.0,0.0,0.3807,0.00013,0.0,0.0,0.5
YPR115W,4,7.730046257057628e-05,0.2353888319151772,1.9565232607588782e-05,0.0,2.91742195367573,0.0,0.0,0,0.06925,-0.71477,49.85837,9.31488,118.0,153.0,84715.0,0.0,0.70365,8e-05,0.0,0.0,0.5
YDR168W,3,2.0769541171164753e-07,0.20098147336322086,2.2034530497392997e-07,0.6666666666666666,2.969543147208122,0.0,2.3956043956043955,1,0.06719,-0.75138,44.44249,4.94012,102.0,71.0,25900.0,0.0,0.44361,8e-05,0.3153500824189429,0.0,0.5
YDR169C,1,0.0,0.20006928948738364,1.9080505341154154e-06,0.0,1.0,0.0,0.0,0,0.04094,-0.80585,59.24327,6.98981,59.0,58.0,24200.0,0.0,0.43012,0.00012,0.0,0.0,0.5
YMR042W,5,0.001250599928800041,0.24515469969832174,2.9345579719169558e-05,0.5,1.0,1.0,7.119047619047619,0,0.03955,-0.85819,64.19379,5.15265,28.0,23.0,4595.0,0.0,0.23579,0.00026,0.0,0.0,0.5
YDR174W,11,0.0006162180244982452,0.26111400635443216,2.03315058680811e-05,0.03636363636363636,5.78920041536864,0.5,4.35,0,0.05691,-0.92886,45.91711,8.43243,40.0,42.0,19940.0,0.0,0.72394,0.00031,0.0,0.0,0.5
YIL013C,1,0.0,0.20575647196020927,3.0611365158447295e-07,0.0,0.0,0.0,0.0,0,0.1297,0.01658,41.60004,6.42047,136.0,126.0,210975.0,0.0,1.31419,4e-05,0.0,0.0,0.0
YGL068W,3,0.0,0.217814342092871,2.088482305895665e-06,1.0,3.0,0.0,2.1666666666666665,1,0.03093,-0.12887,38.96753,9.17609,24.0,28.0,5500.0,0.0,0.26635,0.00044,0.3153500824189429,0.0,0.5
YGL013C,1,0.0,0.21391404160118035,1.118800080207169e-06,0.0,0.0,1.0,0.0,0,0.10393,-0.41676,47.70304,6.49799,120.0,114.0,102130.0,0.0,0.83856,5e-05,0.0,0.0,0.0
YJR080C,2,2.885426746169633e-05,0.2240698752236834,1.944651718296574e-06,0.0,1.9303733602421795,0.0,0.0,0,0.08122,-0.31751,41.75685,9.80804,34.0,53.0,41285.0,0.0,0.92927,0.00022,0.0,0.0,0.5
YDR178W,4,4.81577546377993e-05,0.2160952328680584,6.267307331725247e-06,0.5,2.9568034557235423,0.0,0.0,0,0.12155,-0.03702,49.17956,8.9848,15.0,19.0,31650.0,0.0,1.56309,0.00044,0.0,0.0,0.5
YDR179C,4,0.00014154411911318005,0.21964854528255137,6.68376994718496e-05,0.0,1.0,0.5,0.0,0,0.09259,-0.58457,60.01667,5.0722,31.0,23.0,21805.0,0.0,1.11958,0.00026,0.0,0.0,0.5
YJR015W,2,3.1636207191739304e-05,0.189711080017022,1.0918528172267263e-06,0.0,1.0,0.5,0.0,0,0.14902,0.12392,42.64786,6.60529,42.0,41.0,85440.0,0.0,1.47015,0.00011,0.0,0.0,0.5
YER147C,3,2.5979175369321332e-05,0.200096534510918,3.4744277143617494e-07,0.0,0.0,1.0,0.0,1,0.10256,-0.17772,40.42663,7.96906,70.0,73.0,98970.0,0.0,1.37192,0.00011,0.3153500824189429,0.23974612282610783,0.5
YDR181C,4,4.8331572204637556e-05,0.21182732605841054,1.5494378854290735e-06,0.8333333333333334,0.0,1.0,22.2,0,0.04366,-0.84782,53.45967,9.47992,69.0,88.0,27555.0,0.0,0.4973,0.00017,0.0,0.0,0.0
YMR127C,5,0.0009379997910397363,0.23325889804611724,7.364271136616393e-06,0.5,1.0,0.5,16.40833333333333,0,0.13609,-0.33047,35.48908,9.29315,29.0,46.0,68520.0,0.0,1.74769,0.00024,0.0,0.0,0.5
YDR184C,4,0.0004468441868318729,0.241554422449204,1.723224943674526e-05,0.0,2.453488372093023,0.3333333333333333,0.0,0,0.03401,-0.79116,35.00918,5.77777,46.0,38.0,4720.0,0.0,0.14254,0.00017,0.0,0.0,0.5
YLR319C,7,0.00032554187870848005,0.23627199738840773,2.4151912942327926e-05,0.19047619047619047,4.43048403707518,0.0,4.408333333333333,0,0.05203,-0.69657,44.29912,7.61505,114.0,115.0,41995.0,0.0,0.47283,9e-05,0.0,0.0,0.5
YDR214W,4,0.00022962113217085456,0.20776389948039417,2.2446821508802067e-06,0.0,2.8533969010727054,0.0,0.0,0,0.10571,-0.5,36.42371,7.02472,45.0,45.0,50795.0,0.0,1.28807,0.00018,0.0,0.0,0.5
YFL016C,8,0.0007851942309262871,0.2504048315880211,4.9146474308776317e-05,0.03571428571428571,7.629292929292929,0.0,0.0,0,0.07632,-0.56145,34.85695,9.30646,53.0,71.0,31620.0,0.0,0.56911,0.00017,0.0,0.0,0.5
YPL231W,3,0.0002247058532832277,0.19528315488749937,2.2543769627593757e-07,0.0,2.273103448275862,0.0,0.0,1,0.07578,-0.29359,39.22163,5.31708,258.0,209.0,189190.0,0.0,0.91421,3e-05,0.6846499175810571,0.0,0.5
YMR316W,2,2.2157314777187303e-06,0.22142488724510365,2.6381883672550398e-06,0.0,1.0,0.0,0.0,0,0.09821,-0.50923,52.56637,8.93317,38.0,44.0,35340.0,0.0,0.91177,0.00023,0.0,0.0,0.5
YNL239W,4,9.052572542058388e-05,0.240907566689011,0.00013526308933346838,0.0,2.6514346439957492,0.0,0.0,0,0.09938,-0.38385,34.45923,8.91632,56.0,63.0,70165.0,0.0,1.26464,0.00016,0.0,0.0,0.5
YOR075W,6,8.455347605388466e-05,0.2154509606684029,1.1492966623062165e-06,0.13333333333333333,1.0,0.5,4.5,1,0.08092,-0.61936,50.12139,5.44562,55.0,45.0,24910.0,0.0,0.61448,0.00013,0.3153500824189429,0.19338324065864865,0.5966916203293243
YER107C,6,0.00022660564123060917,0.25991312825917,4.911428695708294e-05,0.13333333333333333,3.7861915367483294,0.25,4.857142857142858,0,0.09589,-0.48301,43.78219,8.76556,32.0,38.0,63005.0,0.0,1.55483,0.00022,0.0,0.0,0.5
YGL122C,11,0.0005929607881944966,0.2539097203660805,1.9308107652491876e-05,0.10909090909090909,6.3141091658084445,1.0,13.343531468531468,1,0.05143,-0.80286,60.34362,8.48969,51.0,58.0,17065.0,0.0,0.29261,0.00015,0.3153500824189429,0.23974612282610783,0.5189849523131749
YJR069C,2,4.100344309916378e-05,0.24171336597442142,1.208156462023399e-05,0.0,0.0,0.5,0.0,0,0.11168,-0.33858,31.38376,5.44098,27.0,22.0,18575.0,0.0,0.84077,0.00025,0.0,0.0,0.0
YNL049C,4,1.951747004296608e-05,0.2290173864960268,9.253819438494049e-06,0.5,1.0,0.25,0.0,0,0.08562,-0.2742,50.31419,5.16107,109.0,84.0,68785.0,0.0,0.6952,5e-05,0.0,0.0,0.5
YOR134W,1,0.0,0.22052762295640221,7.83542071598226e-06,0.0,0.0,0.0,0.0,0,0.06601,-0.5687,51.16626,7.02875,51.0,50.0,23170.0,0.0,0.50134,0.00015,0.0,0.0,0.0
YOR204W,1,0.0,0.22052762295640221,7.83542071598226e-06,0.0,1.0,0.0,0.0,1,0.08609,-0.52334,42.63098,7.6701,65.0,66.0,62840.0,0.0,0.95863,0.00012,0.3153500824189429,0.0,0.5
YDR193W,1,0.0,0.25173471847841494,8.868705264917986e-05,0.0,0.0,0.0,0.0,0,0.0,0.0,0.0,0.0,0.0,0.0,0.0,0.0,0.0,0.0,0.0,0.0,0.0
YDR228C,19,0.0013132214384821512,0.2600511270884032,0.00011723069327387444,0.2573099415204678,16.801047120418847,1.0,33.39404761904761,1,0.07508,-0.70527,45.17669,7.88678,72.0,74.0,67030.0,0.0,0.9323,0.00011,0.3153500824189429,0.23974612282610783,0.5071348565689914
YOR179C,5,2.4691830589153057e-06,0.22258769214681495,4.958091701129002e-05,0.6,1.6894977168949772,1.0,40.0,0,0.04255,-0.31117,22.42074,5.43781,25.0,21.0,12990.0,0.0,0.62256,0.00026,0.0,0.0,0.5
YDR196C,1,0.0,0.2073144267166215,5.8104915083518785e-06,0.0,1.0,0.5,0.0,1,0.07469,-0.19461,45.01535,8.75568,28.0,32.0,22390.0,0.0,0.81896,0.00032,0.3153500824189429,0.19338324065864865,0.5966916203293243
YDR199W,1,0.0,0.21645601057085803,2.798148520361548e-06,0.0,0.0,0.0,0.0,0,0.0,0.0,0.0,0.0,0.0,0.0,0.0,0.0,0.0,0.0,0.0,0.0,0.0
YDR200C,3,8.155827619757296e-05,0.2125115294448982,1.5974358687798127e-06,0.0,2.5862764883955602,0.5,1.5,0,0.03974,-0.72301,48.6293,6.97003,76.0,75.0,9315.0,0.0,0.13845,0.0001,0.0,0.0,0.5
YLR238W,2,3.1697796924228503e-05,0.2176745175682941,1.6545671405038156e-05,0.0,1.958686440677966,0.0,0.0,0,0.06276,-0.6841,42.84184,9.1358,61.0,72.0,17015.0,0.0,0.31456,0.00017,0.0,0.0,0.5
YHR083W,2,1.0163054764195299e-05,0.23104600111512782,2.8115785229194557e-06,0.0,1.0,0.0,0.0,1,0.08511,-0.131,37.73161,6.71136,35.0,34.0,29880.0,0.0,0.79885,0.00018,0.3153500824189429,0.0,0.5
YKL179C,2,0.00012893332682805458,0.21328269088811322,5.683879639507978e-07,0.0,1.0,0.0,0.0,0,0.05596,-0.87275,44.00959,5.82294,112.0,103.0,49405.0,0.0,0.63738,8e-05,0.0,0.0,0.5
YJR033C,3,0.00012032819402540748,0.2212581767442415,7.544008221503853e-06,0.3333333333333333,1.8046783625730993,0.0,5.843137254901961,0,0.08843,-0.29941,41.1712,8.47687,150.0,161.0,200685.0,0.0,1.29532,5e-05,0.0,0.0,0.5
YDR203W,4,0.0017791745511067417,0.2656938493927746,9.743788631159201e-05,0.0,0.0,0.0,0.0,0,0.0,0.0,0.0,0.0,0.0,0.0,0.0,0.0,0.0,0.0,0.0,0.0,0.0
YOR087W,3,9.57859430482285e-05,0.24211164141679153,6.638645262660415e-05,0.0,2.0,0.0,0.0,0,0.11852,-0.09867,39.84861,5.22113,90.0,74.0,102775.0,0.0,1.31844,7e-05,0.0,0.0,0.5
YDR205W,1,0.0,0.00021358393848782572,2.229258935376394e-19,0.0,0.0,0.6666666666666666,0.0,0,0.10083,0.33785,34.62818,7.46771,51.0,51.0,63675.0,0.0,0.79024,9e-05,0.0,0.0,0.0
YNR039C,1,0.0,0.00021358393848782572,2.229258935376394e-19,0.0,0.0,0.5,0.0,0,0.09752,-0.08066,43.79855,6.64703,51.0,49.0,60320.0,0.0,0.89416,0.0001,0.0,0.0,0.0
YJL030W,10,0.00032707402955378385,0.239976408910421,7.108540134558103e-06,0.022222222222222223,3.6548672566371683,1.0,2.428571428571429,0,0.10204,-0.35459,28.42041,5.23553,27.0,21.0,30160.0,0.0,1.35345,0.00023,0.0,0.0,0.5
YJR094C,4,0.00014451349479380408,0.25057563979510705,3.0268175399895084e-05,0.3333333333333333,1.9758620689655173,1.0,0.0,0,0.13889,-1.05139,49.33503,5.09686,49.0,32.0,40145.0,0.0,0.95908,0.00012,0.0,0.0,0.5
YMR139W,6,0.00025832151422991423,0.2580115104053569,3.409433062434684e-05,0.13333333333333333,3.9296969696969697,0.0,6.666666666666667,0,0.10541,-0.37378,44.31976,6.08978,46.0,41.0,38695.0,0.0,0.8998,0.00014,0.0,0.0,0.5
YMR263W,9,0.002235540055507782,0.27315198012613234,0.0001632292934755867,0.19444444444444445,8.10740354535975,1.0,6.625,0,0.07463,-1.42786,36.08507,9.7193,19.0,30.0,12170.0,0.0,0.52854,0.00042,0.0,0.0,0.5
YDR211W,10,3.524346612122593e-05,0.241369252328507,9.426602854351001e-05,0.6888888888888889,5.445901639344262,0.0,23.641955266955268,1,0.08427,-0.39874,47.33385,4.65582,122.0,75.0,95490.0,0.0,1.17656,6e-05,0.6846499175810571,0.0,0.5
YGR083C,11,3.109911692086773e-05,0.2432875244370839,0.00015954863128844334,0.6909090909090909,9.83366935483871,0.0,64.33333333333333,1,0.04147,-0.33579,49.69616,9.44098,66.0,86.0,27890.0,0.0,0.39364,0.00013,0.3153500824189429,0.0,0.5
YLR030W,3,6.58095641907125e-05,0.2045724269201561,1.2993326586322274e-06,0.0,1.0,0.0,0.0,0,0.06084,-0.92433,49.59924,5.76337,42.0,36.0,13325.0,0.0,0.44439,0.00019,0.0,0.0,0.5
YDR213W,1,0.0,0.21792202171621136,1.3327500426468269e-05,0.0,1.0,1.0,0.0,0,0.05586,-0.52859,55.11862,5.6734,99.0,83.0,55445.0,0.0,0.55258,6e-05,0.0,0.0,0.5
YOL052C,1,0.0,0.17112957239316445,3.543266757395071e-08,0.0,0.0,0.0,0.0,0,0.13384,-0.46061,40.90207,5.37885,58.0,44.0,62310.0,0.0,1.34777,0.00012,0.0,0.0,0.0
YDR215C,2,0.00021149327066866054,0.20067953452041898,4.228092625056672e-05,0.0,1.7117021276595745,0.0,0.0,0,0.07299,-0.30438,55.54745,10.94672,7.0,16.0,8480.0,0.0,0.55858,0.00072,0.0,0.0,0.5
YPL175W,1,0.0,0.16629420006320822,6.678193541146492e-07,0.0,1.0,0.5,0.0,1,0.09292,0.00642,37.93232,6.78717,49.0,47.0,53245.0,0.0,1.0391,0.00013,0.3153500824189429,0.19338324065864865,0.5966916203293243
YDR218C,2,0.0,0.20224475386655916,3.979253543212791e-07,1.0,1.8114143920595533,0.0,11.80952380952381,0,0.06856,-0.66336,37.05272,5.62238,67.0,58.0,31455.0,0.0,0.65269,0.00012,0.0,0.0,0.5
YDR221W,1,0.0,0.1586798652007028,2.3652298185467344e-09,0.0,0.0,1.0,0.0,0,0.08974,-0.55755,40.01255,4.78058,122.0,82.0,64940.0,0.0,0.8127,6e-05,0.0,0.0,0.0
YMR151W,2,0.00021149327066866054,0.18969475235715308,1.5707396623837067e-07,0.0,1.0,0.0,0.0,0,0.13103,0.57517,44.39931,9.08356,6.0,13.0,22430.0,0.0,1.33107,0.00054,0.0,0.0,0.5
YDR378C,17,0.0034589885800602542,0.2643237186109926,0.00011790524998673206,0.125,8.241952232606438,0.3333333333333333,23.5218253968254,1,0.0814,-0.15233,36.77907,5.69989,9.0,8.0,4470.0,0.0,0.47566,0.00061,0.3153500824189429,0.16204621790391252,0.5098305724985175
YLR183C,9,7.305258878462925e-05,0.2578304179256901,0.00010549145354869163,0.3333333333333333,7.710895361380798,1.0,51.25,0,0.07771,-0.75828,56.61045,9.39874,55.0,74.0,31830.0,0.0,0.57385,0.00017,0.0,0.0,0.5
YDR226W,2,0.00013249900008390105,0.252470026075345,8.8707122564576e-05,0.0,1.0,0.0,0.0,1,0.04505,-0.42523,34.13248,5.98236,31.0,28.0,15595.0,0.0,0.64297,0.00025,0.3153500824189429,0.0,0.5
YOR176W,5,6.385238581711056e-05,0.2168393258534863,1.4601570565560035e-06,0.0,1.0,0.0,0.0,1,0.10687,-0.38957,41.79415,9.08783,41.0,49.0,57215.0,0.0,1.28298,0.0002,0.3153500824189429,0.0,0.5
YMR219W,1,0.0,0.18996451865009797,3.9968417949789614e-07,0.0,0.0,0.5,0.0,0,0.04946,-1.19692,57.6918,4.39508,395.0,179.0,73425.0,0.0,0.39236,2e-05,0.0,0.0,0.0
YMR284W,2,4.74997844964901e-06,0.198501673133495,4.784715396289022e-07,0.0,1.9505549949545913,0.5,0.0,0,0.12458,-0.59086,41.85821,6.00726,95.0,89.0,63650.0,0.0,0.90096,9e-05,0.0,0.0,0.5
YPR049C,3,2.199036063915273e-05,0.21654107458247893,2.4556690831451372e-06,0.0,0.0,0.0,0.0,0,0.08234,-0.48455,39.61784,5.51678,166.0,142.0,97930.0,0.0,0.72528,4e-05,0.0,0.0,0.0
YDR229W,7,0.002796790080736702,0.25622684580769145,5.3501512800558223e-05,0.047619047619047616,2.7216494845360826,0.0,2.5,0,0.05298,-0.87417,47.72589,4.88995,72.0,49.0,27765.0,0.0,0.55558,0.0001,0.0,0.0,0.5
YGL066W,2,1.9581401329807987e-05,0.20781287267940426,7.946873754303667e-07,0.0,1.0,1.0,0.0,0,0.04262,-1.18569,46.86743,9.03473,70.0,81.0,28725.0,0.0,0.39416,0.00012,0.0,0.0,0.5
YJR131W,3,4.409946374642842e-05,0.2368941667710406,1.2148014889773186e-05,0.0,2.0,0.5,0.0,0,0.12933,-0.32149,36.81113,5.42706,71.0,52.0,118315.0,0.0,1.87633,9e-05,0.0,0.0,0.5
YDR236C,1,0.0,0.18001170594885346,1.9045009995429494e-05,0.0,1.0,0.3333333333333333,0.0,1,0.11009,-0.0633,31.27486,5.03107,25.0,18.0,20650.0,0.0,0.84159,0.00021,0.3153500824189429,0.16204621790391252,0.5810231089519563
YGR278W,6,2.309445545404338e-05,0.2319456277440423,3.814779269328914e-05,0.4,2.829885057471264,0.5,8.961904761904762,1,0.07799,-0.44801,51.70279,6.409,83.0,79.0,49235.0,0.0,0.73165,0.0001,0.3153500824189429,0.19338324065864865,0.5341680380530106
YHR086W,6,5.798829385127712e-05,0.2394029574363506,5.042861632555373e-05,0.3333333333333333,5.773913043478261,0.0,12.488888888888887,1,0.08987,-0.45239,32.44725,8.59113,29.0,33.0,56560.0,0.0,0.99278,0.00015,0.3153500824189429,0.0,0.5
YGL205W,1,0.0,0.18478062773623086,6.45428500124167e-08,0.0,0.0,0.0,0.0,0,0.09893,-0.24519,28.27313,8.63776,84.0,91.0,96690.0,0.0,1.15051,0.0001,0.0,0.0,0.0
YEL036C,6,0.0003554119076561957,0.2212026623482298,1.150247630957944e-05,0.2,1.0,0.3333333333333333,6.333333333333333,0,0.112,-0.7466,53.34064,5.13617,74.0,53.0,95465.0,0.0,1.64082,9e-05,0.0,0.0,0.5
YJL183W,3,0.0,0.19022684396821835,2.694820319447841e-07,1.0,0.0,0.0,5.75,0,0.11137,-0.21469,33.23583,8.43134,44.0,47.0,58135.0,0.0,1.21473,0.00018,0.0,0.0,0.0
YDR250C,1,0.0,0.17780439880911275,3.0189814756150976e-07,0.0,0.0,0.0,0.0,0,0.14286,-0.21429,36.67154,8.41559,5.0,7.0,9440.0,0.0,0.89914,0.0008,0.0,0.0,0.0
YDR251W,1,0.0,0.1963880716063229,8.520586885357801e-07,0.0,0.0,0.0,0.0,0,0.07349,-0.62048,49.22135,8.57062,81.0,86.0,49905.0,0.0,0.53736,9e-05,0.0,0.0,0.0
YPL057C,3,0.0005956621732709711,0.2462090401740127,6.504222515868649e-05,0.0,1.6284875183553598,0.0,0.0,0,0.14398,-0.23848,41.78301,9.06464,41.0,52.0,86135.0,0.0,1.92234,0.0002,0.0,0.0,0.5
YDR252W,3,0.0006591554610728901,0.21044190840098934,1.833428526696168e-06,0.0,0.0,0.5,0.0,0,0.04027,-0.70604,30.28926,8.8504,15.0,18.0,4720.0,0.0,0.284,0.00053,0.0,0.0,0.0
YJR055W,3,0.0003989327733191137,0.17324136982808108,2.4651160395328373e-08,0.0,0.0,0.0,0.0,0,0.07317,-0.43171,31.26159,8.98663,18.0,25.0,14285.0,0.0,0.77738,0.00049,0.0,0.0,0.0
YDR253C,2,0.0,0.20199453124114575,2.144064132591986e-07,1.0,0.0,0.5,0.0,0,0.03141,-0.97277,60.16073,9.91742,22.0,38.0,2115.0,0.0,0.09829,0.00046,0.0,0.0,0.0
YIR017C,11,0.0009886043346651718,0.25336973533024043,1.2643037192559568e-05,0.07272727272727272,5.139227642276423,0.5,2.2403846153846154,0,0.03209,-0.97059,51.56791,10.09967,24.0,38.0,11000.0,0.0,0.50951,0.00047,0.0,0.0,0.5
YNL103W,6,0.00014016507743279987,0.22172560008427764,1.5777591848549441e-06,0.13333333333333333,1.0,1.0,0.0,1,0.04911,-1.0003,41.3244,5.48431,93.0,67.0,18910.0,0.0,0.25426,7e-05,0.3153500824189429,0.23974612282610783,0.6198730614130539
YDR254W,2,3.777161216646235e-05,0.19053929782906953,5.72850355417383e-07,0.0,0.0,0.5,0.0,0,0.10699,-0.31157,45.5081,8.89752,54.0,61.0,54820.0,0.0,1.0408,0.00017,0.0,0.0,0.0
YEL077C,2,8.611396864426546e-06,0.1849279127103043,5.366589713046931e-07,0.0,1.0,0.0,0.0,0,0.08457,-0.44346,35.56579,6.79364,150.0,147.0,157800.0,0.0,1.1028,5e-05,0.0,0.0,0.5
YIL111W,2,0.00024065348597069632,0.23530087836423205,4.325442563095133e-05,0.0,0.0,0.0,0.0,0,0.09934,-0.62715,27.90331,9.79816,15.0,23.0,38960.0,0.0,2.26558,0.00057,0.0,0.0,0.0
YDR255C,1,0.0,0.2115833087873439,6.147108820798278e-06,0.0,1.0,0.0,0.0,0,0.09976,-0.50641,45.25394,8.4632,55.0,60.0,40100.0,0.0,0.81557,0.00017,0.0,0.0,0.5
YDR256C,4,5.976040133177043e-05,0.25146187423134764,5.791521226855345e-05,0.3333333333333333,2.0,0.0,2.142857142857143,0,0.11845,-0.63146,30.25847,6.99567,54.0,53.0,78895.0,0.0,1.34737,0.00012,0.0,0.0,0.5
YDR484W,6,0.0011210879667681143,0.24948365245772391,0.000142567632387478,0.06666666666666667,2.433613445378151,0.0,0.7142857142857143,0,0.10608,-0.5092,45.02435,5.52582,82.0,71.0,55990.0,0.0,0.75324,7e-05,0.0,0.0,0.5
YFR015C,6,0.0005816415064232324,0.23872876551722302,4.15504986934558e-06,0.06666666666666667,0.0,0.0,2.5,0,0.10311,-0.34859,33.82487,5.66754,98.0,80.0,91065.0,0.0,1.13111,7e-05,0.0,0.0,0.0
YGR066C,3,4.6674929822104024e-05,0.24406880323766808,3.393651487555557e-06,0.0,1.551440329218107,0.0,0.0,0,0.14041,-0.58459,41.82195,5.16522,43.0,29.0,54040.0,0.0,1.58719,0.00015,0.0,0.0,0.5
YDR260C,2,4.0858753535934694e-05,0.21964854528255137,3.338682725705197e-06,0.0,1.8798235942668138,0.0,4.0,0,0.09412,-0.99529,52.16176,5.06061,25.0,16.0,30940.0,0.0,1.59849,0.00026,0.0,0.0,0.5
YFL002WB,1,0.0,0.15646080270020316,4.931062038695004e-10,0.0,0.0,0.0,0.0,0,0.0,0.0,0.0,0.0,0.0,0.0,0.0,0.0,0.0,0.0,0.0,0.0,0.0
YDR262W,1,0.0,0.00021358393848782572,2.229258935376394e-19,0.0,0.0,0.0,0.0,0,0.08456,-0.34632,43.54669,5.26337,37.0,30.0,24535.0,0.0,0.80092,0.00017,0.0,0.0,0.0
YDR454C,1,0.0,0.00021358393848782572,2.229258935376394e-19,0.0,0.0,0.0,0.0,1,0.09626,-0.39251,21.06203,6.6275,26.0,26.0,14565.0,0.0,0.70577,0.00032,0.3153500824189429,0.0,0.0
YDR263C,1,0.0,0.00021358393848782572,2.229258935376394e-19,0.0,0.0,1.0,0.0,0,0.08605,-0.23279,35.7414,9.35297,45.0,64.0,40100.0,0.0,0.8178,0.00019,0.0,0.0,0.0
YOR214C,1,0.0,0.00021358393848782572,2.229258935376394e-19,0.0,0.0,0.0,0.0,0,0.09746,0.08347,41.01864,4.26129,32.0,10.0,13410.0,0.0,0.51269,0.00016,0.0,0.0,0.0
YKL178C,1,0.0,0.18239517772573335,6.2977790511284e-08,0.0,0.0,0.0,0.0,0,0.12766,0.08277,42.64196,7.5528,44.0,45.0,100030.0,0.0,1.8625,0.00014,0.0,0.0,0.0
YOR101W,5,0.00025310246948981297,0.20630536131771066,2.13368742699595e-06,0.1,1.8678571428571429,0.0,3.7142857142857135,0,0.0712,-0.82686,34.56249,5.24579,42.0,37.0,24215.0,0.0,0.70503,0.00015,0.0,0.0,0.5
YDR266C,1,0.0,0.22412683827921107,4.069454388987861e-05,0.0,1.0,0.0,2.0,0,0.08451,-0.84194,48.93851,9.14044,71.0,93.0,46155.0,0.0,0.63439,0.00013,0.0,0.0,0.5
YDR267C,2,0.0002846700183061755,0.207451016766696,1.3392611440734366e-06,0.0,1.8763102725366876,0.5,2.0,1,0.11212,-0.27333,29.72182,4.59808,59.0,32.0,105140.0,0.0,2.82072,0.00012,0.3153500824189429,0.19338324065864865,0.5515328523989806
YDR268W,3,0.000442787563094002,0.2627482061915434,0.00014213843359738655,0.0,2.9421965317919074,0.0,0.0,0,0.08443,-0.37968,38.50055,9.15033,44.0,52.0,40130.0,0.0,0.93293,0.00021,0.0,0.0,0.5
YDR270W,1,0.0,0.00021358393848782572,2.229258935376394e-19,0.0,0.0,0.0,0.0,0,0.07968,0.21345,30.66697,5.04535,113.0,85.0,91740.0,0.0,0.83531,5e-05,0.0,0.0,0.0
YNL259C,1,0.0,0.00021358393848782572,2.229258935376394e-19,0.0,0.0,0.0,0.0,0,0.06849,-0.15342,27.73151,8.58063,9.0,11.0,4720.0,0.0,0.57417,0.00104,0.0,0.0,0.0
YDR271C,6,0.0015528714802791209,0.27769476220710115,0.00013969108601353104,0.0,3.9526066350710902,0.0,0.0,0,0.08943,0.16748,77.47967,5.70636,11.0,10.0,13575.0,0.0,0.99701,0.00042,0.0,0.0,0.5
YDR509W,1,0.0,0.21591529463536066,1.8528539945168138e-06,0.0,0.0,0.0,0.0,0,0.22609,0.53217,41.41757,10.09821,4.0,16.0,16055.0,0.0,1.13777,0.00072,0.0,0.0,0.0
YOR244W,4,7.1850304710452e-05,0.22081484021817982,2.3103079429299697e-06,0.0,1.0,0.0,0.0,1,0.11011,-0.72584,42.02274,7.5788,68.0,69.0,78115.0,0.0,1.48473,0.00014,0.3153500824189429,0.0,0.5
YDR275W,1,0.0,0.15854289509694733,4.873244471888915e-09,0.0,0.0,0.0,0.0,0,0.08511,-0.0434,53.97617,5.20966,33.0,25.0,16555.0,0.0,0.62281,0.0002,0.0,0.0,0.0
YGL237C,5,0.00018095763466487497,0.23979364931053274,4.91386154132591e-06,0.0,3.7270854788877448,1.0,10.0,0,0.05283,-1.05132,67.39362,8.63409,34.0,36.0,10430.0,0.0,0.34922,0.00029,0.0,0.0,0.5
YOR060C,4,5.974480380054709e-05,0.24904670368788268,2.9864760016559866e-05,0.16666666666666666,3.4783047426841573,0.3333333333333333,0.0,1,0.0856,-0.47821,34.37121,9.55035,28.0,39.0,23295.0,0.0,0.78815,0.00032,0.3153500824189429,0.16204621790391252,0.523293850006205
YDR279W,3,0.00021528869270249186,0.1730305642673702,4.868930095980875e-08,0.0,0.0,1.0,0.0,0,0.09714,-0.49457,31.43489,7.05548,42.0,42.0,29715.0,0.0,0.7526,0.00018,0.0,0.0,0.0
YIL131C,3,7.427688272238133e-05,0.1868483661951307,4.007181771115318e-08,0.0,0.0,1.0,0.4,0,0.06612,-0.5093,47.27048,8.46259,48.0,51.0,51840.0,0.0,0.96916,0.00016,0.0,0.0,0.0
YLR154C,1,0.0,0.14684944550854565,7.720714272105793e-10,0.0,0.0,0.5,0.0,0,0.10909,-0.67273,25.76555,4.69257,17.0,12.0,8940.0,0.0,0.71625,0.00038,0.0,0.0,0.0
YOR076C,9,0.005785558795015384,0.2462915775659584,4.4662536846322436e-05,0.08333333333333333,5.489517819706499,0.0,6.61904761904762,1,0.06827,-0.40402,39.84806,7.61432,89.0,90.0,56810.0,0.0,0.6701,9e-05,0.3153500824189429,0.0,0.5
YPR189W,6,3.014192992846771e-05,0.2157884597256473,4.782646412323399e-05,0.4,4.0,0.5,7.76984126984127,0,0.09218,-0.2942,41.17696,5.22321,216.0,170.0,197875.0,0.0,1.20859,3e-05,0.0,0.0,0.5
YDR281C,1,0.0,0.17207817680741397,1.9336686323328463e-08,0.0,0.0,0.0,0.0,0,0.08654,0.125,26.85683,4.59052,17.0,10.0,6335.0,0.0,0.53295,0.00039,0.0,0.0,0.0
YDR283C,2,0.0,0.2008624193600439,1.9354391086304104e-07,1.0,2.0,0.0,2.2403846153846154,0,0.09222,-0.48499,44.89441,5.97833,227.0,208.0,187325.0,0.0,0.98493,3e-05,0.0,0.0,0.5
YIL072W,2,0.0,0.20229115943625917,3.8501165124730227e-07,1.0,0.0,0.5,6.0,0,0.08099,-0.43008,42.80514,8.42609,75.0,80.0,45265.0,0.0,0.65721,0.00012,0.0,0.0,0.0
YLR263W,6,0.0004057751115961332,0.2461815400019839,2.3890309523139913e-05,0.06666666666666667,2.55930359085963,1.0,2.5,0,0.06892,-0.7549,51.91948,6.78009,128.0,126.0,46755.0,0.0,0.48939,7e-05,0.0,0.0,0.5
YDR286C,1,0.0,0.21645601057085803,2.798148520361548e-06,0.0,0.0,0.0,0.0,0,0.08772,-0.41842,56.43158,8.30219,18.0,20.0,13115.0,0.0,0.97717,0.00062,0.0,0.0,0.0
YDR287W,1,0.0,0.00021358393848782572,2.229258935376394e-19,0.0,0.0,0.0,0.0,0,0.10274,-0.13219,32.0887,5.46625,34.0,27.0,49025.0,0.0,1.52763,0.00017,0.0,0.0,0.0
YHR163W,1,0.0,0.00021358393848782572,2.229258935376394e-19,0.0,0.0,0.5,0.0,0,0.09237,-0.28715,36.25221,5.31805,34.0,27.0,31440.0,0.0,1.13158,0.00019,0.0,0.0,0.0
YDR289C,1,0.0,0.22582616061862312,1.0717153200840629e-05,0.0,1.0,1.0,0.0,0,0.05623,-0.95061,54.59584,4.75629,85.0,54.0,24535.0,0.0,0.52777,0.0001,0.0,0.0,0.5
YDR290W,1,0.0,0.2261505569092717,1.9400267624592413e-05,0.0,1.0,0.0,0.0,0,0.21101,0.44679,62.34505,6.70319,9.0,9.0,23420.0,0.0,1.79476,0.00051,0.0,0.0,0.5
YKL154W,2,4.2417386043982735e-05,0.23162874548239837,6.247640614578129e-05,0.0,1.8943089430894309,0.5,0.0,1,0.06148,-0.11352,38.54426,7.61444,31.0,32.0,18825.0,0.0,0.6979,0.00028,0.3153500824189429,0.19338324065864865,0.5510432158820038
YGL086W,5,4.6592739831967184e-05,0.21448650521971213,1.1244616443717047e-06,0.1,2.927179487179487,1.0,9.857142857142858,0,0.06142,-0.97704,42.53658,5.32245,125.0,108.0,60695.0,0.0,0.69247,6e-05,0.0,0.0,0.5
YLR131C,5,0.0006449266868914917,0.25118962079181284,2.6622424318178653e-05,0.0,3.3495260663507107,1.0,0.0,0,0.05065,-0.90909,53.52221,8.47345,92.0,97.0,41800.0,0.0,0.4825,0.0001,0.0,0.0,0.5
YHR056C,4,0.00029218756668377837,0.20124756461265172,1.5332793864672043e-06,0.0,1.4560975609756097,1.0,0.0,0,0.10532,-0.33624,42.50723,8.32672,89.0,94.0,55710.0,0.0,0.54977,8e-05,0.0,0.0,0.5
YPL082C,3,3.2802056191347855e-06,0.2351502536688106,0.00020698399295542442,0.6666666666666666,2.6948968512486426,0.5,4.2,1,0.06695,-0.22234,42.66213,6.13251,234.0,213.0,150060.0,0.0,0.71466,3e-05,0.6846499175810571,0.2889671908216764,0.5536137757346422
YDR305C,1,0.0,0.22409265697094827,5.9054157191823046e-06,0.0,1.0,0.3333333333333333,0.0,0,0.09223,-0.5301,36.50053,7.02448,25.0,25.0,35410.0,0.0,1.50416,0.0003,0.0,0.0,0.5
YDR306C,2,3.722028820810407e-05,0.23128845455037111,4.088721731141108e-05,0.0,1.986960882647944,0.0,8.0,0,0.10042,-0.30188,44.24142,8.80109,50.0,60.0,67405.0,0.0,1.23824,0.00016,0.0,0.0,0.5
YER145C,4,0.00022070492186944708,0.23690689822515845,4.4806725101375106e-05,0.16666666666666666,2.917391304347826,0.0,2.333333333333333,0,0.12376,0.19678,40.05495,8.67169,34.0,39.0,73185.0,0.0,1.60066,0.00019,0.0,0.0,0.5
YER157W,13,0.0012674928992124567,0.2663198800915614,7.875547672822672e-05,0.20512820512820512,2.4904270986745214,0.0,27.46587301587301,1,0.09613,-0.38502,38.02511,5.28058,121.0,102.0,68870.0,0.0,0.74419,6e-05,0.6846499175810571,0.0,0.5
YOR174W,8,0.0002474930829129278,0.2592405701761658,6.964873422335004e-05,0.17857142857142858,6.519677093844601,1.0,23.23333333333333,1,0.05986,-0.73204,43.90317,4.53595,62.0,37.0,13200.0,0.0,0.40988,0.00014,0.3153500824189429,0.23974612282610783,0.518386349459888
YGR207C,2,9.350203846376977e-05,0.23584220508670073,2.31522686045921e-05,0.0,1.2428909952606635,0.0,0.0,0,0.02682,-0.19502,38.91571,8.58698,37.0,40.0,7365.0,0.0,0.2561,0.0003,0.0,0.0,0.5
YKL007W,5,0.00045918516924512234,0.24332781272220816,5.87079028865169e-05,0.0,1.0,0.0,0.0,0,0.10448,-0.53172,46.09179,5.17731,40.0,30.0,34630.0,0.0,1.12805,0.00017,0.0,0.0,0.5
YKL082C,6,0.0003781003520580757,0.24197873718370333,0.0002004541428867811,0.2,1.0,0.5,4.688636363636364,1,0.03226,-1.45853,56.94954,9.57111,91.0,116.0,22460.0,0.0,0.44492,0.00019,0.3153500824189429,0.19338324065864865,0.5966916203293243
YMR055C,9,0.0002291436286491432,0.24666368167844682,5.47943459007586e-06,0.08333333333333333,7.118951612903226,0.0,24.2,0,0.10131,-0.02157,40.6232,8.79547,27.0,32.0,36620.0,0.0,1.04547,0.00025,0.0,0.0,0.5
YMR238W,5,0.001006100406161981,0.2452092482213675,6.229476875045323e-05,0.1,0.0,0.0,3.5,0,0.12227,-0.1845,26.07402,4.5705,49.0,28.0,108510.0,0.0,2.14701,9e-05,0.0,0.0,0.0
YDR310C,2,0.0,0.17532919637560748,2.3865035397703218e-08,1.0,1.0,1.0,2.321428571428571,0,0.04614,-0.81375,48.13241,5.84869,150.0,135.0,55725.0,0.0,0.47145,5e-05,0.0,0.0,0.5
YOR279C,3,2.1825052134447433e-05,0.18556626627133335,1.1422922338479682e-07,0.3333333333333333,1.0,1.0,3.75,0,0.05484,-1.0129,72.91774,9.04193,50.0,54.0,22920.0,0.0,0.65124,0.00026,0.0,0.0,0.5
YER162C,8,0.0008140132798415674,0.24220476127887494,5.6628624165099184e-05,0.14285714285714285,2.803370786516854,0.5,5.6000000000000005,0,0.08488,-0.72109,48.93859,8.15741,124.0,128.0,105000.0,0.0,1.2045,9e-05,0.0,0.0,0.5
YHR113W,4,0.00023288912857642093,0.24154118659043963,6.101298859995299e-06,0.16666666666666666,1.9481236203090508,0.0,7.0,0,0.08163,-0.23898,38.22184,6.53424,59.0,55.0,37400.0,0.0,0.69038,0.00012,0.0,0.0,0.5
YKR050W,1,0.0,0.21946264339716834,1.4605153222996654e-06,0.0,1.0,0.0,0.0,0,0.10911,-0.21294,50.3649,9.57892,78.0,111.0,109095.0,0.0,1.07924,9e-05,0.0,0.0,0.5
YMR294W,12,0.0007834513806817073,0.2643237186109926,4.02873716012494e-05,0.06060606060606061,5.081218274111675,0.0,11.75,0,0.03753,-0.90349,54.09678,4.84015,81.0,60.0,14690.0,0.0,0.33688,0.00011,0.0,0.0,0.5
YOR089C,7,0.0005185517031296563,0.22880341821216255,2.4899883346952782e-06,0.09523809523809523,4.402907580477674,0.0,2.9,0,0.06667,-0.34524,22.42667,5.25189,30.0,24.0,15720.0,0.0,0.68109,0.00023,0.0,0.0,0.5
YPL170W,1,0.0,0.21946264339716834,1.4605153222996654e-06,0.0,1.0,0.0,0.0,0,0.10526,-0.55197,22.58954,4.65399,23.0,14.0,17210.0,0.0,1.02701,0.00028,0.0,0.0,0.5
YDR313C,3,0.0010507310667684795,0.2559887720833637,9.007153676810773e-05,0.0,1.9005524861878453,0.0,3.0,0,0.07692,-0.70455,56.17622,5.55621,43.0,32.0,20950.0,0.0,0.64116,0.00017,0.0,0.0,0.5
YNL044W,10,0.0006783799479771485,0.26494330179561987,6.147313532210876e-05,0.08888888888888889,8.971311475409836,0.0,28.6,1,0.11364,0.4392,27.61136,8.5462,11.0,13.0,13200.0,0.0,0.68001,0.00044,0.3153500824189429,0.0,0.5
YDR314C,1,0.0,0.18474190751751912,4.9119777430314294e-08,0.0,1.0,1.0,0.0,0,0.10983,-0.64827,47.14152,9.45367,90.0,121.0,107900.0,0.0,1.31518,0.00012,0.0,0.0,0.5
YDR315C,4,0.00044145100447949716,0.23059879971100247,6.924644758130639e-05,0.0,2.7328556806550663,1.0,0.0,0,0.10676,-0.28505,33.57972,7.99188,30.0,32.0,61975.0,0.0,1.88273,0.00024,0.0,0.0,0.5
YJR117W,1,0.0,0.1863271052191869,1.171306888046429e-06,0.0,1.0,0.5,0.0,0,0.1479,0.21545,35.59715,7.71198,41.0,42.0,59165.0,0.0,1.13075,0.00015,0.0,0.0,0.5
YLR323C,1,0.0,0.1863271052191869,1.171306888046429e-06,0.0,1.0,1.0,0.0,1,0.0695,-1.061,46.99768,9.11029,40.0,52.0,21190.0,0.0,0.7125,0.00031,0.3153500824189429,0.23974612282610783,0.6198730614130539
YDR317W,1,0.0,0.20553581644404922,2.177176292556789e-07,0.0,0.0,0.0,0.0,0,0.11353,-0.29638,42.38964,9.14972,43.0,56.0,47760.0,0.0,1.00896,0.00019,0.0,0.0,0.0
YDR478W,1,0.0,0.21273715821029504,1.983602599499285e-06,0.0,0.0,1.0,0.0,1,0.07576,-0.85455,41.91515,9.66351,18.0,35.0,16680.0,0.0,0.74,0.00043,0.3153500824189429,0.23974612282610783,0.5
YDR542W,2,7.48359413773283e-06,0.21961571618550835,2.7986820380370406e-06,0.0,1.0,0.0,0.0,0,0.09167,0.31833,18.44917,5.51361,9.0,7.0,15930.0,0.0,1.24128,0.00043,0.0,0.0,0.5
YER035W,1,0.0,0.21273715821029504,1.983602599499285e-06,0.0,0.0,0.5,0.0,0,0.04828,-1.04759,34.80069,10.14301,14.0,30.0,3105.0,0.0,0.1932,0.00063,0.0,0.0,0.0
YER084W,2,7.01802235417052e-05,0.23758362915142414,2.1383870224091695e-05,0.0,1.7915632754342432,0.5,0.0,0,0.11719,-0.15859,64.25234,10.02679,5.0,15.0,11835.0,0.0,0.8269,0.0007,0.0,0.0,0.5
YFL015C,1,0.0,0.21273715821029504,1.983602599499285e-06,0.0,0.0,0.0,0.0,0,0.19512,0.09512,57.63122,9.91888,6.0,17.0,33055.0,0.0,1.71266,0.00051,0.0,0.0,0.0
YGR018C,3,0.0006886488365563373,0.259194840670049,9.078932128838892e-05,0.0,1.2358490566037736,0.0,0.0,0,0.09174,-0.14862,65.54587,7.71063,7.0,8.0,18615.0,0.0,1.56464,0.00065,0.0,0.0,0.5
YGR036C,1,0.0,0.21273715821029504,1.983602599499285e-06,0.0,1.0,0.5,0.0,0,0.17155,0.25983,31.12184,8.73932,16.0,20.0,43485.0,0.0,1.57276,0.00032,0.0,0.0,0.5
YGR146C,3,0.00015560045619566709,0.22825842249769693,4.354199707324054e-06,0.0,2.153757225433526,0.0,0.0,0,0.06161,-0.791,55.38199,5.58295,28.0,21.0,17920.0,0.0,0.74678,0.00023,0.0,0.0,0.5
YHL042W,2,2.5149762939752366e-05,0.21857034189188435,2.0344776995587286e-06,0.0,1.7357142857142858,0.0,0.0,0,0.14,0.014,40.40267,8.88141,15.0,19.0,16095.0,0.0,0.91603,0.00051,0.0,0.0,0.5
YHR142W,3,0.00022123282254501563,0.21793279553446004,2.551314656086427e-06,0.0,1.9664138678223184,0.5,0.0,0,0.14241,0.89842,23.31076,5.46222,20.0,16.0,46505.0,0.0,1.3326,0.00016,0.0,0.0,0.5
YJR060W,4,0.00010757294734257177,0.2235244995322511,2.273935936838945e-06,0.16666666666666666,1.0,0.3333333333333333,0.0,0,0.02849,-1.2755,55.94473,4.93011,70.0,48.0,23045.0,0.0,0.58509,0.00013,0.0,0.0,0.5
YJR135C,2,1.9829955325490335e-05,0.22052762295640221,2.6816210468896173e-06,0.0,0.0,0.5,0.0,1,0.06695,-0.43515,39.90586,5.66364,35.0,31.0,18450.0,0.0,0.66927,0.00021,0.3153500824189429,0.19338324065864865,0.5
YLL033W,3,0.0003930979222023561,0.2344748220891236,7.893460621254627e-06,0.0,2.0783817951959547,0.0,0.0,0,0.1087,-0.51739,27.72309,9.79865,24.0,44.0,25370.0,0.0,0.92666,0.00036,0.0,0.0,0.5
YDR319C,3,0.0005405871621479458,0.2528030426836912,0.00010080850880657328,0.0,0.0,0.0,0.0,0,0.17153,0.62591,38.7062,8.74298,14.0,20.0,78600.0,0.0,2.45543,0.00027,0.0,0.0,0.0
YDR320C,3,0.00016506787305544155,0.20718775405506315,4.194856629895569e-07,0.3333333333333333,2.429441624365482,0.3333333333333333,0.0,0,0.07036,-0.71018,44.7337,5.14203,103.0,83.0,61100.0,0.0,0.81446,7e-05,0.0,0.0,0.5
YGR167W,4,3.7684846724048935e-05,0.21573565581537335,6.406618648230332e-07,0.3333333333333333,2.017258883248731,0.0,0.0,0,0.06867,-1.21288,51.91979,4.31305,64.0,33.0,13980.0,0.0,0.52693,0.00016,0.0,0.0,0.5
YDR321W,4,5.753152077602175e-05,0.24514106635944408,4.698856267459043e-05,0.16666666666666666,2.8995584988962473,0.0,35.5,0,0.07349,-0.06719,41.73963,5.237,42.0,32.0,26580.0,0.0,0.64211,0.00013,0.0,0.0,0.5
YGL095C,4,8.243888135828766e-05,0.22419523218774914,3.557394869052206e-06,0.16666666666666666,1.8459770114942529,0.0,0.6,0,0.08666,-0.45615,40.51128,5.90106,84.0,76.0,45435.0,0.0,0.67797,9e-05,0.0,0.0,0.5
YDR323C,1,0.0,0.1925030200129055,6.97161630100619e-08,0.0,0.0,0.0,0.0,1,0.06408,-0.52757,50.21689,8.75616,65.0,76.0,39735.0,0.0,0.66846,0.00015,0.3153500824189429,0.0,0.0
YDR326C,3,0.0004229865413373211,0.19360211934101293,1.4366905343372277e-06,0.0,1.0,0.3333333333333333,0.0,0,0.07232,-0.70132,43.09347,7.01019,172.0,169.0,94950.0,0.0,0.59131,4e-05,0.0,0.0,0.5
YER007C,1,0.0,0.1614048059490873,2.1293223816773608e-08,0.0,0.0,0.0,0.0,0,0.0,0.0,0.0,0.0,0.0,0.0,0.0,0.0,0.0,0.0,0.0,0.0,0.0
YER007CA,1,0.0,0.1614048059490873,2.1293223816773608e-08,0.0,0.0,0.0,0.0,0,0.0,0.0,0.0,0.0,0.0,0.0,0.0,0.0,0.0,0.0,0.0,0.0,0.0
YDR327W,1,0.0,0.00021358393848782572,2.229258935376394e-19,0.0,0.0,0.0,0.0,1,0.11111,-0.03889,32.1037,9.40741,8.0,13.0,15845.0,0.0,1.28789,0.00076,0.3153500824189429,0.0,0.0
YOR378W,1,0.0,0.00021358393848782572,2.229258935376394e-19,0.0,0.0,0.0,0.0,0,0.14951,0.50718,32.45944,8.57635,25.0,29.0,116725.0,0.0,2.0803,0.00015,0.0,0.0,0.0
YGL149W,3,0.00033870172741440015,0.2423912160604599,8.803438352251541e-06,0.0,1.8677685950413223,0.0,0.0,0,0.20792,1.11584,48.14059,9.05731,2.0,5.0,8855.0,0.0,0.76042,0.00078,0.0,0.0,0.5
YGR140W,5,7.884791898239806e-05,0.2094320911856482,2.9403149944319762e-06,0.4,2.721123829344433,0.25,2.5955882352941178,1,0.10983,-0.72354,41.88978,5.81818,143.0,124.0,112995.0,0.0,1.00964,5e-05,0.6846499175810571,0.183130042784624,0.5336497076703678
YJL204C,1,0.0,0.19881502143584356,2.3833143400106568e-07,0.0,1.0,0.0,0.0,0,0.10833,-0.31929,40.94492,5.60919,109.0,99.0,70930.0,0.0,0.72771,6e-05,0.0,0.0,0.5
YJR089W,3,4.638185527337345e-05,0.2010639780731401,2.964881136732966e-07,0.3333333333333333,1.0,0.0,2.125,1,0.06394,-0.90294,45.53743,6.05682,151.0,140.0,64300.0,0.0,0.59172,6e-05,0.6846499175810571,0.0,0.5
YLR224W,2,0.0,0.2024955971921321,2.5982615641601393e-07,1.0,1.7415929203539824,0.0,7.333333333333334,0,0.12466,-0.29566,45.91415,6.37555,40.0,37.0,86135.0,0.0,2.01469,0.00015,0.0,0.0,0.5
YLR399C,5,0.0006825324612845563,0.21426756697008328,1.4433490883645666e-05,0.0,2.651190476190476,1.0,0.0,0,0.05539,-0.94125,55.892,5.74701,108.0,98.0,41050.0,0.0,0.53328,7e-05,0.0,0.0,0.5
YMR258C,2,0.00021149327066866054,0.19883295693619862,2.3841342455366873e-07,0.0,1.0,0.3333333333333333,0.0,0,0.12116,-0.2311,42.20508,5.96417,73.0,64.0,81470.0,0.0,1.26498,9e-05,0.0,0.0,0.5
YOR057W,5,0.0054423441956084825,0.21897206573322356,1.5143311221232584e-06,0.1,2.776330076004343,0.0,6.266666666666667,1,0.09114,-0.75392,43.78937,6.08502,63.0,59.0,59485.0,0.0,1.32605,0.00014,0.3153500824189429,0.0,0.5
YDR331W,1,0.0,0.22412683827921107,4.069454388987861e-05,0.0,1.0,0.5,0.0,1,0.11922,-0.24866,38.96645,4.95087,58.0,36.0,52300.0,0.0,1.10333,0.0001,0.3153500824189429,0.19338324065864865,0.5966916203293243
YDR332W,1,0.0,0.00021358393848782572,2.229258935376394e-19,0.0,0.0,0.0,0.0,0,0.08128,-0.31306,36.70653,9.0119,83.0,97.0,68520.0,0.0,0.87236,0.00011,0.0,0.0,0.0
YMR074C,1,0.0,0.00021358393848782572,2.229258935376394e-19,0.0,0.0,0.0,0.0,0,0.04828,-0.82207,28.16483,4.78082,25.0,18.0,1490.0,0.0,0.09326,0.0003,0.0,0.0,0.0
YDR333C,1,0.0,0.1756365708532761,3.593320758633798e-08,0.0,1.0,0.0,0.0,0,0.09682,-0.58326,52.54942,5.42596,105.0,84.0,91955.0,0.0,1.10225,7e-05,0.0,0.0,0.5
YDR334W,1,0.0,0.19304255113972074,3.023631707150211e-07,0.0,1.0,1.0,0.0,0,0.07926,-0.7531,44.02941,5.86005,252.0,222.0,126780.0,0.0,0.72642,3e-05,0.0,0.0,0.5
YFR002W,15,0.00023942095682937797,0.25857148376792133,7.561041906020886e-05,0.23809523809523808,5.5974914481185865,0.25,29.625,1,0.08582,-0.36496,45.17607,6.37543,108.0,103.0,95285.0,0.0,0.99077,7e-05,0.6846499175810571,0.183130042784624,0.5163582244369643
YML103C,4,8.039216949433038e-06,0.2295182055230409,1.035435200322542e-05,0.5,1.8203677510608203,0.25,2.017857142857143,0,0.09728,0.02097,37.86733,5.38654,186.0,151.0,139020.0,0.0,0.73721,3e-05,0.0,0.0,0.5
YOR359W,3,0.0001394271869034724,0.21941894750002605,1.1066048894046086e-06,0.0,1.5741379310344827,0.0,0.0,0,0.05736,-0.73805,62.1304,8.84491,35.0,39.0,42985.0,0.0,0.74684,0.00015,0.0,0.0,0.5
YPR084W,3,4.4088795292751226e-05,0.23014131018458409,2.664035049746345e-06,0.0,2.5724867724867724,0.0,0.0,0,0.06798,-0.36316,54.77785,6.64996,52.0,50.0,47370.0,0.0,0.93185,0.00013,0.0,0.0,0.5
YDR340W,1,0.0,0.21645601057085803,2.798148520361548e-06,0.0,0.0,0.0,0.0,0,0.12,0.38,34.0391,8.70966,9.0,11.0,10555.0,0.0,0.91436,0.00075,0.0,0.0,0.0
YER048C,3,3.05559572581199e-05,0.21361342582261694,1.6350455386093642e-06,0.0,1.0,0.0,0.0,0,0.08184,-0.84066,37.6757,5.62787,77.0,69.0,29005.0,0.0,0.64665,0.00013,0.0,0.0,0.5
YLR081W,3,0.0001237314325393362,0.21222505682324028,2.099212637855332e-06,0.0,1.0,0.0,0.0,0,0.13415,0.27526,42.03979,7.00458,45.0,45.0,116125.0,0.0,1.82514,0.00011,0.0,0.0,0.5
YDR344C,1,0.0,0.16440872203772652,1.145042793116802e-08,0.0,0.0,0.0,0.0,0,0.17007,-0.36939,61.47966,8.60248,12.0,16.0,32065.0,0.0,1.83231,0.00049,0.0,0.0,0.0
YDR345C,1,0.0,0.22307204368582176,2.6953931813323404e-06,0.0,0.0,0.0,0.0,0,0.14462,0.31869,34.51155,6.80658,41.0,41.0,104095.0,0.0,1.664,0.00011,0.0,0.0,0.0
YDR346C,1,0.0,0.19314405009313076,3.814150497428294e-07,0.0,0.0,0.5,0.0,0,0.09771,-0.63534,49.6011,4.43915,98.0,43.0,68215.0,0.0,1.25471,8e-05,0.0,0.0,0.0
YLR077W,2,0.00021149327066866054,0.24113159319925187,2.796644804121286e-05,0.0,1.0,0.0,0.0,0,0.10292,-0.57719,36.44991,9.02094,66.0,79.0,107715.0,0.0,1.61518,0.00014,0.0,0.0,0.5
YMR295C,2,0.00024401492795301537,0.23049028262878554,6.222304009203405e-05,0.0,1.0,0.0,0.0,0,0.08629,-0.87208,42.83046,6.52301,27.0,26.0,14565.0,0.0,0.65672,0.00029,0.0,0.0,0.5
YDR349C,2,0.00021149327066866054,0.1792650124146207,2.0231033323569076e-08,0.0,1.0,0.3333333333333333,0.0,0,0.09899,-0.02181,39.1329,4.79059,51.0,36.0,71335.0,0.0,1.10601,7e-05,0.0,0.0,0.5
YLR099C,1,0.0,0.15131562046119468,2.960993523050433e-10,0.0,0.0,0.0,0.0,0,0.11421,-0.39924,40.43581,9.18097,37.0,48.0,67435.0,0.0,1.4939,0.0002,0.0,0.0,0.0
YDR350C,1,0.0,0.18507543266754234,7.717632136311862e-08,0.0,0.0,0.0,0.0,0,0.12135,-0.2367,46.36304,9.2901,64.0,88.0,86315.0,0.0,1.08226,0.00012,0.0,0.0,0.0
YDR351W,3,4.332514967217554e-05,0.22307204368582176,3.06480832315903e-06,0.0,0.0,0.0,0.0,0,0.07407,-0.6169,51.67353,8.56085,106.0,115.0,89905.0,0.0,0.9084,9e-05,0.0,0.0,0.0
YNL070W,12,0.0006585642523867943,0.2296258089949223,5.494157685733594e-06,0.42424242424242425,1.0,0.0,22.9,0,0.13333,0.21167,56.34667,8.24811,3.0,4.0,13980.0,0.0,2.03497,0.0012,0.0,0.0,0.5
YDR353W,6,0.0004577197331263987,0.2542465483490324,5.480131050434616e-05,0.06666666666666667,4.975505857294995,0.0,0.0,1,0.06897,-0.15831,38.80473,5.68988,39.0,34.0,24910.0,0.0,0.72756,0.00017,0.3153500824189429,0.0,0.5
YDR356W,8,0.0006851713859743186,0.24046076016122211,6.674810741114128e-06,0.14285714285714285,2.559270516717325,0.25,5.570707070707071,1,0.04343,-1.2196,51.33052,6.65448,194.0,191.0,51020.0,0.0,0.45643,6e-05,0.6846499175810571,0.183130042784624,0.5357777815178987
YGR078C,2,1.1896852147821752e-05,0.19488600978272794,1.069043091578926e-07,0.0,1.300794551645857,0.0,0.0,0,0.07035,-0.64623,40.37437,4.77826,37.0,26.0,18825.0,0.0,0.81441,0.00021,0.0,0.0,0.5
YLR212C,3,0.0,0.2150410583577503,1.6970651750255696e-06,1.0,0.0,0.0,3.767676767676768,1,0.09091,-0.34123,49.76237,4.55524,64.0,34.0,44725.0,0.0,0.84985,9e-05,0.3153500824189429,0.0,0.0
YOR257W,3,7.085974592505982e-05,0.20344886949164737,3.03443746938106e-07,0.0,0.0,0.25,0.0,1,0.08696,-0.6087,62.36528,4.43329,39.0,20.0,7575.0,0.0,0.40398,0.00024,0.3153500824189429,0.13944903000175835,0.5
YDR357C,3,6.439139555671957e-05,0.2433009523830182,1.3359704697245907e-05,0.0,1.0,0.0,0.0,0,0.06557,-0.67049,24.0,5.02142,21.0,16.0,9190.0,0.0,0.65847,0.00036,0.0,0.0,0.5
YGL079W,3,5.981665414211577e-05,0.21136011964305348,7.541001245192903e-07,0.0,0.0,0.0,0.0,0,0.06422,-0.7422,55.64587,4.24518,44.0,19.0,6085.0,0.0,0.24895,0.00017,0.0,0.0,0.0
YMR226C,2,3.660451561105565e-05,0.2422580047964126,9.890253131581768e-06,0.0,1.0,0.5,0.0,0,0.05993,-0.12172,25.66704,6.3465,33.0,32.0,9065.0,0.0,0.31089,0.00022,0.0,0.0,0.5
YDR366C,2,2.380649714188436e-06,0.20129351364334094,7.040489953264254e-06,0.0,0.0,0.0,0.0,0,0.15152,0.9,45.95,9.15338,7.0,12.0,20775.0,0.0,1.33691,0.00059,0.0,0.0,0.0
YGR054W,7,0.000222434627421918,0.23441247834488294,0.0004407140940883432,0.14285714285714285,3.5285285285285286,0.0,31.5,0,0.09502,-0.47383,47.07601,9.039,66.0,79.0,85465.0,0.0,1.1986,0.00013,0.0,0.0,0.5
YHR065C,1,0.0,0.17042165991168035,1.7276442139347926e-05,0.0,0.0,1.0,0.0,1,0.04591,-0.38323,32.55529,9.22052,65.0,77.0,21025.0,0.0,0.37566,0.00016,0.3153500824189429,0.23974612282610783,0.5
YDR368W,1,0.0,0.17507155388520287,1.50916606787487e-08,0.0,0.0,0.0,0.0,0,0.08013,-0.1859,30.02724,6.61566,37.0,36.0,49180.0,0.0,1.41507,0.00019,0.0,0.0,0.0
YDR369C,1,0.0,0.17722537109618958,3.516755779578586e-08,0.0,1.0,0.0,0.6666666666666666,0,0.06792,-0.66347,51.67342,8.41156,115.0,120.0,64495.0,0.0,0.66929,9e-05,0.0,0.0,0.5
YDR370C,1,0.0,0.18273542491711328,1.2981151262135609e-06,0.0,0.0,0.0,0.0,0,0.08371,-0.4086,40.85158,8.57135,52.0,58.0,48370.0,0.0,0.95798,0.00017,0.0,0.0,0.0
YFL049W,3,0.0002200217853724049,0.22512265233009157,8.218615771892599e-05,0.0,1.0,1.0,0.0,0,0.07705,-0.55265,32.20273,8.77069,71.0,77.0,52050.0,0.0,0.74066,0.00012,0.0,0.0,0.5
YDR371W,1,0.0,0.19969768303323018,4.341816145668602e-07,0.0,1.0,0.0,0.0,0,0.13894,-0.47886,39.46403,8.27704,58.0,61.0,93335.0,0.0,1.57881,0.00014,0.0,0.0,0.5
YJL053W,7,0.0003712630243726425,0.2322266702810833,2.779609339799126e-05,0.23809523809523808,1.8543833580980684,0.0,4.257142857142857,0,0.08707,-0.42586,37.94248,8.43097,44.0,47.0,34310.0,0.0,0.80641,0.0002,0.0,0.0,0.5
YLR352W,2,2.309753748300202e-05,0.22835301778261102,6.2936326744250385e-06,0.0,1.5913734392735528,0.0,0.0,0,0.09913,-0.47076,45.82924,7.35736,90.0,90.0,113410.0,0.0,1.21787,8e-05,0.0,0.0,0.5
YDR373W,3,3.0094795210166484e-05,0.2282938865438668,1.9469113410463826e-06,0.0,1.0,0.0,0.0,1,0.13158,-0.37895,34.88789,4.8797,32.0,22.0,21680.0,0.0,0.98497,0.00022,0.3153500824189429,0.0,0.5
YDR374C,1,0.0,0.17780439880911275,3.0189814756150976e-07,0.0,0.0,0.0,0.0,0,0.11765,-0.81699,42.59549,9.01752,38.0,43.0,51005.0,0.0,1.41476,0.00025,0.0,0.0,0.0
YIR024C,2,3.646229523110403e-05,0.21136011964305348,1.698071360210008e-05,0.0,1.0,0.0,0.0,0,0.04167,-0.3963,26.35972,8.84137,37.0,40.0,8480.0,0.0,0.34476,0.00036,0.0,0.0,0.5
YGL251C,2,8.933169699545461e-05,0.20875765558228468,1.721718132420971e-06,0.0,1.0,1.0,0.0,0,0.08509,-0.41853,44.02243,7.68304,148.0,150.0,107420.0,0.0,0.79529,6e-05,0.0,0.0,0.5
YJL139C,1,0.0,0.20774431666315676,1.720311257245895e-06,0.0,0.0,0.0,0.0,0,0.17056,-0.54042,51.8568,5.13202,66.0,50.0,99545.0,0.0,1.95818,0.0001,0.0,0.0,0.0
YLR053C,3,0.000230977032090555,0.21804059233692058,2.662452060702719e-06,0.0,1.9296296296296296,0.0,0.0,0,0.09259,-0.98981,42.82231,5.13544,19.0,13.0,4595.0,0.0,0.36201,0.0004,0.0,0.0,0.5
YMR221C,1,0.0,0.20774431666315676,1.720311257245895e-06,0.0,0.0,0.0,0.0,0,0.12302,0.48353,39.58062,6.65289,36.0,35.0,65665.0,0.0,1.16889,0.00012,0.0,0.0,0.0
YOR320C,3,2.8797361494280604e-05,0.22872031625982064,8.094705979584592e-06,0.3333333333333333,2.0,0.0,3.0,0,0.12424,-0.25988,38.49819,8.46991,60.0,64.0,71210.0,0.0,1.23678,0.00015,0.0,0.0,0.5
YOR382W,1,0.0,0.00028477858465043426,1.508668400601407e-18,0.0,0.0,0.0,0.0,0,0.05229,0.09673,19.31503,7.94183,7.0,8.0,7450.0,0.0,0.48687,0.00052,0.0,0.0,0.0
YEL050C,1,0.0,0.21195973723496292,0.0014035223632037287,0.0,1.0,0.0,0.0,0,0.04835,-0.57684,52.05038,10.78265,26.0,74.0,44765.0,0.0,1.02237,0.00025,0.0,0.0,0.5
YLR083C,2,2.2154084346051046e-05,0.24082859786251767,4.370399627696054e-05,0.0,1.7021822849807446,0.0,0.0,0,0.16042,0.24183,32.35057,6.40656,55.0,51.0,124900.0,0.0,1.64424,8e-05,0.0,0.0,0.5
YLR315W,4,0.0011717426629599139,0.23845757087934238,8.354418134490004e-06,0.0,1.0,0.5,0.0,0,0.07843,-0.33529,63.20065,4.59454,23.0,12.0,12950.0,0.0,0.72501,0.00026,0.0,0.0,0.5
YOL104C,2,2.3533684319447588e-05,0.21169508021301078,4.734040873439439e-07,0.0,0.0,0.5,0.0,0,0.10795,-0.2321,40.77557,7.55499,38.0,39.0,39640.0,0.0,0.97025,0.00018,0.0,0.0,0.0
YPL002C,4,0.0003544618488283651,0.24026416609121512,2.3780379352426834e-05,0.16666666666666666,1.0,0.0,2.25,0,0.103,-0.23605,42.9906,5.51373,35.0,30.0,31565.0,0.0,1.17108,0.0002,0.0,0.0,0.5
YDR384C,1,0.0,0.18183090604609675,1.2902890463457467e-07,0.0,1.0,0.0,0.0,0,0.13818,0.36545,38.63382,4.57452,20.0,12.0,45015.0,0.0,1.49909,0.00015,0.0,0.0,0.5
YNL024C,2,5.603115747718168e-05,0.25439327419641755,8.934977835614093e-05,0.0,1.8673602080624188,0.0,0.0,0,0.08943,-0.11545,26.3065,5.84857,36.0,31.0,26190.0,0.0,0.9442,0.00021,0.0,0.0,0.5
YPL108W,1,0.0,0.20117408978073764,6.62725706961089e-07,0.0,1.0,0.0,0.0,0,0.09524,-0.91071,48.35958,8.2597,28.0,30.0,17920.0,0.0,0.90421,0.00042,0.0,0.0,0.5
YDR387C,1,0.0,0.16964773149921197,5.1082441187066815e-09,0.0,0.0,0.0,0.0,0,0.11532,0.49369,44.30991,8.41901,38.0,42.0,68520.0,0.0,1.114,0.00014,0.0,0.0,0.0
YOR292C,3,0.0006542193235269768,0.20558374476613764,3.343666089340965e-07,0.0,0.0,0.0,0.0,0,0.17476,-0.04498,39.2635,5.55585,29.0,22.0,72600.0,0.0,2.00582,0.00015,0.0,0.0,0.0
YDR515W,3,0.00012152122610294671,0.24932843072825356,7.971153261359821e-05,0.0,1.6349942062572422,0.0,0.0,0,0.09396,-1.14049,47.41145,9.27448,47.0,58.0,54780.0,0.0,1.07533,0.00018,0.0,0.0,0.5
YGL016W,7,0.0002936824127790479,0.2567192740827863,5.288512351859541e-05,0.14285714285714285,6.173626373626374,1.0,11.25,0,0.10176,-0.01166,42.51221,4.90448,116.0,77.0,132110.0,0.0,1.06946,4e-05,0.0,0.0,0.5
YJR083C,8,0.002523107604146352,0.2669327028748652,0.0002565511812586985,0.03571428571428571,4.580952380952381,0.0,0.0,0,0.05502,-1.15469,59.55955,8.51678,41.0,43.0,8940.0,0.0,0.25169,0.00024,0.0,0.0,0.5
YLR144C,3,1.0587694011747077e-06,0.22503071393514337,2.2512960055475122e-05,0.3333333333333333,1.0,0.0,1.6666666666666667,0,0.12067,-0.38383,42.92544,5.20624,85.0,60.0,130150.0,0.0,1.47225,6e-05,0.0,0.0,0.5
YLR337W,7,4.645022576576565e-05,0.2383801998310363,2.5765815402394244e-05,0.5238095238095238,0.0,0.0,0.0,0,0.0,0.0,0.0,0.0,0.0,0.0,0.0,0.0,0.0,0.0,0.0,0.0,0.0
YLR436C,3,9.696865481510571e-05,0.24447488521299557,2.7331748585919967e-05,0.0,2.5024752475247523,0.0,0.0,0,0.10675,-0.35479,44.85215,7.24506,112.0,111.0,143560.0,0.0,0.98972,5e-05,0.0,0.0,0.5
YPR088C,5,0.0002582465648946461,0.23332062961284727,2.1580414735436207e-05,0.3,1.941101152368758,0.0,4.466666666666667,1,0.05176,-0.34325,48.4124,8.73309,57.0,62.0,7950.0,0.0,0.13334,0.00015,0.3153500824189429,0.0,0.5
YDR390C,4,0.00011356371200612884,0.23576652164922304,4.3829385891601275e-06,0.3333333333333333,3.694560669456067,1.0,5.7681818181818185,1,0.06761,-0.3434,46.23868,4.99603,91.0,70.0,41255.0,0.0,0.57895,7e-05,0.3153500824189429,0.23974612282610783,0.5324458229645752
YPR180W,6,0.0004674675035128461,0.2386770618482605,6.428974959925525e-06,0.06666666666666667,5.4612970711297075,0.0,2.75,1,0.07493,-0.16167,43.75793,5.01923,51.0,41.0,27180.0,0.0,0.69208,0.00013,0.3153500824189429,0.0,0.5
YOL148C,3,0.0002093230153556753,0.2343875501289692,2.3415511458581296e-05,0.3333333333333333,1.0,1.0,0.0,0,0.0596,-0.94205,52.75864,9.61188,54.0,73.0,36580.0,0.0,0.53956,0.00014,0.0,0.0,0.5
YGL074C,1,0.0,0.21751340448413717,5.178941746775984e-06,0.0,1.0,0.0,0.0,1,0.10185,1.07407,28.7787,9.40363,3.0,9.0,625.0,0.0,0.05435,0.00082,0.3153500824189429,0.0,0.5
YMR216C,6,0.00020695128606584354,0.22887469653559311,1.3572971567010829e-05,0.06666666666666667,3.404301075268817,0.0,0.0,0,0.07143,-0.71644,46.66159,5.82001,103.0,86.0,79060.0,0.0,0.94982,7e-05,0.0,0.0,0.5
YOL070C,7,0.0008735034650246347,0.2531078695036474,2.9022718374517432e-05,0.09523809523809523,3.1078199052132702,0.0,2.5,0,0.03992,-0.90878,56.63713,5.64789,79.0,72.0,17880.0,0.0,0.31973,0.0001,0.0,0.0,0.5
YDR397C,1,0.0,0.18890622049605843,7.33920057756515e-07,0.0,0.0,1.0,0.0,1,0.05479,-0.52055,68.85753,4.89069,28.0,19.0,1490.0,0.0,0.08949,0.00029,0.3153500824189429,0.23974612282610783,0.5
YER159C,2,0.00021149327066866054,0.23456215906324288,5.745245618646494e-05,0.0,1.0,1.0,0.0,1,0.04225,-0.49789,40.6338,5.09955,22.0,17.0,125.0,0.0,0.00806,0.00033,0.3153500824189429,0.23974612282610783,0.6198730614130539
YPL216W,1,0.0,0.18001170594885346,1.9045009995429494e-05,0.0,1.0,1.0,0.0,0,0.098,-0.52187,39.11208,7.03827,161.0,160.0,134880.0,0.0,1.05266,5e-05,0.0,0.0,0.5
YDR403W,1,0.0,0.00021358393848782572,2.229258935376394e-19,0.0,0.0,0.0,0.0,0,0.11194,-0.37257,34.64965,6.08099,75.0,66.0,68310.0,0.0,1.11272,0.0001,0.0,0.0,0.0
YKR053C,1,0.0,0.00021358393848782572,2.229258935376394e-19,0.0,0.0,0.5,0.0,0,0.14604,0.23985,34.95822,7.59381,35.0,36.0,97175.0,0.0,2.09034,0.00016,0.0,0.0,0.0
YDR407C,1,0.0,0.1468543377178107,3.09500278068822e-09,0.0,0.0,0.0,0.0,1,0.09775,-0.18495,45.33175,7.45453,144.0,145.0,144240.0,0.0,0.97684,5e-05,0.6846499175810571,0.0,0.0
YDR410C,1,0.0,0.17551768486066188,2.3141934570098175e-07,0.0,0.0,0.0,0.0,0,0.16736,0.33305,35.73054,7.77228,20.0,21.0,41745.0,0.0,1.49692,0.00028,0.0,0.0,0.0
YDR413C,2,0.00021149327066866054,0.1931779068002771,3.814910834297041e-07,0.0,0.0,0.0,0.0,1,0.17277,0.80681,43.70366,9.22552,4.0,13.0,19700.0,0.0,0.92372,0.00043,0.3153500824189429,0.0,0.0
YGR151C,2,0.0004229865413373211,0.2411579766549332,2.7966449180962786e-05,0.0,0.0,0.5,0.0,0,0.04505,-0.47387,47.20369,11.75421,3.0,22.0,8480.0,0.0,0.64696,0.0009,0.0,0.0,0.0
YGR289C,1,0.0,0.1611098518064224,5.3089373174288134e-09,0.0,0.0,0.0,0.0,0,0.11201,0.12484,34.37469,5.51093,57.0,52.0,118520.0,0.0,1.74347,8e-05,0.0,0.0,0.0
YOR305W,1,0.0,0.17388373852216968,1.1079898729366837e-08,0.0,0.0,0.0,0.0,0,0.09504,-0.38595,26.02686,9.53119,22.0,35.0,38890.0,0.0,1.39061,0.00034,0.0,0.0,0.0
YGR129W,5,4.001076490716568e-06,0.2341634345431885,1.396907290699499e-05,0.5,1.973623853211009,1.0,2.017857142857143,0,0.06047,-1.34977,45.17819,9.33795,38.0,46.0,17420.0,0.0,0.70235,0.00038,0.0,0.0,0.5
YPL077C,4,0.00012646606615847273,0.23953304652912696,6.929490245196259e-06,0.0,1.0,0.0,0.0,0,0.0625,-0.95083,56.2675,6.45685,34.0,33.0,18910.0,0.0,0.68841,0.00024,0.0,0.0,0.5
YJL089W,7,0.000234896871758168,0.22421803943415683,2.9599757159460915e-06,0.3333333333333333,2.22568093385214,1.0,14.75,0,0.11339,-0.40109,35.09099,6.11224,91.0,84.0,101115.0,0.0,1.05324,6e-05,0.0,0.0,0.5
YDR423C,1,0.0,0.2411052155158083,2.796114024364536e-05,0.0,1.0,0.5,0.0,0,0.04156,-0.66137,51.2379,6.68036,58.0,57.0,29920.0,0.0,0.65397,0.00015,0.0,0.0,0.5
YDR425W,7,0.00552560014557496,0.22454926673503764,3.423028122663304e-06,0.23809523809523808,1.0,0.0,10.5,0,0.0752,-0.4096,58.32944,6.52814,66.0,61.0,58830.0,0.0,0.83163,9e-05,0.0,0.0,0.5
YJR110W,2,0.0002097505682320972,0.21588357193180488,3.126314962251082e-06,0.0,1.7672849915682969,0.0,0.0,0,0.11192,-0.5468,41.78621,7.32135,85.0,85.0,107020.0,0.0,1.33523,9e-05,0.0,0.0,0.5
YPL280W,2,0.005271309549241615,0.18238763106771166,4.635287755991882e-08,0.0,0.0,0.0,0.0,0,0.11392,-0.15401,32.69667,7.01874,27.0,27.0,26025.0,0.0,1.00327,0.00027,0.0,0.0,0.0
YGR067C,2,0.0,0.2167327132737855,8.205493514375818e-06,1.0,1.6453634085213034,1.0,2.023809523809524,0,0.1107,-0.12127,55.20996,7.0672,77.0,76.0,102020.0,0.0,1.10593,8e-05,0.0,0.0,0.5
YMR276W,6,2.592433973545433e-05,0.22662725079818638,1.4227888162703901e-05,0.6,4.433526011560693,1.0,22.25,1,0.0563,-0.47212,47.08123,4.78265,33.0,21.0,12950.0,0.0,0.32914,0.00012,0.3153500824189429,0.23974612282610783,0.5270378613095936
YNR059W,1,0.0,0.21070343938031275,5.328232947225669e-06,0.0,1.0,0.0,0.0,0,0.13276,-0.35224,54.83641,8.66962,69.0,76.0,104375.0,0.0,1.5331,0.00013,0.0,0.0,0.5
YPL001W,3,1.0223068429911816e-05,0.23041799463047008,4.151811828029162e-05,0.3333333333333333,2.256043956043956,0.5,1.0,0,0.12834,-0.50455,39.55561,5.25861,63.0,52.0,61560.0,0.0,1.40317,0.00012,0.0,0.0,0.5
YDR428C,2,4.747530287324631e-06,0.24432583168581773,1.2802006659168822e-05,0.0,1.0,0.0,0.0,0,0.09962,-0.2092,48.8682,5.17291,32.0,24.0,32485.0,0.0,1.08316,0.00017,0.0,0.0,0.5
YJR070C,4,0.00028263133318353646,0.23566568592758746,3.7877840796673004e-05,0.16666666666666666,2.889185580774366,0.5,3.5,0,0.06462,-0.35138,42.77415,4.78094,56.0,34.0,19285.0,0.0,0.53326,0.00013,0.0,0.0,0.5
YLR190W,4,3.983467411644944e-05,0.22362655515805213,2.02370146827989e-05,0.0,2.520967741935484,0.0,0.0,0,0.04073,-0.81242,49.55153,7.53546,67.0,68.0,16680.0,0.0,0.30429,0.00014,0.0,0.0,0.5
YDR430C,2,0.0,0.20451547997009945,9.343517879175292e-07,1.0,2.0,0.0,6.166666666666667,0,0.09909,-0.43104,37.49162,5.97577,128.0,112.0,95410.0,0.0,0.85052,5e-05,0.0,0.0,0.5
YDR433W,2,2.8252018868493122e-05,0.22537587071299778,7.637904628033335e-06,0.0,0.0,0.0,0.0,0,0.00685,0.59521,54.94658,3.88068,26.0,2.0,0.0,0.0,0.0,0.00025,0.0,0.0,0.0
YNL116W,5,0.0005379009786250079,0.2295301564840158,3.6702348253432305e-06,0.0,2.0,0.0,4.727272727272728,0,0.05939,-0.56667,46.50326,6.60309,52.0,49.0,31285.0,0.0,0.5433,0.00011,0.0,0.0,0.5
YDR435C,1,0.0,0.1741860613773076,2.0163274237447318e-08,0.0,0.0,0.0,0.0,0,0.08841,-0.20244,57.99756,6.96027,39.0,39.0,49110.0,0.0,1.30285,0.00018,0.0,0.0,0.0
YFL040W,3,0.0004229865413373211,0.21228637877560913,1.508972452236208e-06,0.0,0.0,0.0,0.0,0,0.11852,0.46981,36.42278,8.76678,38.0,46.0,95350.0,0.0,1.57319,0.00014,0.0,0.0,0.0
YML022W,3,0.00027142891909643193,0.2480516940676115,3.3856577249845196e-05,0.0,1.6703601108033241,0.5,0.0,0,0.1123,0.15027,25.92727,5.03278,24.0,18.0,9065.0,0.0,0.44034,0.00024,0.0,0.0,0.5
YNL288W,5,0.000408475315608674,0.25555838919795487,5.181131746231941e-05,0.1,2.0390995260663507,0.5,0.0,0,0.05898,-0.13914,36.91343,6.65778,32.0,31.0,23795.0,0.0,0.57818,0.00016,0.0,0.0,0.5
YDR444W,1,0.0,0.21593644828429134,1.2950741885214088e-06,0.0,1.0,0.0,0.0,0,0.08879,-0.50015,40.78183,8.29779,89.0,92.0,79105.0,0.0,1.01278,0.00011,0.0,0.0,0.5
YDR445C,2,0.00013332097404062857,0.2369451007995874,4.338123308039056e-05,0.0,0.0,0.0,0.0,0,0.17778,0.39185,51.24237,7.77106,7.0,8.0,20315.0,0.0,1.32014,0.0005,0.0,0.0,0.0
YDR446W,1,0.0,0.22970957036349784,2.477953961385945e-06,0.0,1.0,1.0,0.0,0,0.0596,-0.90695,50.48742,8.21136,45.0,47.0,20650.0,0.0,0.60534,0.00024,0.0,0.0,0.5
YFL031W,1,0.0,0.2025607322523446,3.097192063266796e-07,0.0,0.0,1.0,6.0,0,0.06303,-0.76933,50.78571,4.97211,38.0,27.0,14480.0,0.0,0.5382,0.00018,0.0,0.0,0.0
YDR452W,2,0.00017293519449141794,0.24576977337619998,3.345521919534418e-05,0.0,1.75,0.0,0.0,0,0.10831,-0.62374,41.65358,6.42389,105.0,101.0,101355.0,0.0,1.29373,8e-05,0.0,0.0,0.5
YIL039W,2,2.0168529101554474e-05,0.22864913404613948,7.735140846737872e-06,0.0,1.8378033205619413,0.5,0.0,0,0.14165,-0.46744,30.32645,5.43195,59.0,41.0,121530.0,0.0,2.21258,0.0001,0.0,0.0,0.5
YLL046C,2,2.0880959134945832e-06,0.2062957064430702,1.3318602686676856e-06,0.0,0.0,0.0,0.0,0,0.07631,-0.81325,32.12735,9.9118,31.0,55.0,6210.0,0.0,0.21517,0.00034,0.0,0.0,0.0
YLR173W,1,0.0,0.1937723264880005,5.989831493929037e-07,0.0,0.0,0.0,0.0,0,0.08882,-0.20329,34.47189,4.82367,82.0,52.0,89795.0,0.0,1.29006,7e-05,0.0,0.0,0.0
YOR108W,1,0.0,0.1937723264880005,5.989831493929037e-07,0.0,0.0,0.0,0.0,0,0.07947,-0.3505,38.31755,6.31403,74.0,69.0,67810.0,0.0,1.00909,9e-05,0.0,0.0,0.0
YDR464W,2,3.155891320813346e-07,0.19596899863410347,2.214172724089042e-07,0.0,1.0,1.0,0.0,1,0.03206,-1.08467,54.0607,8.93243,236.0,254.0,66725.0,0.0,0.41291,6e-05,0.6846499175810571,0.40640486218295563,0.7032024310914778
YJR021C,2,1.9480646874553217e-05,0.24134282262663692,9.98364724913282e-06,0.0,1.0,0.5,7.333333333333333,0,0.03185,-0.86083,46.29427,6.43719,50.0,47.0,15720.0,0.0,0.44055,0.00018,0.0,0.0,0.5
YMR018W,1,0.0,0.19062169320110373,8.724423548235623e-08,0.0,0.0,0.0,0.0,0,0.10117,-0.59591,39.15914,8.60614,56.0,62.0,71250.0,0.0,1.20632,0.00015,0.0,0.0,0.0
YEL005C,6,0.0002664598427286765,0.2258955957402646,2.3618534258188616e-06,0.0,0.0,0.0,0.0,0,0.05674,-0.41241,45.60358,5.85101,37.0,32.0,18045.0,0.0,0.57534,0.00019,0.0,0.0,0.0
YDR474C,1,0.0,0.25173471847841494,8.868705264917986e-05,0.0,0.0,0.0,0.0,0,0.0,0.0,0.0,0.0,0.0,0.0,0.0,0.0,0.0,0.0,0.0,0.0,0.0
YNL218W,6,0.00016708524606745412,0.23790418561581972,4.0433079694674016e-06,0.0,2.7317880794701987,1.0,0.0,0,0.06644,-0.51687,51.86167,8.58063,79.0,85.0,52925.0,0.0,0.79535,0.00013,0.0,0.0,0.5
YNL257C,1,0.0,0.20369329768843972,1.7252712864217018e-07,0.0,1.0,0.5,0.0,0,0.11554,-0.31749,42.03744,8.78949,156.0,174.0,163720.0,0.0,1.14635,6e-05,0.0,0.0,0.5
YHR039C,2,1.566074153393421e-05,0.21247055744327004,1.2733058552338236e-06,0.0,1.8961937716262975,1.0,0.0,0,0.09627,-0.11289,36.32284,7.80011,60.0,62.0,86800.0,0.0,1.21705,0.00011,0.0,0.0,0.5
YDR482C,3,0.0001068237512174611,0.25336973533024043,9.057683670920865e-05,0.0,1.8690095846645367,0.5,6.0,0,0.02222,-1.4363,75.11926,9.66522,20.0,26.0,8605.0,0.0,0.54592,0.00061,0.0,0.0,0.5
YGL028C,2,7.255314192818257e-06,0.22896980341136106,9.406230029203792e-06,0.0,1.0,0.0,0.0,0,0.06089,-0.20554,43.35076,4.34064,46.0,21.0,39600.0,0.0,0.70156,8e-05,0.0,0.0,0.5
YOR276W,4,3.981735702140622e-06,0.23187242413736908,0.0001100765955717358,0.5,3.711830131445905,0.0,13.166666666666668,0,0.06211,-0.88385,51.08758,5.61871,30.0,23.0,7115.0,0.0,0.39044,0.00031,0.0,0.0,0.5
YDR483W,1,0.0,0.22412683827921107,4.069454388987861e-05,0.0,1.0,0.0,0.0,0,0.14932,-0.57443,41.72649,5.27313,64.0,49.0,108720.0,0.0,2.11575,0.0001,0.0,0.0,0.5
YDR487C,1,0.0,0.24106565980944566,9.591623407287666e-06,0.0,1.0,0.0,0.0,1,0.04808,-0.22933,28.46923,5.45599,28.0,21.0,5220.0,0.0,0.23131,0.00024,0.3153500824189429,0.0,0.5
YDR488C,2,0.0004229865413373211,0.21148180077123027,9.791286417119599e-07,0.0,1.0,0.0,0.0,0,0.06567,-0.40769,51.70131,5.21783,74.0,58.0,78475.0,0.0,1.30632,9e-05,0.0,0.0,0.5
YIL135C,2,0.00021149327066866054,0.17365768418198563,1.325541037578128e-08,0.0,0.0,0.0,0.0,0,0.05505,-1.00734,70.65874,9.21027,36.0,41.0,16515.0,0.0,0.34435,0.00019,0.0,0.0,0.0
YFR043C,3,0.00035280843424093165,0.2379298675055607,4.354303414375871e-05,0.0,0.0,0.0,0.0,0,0.09283,-0.42954,49.22025,4.82196,39.0,22.0,38430.0,0.0,1.37849,0.00017,0.0,0.0,0.0
YJL072C,2,4.7311331866996606e-05,0.23345655414021413,2.2877097328950154e-05,0.0,1.0,1.0,0.0,1,0.07042,-0.50376,49.48732,6.18353,32.0,29.0,30605.0,0.0,1.22124,0.00025,0.3153500824189429,0.23974612282610783,0.6198730614130539
YML034W,2,4.903660807915915e-05,0.23720009983187276,4.338586810809715e-05,0.0,0.0,0.3333333333333333,0.0,0,0.06715,-0.81163,46.86031,5.43158,141.0,123.0,77695.0,0.0,0.81359,6e-05,0.0,0.0,0.0
YDR490C,4,0.0007707852352394335,0.24138246935031887,2.7978051880433006e-05,0.0,1.0,0.0,0.0,0,0.08094,-0.54112,41.35537,9.258,92.0,111.0,67895.0,0.0,0.78717,0.00011,0.0,0.0,0.5
YHR207C,3,0.00022717838721674703,0.19793124041468832,4.439373272566595e-07,0.0,1.0,0.5,0.0,0,0.08555,-0.64202,30.03232,6.02972,85.0,75.0,73725.0,0.0,1.21766,0.0001,0.0,0.0,0.5
YIR044C,1,0.0,0.1933049752357272,3.8158288029640713e-07,0.0,0.0,0.0,0.0,0,0.0,0.0,0.0,0.0,0.0,0.0,0.0,0.0,0.0,0.0,0.0,0.0,0.0
YLR466W,1,0.0,0.1933049752357272,3.8158288029640713e-07,0.0,0.0,0.0,0.0,0,0.09117,-0.38669,39.12115,6.82721,170.0,167.0,186595.0,0.0,1.19333,4e-05,0.0,0.0,0.0
YDR492W,2,8.650668467575362e-06,0.1972051471961492,3.4962223881174025e-05,0.0,0.0,0.5,0.0,0,0.17089,0.39778,41.52127,8.7934,19.0,26.0,55235.0,0.0,1.51365,0.00024,0.0,0.0,0.0
YOR315W,6,0.0005426652740539976,0.23880636303567493,2.8653586843375077e-05,0.0,2.6552511415525113,1.0,0.0,0,0.07225,-0.65809,45.14075,8.14349,47.0,49.0,30410.0,0.0,0.77933,0.00021,0.0,0.0,0.5
YDR494W,1,0.0,0.16305258573240333,7.25185329522462e-09,0.0,0.0,0.0,0.0,0,0.0,0.0,0.0,0.0,0.0,0.0,0.0,0.0,0.0,0.0,0.0,0.0,0.0
YPL276W,2,0.00021149327066866054,0.19597771107791417,5.552359110120465e-07,0.0,0.0,0.0,0.0,0,0.0,0.0,0.0,0.0,0.0,0.0,0.0,0.0,0.0,0.0,0.0,0.0,0.0
YGR264C,4,0.00010908081706558897,0.2229141165752477,0.00018433233947761076,0.16666666666666666,2.7453416149068324,0.5,2.0,1,0.10652,-0.46711,41.72104,6.15497,96.0,86.0,124900.0,0.0,1.4578,7e-05,0.6846499175810571,0.2889671908216764,0.5526286399573415
YPL128C,4,0.00018731213234193778,0.23647479509015198,0.00020565315968165072,0.16666666666666666,1.0,0.5,2.3,1,0.07651,-0.47847,42.45125,6.16705,62.0,57.0,51630.0,0.0,0.82183,0.0001,0.3153500824189429,0.19338324065864865,0.5966916203293243
YDR498C,2,0.0,0.20301785360270452,4.5058420161326535e-07,1.0,1.0,0.5,2.6944444444444446,1,0.08355,-0.3,46.98332,5.69916,56.0,48.0,48525.0,0.0,1.10582,0.00013,0.3153500824189429,0.19338324065864865,0.5966916203293243
YPR179C,2,2.2820393584289826e-05,0.23467454510623528,5.7737322009837816e-06,0.0,1.9009384775808134,1.0,0.0,0,0.07176,-0.61832,37.80231,5.9505,102.0,91.0,56240.0,0.0,0.74528,8e-05,0.0,0.0,0.5
YDR502C,4,5.3980357492994254e-05,0.22523768102169145,4.046333178283345e-06,0.16666666666666666,3.305894308943089,0.0,2.321428571428571,0,0.08333,-0.30521,35.35,5.17889,56.0,45.0,44975.0,0.0,1.06436,0.00012,0.0,0.0,0.5
YPL125W,6,0.00010248260360713807,0.25012066813864753,4.147861619959505e-05,0.13333333333333333,4.6359550561797755,0.5,4.152380952380953,1,0.09787,-0.08062,43.37336,5.13641,132.0,100.0,145910.0,0.0,1.21977,4e-05,0.6846499175810571,0.2889671908216764,0.531165874918964
YDR503C,3,9.797309049030178e-05,0.21533518906138066,7.653336425405144e-07,0.0,1.0,0.0,0.0,0,0.11679,0.27409,46.22993,8.63287,24.0,29.0,54650.0,0.0,1.7302,0.00027,0.0,0.0,0.5
YER049W,4,0.0002386791861018739,0.2186896192526429,5.23545015468633e-06,0.0,1.686046511627907,1.0,0.0,0,0.10093,-0.62127,43.17981,5.22675,109.0,85.0,99530.0,0.0,1.34426,7e-05,0.0,0.0,0.5
YNR074C,3,0.0023393920485234323,0.24217814829554574,2.7979861678276174e-05,0.0,1.0,0.3333333333333333,0.0,0,0.09524,-0.03333,24.05767,6.96796,43.0,43.0,33725.0,0.0,0.8159,0.00017,0.0,0.0,0.5
YDR504C,1,0.0,0.17780439880911275,3.0189814756150976e-07,0.0,0.0,0.0,0.0,0,0.28346,0.8378,34.62693,9.1994,5.0,12.0,21150.0,0.0,1.35755,0.00059,0.0,0.0,0.0
YKL043W,1,0.0,0.22970957036349784,2.477953961385945e-06,0.0,1.0,1.0,0.0,0,0.06831,-0.47896,52.02158,9.01251,31.0,36.0,32110.0,0.0,0.79,0.00022,0.0,0.0,0.5
YMR211W,3,0.0002458042054735842,0.23139772468637917,2.5254863096382414e-06,0.0,1.0,0.0,0.0,1,0.12842,-0.79663,43.46126,5.14252,72.0,51.0,85760.0,0.0,1.55049,9e-05,0.3153500824189429,0.0,0.5
YOR156C,6,0.00042417859838849895,0.24557808664487593,5.593623006389583e-06,0.06666666666666667,3.202127659574468,1.0,5.843137254901961,0,0.07438,-0.62094,43.74121,6.83429,76.0,74.0,63270.0,0.0,0.77941,8e-05,0.0,0.0,0.5
YPR104C,1,0.0,0.22970957036349784,2.477953961385945e-06,0.0,1.0,1.0,0.0,1,0.04274,-0.90214,46.79479,5.60858,139.0,119.0,39100.0,0.0,0.37777,5e-05,0.6846499175810571,0.40640486218295563,0.7032024310914778
YDR511W,1,0.0,0.22101412159817116,1.9021800182262606e-05,0.0,1.0,0.0,0.0,0,0.07519,-0.8188,53.08872,9.12531,17.0,20.0,18450.0,0.0,1.16899,0.00058,0.0,0.0,0.5
YDR512C,1,0.0,0.22412683827921107,4.069454388987861e-05,0.0,1.0,0.0,0.0,0,0.10695,-0.57166,43.84925,8.72955,21.0,25.0,29045.0,0.0,1.37846,0.00041,0.0,0.0,0.5
YDR514C,1,0.0,0.17595204786953753,1.9115589328089198e-08,0.0,0.0,0.5,0.0,0,0.09524,-0.46356,36.70251,8.92987,62.0,73.0,64050.0,0.0,1.15428,0.00016,0.0,0.0,0.0
YNL173C,3,0.00022561287713184622,0.21491524817295712,1.3000180169146687e-06,0.0,1.751008064516129,0.0,0.0,0,0.06284,-0.90328,47.01861,5.69318,61.0,57.0,25440.0,0.0,0.63162,0.00014,0.0,0.0,0.5
YGR169C,2,3.358906998998618e-07,0.20351461935713402,1.1907874202415325e-06,0.0,1.6837865055387713,0.0,0.0,0,0.09406,-0.42698,37.33495,8.63385,52.0,57.0,56225.0,0.0,1.201,0.00018,0.0,0.0,0.5
YKR034W,7,0.005341147324158809,0.22789260483252463,8.95149063742727e-06,0.09523809523809523,4.5667752442996745,1.0,15.333333333333334,0,0.04833,-0.63829,37.70446,8.81049,31.0,37.0,17960.0,0.0,0.59537,0.00029,0.0,0.0,0.5
YDR524C,2,2.1354756250441195e-05,0.22487000230962217,4.0721529050978386e-05,0.0,1.0,0.0,0.0,0,0.07676,-0.42386,43.91973,9.54034,38.0,61.0,46755.0,0.0,0.85799,0.00018,0.0,0.0,0.5
YOR066W,2,4.2740617081879235e-06,0.21619061575652396,1.98126199052378e-06,0.0,0.0,0.0,0.0,0,0.05405,-0.74913,63.28951,9.96893,39.0,68.0,23295.0,0.0,0.33913,0.00015,0.0,0.0,0.0
YDR526C,1,0.0,0.25173471847841494,8.868705264917986e-05,0.0,1.0,0.0,0.0,1,0.12179,0.76218,47.05577,4.67267,9.0,6.0,14730.0,0.0,0.8708,0.00028,0.3153500824189429,0.0,0.5
YDR527W,3,0.0005264506330003537,0.25793602429932844,0.00011226326099028307,0.0,1.7122060470324747,0.0,0.0,1,0.07289,-0.80569,40.61276,4.87787,85.0,59.0,51380.0,0.0,1.02368,0.0001,0.3153500824189429,0.0,0.5
YDR528W,3,0.00039082872515885947,0.2519073464355405,5.0299432819696716e-05,0.0,2.375,0.0,0.0,0,0.06856,-0.75319,68.557,6.2923,57.0,54.0,17140.0,0.0,0.36025,0.00013,0.0,0.0,0.5
YNL206C,2,3.2997349671966174e-06,0.20682806997023054,9.75690073936696e-07,0.0,1.0,0.5,0.0,0,0.07912,-0.74132,46.96376,4.41803,98.0,53.0,21235.0,0.0,0.41137,9e-05,0.0,0.0,0.5
YDR530C,1,0.0,0.23523809463021098,4.324683677365054e-05,0.0,0.0,0.5,0.0,0,0.08615,-0.50185,39.39695,5.2923,47.0,33.0,32400.0,0.0,0.87947,0.00014,0.0,0.0,0.0
YDR531W,1,0.0,0.22412683827921107,4.069454388987861e-05,0.0,1.0,0.5,0.0,1,0.11444,-0.25341,32.40142,5.93488,36.0,30.0,43695.0,0.0,1.06827,0.00015,0.3153500824189429,0.19338324065864865,0.5966916203293243
YHR079C,3,0.0003525002573029342,0.24608533775891944,3.046740287460871e-05,0.0,2.498489425981873,0.5,0.0,0,0.08879,-0.36448,47.14702,6.14484,144.0,132.0,103860.0,0.0,0.81796,5e-05,0.0,0.0,0.5
YIL134W,1,0.0,0.19419915658291217,3.8443389795515984e-07,0.0,0.0,0.0,0.0,0,0.09325,0.09421,24.90354,9.90314,17.0,35.0,41620.0,0.0,1.20958,0.00029,0.0,0.0,0.0
YKL194C,1,0.0,0.19419915658291217,3.8443389795515984e-07,0.0,1.0,0.0,0.0,0,0.12121,-0.54286,41.99506,8.66278,59.0,64.0,77975.0,0.0,1.44154,0.00016,0.0,0.0,0.5
YDR533C,3,0.00037068401871890124,0.26829742271914325,9.829647467772316e-05,0.0,1.9089887640449439,0.0,0.0,0,0.10549,-0.2616,23.69118,5.26154,34.0,27.0,23045.0,0.0,0.89776,0.0002,0.0,0.0,0.5
YMR010W,1,0.0,0.21019104783880999,1.311267893922783e-06,0.0,0.0,0.0,0.0,0,0.15309,0.17333,34.80526,5.61603,40.0,35.0,77280.0,0.0,1.64875,0.00012,0.0,0.0,0.0
YDR534C,2,2.775154868305259e-05,0.23236132282302058,4.3050047122167706e-06,0.0,1.6655052264808363,0.0,0.0,0,0.03598,-0.06458,31.55417,4.43304,49.0,21.0,36440.0,0.0,0.69423,8e-05,0.0,0.0,0.5
YDR536W,1,0.0,0.14730089738941132,1.8390371987506244e-10,0.0,0.0,0.0,0.0,0,0.13181,0.09525,29.0436,6.12958,53.0,49.0,85925.0,0.0,1.35249,0.0001,0.0,0.0,0.0
YDR538W,1,0.0,0.20694458735625199,1.6727326890238116e-06,0.0,1.0,0.0,0.0,0,0.07438,0.13678,33.73764,9.69147,20.0,30.0,21470.0,0.0,0.80313,0.00036,0.0,0.0,0.5
YDR541C,1,0.0,0.19367016630532594,1.2279384190779114e-07,0.0,0.0,0.0,0.0,0,0.0814,-0.28256,37.82267,6.05902,44.0,37.0,27305.0,0.0,0.70765,0.00016,0.0,0.0,0.0
YLR025W,8,0.000644336999276222,0.2419521738446415,8.109650717268141e-06,0.10714285714285714,1.7863945578231293,0.25,2.5,0,0.02083,-0.81125,50.27792,4.66156,49.0,30.0,11000.0,0.0,0.40761,0.00017,0.0,0.0,0.5
YOR187W,3,8.821984206103839e-05,0.24636040101020082,5.5515953960510087e-05,0.0,1.7756813417190775,0.0,0.0,0,0.05034,-0.2,31.1087,6.18939,57.0,51.0,13785.0,0.0,0.28736,0.00013,0.0,0.0,0.5
YEL003W,4,2.7706286156847606e-05,0.20074350631975607,8.895439977584672e-07,0.5,1.0,0.0,2.017857142857143,0,0.05405,-0.81441,37.55405,7.78558,19.0,20.0,10095.0,0.0,0.77691,0.0006,0.0,0.0,0.5
YLR200W,9,0.0006945552649322789,0.24541402156082415,6.510968976243542e-05,0.1111111111111111,1.4178403755868545,1.0,3.142857142857143,0,0.04386,-0.9,64.58158,4.69928,24.0,16.0,3105.0,0.0,0.23374,0.00035,0.0,0.0,0.5
YML094W,3,0.0,0.2004513962655415,8.880208251429223e-07,1.0,0.0,0.0,2.017857142857143,0,0.06135,-0.62945,47.55528,8.83746,19.0,22.0,7575.0,0.0,0.41268,0.00048,0.0,0.0,0.0
YGR107W,1,0.0,0.1832443737643633,3.2125153926591096e-08,0.0,0.0,0.0,0.0,0,0.16779,-0.00671,54.02215,10.367,4.0,21.0,23420.0,0.0,1.34403,0.00059,0.0,0.0,0.0
YEL006W,1,0.0,0.20553581644404922,2.177176292556789e-07,0.0,0.0,0.0,0.0,0,0.11045,0.01791,26.94212,9.71222,18.0,34.0,31080.0,0.0,0.8409,0.00026,0.0,0.0,0.0
YEL008W,1,0.0,0.25173471847841494,8.868705264917986e-05,0.0,1.0,0.0,0.0,0,0.10317,0.35079,52.30563,9.1192,6.0,11.0,34085.0,0.0,2.43091,0.00065,0.0,0.0,0.5
YHR145C,2,0.00016449507431119488,0.20544002681062232,9.710942931234507e-07,0.0,0.0,0.0,0.0,0,0.08475,0.35254,72.75263,10.11835,5.0,14.0,10345.0,0.0,0.75289,0.00074,0.0,0.0,0.0
YPL038W,2,2.900167185775616e-06,0.2140178984937381,1.1635248438315356e-06,0.0,0.0,0.5,0.0,0,0.0226,-0.53164,40.25198,9.42206,20.0,28.0,2115.0,0.0,0.10814,0.00048,0.0,0.0,0.0
YEL011W,1,0.0,0.231653090297731,2.2738065994503548e-05,0.0,1.0,0.0,0.0,0,0.13778,-0.4142,25.78737,5.75861,94.0,74.0,129985.0,0.0,1.60249,7e-05,0.0,0.0,0.5
YEL012W,1,0.0,0.23827711650137964,2.772693883481319e-05,0.0,1.0,0.0,0.0,0,0.07798,-0.77064,49.15229,4.06256,51.0,18.0,30035.0,0.0,1.21932,0.00016,0.0,0.0,0.5
YHR195W,2,2.567413465567981e-05,0.20951172315948305,1.4398172589457145e-06,0.0,1.220030349013657,0.5,0.0,0,0.05919,-0.75607,43.37757,5.04999,56.0,41.0,25940.0,0.0,0.71223,0.00014,0.0,0.0,0.5
YLR254C,5,0.0001718053132119665,0.24240454524473595,6.37975654206475e-05,0.0,3.319634703196347,0.5,0.0,0,0.01587,-0.74709,52.56878,5.40546,29.0,25.0,3230.0,0.0,0.15002,0.00025,0.0,0.0,0.5
YPR185W,6,0.00011158768528506387,0.2380840753591965,5.824283078435408e-06,0.06666666666666667,1.0,0.0,2.761904761904762,0,0.06775,-0.84959,65.7668,6.53217,83.0,78.0,67310.0,0.0,0.80823,8e-05,0.0,0.0,0.5
YGR116W,4,4.538425834971935e-05,0.23691963104780842,0.0001156261878671454,0.3333333333333333,3.895810955961332,1.0,0.0,1,0.08959,-0.78498,47.34144,4.89105,277.0,190.0,152265.0,0.0,0.90478,3e-05,0.6846499175810571,0.40640486218295563,0.5521592123921053
YJR140C,2,0.0001291292536916892,0.22481266091776433,2.9632928052248603e-06,0.0,1.3771043771043772,1.0,0.0,0,0.11044,-0.39242,45.21477,5.84882,226.0,198.0,221145.0,0.0,1.15373,3e-05,0.0,0.0,0.5
YEL016C,2,2.0438995531758877e-05,0.20399493985263195,6.391164270535743e-07,0.0,0.0,0.0,0.0,0,0.12373,-0.34665,38.55986,5.42804,66.0,50.0,89895.0,0.0,1.56737,9e-05,0.0,0.0,0.0
YEL042W,5,0.00023218722382171828,0.21829974027016905,2.225640112743823e-06,0.0,2.9643979057591623,0.0,0.0,0,0.08494,-0.21409,39.30427,5.17926,65.0,50.0,47215.0,0.0,0.83094,9e-05,0.0,0.0,0.5
YGL098W,1,0.0,0.192301472550518,7.479199593884764e-07,0.0,0.0,0.5,0.0,1,0.09388,-0.52449,51.82494,5.15167,37.0,30.0,17880.0,0.0,0.63616,0.00018,0.3153500824189429,0.19338324065864865,0.5
YGR121C,2,0.0,0.20692515867603264,1.1821015739553365e-06,1.0,1.0,0.0,0.0,0,0.13415,0.21728,38.27419,5.34979,43.0,33.0,126250.0,0.0,2.32927,0.0001,0.0,0.0,0.5
YKL063C,2,0.00011320850990405742,0.24076283004399604,2.847485879420167e-05,0.0,1.0,0.0,0.0,0,0.0479,-1.04311,50.55569,9.40424,23.0,31.0,9065.0,0.0,0.47702,0.00049,0.0,0.0,0.5
YPL244C,2,1.9424169485876467e-05,0.19499808260088133,7.566680197081813e-07,0.0,0.0,0.5,0.0,0,0.11799,0.38112,27.16109,9.76422,15.0,35.0,66515.0,0.0,1.74694,0.00026,0.0,0.0,0.0
YPR174C,3,0.00022759706498490947,0.199851596104435,7.827042540913186e-07,0.0,1.0,0.25,0.0,0,0.0543,-0.88507,86.8652,9.89349,23.0,36.0,17210.0,0.0,0.67727,0.00039,0.0,0.0,0.5
YEL018W,1,0.0,0.20570846307692955,2.482536945256955e-07,0.0,1.0,1.0,0.0,0,0.03943,-0.53584,26.5871,7.88275,37.0,38.0,11460.0,0.0,0.36216,0.00025,0.0,0.0,0.5
YEL019C,1,0.0,0.00028477858465043426,1.508668400601407e-18,0.0,0.0,0.5,0.0,1,0.06742,-0.60524,49.87865,5.03241,39.0,29.0,28515.0,0.0,0.93941,0.00017,0.3153500824189429,0.19338324065864865,0.5
YOR266W,2,0.0,0.00042716787697565144,2.133579316030893e-18,0.0,0.0,0.0,0.0,0,0.11111,-0.23688,36.68794,9.48993,40.0,58.0,78310.0,0.0,1.60034,0.00019,0.0,0.0,0.0
YEL020C,1,0.0,0.18860716478159864,1.9777332347412015e-06,0.0,1.0,0.0,0.0,0,0.07143,-0.05929,36.26286,7.56244,53.0,54.0,56350.0,0.0,0.91943,0.00012,0.0,0.0,0.5
YNR017W,9,0.0006460909155660275,0.21002080400569456,5.812798464069195e-07,0.1388888888888889,1.0,0.0,3.4,1,0.05856,-0.0982,37.92973,6.8952,19.0,19.0,24325.0,0.0,1.04654,0.0003,0.3153500824189429,0.0,0.5
YLR398C,2,4.479597067166423e-06,0.21291183613193218,0.00010701713625182563,0.0,0.0,0.0,0.0,0,0.07615,-0.40326,42.44608,6.31256,185.0,175.0,99710.0,0.0,0.68268,4e-05,0.0,0.0,0.0
YJR047C,1,0.0,0.18567569416939148,7.324056758402916e-08,0.0,0.0,0.0,0.0,0,0.05732,-0.40828,29.38217,4.82709,28.0,17.0,4720.0,0.0,0.27552,0.00028,0.0,0.0,0.0
YHR080C,1,0.0,0.1801441215887014,1.8577224245413635e-07,0.0,0.0,0.5,0.0,0,0.0632,-0.6942,46.75704,8.74677,166.0,176.0,105700.0,0.0,0.70618,6e-05,0.0,0.0,0.0
YPL050C,3,0.00011434118771493567,0.23216551615713507,4.283177981079411e-05,0.0,1.0,0.3333333333333333,0.0,0,0.11899,-0.4238,58.88516,6.35602,50.0,45.0,66935.0,0.0,1.45657,0.00014,0.0,0.0,0.5
YER143W,6,0.00015896843029295283,0.24519560881496957,6.576857835716633e-06,0.0,2.830102622576967,0.0,0.0,0,0.05841,-0.25234,37.54533,4.95746,55.0,43.0,15275.0,0.0,0.32257,0.0001,0.0,0.0,0.5
YHL030W,5,0.0003439687495575093,0.22810487220054457,3.859727587877659e-05,0.1,3.803061224489796,0.5,3.333333333333333,0,0.08351,-0.07869,43.83704,6.15533,211.0,199.0,164915.0,0.0,0.78371,3e-05,0.0,0.0,0.5
YEL038W,1,0.0,0.2300212197492968,4.246143904251729e-06,0.0,1.0,0.5,0.0,0,0.10573,-0.29559,46.33744,5.36823,27.0,22.0,24995.0,0.0,0.99237,0.00021,0.0,0.0,0.5
YEL041W,4,6.714770897218852e-05,0.22222860734399694,0.0001076420399889078,0.0,3.1733333333333333,0.0,0.0,0,0.08283,-0.27455,33.12568,5.55292,68.0,58.0,48120.0,0.0,0.86124,0.0001,0.0,0.0,0.5
YJR049C,2,5.764423737098483e-05,0.2416073803932871,2.959898357862424e-05,0.0,1.3575129533678756,0.0,0.0,1,0.0717,-0.48849,35.24849,6.72003,68.0,66.0,45015.0,0.0,0.75696,0.00011,0.3153500824189429,0.0,0.5
YER073W,4,0.00038532674679631345,0.24367753760505934,4.180379032855817e-05,0.0,2.8827225130890053,0.0,0.0,0,0.08654,-0.13481,24.64675,8.29877,58.0,61.0,56100.0,0.0,0.98956,0.00015,0.0,0.0,0.5
YJL152W,3,5.246304145119526e-05,0.23566568592758746,5.827310152125753e-05,0.3333333333333333,1.0,0.0,2.017857142857143,0,0.09244,-0.11597,45.82017,10.43292,6.0,16.0,14355.0,0.0,1.05143,0.00076,0.0,0.0,0.5
YLR250W,1,0.0,0.1782141360531847,2.930437516200925e-08,0.0,0.0,0.0,0.0,0,0.08974,-0.72051,36.57094,4.97833,52.0,28.0,23950.0,0.0,0.87764,0.00018,0.0,0.0,0.0
YNL220W,1,0.0,0.19554303576611468,1.2729172183297676e-06,0.0,0.0,0.0,0.0,0,0.09238,-0.27275,29.91709,8.14801,55.0,57.0,54695.0,0.0,1.1329,0.00017,0.0,0.0,0.0
YEL048C,5,0.0004441965081134647,0.2369451007995874,4.834864120007442e-06,0.0,1.0,0.0,0.0,0,0.09211,0.06579,20.99013,4.65167,25.0,16.0,11710.0,0.0,0.67478,0.00027,0.0,0.0,0.5
YHR030C,17,0.0018192578360525736,0.24904670368788268,2.1376753200704524e-05,0.029411764705882353,13.489404641775984,0.0,14.4984126984127,0,0.09711,-0.51508,46.21779,5.16315,66.0,47.0,45935.0,0.0,0.82565,9e-05,0.0,0.0,0.5
YIL136W,1,0.0,0.19044874515145266,7.440429768239342e-08,0.0,0.0,0.0,0.0,0,0.07379,-1.17023,43.29618,8.55145,71.0,74.0,69900.0,0.0,1.56797,0.00019,0.0,0.0,0.0
YEL049W,2,1.9821790665067664e-05,0.23818699169371177,3.003331030635205e-05,0.0,1.3730994152046783,0.0,0.0,0,0.09167,0.23417,18.25917,5.13422,10.0,7.0,15930.0,0.0,1.24265,0.0004,0.0,0.0,0.5
YEL055C,8,0.0002426967918312253,0.24140890773688517,0.001105802568517268,0.4642857142857143,5.093601895734597,0.5,10.190476190476192,1,0.07339,-0.29256,34.3366,5.20746,161.0,130.0,87580.0,0.0,0.7557,4e-05,0.6846499175810571,0.2889671908216764,0.5283657023788666
YLR196W,5,0.00016590303585146024,0.24816341019397192,0.00017835712820054277,0.1,3.2751817237798546,0.0,6.0,1,0.07292,-0.58611,39.82569,4.45551,111.0,56.0,73840.0,0.0,1.15732,7e-05,0.3153500824189429,0.0,0.5
YLL022C,3,0.00012174296809902602,0.23564049047284566,2.6885141837801542e-05,0.0,2.612559241706161,1.0,0.0,0,0.05714,-0.77377,52.52,4.64093,78.0,44.0,16180.0,0.0,0.37257,0.00011,0.0,0.0,0.5
YMR021C,6,0.00034718262270883336,0.2354139735794672,6.832413768377852e-06,0.0,2.796276013143483,1.0,0.0,0,0.07194,-0.52182,55.36118,6.69696,49.0,47.0,33775.0,0.0,0.72609,0.00014,0.0,0.0,0.5
YEL057C,1,0.0,0.2261505569092717,1.9400267624592413e-05,0.0,1.0,0.0,0.0,0,0.1073,-0.38412,48.54682,9.76215,24.0,39.0,16305.0,0.0,0.59883,0.00036,0.0,0.0,0.5
YEL059W,1,0.0,0.00021358393848782572,2.229258935376394e-19,0.0,0.0,0.0,0.0,0,0.13725,0.7902,46.37843,7.6109,5.0,6.0,20355.0,0.0,1.79478,0.00067,0.0,0.0,0.0
YJR130C,1,0.0,0.00021358393848782572,2.229258935376394e-19,0.0,0.0,0.5,0.0,0,0.10172,-0.27606,40.55917,5.75153,85.0,75.0,59510.0,0.0,0.82253,8e-05,0.0,0.0,0.0
YMR275C,2,3.6857021634777374e-05,0.210733657867651,3.753436303630217e-07,0.0,1.0,0.0,0.0,0,0.06762,-0.54795,45.816,8.82001,113.0,125.0,68770.0,0.0,0.62992,8e-05,0.0,0.0,0.5
YMR304W,2,1.5130492603686689e-05,0.19873435170982026,3.9686261716438325e-07,0.0,1.0,0.0,0.0,0,0.12114,-0.52618,39.87767,4.92645,202.0,137.0,167275.0,0.0,1.16518,3e-05,0.0,0.0,0.5
YNL208W,2,3.965127052551258e-05,0.2042312201295183,2.3044339506630252e-06,0.0,1.0,0.0,0.0,0,0.09548,-1.18392,39.15884,6.97186,12.0,12.0,12950.0,0.0,0.64265,0.00035,0.0,0.0,0.5
YLR454W,2,2.0472159582836762e-05,0.19634433456307174,2.0190333729365477e-07,0.0,0.0,0.0,0.0,1,0.1035,-0.32664,40.78487,8.18878,329.0,338.0,274290.0,0.0,0.90383,3e-05,0.6846499175810571,0.0,0.0
YEL062W,2,1.0797020945618956e-05,0.20612207309807928,2.14677823685903e-07,0.0,1.0,0.0,0.0,0,0.10081,-0.35203,48.43937,8.76678,61.0,70.0,53760.0,0.0,0.76956,0.00013,0.0,0.0,0.5
YOR138C,2,7.794440144037023e-06,0.20729492853400064,4.73760118199388e-07,0.0,0.0,0.5,0.0,0,0.08197,-0.50417,44.872,4.61835,108.0,61.0,64510.0,0.0,0.85602,6e-05,0.0,0.0,0.0
YEL063C,3,0.00024830101729199675,0.19871643399339692,1.0947602799357242e-06,0.0,1.5426829268292683,0.0,0.0,0,0.14746,0.33186,31.39442,8.55341,47.0,51.0,119915.0,0.0,1.82284,0.00013,0.0,0.0,0.5
YGR057C,3,4.209443773976818e-05,0.19062169320110373,5.114160805421988e-07,0.0,1.0,0.0,0.0,0,0.11983,-0.28017,55.22975,6.38971,30.0,28.0,25035.0,0.0,0.88979,0.00023,0.0,0.0,0.5
YOR345C,1,0.0,0.16494393471564164,1.731268100066932e-08,0.0,0.0,0.0,0.0,0,0.10345,0.27759,58.65431,9.0224,8.0,12.0,21470.0,0.0,1.66849,0.0007,0.0,0.0,0.0
YIR034C,2,2.0118086210298465e-05,0.20209639901318188,1.5505206359675302e-07,0.0,1.9957537154989384,0.0,0.0,0,0.08311,-0.21046,34.71209,9.17743,40.0,48.0,41410.0,0.0,0.99869,0.00022,0.0,0.0,0.5
YNR058W,4,7.634120590237525e-05,0.21772827498150368,2.134953325469852e-06,0.0,3.2589285714285716,0.0,0.0,0,0.08958,-0.13417,42.87062,5.97943,53.0,43.0,65330.0,0.0,1.21639,0.00011,0.0,0.0,0.5
YEL066W,6,0.0004972996302888974,0.2559739071642485,7.51540332779861e-05,0.13333333333333333,4.0551876379690945,0.5,81.0,0,0.13665,-0.48323,43.06398,6.21344,23.0,21.0,43890.0,0.0,2.33282,0.00033,0.0,0.0,0.5
YPL112C,2,5.3362032156382005e-06,0.21885248015467798,3.774390982699876e-05,0.0,0.0,0.0,0.0,0,0.09137,-0.26777,45.14876,9.09662,44.0,53.0,48860.0,0.0,1.08795,0.0002,0.0,0.0,0.0
YLR225C,2,6.206063295957704e-05,0.20690573364353548,1.4456214390718662e-06,0.0,0.0,0.0,0.0,0,0.10811,-0.42162,32.17961,7.98846,54.0,56.0,46255.0,0.0,0.99639,0.00017,0.0,0.0,0.0
YEL070W,2,0.00011135849410689845,0.2521378856761153,8.871566514123134e-05,0.0,1.4920273348519362,0.0,0.0,0,0.08765,-0.21255,29.80737,5.77911,66.0,56.0,69635.0,0.0,1.23314,0.0001,0.0,0.0,0.5
YEL071W,1,0.0,0.20700289529352073,1.2950397158923357e-06,0.0,1.0,0.0,0.0,0,0.09274,-0.26351,41.7095,6.40912,61.0,57.0,45560.0,0.0,0.825,0.00012,0.0,0.0,0.5
YLR153C,6,0.0008261196553819583,0.26312461381695956,9.651701646589352e-05,0.0,4.9978213507625275,0.3333333333333333,0.0,1,0.0937,-0.26135,32.02551,6.20673,80.0,71.0,118440.0,0.0,1.56894,8e-05,0.3153500824189429,0.16204621790391252,0.5162116857057315
YEL072W,1,0.0,0.00021358393848782572,2.229258935376394e-19,0.0,0.0,0.0,0.0,0,0.11688,-0.32251,26.39784,8.2536,28.0,30.0,21235.0,0.0,0.79192,0.00031,0.0,0.0,0.0
YOR273C,1,0.0,0.00021358393848782572,2.229258935376394e-19,0.0,0.0,0.0,0.0,0,0.11229,0.07815,43.80215,8.34613,60.0,63.0,104905.0,0.0,1.4327,0.00011,0.0,0.0,0.0
YEL074W,1,0.0,0.2261505569092717,1.9400267624592413e-05,0.0,1.0,0.0,0.0,0,0.11607,-0.64554,49.2625,9.75739,8.0,18.0,9190.0,0.0,0.70357,0.00075,0.0,0.0,0.5
YEL075C,1,0.0,0.25173471847841494,8.868705264917986e-05,0.0,1.0,0.0,0.0,0,0.10656,-0.48115,39.37303,7.82733,19.0,20.0,3105.0,0.0,0.22188,0.00056,0.0,0.0,0.5
YEL076WC,1,0.0,0.22355850772266575,7.58791761004804e-06,0.0,0.0,0.0,0.0,0,0.0,0.0,0.0,0.0,0.0,0.0,0.0,0.0,0.0,0.0,0.0,0.0,0.0
YFR053C,2,0.00018233305536662477,0.2241838303044054,4.0701612068685756e-05,0.0,1.6193353474320242,0.0,0.0,0,0.07629,-0.32619,35.36414,5.28082,71.0,57.0,46340.0,0.0,0.86234,0.0001,0.0,0.0,0.5
YER001W,1,0.0,0.19230986193506341,4.662218431973435e-07,0.0,0.0,0.0,0.0,0,0.12336,-0.5689,38.78416,6.79584,104.0,101.0,123410.0,0.0,1.39402,8e-05,0.0,0.0,0.0
YER004W,2,1.6500536421493483e-06,0.23237357170666967,4.406284072799039e-06,0.0,1.963450292397661,0.0,0.0,0,0.06926,-0.12468,33.42511,9.29877,23.0,29.0,14690.0,0.0,0.5856,0.00037,0.0,0.0,0.5
YER007W,4,0.00031357143493729707,0.22024115189985127,3.610482932495121e-06,0.0,2.4150743099787686,0.0,3.333333333333333,0,0.09653,-0.37375,40.95178,8.76788,60.0,67.0,56685.0,0.0,0.9566,0.00015,0.0,0.0,0.5
YJL120W,1,0.0,0.17950591095311005,5.5019206491824086e-08,0.0,0.0,0.0,0.0,0,0.2243,0.22804,38.71776,9.38678,6.0,12.0,35450.0,0.0,2.76893,0.00073,0.0,0.0,0.0
YOR349W,2,3.476878109038762e-06,0.1952918064538155,6.200211733450197e-07,0.0,1.6586956521739131,0.0,0.0,0,0.10059,-0.04625,44.78158,8.5257,95.0,104.0,101865.0,0.0,0.87328,7e-05,0.0,0.0,0.5
YJL095W,8,0.00013970719997922137,0.23526320410287258,7.293229397020764e-06,0.21428571428571427,6.016597510373444,0.0,9.555555555555555,0,0.07375,-0.72368,51.71241,9.49725,153.0,202.0,128870.0,0.0,0.78487,6e-05,0.0,0.0,0.5
YIL063C,4,8.004440288780989e-05,0.2577098307673501,9.355645684470425e-05,0.3333333333333333,2.7116827438370845,1.0,18.666666666666664,1,0.04893,-1.04771,39.18257,6.33453,61.0,60.0,11585.0,0.0,0.32133,0.00018,0.3153500824189429,0.23974612282610783,0.5442061526871065
YOR185C,5,7.409668045296584e-05,0.2313370063120191,5.759672999633411e-06,0.2,3.597560975609756,1.0,8.166666666666666,0,0.10909,-0.38364,35.86777,6.22113,28.0,26.0,30285.0,0.0,1.21187,0.00025,0.0,0.0,0.5
YER010C,2,0.00021149327066866054,0.24109202883808376,9.593865825138334e-06,0.0,1.0,0.0,0.0,0,0.07265,-0.05598,39.22735,6.89288,21.0,21.0,15275.0,0.0,0.59754,0.00027,0.0,0.0,0.5
YOR274W,1,0.0,0.19311866534984332,1.4526011320646325e-07,0.0,0.0,0.3333333333333333,0.0,0,0.09112,-0.75584,35.3972,9.09613,59.0,71.0,77195.0,0.0,1.53665,0.00018,0.0,0.0,0.0
YNR011C,7,9.263036900556087e-05,0.2329753530614409,0.00014326201059421253,0.7142857142857143,1.9610091743119267,1.0,11.0,1,0.06963,-0.48082,43.59509,8.57391,112.0,120.0,69355.0,0.0,0.69485,9e-05,0.6846499175810571,0.40640486218295563,0.6036213566735489
YKR066C,4,0.00019451261101040596,0.19016939841568264,8.358303064124338e-07,0.16666666666666666,3.284789644012945,0.0,1.6,0,0.12465,-0.61053,29.44989,5.94696,45.0,40.0,73465.0,0.0,1.82058,0.00015,0.0,0.0,0.5
YMR089C,2,0.0,0.16882259029817026,3.271971071870463e-08,1.0,1.819848975188781,0.0,0.625,0,0.07758,-0.57079,40.19312,7.22015,125.0,125.0,70415.0,0.0,0.75492,8e-05,0.0,0.0,0.5
YER018C,3,7.53758090914134e-06,0.21167474935296632,4.213145933817788e-06,0.3333333333333333,1.0,0.5,1.25,1,0.04977,-0.56878,57.36697,6.40594,28.0,25.0,19730.0,0.0,0.78157,0.00025,0.3153500824189429,0.19338324065864865,0.5966916203293243
YER104W,3,4.629630678721352e-05,0.23084031500186028,1.984263621445853e-05,0.0,1.423728813559322,0.5,0.0,1,0.0625,-1.23173,78.70673,5.36053,37.0,29.0,18700.0,0.0,0.766,0.00022,0.3153500824189429,0.19338324065864865,0.5679143523741683
YPR065W,2,3.9738195418419825e-06,0.21256276667352317,5.969373182089271e-07,0.0,0.0,1.0,0.0,0,0.05978,-0.90217,62.2231,9.88373,22.0,40.0,34380.0,0.0,0.82175,0.00024,0.0,0.0,0.0
YOR371C,3,0.0003685039702409936,0.22841217966089036,3.5531084794607913e-06,0.3333333333333333,1.6690476190476191,0.0,12.1,0,0.09142,-0.46689,48.28619,6.20477,110.0,100.0,89140.0,0.0,0.88311,6e-05,0.0,0.0,0.5
YFR038W,1,0.0,0.23827711650137964,2.772693883481319e-05,0.0,1.0,1.0,0.0,0,0.07268,-0.47093,32.79041,5.92303,120.0,110.0,73310.0,0.0,0.75605,6e-05,0.0,0.0,0.5
YGL027C,2,0.0,0.23885812274589668,2.8111283036192877e-05,1.0,1.0,0.5,0.0,0,0.13085,-0.44322,41.08562,4.95807,123.0,84.0,166590.0,0.0,1.72622,5e-05,0.0,0.0,0.5
YGL261C,1,0.0,0.23827711650137964,2.772693883481319e-05,0.0,0.0,0.0,0.0,0,0.0,0.0,0.0,0.0,0.0,0.0,0.0,0.0,0.0,0.0,0.0,0.0,0.0
YGR243W,2,9.121707671911697e-05,0.24260465906854833,2.8507164366541055e-05,0.0,1.0,0.0,0.0,0,0.13014,0.02877,27.93904,10.49005,5.0,17.0,32095.0,0.0,1.97756,0.00065,0.0,0.0,0.5
YHL005C,1,0.0,0.23827711650137964,2.772693883481319e-05,0.0,1.0,0.0,0.0,0,0.17692,0.18308,56.44546,7.67621,10.0,11.0,21360.0,0.0,1.38868,0.0005,0.0,0.0,0.5
YHL044W,4,0.0011201491386820172,0.2635336076568137,0.00010792670133526656,0.0,1.7772511848341233,0.0,0.0,0,0.11489,0.16128,36.34643,8.09503,23.0,25.0,32735.0,0.0,1.21366,0.0003,0.0,0.0,0.5
YHL045W,4,0.0003428131002617488,0.25615240021358143,5.1640616211843576e-05,0.0,3.4974721941354905,0.0,0.0,0,0.17391,0.28696,45.90609,8.63275,9.0,13.0,19910.0,0.0,1.49535,0.00065,0.0,0.0,0.5
YHR116W,1,0.0,0.23827711650137964,2.772693883481319e-05,0.0,1.0,0.0,0.0,0,0.09934,-1.42252,58.08477,7.57623,20.0,21.0,24910.0,0.0,1.43842,0.00044,0.0,0.0,0.5
YIL078W,3,0.00029712656767631946,0.24088123799319802,2.7842279164861562e-05,0.0,3.0,0.0,0.0,1,0.10354,-0.54755,42.58219,6.58673,108.0,104.0,108760.0,0.0,1.2868,8e-05,0.6846499175810571,0.0,0.5
YJL142C,1,0.0,0.23827711650137964,2.772693883481319e-05,0.0,1.0,0.0,0.0,0,0.09231,0.79154,40.58,10.25507,3.0,14.0,8855.0,0.0,0.59654,0.00069,0.0,0.0,0.5
YJR148W,3,0.00020088992787980274,0.24048699701448573,2.9075184967971497e-05,0.3333333333333333,1.0,0.0,0.6666666666666666,0,0.09309,-0.2875,27.22686,6.91229,41.0,41.0,64120.0,0.0,1.54045,0.00017,0.0,0.0,0.5
YKL051W,1,0.0,0.23827711650137964,2.772693883481319e-05,0.0,1.0,0.0,0.0,0,0.17847,0.21756,41.6921,6.82098,25.0,24.0,105030.0,0.0,2.59576,0.00017,0.0,0.0,0.5
YKR093W,1,0.0,0.23827711650137964,2.772693883481319e-05,0.0,1.0,0.0,0.0,0,0.15474,0.13894,39.09537,5.24591,60.0,47.0,116210.0,0.0,1.7079,8e-05,0.0,0.0,0.5
YLL020C,3,0.00024461170874384545,0.23865121841132172,3.115483572321008e-05,0.0,1.0,0.0,0.0,0,0.18812,0.55149,43.55356,9.73248,1.0,7.0,21345.0,0.0,1.81678,0.00083,0.0,0.0,0.5
YLL065W,3,0.0004928224863794881,0.2699734600242236,0.00012066013538824476,0.3333333333333333,2.150943396226415,0.0,0.0,0,0.13793,-0.08621,58.42414,9.57367,1.0,9.0,13785.0,0.0,1.02212,0.00071,0.0,0.0,0.5
YLR331C,1,0.0,0.23827711650137964,2.772693883481319e-05,0.0,1.0,0.0,0.0,0,0.016,-0.7408,61.2344,3.89349,48.0,13.0,375.0,0.0,0.02578,0.00027,0.0,0.0,0.5
YML082W,1,0.0,0.23827711650137964,2.772693883481319e-05,0.0,1.0,0.0,0.0,0,0.10478,-0.37596,45.63222,5.22736,100.0,75.0,74730.0,0.0,1.00562,7e-05,0.0,0.0,0.5
YMR039C,3,0.00048686538956525636,0.2542172234876311,7.098783601648304e-05,0.0,1.4482758620689655,1.0,0.0,0,0.03425,-1.44932,66.38836,5.52765,61.0,55.0,10430.0,0.0,0.31509,0.00017,0.0,0.0,0.5
YMR058W,1,0.0,0.23827711650137964,2.772693883481319e-05,0.0,1.0,0.0,0.0,0,0.11321,-0.28318,26.242,4.59515,86.0,36.0,91970.0,0.0,1.27102,6e-05,0.0,0.0,0.5
YMR087W,2,9.833235303394989e-05,0.23955908131490264,2.7786782258993968e-05,0.0,1.6895119418483904,0.0,0.0,0,0.10211,-0.07148,53.39331,7.17267,27.0,27.0,38360.0,0.0,1.19625,0.00022,0.0,0.0,0.5
YMR114C,1,0.0,0.23827711650137964,2.772693883481319e-05,0.0,1.0,0.0,0.0,0,0.09511,-1.00652,41.48101,7.55389,63.0,64.0,69370.0,0.0,1.61698,0.00018,0.0,0.0,0.5
YMR118C,1,0.0,0.23827711650137964,2.772693883481319e-05,0.0,1.0,0.0,0.0,0,0.12755,-0.00153,34.25974,9.76056,13.0,21.0,44920.0,0.0,2.01357,0.00044,0.0,0.0,0.5
YMR181C,5,0.000517441734479977,0.26484779231407857,7.348727993620613e-05,0.0,4.3958076448828605,0.0,0.0,0,0.11688,-0.71169,70.34039,4.78314,17.0,11.0,15025.0,0.0,0.85358,0.00027,0.0,0.0,0.5
YMR244W,1,0.0,0.23827711650137964,2.772693883481319e-05,0.0,1.0,0.0,0.0,0,0.08732,-0.35155,37.38028,5.1264,30.0,23.0,61235.0,0.0,1.63808,0.00014,0.0,0.0,0.5
YMR293C,3,0.0009534877165891976,0.2668680624334377,0.00011754992144046272,0.0,1.5534591194968554,0.0,0.0,0,0.08405,-0.13254,41.69052,8.74847,50.0,56.0,26080.0,0.0,0.5122,0.00017,0.0,0.0,0.5
YNL073W,1,0.0,0.23827711650137964,2.772693883481319e-05,0.0,1.0,0.0,0.0,0,0.09375,-0.37153,49.60627,9.01666,66.0,78.0,52925.0,0.0,0.80035,0.00014,0.0,0.0,0.5
YNL159C,2,0.00012915115775092214,0.24219145405612458,2.7975192529338886e-05,0.0,1.7298335467349553,0.5,3.0,0,0.12803,-0.14913,59.92979,9.54071,24.0,31.0,31525.0,0.0,0.95573,0.00029,0.0,0.0,0.5
YNL211C,1,0.0,0.23827711650137964,2.772693883481319e-05,0.0,1.0,0.0,0.0,0,0.19767,-0.88372,57.71872,10.36115,9.0,20.0,18450.0,0.0,1.73269,0.00097,0.0,0.0,0.5
YNL235C,1,0.0,0.23827711650137964,2.772693883481319e-05,0.0,1.0,0.0,0.0,0,0.08392,0.26154,39.61056,7.08063,10.0,10.0,11960.0,0.0,0.74043,0.00044,0.0,0.0,0.5
YNL281W,5,0.0003284080728249776,0.24446132737774645,2.8574847418304136e-05,0.0,1.0,0.5,0.0,0,0.0719,-0.49346,26.10131,4.5567,27.0,16.0,21095.0,0.0,1.22317,0.00026,0.0,0.0,0.5
YNR001C,3,0.00023999258656316793,0.24945541595130571,3.3685326301709346e-05,0.0,2.9089005235602095,0.0,0.0,0,0.09186,-0.29165,27.08896,8.23077,58.0,60.0,62925.0,0.0,1.17927,0.00015,0.0,0.0,0.5
YNR024W,1,0.0,0.23827711650137964,2.772693883481319e-05,0.0,1.0,0.3333333333333333,0.0,0,0.06452,-1.46075,37.62097,9.28583,35.0,42.0,11460.0,0.0,0.54204,0.00044,0.0,0.0,0.5
YNR071C,4,0.0008077301819270162,0.2711525284662314,0.00012410113429993884,0.16666666666666666,2.443396226415094,0.0,0.0,0,0.08187,-0.41637,25.10731,6.25897,40.0,37.0,26985.0,0.0,0.71292,0.00017,0.0,0.0,0.5
YOL022C,1,0.0,0.23827711650137964,2.772693883481319e-05,0.0,1.0,0.0,0.0,1,0.08088,-0.62647,48.47377,4.78815,71.0,50.0,34015.0,0.0,0.73956,0.0001,0.3153500824189429,0.0,0.5
YOL042W,2,1.5131525055880799e-05,0.24541402156082415,2.907254839627347e-05,0.0,1.0,0.0,0.0,0,0.12672,-0.27328,26.31573,8.35126,41.0,44.0,67895.0,0.0,1.6014,0.0002,0.0,0.0,0.5
YOL106W,3,0.00012447248782079004,0.25182100287206644,3.5778865528602134e-05,0.0,1.0,0.0,0.0,0,0.12821,0.51966,45.32573,4.80206,9.0,4.0,19285.0,0.0,1.43473,0.00036,0.0,0.0,0.5
YOR028C,9,0.0011119895559101695,0.2616254172517968,3.668644817084861e-05,0.0,5.620639534883721,0.5,0.0,0,0.06102,-0.74339,53.49322,9.67194,28.0,40.0,10680.0,0.0,0.32388,0.00029,0.0,0.0,0.5
YOR039W,13,0.0006686778950162237,0.2726957411243751,0.00036475481560088887,0.20512820512820512,11.105105105105105,0.0,15.75,0,0.10853,-0.45465,41.57442,5.6806,39.0,33.0,32610.0,0.0,1.09277,0.00019,0.0,0.0,0.5
YOR072W,1,0.0,0.23827711650137964,2.772693883481319e-05,0.0,1.0,0.0,0.0,0,0.18269,0.34615,42.09048,9.61005,6.0,14.0,14940.0,0.0,1.23063,0.00079,0.0,0.0,0.5
YOR143C,1,0.0,0.23827711650137964,2.772693883481319e-05,0.0,1.0,0.0,0.0,1,0.09404,-0.2326,30.11163,5.92365,41.0,37.0,38360.0,0.0,1.04764,0.00016,0.3153500824189429,0.0,0.5
YOR302W,14,0.004357008438110427,0.2938947033319237,0.0003551806253393992,0.02197802197802198,10.10813704496788,0.0,0.0,0,0.16,-0.7,40.86,5.93585,2.0,1.0,8605.0,0.0,2.88834,0.00199,0.0,0.0,0.5
YOR336W,1,0.0,0.23827711650137964,2.772693883481319e-05,0.0,1.0,1.0,0.0,1,0.0989,-0.26557,42.89637,5.02448,194.0,142.0,154825.0,0.0,0.98945,3e-05,0.6846499175810571,0.40640486218295563,0.7032024310914778
YOR388C,2,0.0005684768401529287,0.24951189535719273,6.84214827246918e-05,0.0,1.8130434782608695,0.0,0.0,0,0.07181,-0.38723,26.26968,6.04388,52.0,47.0,40840.0,0.0,0.97905,0.00014,0.0,0.0,0.5
YPL053C,2,0.00010530369145111763,0.24636040101020082,4.67487390170758e-05,0.0,1.7081545064377683,0.0,0.0,0,0.1435,-0.49238,45.95812,5.32001,65.0,52.0,93695.0,0.0,1.79742,0.0001,0.0,0.0,0.5
YPL098C,2,0.0,0.2459343146214865,3.531485644486123e-05,1.0,1.5123674911660778,0.0,1.25,0,0.0885,-0.20442,55.5823,9.7276,6.0,11.0,15595.0,0.0,1.27285,0.00079,0.0,0.0,0.5
YER026C,1,0.0,0.21575677427808349,1.328178277539226e-06,0.0,1.0,0.3333333333333333,0.0,1,0.11594,0.16486,34.73518,5.82135,29.0,23.0,9565.0,0.0,0.31051,0.00019,0.3153500824189429,0.16204621790391252,0.5810231089519563
YLR220W,1,0.0,0.22998521705407854,5.5852624170039574e-05,0.0,0.0,0.0,0.0,1,0.08075,0.07547,29.7873,4.96625,36.0,28.0,25900.0,0.0,0.75622,0.00015,0.3153500824189429,0.0,0.0
YER031C,13,0.0003845459286697881,0.2489201341281565,2.78085029433445e-05,0.1794871794871795,3.031638418079096,0.0,24.00394736842105,0,0.08072,-0.53408,25.55067,4.96747,30.0,22.0,24785.0,0.0,1.01292,0.0002,0.0,0.0,0.5
YNL146W,2,1.4416540532587698e-05,0.2525568153589735,8.904565251926445e-05,0.0,1.0,0.5,0.0,0,0.14,0.295,35.2161,9.86627,7.0,11.0,1490.0,0.0,0.12535,0.00083,0.0,0.0,0.5
YPR017C,2,5.991594651892983e-05,0.22616215972887607,8.569016169852594e-06,0.0,1.9495708154506437,0.0,8.333333333333334,0,0.06993,-0.24615,39.16713,5.15057,21.0,16.0,14730.0,0.0,0.91342,0.00032,0.0,0.0,0.5
YLR456W,7,0.00027889208803185837,0.250618378263433,0.00017007842932198432,0.0,1.699339207048458,0.5,0.0,0,0.09314,-0.21324,37.52255,5.85553,24.0,20.0,16305.0,0.0,0.69999,0.00025,0.0,0.0,0.5
YGR206W,1,0.0,0.20319566033352648,3.933217719816019e-06,0.0,1.0,0.0,0.0,0,0.10891,-0.94059,64.69604,8.43451,13.0,15.0,18825.0,0.0,1.57301,0.0007,0.0,0.0,0.5
YNL142W,1,0.0,0.20319566033352648,3.933217719816019e-06,0.0,1.0,0.0,0.0,0,0.11623,0.38517,27.51663,6.19427,32.0,28.0,120330.0,0.0,2.25337,0.00012,0.0,0.0,0.5
YER037W,1,0.0,0.1806905498965209,4.318941991749897e-08,0.0,0.0,0.0,0.0,0,0.11215,-0.52399,43.53053,5.2392,51.0,40.0,44725.0,0.0,1.18576,0.00014,0.0,0.0,0.0
YER052C,7,0.0006634121127994398,0.22202713081875308,3.0050662913828204e-06,0.0,2.420096852300242,0.0,0.0,0,0.06641,-0.10266,34.18448,6.21649,63.0,58.0,30130.0,0.0,0.51851,0.00011,0.0,0.0,0.5
YML023C,3,0.0002157493544806934,0.18958053738497865,2.045467775790696e-07,0.0,1.0,0.5,0.0,1,0.10612,-0.04442,44.94406,5.69635,66.0,56.0,58020.0,0.0,0.90639,9e-05,0.3153500824189429,0.19338324065864865,0.5966916203293243
YER039C,3,5.810035600344644e-05,0.23816125426957283,2.2223872817912374e-05,0.0,0.0,0.0,0.0,0,0.0,0.0,0.0,0.0,0.0,0.0,0.0,0.0,0.0,0.0,0.0,0.0,0.0
YMR119W,3,8.490346392122528e-05,0.21629669554835737,1.8929321655497028e-06,0.0,1.0,0.5,0.0,0,0.1266,-0.02212,43.85679,5.60785,72.0,63.0,73655.0,0.0,1.03096,8e-05,0.0,0.0,0.5
YJR066W,8,0.00041957064544835765,0.22954210868962316,2.7187200368611138e-06,0.10714285714285714,2.735070575461455,0.0,4.923809523809524,0,0.08138,-0.16818,41.00398,6.81122,284.0,276.0,315115.0,0.0,1.12086,2e-05,0.0,0.0,0.5
YKL203C,3,4.7914126656084094e-06,0.21010088438470634,4.939313300720256e-07,0.3333333333333333,1.7622014537902388,0.0,0.0,1,0.08084,-0.19107,45.62281,7.25372,285.0,283.0,301135.0,0.0,1.06951,3e-05,0.6846499175810571,0.0,0.5
YPL051W,6,0.00039043340898439066,0.23991110565339738,2.401238663173898e-05,0.0,1.0,0.0,4.25,0,0.08081,-0.34141,52.59949,5.99176,29.0,27.0,31190.0,0.0,1.36906,0.00026,0.0,0.0,0.5
YER045C,5,0.00042317891661039573,0.24327409797326288,5.7438302515176607e-05,0.0,2.5360576923076925,1.0,0.0,0,0.06135,-0.74376,62.88282,8.27423,44.0,47.0,34350.0,0.0,0.62922,0.00015,0.0,0.0,0.5
YGR247W,2,2.271368325630235e-06,0.20175416061492624,1.8081100480220615e-05,0.0,0.0,0.0,0.0,0,0.08368,-0.14268,44.34728,7.07513,24.0,24.0,37190.0,0.0,1.39125,0.00026,0.0,0.0,0.0
YOR059C,5,0.0012673399744486161,0.23657632454653163,5.8256054893818636e-05,0.0,1.0,0.0,0.0,0,0.11333,-0.06,28.83071,9.09662,45.0,55.0,66280.0,0.0,1.29694,0.00018,0.0,0.0,0.5
YPL205C,2,3.0205099939410388e-05,0.22524919035643962,4.071651267042543e-05,0.0,1.2206673842841764,0.0,0.0,0,0.24561,-0.21667,60.47114,9.8902,5.0,17.0,21805.0,0.0,1.5771,0.00072,0.0,0.0,0.5
YGR271W,1,0.0,0.1784738918691252,9.059296447905015e-08,0.0,0.0,0.0,0.0,0,0.09151,-0.23264,42.71253,6.1557,251.0,227.0,202025.0,0.0,0.8985,3e-05,0.0,0.0,0.0
YER051W,3,7.39311428330012e-05,0.2364113834214053,0.00010275893494342703,0.0,1.2630434782608695,1.0,0.0,0,0.09756,-0.53862,35.65528,6.29803,68.0,63.0,72405.0,0.0,1.28083,0.00011,0.0,0.0,0.5
YLR121C,3,0.000131993290543477,0.22726988323755018,9.103265919512758e-06,0.0,0.0,0.0,0.0,0,0.10433,-0.14744,35.32091,8.79071,39.0,45.0,51730.0,0.0,0.94796,0.00016,0.0,0.0,0.0
YKR079C,1,0.0,0.1806905498965209,4.318941991749897e-08,0.0,0.0,0.5,0.0,1,0.10501,-0.40716,31.66612,5.55768,124.0,98.0,84200.0,0.0,0.8697,6e-05,0.6846499175810571,0.2889671908216764,0.5
YER053C,2,3.0434662649485956e-05,0.21658363166489084,2.8689655412273727e-06,0.0,0.0,0.0,0.0,0,0.13,0.03033,36.6634,9.45868,17.0,34.0,60820.0,0.0,1.81401,0.00028,0.0,0.0,0.0
YLR326W,2,3.7557295957380103e-06,0.2073241771834975,4.397907988891326e-06,0.0,1.0,0.0,0.0,0,0.09583,-0.58708,53.04046,9.43134,22.0,34.0,50140.0,0.0,1.82838,0.00034,0.0,0.0,0.5
YKL193C,3,6.1025688029683915e-06,0.21799746082169644,2.0860915030883444e-05,0.6666666666666666,2.915237134207871,1.0,3.583333333333333,1,0.05325,-0.48047,37.48494,5.33807,54.0,42.0,21555.0,0.0,0.5543,0.00014,0.3153500824189429,0.23974612282610783,0.5411194890482299
YMR311C,3,8.990265789777581e-06,0.19992410790854567,6.289723414820003e-07,0.6666666666666666,1.8184931506849316,0.0,7.75,0,0.05677,-1.44148,54.56288,4.56744,59.0,33.0,13075.0,0.0,0.49064,0.00017,0.0,0.0,0.5
YER057C,2,0.00018360528925485568,0.24510017543928403,1.0182387559872143e-05,0.0,1.0,0.25,0.0,0,0.06202,0.17984,29.10853,5.28082,14.0,10.0,4720.0,0.0,0.33943,0.00038,0.0,0.0,0.5
YER058W,1,0.0,0.25173471847841494,8.868705264917986e-05,0.0,1.0,0.0,0.0,0,0.04673,-0.8972,47.37944,9.37872,17.0,22.0,4595.0,0.0,0.37416,0.00076,0.0,0.0,0.5
YER156C,3,2.4046167530163394e-05,0.2237400596525999,1.4393648085587374e-06,0.0,1.3056603773584905,0.0,0.0,0,0.10651,-0.35296,38.75,7.05548,45.0,45.0,42900.0,0.0,1.1238,0.00018,0.0,0.0,0.5
YJL084C,4,0.0002910572086610493,0.23796840073825976,6.555266281440559e-05,0.0,2.847953216374269,0.0,0.0,0,0.06883,-0.73107,56.17964,6.4212,124.0,114.0,65250.0,0.0,0.55667,5e-05,0.0,0.0,0.5
YOR392W,2,3.2222614934869055e-05,0.22676715135940756,4.077357499613948e-05,0.0,1.8369565217391304,0.0,0.0,0,0.12245,0.25646,46.42653,8.87067,13.0,19.0,14075.0,0.0,0.83068,0.00052,0.0,0.0,0.5
YER061C,1,0.0,0.15909794114395365,1.1365124318795085e-08,0.0,1.0,0.0,0.0,0,0.06335,-0.10475,34.06493,8.4444,38.0,42.0,25660.0,0.0,0.53959,0.00018,0.0,0.0,0.5
YPL073C,3,0.00021282845545823542,0.19029253853984562,8.607464339315597e-07,0.0,2.6453333333333333,0.0,0.0,0,0.09317,0.31677,45.19689,9.05756,16.0,21.0,5095.0,0.0,0.28233,0.0005,0.0,0.0,0.5
YER062C,2,8.165778574664407e-05,0.227457515752091,3.487045139051573e-06,0.0,1.0,0.5,0.0,0,0.112,-0.282,23.5816,5.80231,36.0,32.0,41285.0,0.0,1.48436,0.00021,0.0,0.0,0.5
YPL201C,2,2.940166739715907e-06,0.19780689500899815,6.185197945276315e-07,0.0,0.0,0.5,0.0,0,0.11931,-0.38807,31.97731,5.65692,52.0,40.0,52885.0,0.0,1.00023,0.00011,0.0,0.0,0.0
YKL056C,4,0.0002210268117962399,0.21667944628762895,3.4565385150438114e-06,0.0,2.4142480211081794,0.0,0.0,0,0.10778,-0.32575,22.18263,4.41449,32.0,17.0,21555.0,0.0,1.15016,0.00024,0.0,0.0,0.5
YOR333C,2,0.0,0.22810487220054457,2.0445827099546782e-05,1.0,1.0,0.0,0.0,0,0.11594,-0.02899,58.51957,6.50848,18.0,17.0,12085.0,0.0,0.74568,0.0004,0.0,0.0,0.5
YPL172C,1,0.0,0.2060546279285525,1.4240269172841778e-06,0.0,0.0,0.0,0.0,0,0.11688,-0.07359,40.84093,9.87762,23.0,51.0,98165.0,0.0,1.88247,0.00019,0.0,0.0,0.0
YNL157W,4,3.9150357037303764e-05,0.2239787945366355,2.23220822736851e-06,0.0,1.3486111111111112,0.0,0.0,0,0.05357,-0.84881,49.0244,9.40741,14.0,20.0,9065.0,0.0,0.50219,0.00052,0.0,0.0,0.5
YPL212C,2,7.298846112463003e-06,0.2205607252714662,0.00010170130363114393,0.0,1.0,1.0,0.0,0,0.09375,-0.7796,45.11324,8.22662,87.0,90.0,53915.0,0.0,0.86761,0.00013,0.0,0.0,0.5
YPR125W,1,0.0,0.19028432423705102,1.8885709333836423e-07,0.0,0.0,0.0,0.0,1,0.07048,-0.47907,52.76852,9.35175,60.0,74.0,40590.0,0.0,0.77798,0.00018,0.3153500824189429,0.0,0.0
YER066W,4,0.000812097093278502,0.22162527175844762,1.9101280910915764e-05,0.0,3.2348790322580645,0.0,0.0,0,0.08649,-0.06432,27.44757,5.82477,22.0,18.0,27555.0,0.0,1.33205,0.00028,0.0,0.0,0.5
YMR154C,6,0.0005436635980351878,0.24770322854998447,1.2123786885055e-05,0.06666666666666667,4.205849268841395,0.0,0.0,0,0.09904,-0.28817,46.81391,6.21991,85.0,79.0,95545.0,0.0,1.14944,7e-05,0.0,0.0,0.5
YPL180W,1,0.0,0.16994859492927455,4.077855387663351e-09,0.0,1.0,0.0,0.0,0,0.04756,-1.01389,59.50101,7.8465,102.0,103.0,26150.0,0.0,0.29434,9e-05,0.0,0.0,0.5
YER069W,2,0.00021149327066866054,0.16587494469522196,6.5856085914163455e-09,0.0,1.0,0.0,0.0,0,0.08227,-0.16582,31.66085,8.41864,93.0,98.0,94170.0,0.0,0.99264,9e-05,0.0,0.0,0.5
YLR214W,1,0.0,0.14166297057156935,9.650775309438997e-11,0.0,1.0,0.0,0.0,0,0.13848,0.05437,51.6272,9.28009,53.0,78.0,139295.0,0.0,1.76652,0.00012,0.0,0.0,0.5
YER070W,4,1.1970954066291575e-05,0.21458047292389248,1.8622540159950662e-06,0.6666666666666666,3.5805739514348787,0.0,87.0,1,0.09459,-0.33232,42.11916,5.83099,108.0,95.0,120820.0,0.0,1.21354,6e-05,0.6846499175810571,0.0,0.5
YGR180C,5,0.00010992636210693475,0.2349622437650191,4.14987851796229e-05,0.3,4.553260869565217,0.3333333333333333,16.6,0,0.13623,-0.41826,41.74409,5.10919,55.0,42.0,46090.0,0.0,1.15069,0.00013,0.0,0.0,0.5
YOR171C,5,0.0003118892210690196,0.21471634950197388,1.0325375414900412e-06,0.0,1.39978563772776,0.2,0.0,0,0.07372,-0.39872,48.30098,6.02521,80.0,73.0,54330.0,0.0,0.78017,9e-05,0.0,0.0,0.5
YPL032C,4,0.00023962996340756568,0.2544960830942511,8.899782058042506e-05,0.0,2.675,0.0,0.0,0,0.06424,-0.64242,57.50668,8.79547,73.0,79.0,37735.0,0.0,0.40953,0.0001,0.0,0.0,0.5
YPL257W,2,1.2793062140797687e-07,0.20210566481479636,1.1084031703709652e-06,0.0,0.0,0.0,0.0,0,0.1399,0.35803,39.20984,9.05585,15.0,19.0,34170.0,0.0,1.53941,0.00041,0.0,0.0,0.0
YLR113W,7,0.00011504498157239508,0.2140178984937381,9.92639757255984e-07,0.047619047619047616,2.8352692713833156,0.5,2.566666666666667,0,0.09425,-0.24184,28.50115,5.27423,56.0,38.0,45100.0,0.0,0.92309,0.00011,0.0,0.0,0.5
YER076C,1,0.0,0.231653090297731,2.2738065994503548e-05,0.0,1.0,0.0,0.0,0,0.11921,-0.22086,40.60639,4.70612,31.0,17.0,69995.0,0.0,2.09155,0.00014,0.0,0.0,0.5
YER077C,2,4.590084147833864e-05,0.2019852756266277,6.313116208771246e-07,0.0,0.0,0.0,0.0,0,0.08285,-0.3814,44.94725,9.46625,81.0,113.0,60290.0,0.0,0.75792,0.00012,0.0,0.0,0.0
YFL027C,3,2.5935644793051754e-05,0.1950067089261457,7.195381606060117e-07,0.0,2.322108345534407,0.0,0.0,0,0.09859,-0.21247,45.72119,8.81256,58.0,65.0,59540.0,0.0,1.03336,0.00015,0.0,0.0,0.5
YER079W,4,0.00044153049575700737,0.24972392110103805,7.930126933352912e-05,0.0,2.864097363083164,0.0,0.0,0,0.05238,-1.09762,39.61819,9.23163,22.0,28.0,12045.0,0.0,0.51924,0.0004,0.0,0.0,0.5
YFR017C,4,0.0009927174728320985,0.24927203434039377,8.428959595126776e-05,0.0,2.2728260869565218,0.0,0.0,0,0.06667,-1.01897,53.54615,6.65192,23.0,22.0,7700.0,0.0,0.35349,0.00031,0.0,0.0,0.5
YGL039W,1,0.0,0.22412683827921107,4.069454388987861e-05,0.0,1.0,0.0,0.0,0,0.09483,-0.1796,29.1506,5.67853,43.0,38.0,26565.0,0.0,0.69435,0.00015,0.0,0.0,0.5
YGL096W,4,0.0005912555239229475,0.2499930048928443,6.117841435815977e-05,0.16666666666666666,3.7967391304347826,1.0,2.5,0,0.07971,-0.71848,56.6388,10.2276,17.0,34.0,24410.0,0.0,0.78095,0.00033,0.0,0.0,0.5
YGL110C,1,0.0,0.22412683827921107,4.069454388987861e-05,0.0,1.0,0.0,0.0,0,0.07532,-0.68109,45.11763,6.51227,100.0,96.0,71195.0,0.0,0.98824,9e-05,0.0,0.0,0.5
YGR210C,2,2.5507960711045505e-05,0.2319456277440423,4.3934870035632186e-05,0.0,1.9293478260869565,0.0,0.0,0,0.07543,-0.2219,29.9382,8.40143,51.0,54.0,47035.0,0.0,1.04029,0.00019,0.0,0.0,0.5
YGR293C,1,0.0,0.22412683827921107,4.069454388987861e-05,0.0,1.0,0.0,0.0,0,0.11111,0.21046,52.87784,9.48553,7.0,16.0,14035.0,0.0,0.81061,0.00055,0.0,0.0,0.5
YIL044C,1,0.0,0.22412683827921107,4.069454388987861e-05,0.0,1.0,0.0,0.0,0,0.0604,-0.58456,36.85,9.46002,21.0,32.0,35575.0,0.0,1.08999,0.00029,0.0,0.0,0.5
YIL074C,5,0.0006452196811148568,0.25133283854698235,7.041105419756641e-05,0.0,3.9445652173913044,0.0,0.0,0,0.0661,-0.09275,43.17292,5.9765,50.0,43.0,37860.0,0.0,0.73963,0.00012,0.0,0.0,0.5
YKR073C,1,0.0,0.22412683827921107,4.069454388987861e-05,0.0,1.0,0.0,0.0,0,0.13208,0.66981,61.42736,8.44989,6.0,8.0,8980.0,0.0,0.74996,0.00071,0.0,0.0,0.5
YLR151C,3,0.0007465628223784388,0.24429875056947037,4.448389063188368e-05,0.0,2.7673684210526317,0.0,0.0,0,0.11471,-0.39118,50.25676,6.15302,50.0,45.0,59985.0,0.0,1.50889,0.00015,0.0,0.0,0.5
YNR042W,2,0.00024575798831741113,0.2248355939648844,4.070248962946256e-05,0.0,1.6880434782608695,0.0,0.0,0,0.07042,0.07817,54.69014,4.36261,15.0,6.0,4720.0,0.0,0.30817,0.00028,0.0,0.0,0.5
YOR189W,2,0.0001889343601304319,0.25857148376792133,0.00012938159653905847,0.0,1.8782608695652174,1.0,0.0,0,0.06034,-1.32586,66.17155,4.80292,25.0,19.0,13980.0,0.0,1.06782,0.00037,0.0,0.0,0.5
YOR222W,1,0.0,0.22412683827921107,4.069454388987861e-05,0.0,1.0,0.0,0.0,0,0.10098,-0.00912,25.40098,9.71832,22.0,41.0,36495.0,0.0,1.07318,0.00029,0.0,0.0,0.5
YOR246C,1,0.0,0.22412683827921107,4.069454388987861e-05,0.0,1.0,0.0,0.0,0,0.11515,0.02091,24.40848,8.56024,30.0,34.0,65735.0,0.0,1.75368,0.00023,0.0,0.0,0.5
YOR258W,1,0.0,0.22412683827921107,4.069454388987861e-05,0.0,1.0,0.5,0.0,0,0.12442,-0.62995,34.20276,8.48004,30.0,33.0,27555.0,0.0,1.06981,0.00033,0.0,0.0,0.5
YOR263C,2,0.00022438325931974936,0.24320698787727024,4.4940687794130345e-05,0.0,1.7282608695652173,0.0,0.0,0,0.14815,0.18963,46.05704,9.00177,8.0,12.0,15970.0,0.0,1.04815,0.00059,0.0,0.0,0.5
YOR300W,1,0.0,0.22412683827921107,4.069454388987861e-05,0.0,1.0,0.0,0.0,0,0.08824,-0.70686,52.25686,10.45404,6.0,24.0,17585.0,0.0,1.43947,0.00086,0.0,0.0,0.5
YOR318C,1,0.0,0.22412683827921107,4.069454388987861e-05,0.0,1.0,0.0,0.0,0,0.06931,-0.04653,43.4495,5.47589,12.0,9.0,14230.0,0.0,1.22425,0.00047,0.0,0.0,0.5
YOR387C,1,0.0,0.22412683827921107,4.069454388987861e-05,0.0,1.0,0.0,0.0,0,0.12136,0.2068,27.66311,4.28363,15.0,6.0,22180.0,0.0,1.00182,0.00019,0.0,0.0,0.5
YPL229W,3,0.0001264978835393061,0.2295301564840158,4.104742450250103e-05,0.0,1.9641304347826087,0.0,0.0,0,0.08738,-0.81456,81.09515,5.89948,15.0,13.0,9315.0,0.0,0.40048,0.00025,0.0,0.0,0.5
YPR038W,1,0.0,0.22412683827921107,4.069454388987861e-05,0.0,0.0,0.0,0.0,0,0.0,0.0,0.0,0.0,0.0,0.0,0.0,0.0,0.0,0.0,0.0,0.0,0.0
YPR046W,6,0.0016242696228332954,0.24883582586934933,5.123012225539913e-05,0.0,2.6739130434782608,0.5,0.0,0,0.0442,-0.52873,44.84917,5.52728,28.0,21.0,12950.0,0.0,0.61264,0.00026,0.0,0.0,0.5
YPR059C,1,0.0,0.22412683827921107,4.069454388987861e-05,0.0,0.0,0.0,0.0,0,0.0,0.0,0.0,0.0,0.0,0.0,0.0,0.0,0.0,0.0,0.0,0.0,0.0
YPR149W,1,0.0,0.22412683827921107,4.069454388987861e-05,0.0,1.0,0.0,0.0,0,0.13295,0.57861,37.42254,9.54572,5.0,12.0,13575.0,0.0,0.71572,0.0005,0.0,0.0,0.5
YJL135W,2,9.165195929315494e-05,0.21502007976564672,0.00010153808987610279,0.0,0.0,0.0,0.0,0,0.10476,-0.40667,52.81048,10.06952,5.0,18.0,11835.0,0.0,0.95648,0.00081,0.0,0.0,0.0
YER083C,3,4.3050717603771953e-05,0.2166155604557997,0.00015299495682143615,0.0,1.2880978865406008,0.3333333333333333,0.0,0,0.08772,-0.05544,43.40667,9.4538,21.0,28.0,40910.0,0.0,1.29902,0.0003,0.0,0.0,0.5
YMR038C,3,4.320002595224972e-05,0.21764227586034973,3.7685294268122807e-06,0.0,0.0,0.0,4.857142857142857,0,0.07229,-0.34699,43.01807,6.22906,29.0,27.0,31815.0,0.0,1.16412,0.00023,0.0,0.0,0.0
YOR383C,1,0.0,0.19661581870096,1.1621852910141384e-07,0.0,1.0,0.0,0.0,0,0.04902,0.01078,25.29559,4.18976,17.0,5.0,22460.0,0.0,1.13229,0.00021,0.0,0.0,0.5
YJL091C,2,0.0002144806081600466,0.24126356823794667,2.7966914628951728e-05,0.0,1.0,0.5,0.0,1,0.1449,0.45184,24.81022,9.41241,25.0,43.0,91885.0,0.0,1.65661,0.00017,0.3153500824189429,0.19338324065864865,0.5966916203293243
YER088C,1,0.0,0.18881721302473758,6.655341567514312e-07,0.0,1.0,1.0,0.0,0,0.04776,-0.82179,60.24463,9.50299,56.0,71.0,40950.0,0.0,0.56059,0.00013,0.0,0.0,0.5
YER090W,3,9.856148638428824e-06,0.2045534410800707,3.0495209806282546e-06,0.3333333333333333,3.0,0.0,4.0,0,0.07692,-0.33669,40.08582,5.56146,67.0,55.0,44530.0,0.0,0.78444,0.0001,0.0,0.0,0.5
YKL211C,3,2.534941526481059e-06,0.19547366659019658,2.9194380184351623e-06,0.3333333333333333,3.0,0.0,2.9333333333333336,0,0.07438,-0.13822,41.81944,6.44684,56.0,52.0,41465.0,0.0,0.77521,0.00012,0.0,0.0,0.5
YOR155C,3,0.0001305550365254791,0.24410935071854709,1.0198474213540814e-05,0.0,2.7628657921291624,0.0,0.0,0,0.09333,-0.396,56.97847,5.26117,67.0,52.0,55850.0,0.0,1.08807,0.0001,0.0,0.0,0.5
YER091C,2,3.6558118078568954e-05,0.19907540330016363,2.3315637674629e-05,0.0,1.8402848423194302,0.0,0.0,0,0.09387,-0.2811,33.75464,6.06635,101.0,94.0,87125.0,0.0,1.01475,7e-05,0.0,0.0,0.5
YMR233W,3,2.3526834887159998e-05,0.2245378288139529,6.895854185537197e-06,0.0,2.746974697469747,0.3333333333333333,0.0,0,0.03982,-0.88097,58.6646,9.46393,36.0,45.0,10095.0,0.0,0.38137,0.00036,0.0,0.0,0.5
YPL238C,1,0.0,0.20433535694041272,2.650275566525362e-07,0.0,1.0,0.0,0.0,1,0.17829,0.65581,49.58527,5.09601,7.0,6.0,125.0,0.0,0.00912,0.00037,0.3153500824189429,0.0,0.5
YPR011C,1,0.0,0.20433535694041272,2.650275566525362e-07,0.0,1.0,0.0,0.0,0,0.11043,0.03067,30.46288,9.56146,21.0,34.0,55975.0,0.0,1.55864,0.00027,0.0,0.0,0.5
YER096W,2,4.982523068761366e-05,0.2386899856657745,5.785576215471585e-05,0.0,1.8237250554323725,0.0,0.0,0,0.0918,-0.41191,54.3834,5.55353,67.0,54.0,53010.0,0.0,0.93694,0.0001,0.0,0.0,0.5
YER099C,4,0.0004258209560491334,0.2118476862396926,2.919824192333496e-07,0.3333333333333333,2.5291201982651796,0.0,3.0,0,0.05031,0.02075,29.62516,5.99298,38.0,32.0,12670.0,0.0,0.36445,0.00017,0.0,0.0,0.5
YKL181W,3,9.994670511991371e-06,0.20160652436659152,1.9935792333148864e-07,0.3333333333333333,1.0,0.0,2.0,0,0.04918,-0.25714,41.50843,5.45319,62.0,49.0,21400.0,0.0,0.45486,0.00012,0.0,0.0,0.5
YER100W,3,1.3409211725232954e-05,0.21835380697818127,2.5658867474684157e-06,0.0,2.878824969400245,0.5,2.0,0,0.092,-0.6352,39.1424,5.80548,34.0,30.0,31525.0,0.0,1.11071,0.0002,0.0,0.0,0.5
YJR077C,5,0.00015649229479033138,0.24034276513142813,6.337147057337973e-05,0.0,4.410334346504559,0.0,0.0,0,0.11254,0.29453,32.41807,9.35504,17.0,26.0,19745.0,0.0,0.60177,0.00029,0.0,0.0,0.5
YGL065C,1,0.0,0.14144024434561778,3.8620116360806605e-10,0.0,1.0,0.5,0.0,1,0.13718,-0.00537,27.86624,5.8952,59.0,52.0,76500.0,0.0,1.31791,0.0001,0.3153500824189429,0.19338324065864865,0.5966916203293243
YPR001W,1,0.0,0.14144024434561778,3.8620116360806605e-10,0.0,1.0,0.0,0.0,0,0.07613,-0.12366,35.49632,8.79352,43.0,49.0,51755.0,0.0,0.9618,0.00016,0.0,0.0,0.5
YHL008C,2,1.0517400308663548e-06,0.22222860734399694,3.9450225033624584e-06,0.0,1.2292397660818712,0.0,0.0,0,0.08293,-0.19633,48.46592,7.32135,68.0,68.0,49195.0,0.0,0.70311,0.0001,0.0,0.0,0.5
YER109C,1,0.0,0.21645601057085803,2.798148520361548e-06,0.0,0.0,1.0,0.0,0,0.05757,-0.89111,49.07109,9.34686,64.0,80.0,58830.0,0.0,0.6775,0.00011,0.0,0.0,0.0
YKR001C,3,4.463389538483461e-05,0.2366525288707534,7.933360111661137e-05,0.0,2.913089005235602,0.0,0.0,0,0.05682,-0.3706,41.26706,7.67487,94.0,95.0,31080.0,0.0,0.39474,0.0001,0.0,0.0,0.5
YNL313C,3,5.681479063618036e-06,0.23227561678130063,0.00020303700467277626,0.3333333333333333,2.3451118963486453,0.5,0.0,1,0.09403,-0.21405,43.09636,5.49115,117.0,101.0,168870.0,0.0,1.65016,5e-05,0.6846499175810571,0.2889671908216764,0.5616105336533408
YER111C,4,5.539306414621658e-05,0.2171490963189913,2.8741561539214677e-06,0.3333333333333333,2.9684873949579833,0.0,4.587301587301587,0,0.05947,-0.83943,53.37833,8.85895,110.0,122.0,64595.0,0.0,0.52175,7e-05,0.0,0.0,0.5
YIL029C,1,0.0,0.22582616061862312,1.0717153200840629e-05,0.0,0.0,0.0,0.0,0,0.16901,0.28239,32.29155,9.98175,3.0,16.0,38430.0,0.0,2.31694,0.0006,0.0,0.0,0.0
YJR138W,3,1.2842039303586469e-06,0.23162874548239837,3.6413700851516354e-05,0.3333333333333333,2.0,0.0,1.125,0,0.09343,-0.4988,34.35369,8.88727,195.0,216.0,205520.0,0.0,1.12956,5e-05,0.0,0.0,0.5
YKL209C,2,9.999387816104472e-07,0.22943458362960098,1.39574793465942e-05,0.0,1.9929824561403509,0.0,0.0,0,0.09225,0.07837,35.24661,8.26813,119.0,126.0,149820.0,0.0,1.03493,6e-05,0.0,0.0,0.5
YLL032C,2,9.764914947646244e-05,0.2258724459559092,1.0722032208519555e-05,0.0,0.0,0.0,0.0,0,0.10061,-0.29794,38.64378,6.784,90.0,88.0,65765.0,0.0,0.69522,7e-05,0.0,0.0,0.0
YLR269C,3,0.00048353873117466144,0.2634706027897629,0.00010761462214978846,0.3333333333333333,2.229559748427673,0.0,2.1666666666666665,0,0.12069,0.05603,48.8,9.71234,8.0,17.0,17795.0,0.0,1.29718,0.00071,0.0,0.0,0.5
YNL091W,7,0.0008047810988098392,0.24215154115993867,1.9883568496966224e-05,0.0,2.5485564304461943,0.0,0.0,0,0.05887,-1.08056,64.28758,5.28461,213.0,160.0,71585.0,0.0,0.50586,4e-05,0.0,0.0,0.5
YOR219C,1,0.0,0.22582616061862312,1.0717153200840629e-05,0.0,0.0,0.0,0.0,0,0.12997,-0.49882,38.81657,5.62323,118.0,97.0,155050.0,0.0,1.44638,5e-05,0.0,0.0,0.0
YOR188W,3,6.063924139458804e-06,0.22003227789136087,2.4879050697685083e-06,0.0,2.013333333333333,0.0,0.0,0,0.08619,-0.87687,58.17785,8.96368,131.0,148.0,123870.0,0.0,0.95307,7e-05,0.0,0.0,0.5
YOR370C,4,0.00012814105103756048,0.2292794473772768,2.818596459602288e-06,0.16666666666666666,1.0,0.0,0.6,1,0.10448,-0.27181,36.3005,4.64325,87.0,53.0,68270.0,0.0,1.01331,7e-05,0.3153500824189429,0.0,0.5
YOL003C,1,0.0,0.18901962417029816,3.283043868473607e-07,0.0,0.0,0.5,0.0,0,0.15079,-0.27302,40.93042,8.54669,34.0,39.0,102215.0,0.0,2.2976,0.00019,0.0,0.0,0.0
YLR096W,1,0.0,0.2116340993458891,1.8126637374238507e-06,0.0,1.0,0.0,0.0,0,0.0619,-0.6109,51.47377,9.42853,108.0,137.0,83380.0,0.0,0.6497,7e-05,0.0,0.0,0.5
YNL139C,1,0.0,0.2116340993458891,1.8126637374238507e-06,0.0,1.0,1.0,0.0,0,0.09831,-0.49092,43.16263,7.54803,201.0,202.0,185695.0,0.0,1.0096,4e-05,0.0,0.0,0.5
YER119C,3,0.00033155039911224966,0.2526581449690791,3.221359642676916e-05,0.0,1.9304347826086956,0.0,0.0,0,0.08705,0.79732,41.98683,9.03192,21.0,30.0,40100.0,0.0,0.82105,0.00018,0.0,0.0,0.5
YKL055C,1,0.0,0.20046962823573256,4.4613997386496305e-07,0.0,0.0,0.0,0.0,0,0.08273,-0.23921,53.14101,9.09601,25.0,33.0,44765.0,0.0,1.43553,0.00029,0.0,0.0,0.0
YNL027W,6,0.00034612142187326583,0.21418427944587357,4.012601758339417e-06,0.06666666666666667,1.8263473053892216,0.5,0.0,0,0.0649,-1.09425,49.39823,5.74945,90.0,78.0,41675.0,0.0,0.5462,8e-05,0.0,0.0,0.5
YER121W,1,0.0,0.2261505569092717,1.9400267624592413e-05,0.0,1.0,0.0,0.0,0,0.10526,-0.90877,56.77193,4.92328,17.0,11.0,19940.0,0.0,1.54086,0.00038,0.0,0.0,0.5
YER122C,4,0.00011442151844375336,0.21892856495036123,0.00012097731020640198,0.0,1.0,0.0,0.0,0,0.07911,-0.9929,29.70872,8.37006,66.0,69.0,30410.0,0.0,0.55198,0.00015,0.0,0.0,0.5
YER176W,2,1.7617281245373083e-06,0.19205013093170928,2.1161842347358467e-06,0.0,0.0,0.0,0.0,0,0.07136,-0.7322,38.558,9.44647,129.0,177.0,82720.0,0.0,0.6515,7e-05,0.0,0.0,0.0
YER123W,2,0.0,0.19464505918115085,5.602526693321875e-06,1.0,1.7724137931034483,0.2,0.0,0,0.09924,-0.83397,51.37311,8.97467,55.0,68.0,66835.0,0.0,1.10911,0.00015,0.0,0.0,0.5
YHR003C,3,9.52535814160718e-05,0.25389509591495935,8.923899709585719e-05,0.0,1.3883647798742138,0.0,0.0,0,0.07459,-0.30466,39.17298,6.3642,62.0,59.0,57505.0,0.0,1.17639,0.00013,0.0,0.0,0.5
YFR022W,2,8.260746494434247e-06,0.22855429332065763,3.531743106650463e-06,0.0,1.578005115089514,0.0,0.0,0,0.06412,-0.34584,61.68378,8.54083,67.0,73.0,47800.0,0.0,0.59969,0.00011,0.0,0.0,0.5
YKL020C,3,0.00022249051341938358,0.23427543873700699,3.741511295222285e-06,0.0,2.870843989769821,0.0,15.6,0,0.07394,-0.52911,41.59797,6.22455,118.0,109.0,67320.0,0.0,0.55482,5e-05,0.0,0.0,0.5
YML111W,1,0.0,0.21613761487009187,2.2919145038474334e-06,0.0,1.0,0.0,0.0,0,0.06848,-0.6662,46.27122,8.17377,115.0,119.0,56530.0,0.0,0.53949,8e-05,0.0,0.0,0.5
YOR018W,2,0.00021149327066866054,0.21615881210589533,2.292325871142146e-06,0.0,1.3900255754475703,0.0,0.0,0,0.05974,-0.50538,52.83202,8.88422,83.0,91.0,52425.0,0.0,0.56769,0.0001,0.0,0.0,0.5
YOR385W,1,0.0,0.21613761487009187,2.2919145038474334e-06,0.0,1.0,0.0,0.0,0,0.13793,-0.59897,46.78459,8.94855,33.0,40.0,33070.0,0.0,0.97084,0.00026,0.0,0.0,0.5
YHR204W,5,0.0003338654032192172,0.23564049047284566,0.0015350090545318286,0.0,3.4260289210233594,1.0,0.0,0,0.12688,-0.20477,44.3322,4.95856,108.0,71.0,119525.0,0.0,1.30994,5e-05,0.0,0.0,0.5
YML093W,7,0.0,0.23582958780630875,0.000874485330565718,0.9523809523809523,0.0,0.5,12.5,1,0.04116,-1.27942,51.25528,4.9527,202.0,155.0,56380.0,0.0,0.54726,5e-05,0.6846499175810571,0.2889671908216764,0.5
YER128W,1,0.0,0.17472458897600077,4.541182359647497e-08,0.0,0.0,0.0,0.0,0,0.07882,-0.87931,34.6064,8.58746,29.0,32.0,30285.0,0.0,1.28936,0.00037,0.0,0.0,0.0
YPR173C,7,0.00027009063761177903,0.21308680114446385,2.920235468904677e-06,0.09523809523809523,1.4059139784946237,0.0,0.5,0,0.06865,-0.53684,34.68055,5.1225,70.0,58.0,40130.0,0.0,0.83306,0.00011,0.0,0.0,0.5
YER129W,2,3.6018756925783093e-06,0.21684999288053539,1.434528842273041e-06,0.0,1.8263069139966273,0.0,0.0,0,0.05254,-0.71585,52.63346,8.86835,144.0,159.0,45195.0,0.0,0.35623,7e-05,0.0,0.0,0.5
YLR420W,2,8.95800095451889e-05,0.25219558643375045,8.87068244215824e-05,0.0,1.5833333333333333,0.0,0.0,0,0.08791,-0.15962,35.66574,6.06989,45.0,39.0,32150.0,0.0,0.79751,0.00015,0.0,0.0,0.5
YLL027W,2,0.0,0.21231705304284382,9.246903582433651e-05,1.0,2.0,0.0,0.7142857142857143,0,0.072,-0.5296,45.396,10.03986,22.0,45.0,21595.0,0.0,0.78032,0.00036,0.0,0.0,0.5
YLR435W,5,0.0005239564835443156,0.2128295990380226,9.256446684303002e-05,0.1,2.0,0.5,5.0,0,0.0878,-0.69756,41.8122,4.10907,55.0,21.0,32555.0,0.0,1.37289,0.00017,0.0,0.0,0.5
YHR100C,1,0.0,0.21531415304427898,2.0461625995801758e-05,0.0,1.0,0.0,0.0,0,0.0973,-0.26541,29.93195,8.87238,19.0,23.0,28795.0,0.0,1.3748,0.00042,0.0,0.0,0.5
YOR344C,5,0.0016283890272737213,0.2522244467171439,5.28559645303321e-05,0.1,2.7716262975778547,1.0,0.0,0,0.06186,-0.75498,61.99622,4.75299,47.0,32.0,23950.0,0.0,0.73267,0.00015,0.0,0.0,0.5
YOR351C,3,0.00014830566311847254,0.22152503418641756,2.100541053843497e-05,0.0,2.6175580221997983,0.0,7.5,0,0.08249,-0.29759,39.67449,8.07672,62.0,65.0,60080.0,0.0,1.05684,0.00014,0.0,0.0,0.5
YER136W,3,0.0001473030019337519,0.24900449953541903,3.3963809455077205e-05,0.0,2.8805355303810503,0.0,0.0,1,0.102,-0.39113,41.01441,5.659,64.0,54.0,52885.0,0.0,1.03279,0.00011,0.3153500824189429,0.0,0.5
YER137C,1,0.0,0.1935511154895949,1.1570908464433423e-07,0.0,0.0,0.0,0.0,0,0.02703,-0.51284,27.81081,9.23004,19.0,26.0,3480.0,0.0,0.2096,0.00056,0.0,0.0,0.0
YER138C,3,0.0,0.0006407518154634772,4.565522299650855e-16,1.0,1.0,0.5,0.0,0,0.08091,-0.65071,48.4726,8.1413,193.0,198.0,191990.0,0.0,0.96691,4e-05,0.0,0.0,0.5
YER160C,3,0.0,0.0006407518154634772,4.565522299650855e-16,1.0,1.0,0.5,0.0,0,0.07977,-0.64091,45.91243,8.67657,186.0,201.0,190625.0,0.0,0.96,4e-05,0.0,0.0,0.5
YJR027W,3,0.0,0.0006407518154634772,4.565522299650855e-16,1.0,0.0,0.5,0.0,0,0.08091,-0.65333,48.45483,8.04779,193.0,197.0,190500.0,0.0,0.95897,4e-05,0.0,0.0,0.0
YJR028W,3,0.0,0.0006407518154634772,4.565522299650855e-16,1.0,0.0,0.0,0.0,0,0.075,-0.8475,52.84434,7.25824,39.0,39.0,42330.0,0.0,0.86191,0.00015,0.0,0.0,0.0
YOR034C,3,3.226683266308192e-05,0.19823387396121434,1.336653186311322e-07,0.0,0.0,0.0,0.0,0,0.12417,0.03632,27.51351,6.26898,76.0,69.0,120805.0,0.0,1.41732,7e-05,0.0,0.0,0.0
YIL056W,1,0.0,0.190424063902351,5.977037652267657e-07,0.0,1.0,0.5,0.0,0,0.075,-0.42922,59.88891,9.09589,54.0,64.0,27110.0,0.0,0.37959,0.00013,0.0,0.0,0.5
YFL066C,2,0.0,0.21261402861503514,3.829183947431479e-06,1.0,2.0,0.0,0.0,0,0.08673,-0.07423,35.76355,7.0014,49.0,49.0,46505.0,0.0,1.06107,0.00016,0.0,0.0,0.5
YLR058C,4,0.0001305122409352181,0.24978052217109717,1.364850460010209e-05,0.0,3.706002034587996,0.0,0.0,0,0.08742,-0.3435,27.27228,6.97589,55.0,54.0,51395.0,0.0,0.98424,0.00013,0.0,0.0,0.5
YOR201C,1,0.0,0.2112892036272599,3.240326145753572e-06,0.0,1.0,0.0,0.0,0,0.08738,-0.36456,38.21289,9.2254,42.0,53.0,37860.0,0.0,0.81618,0.0002,0.0,0.0,0.5
YPL152W,4,0.0009255579306763491,0.25459897512276325,6.972281643473393e-05,0.0,3.360233918128655,0.0,0.0,0,0.11732,-0.38659,42.7157,6.22076,48.0,41.0,60110.0,0.0,1.45011,0.00015,0.0,0.0,0.5
YIR005W,2,0.00021149327066866054,0.22172560008427764,4.798694728308086e-06,0.0,1.0,0.5,4.857142857142857,0,0.09459,-0.76554,48.50953,5.64728,23.0,20.0,18910.0,0.0,1.10598,0.00033,0.0,0.0,0.5
YKL058W,5,0.000502404403402217,0.25396823502192334,9.086749939639464e-05,0.4,3.625592417061611,0.5,16.5,1,0.06557,-0.28443,28.87213,4.96271,18.0,14.0,11835.0,0.0,0.87941,0.00037,0.3153500824189429,0.19338324065864865,0.5266691920124018
YNL039W,6,0.00033315919145843415,0.22867285652723576,5.861655700243766e-06,0.13333333333333333,3.82921589688507,1.0,2.288235294117647,1,0.05387,-1.06061,44.99059,6.50116,106.0,103.0,29255.0,0.0,0.43221,0.0001,0.3153500824189429,0.23974612282610783,0.5313048583942646
YOR194C,6,0.00020019477773606113,0.24771714837176304,3.023401522221455e-05,0.26666666666666666,2.7656903765690375,0.5,14.25,1,0.04895,-0.94685,41.97448,4.28986,61.0,29.0,28210.0,0.0,0.87607,0.00013,0.3153500824189429,0.19338324065864865,0.5349611153686966
YIL040W,2,1.2123704171002664e-06,0.2120821099483052,1.0292374247935537e-06,0.0,1.8476286579212917,0.6666666666666666,0.0,0,0.18116,0.52246,30.60819,9.09784,7.0,11.0,20650.0,0.0,1.25095,0.00055,0.0,0.0,0.5
YKL034W,1,0.0,0.1990933858125434,2.0338578670414922e-07,0.0,0.0,0.0,0.0,0,0.13588,-0.15198,47.98156,6.10297,73.0,63.0,137850.0,0.0,1.56864,7e-05,0.0,0.0,0.0
YER151C,1,0.0,0.18195850141482386,2.0423401116390422e-08,0.0,0.0,0.0,0.0,0,0.07456,-0.79452,48.38148,7.65985,109.0,110.0,81890.0,0.0,0.80351,8e-05,0.0,0.0,0.0
YER152C,1,0.0,0.1999059750249659,1.1660077807165429e-06,0.0,0.0,0.0,0.0,0,0.09707,-0.2754,41.39368,6.22882,47.0,43.0,47050.0,0.0,0.9507,0.00013,0.0,0.0,0.0
YJL107C,2,0.00021149327066866054,0.2517634733722956,8.870260885258507e-05,0.0,1.0,0.0,0.0,0,0.04134,-0.86744,43.77339,5.29974,64.0,52.0,7825.0,0.0,0.18409,0.00012,0.0,0.0,0.5
YER153C,2,9.099983188841567e-06,0.20661479518516632,5.073102884058003e-07,0.0,0.0,0.0,0.0,0,0.07087,-0.14252,62.19567,9.74689,26.0,33.0,31065.0,0.0,1.06552,0.00033,0.0,0.0,0.0
YJL170C,2,4.00563334431778e-05,0.21799746082169644,2.805342397746168e-06,0.0,0.0,0.0,0.0,0,0.13876,-0.29761,55.82158,5.56268,30.0,24.0,52660.0,0.0,2.111,0.00022,0.0,0.0,0.0
YER154W,3,5.140792750373953e-05,0.23911725821944796,2.8570296846610666e-05,0.0,2.0,0.0,0.0,0,0.08458,-0.1199,40.33607,10.13007,24.0,44.0,54555.0,0.0,1.21733,0.00023,0.0,0.0,0.5
YOR121C,2,2.0673157703648565e-05,0.24351600128579848,2.8353731369106344e-05,0.0,1.0,0.0,0.0,0,0.19802,-0.36634,55.91881,9.98529,7.0,13.0,19940.0,0.0,1.61014,0.00081,0.0,0.0,0.5
YHL031C,2,0.0,0.21560903180609065,1.4219835381628875e-06,1.0,0.0,0.0,2.0,0,0.06278,-0.51345,55.27758,9.47736,21.0,27.0,19730.0,0.0,0.77694,0.00037,0.0,0.0,0.0
YPR105C,13,0.0005762589347176973,0.25950000914084437,1.0801253508758355e-05,0.0641025641025641,3.3988505747126436,0.3333333333333333,11.88034188034188,1,0.08479,-0.26911,41.79351,5.75018,110.0,95.0,81290.0,0.0,0.82391,6e-05,0.6846499175810571,0.22418506295530205,0.5329795408811486
YKL120W,1,0.0,0.1710631633076768,1.499841808750442e-08,0.0,0.0,0.0,0.0,0,0.08333,0.13704,36.3596,9.57709,21.0,34.0,27765.0,0.0,0.78984,0.00027,0.0,0.0,0.0
YER159CA,1,0.0,0.14857184547608776,3.123126352253248e-10,0.0,0.0,0.0,0.0,0,0.0,0.0,0.0,0.0,0.0,0.0,0.0,0.0,0.0,0.0,0.0,0.0,0.0
YPR158WA,2,0.00021149327066866054,0.17542688058243885,1.8657521374709708e-08,0.0,0.0,0.0,0.0,0,0.0,0.0,0.0,0.0,0.0,0.0,0.0,0.0,0.0,0.0,0.0,0.0,0.0
YJR052W,3,1.6485236518886218e-05,0.20682806997023054,1.7755517451156693e-06,0.0,2.8521046643913537,0.0,5.5,0,0.06195,-0.39186,49.18602,5.32794,84.0,71.0,34265.0,0.0,0.53727,8e-05,0.0,0.0,0.5
YER163C,1,0.0,0.1690751248571465,6.182472299369478e-09,0.0,1.0,0.5,0.0,0,0.08621,-0.46767,28.49828,5.75616,30.0,22.0,31860.0,0.0,1.21172,0.00022,0.0,0.0,0.5
YER167W,2,1.058176851763146e-05,0.19689684899390406,3.591998587837317e-07,0.0,1.6684665226781858,0.0,0.0,0,0.0658,-0.8926,51.63175,7.72565,87.0,88.0,45770.0,0.0,0.48828,8e-05,0.0,0.0,0.5
YGR229C,5,0.00020669541490266944,0.2309128682700641,1.9126009182528923e-05,0.0,4.313559322033898,1.0,0.0,0,0.07525,-0.9196,46.91467,4.59027,94.0,50.0,60515.0,0.0,1.0602,8e-05,0.0,0.0,0.5
YER168C,1,0.0,0.19304255113972074,3.023631707150211e-07,0.0,1.0,0.3333333333333333,0.0,1,0.08791,-0.34579,41.41634,8.31549,65.0,68.0,50475.0,0.0,0.8078,0.00013,0.3153500824189429,0.16204621790391252,0.5810231089519563
YER169W,1,0.0,0.00021358393848782572,2.229258935376394e-19,0.0,0.0,1.0,0.0,0,0.08417,-0.6858,52.91146,9.17401,84.0,104.0,89490.0,0.0,0.99201,0.0001,0.0,0.0,0.0
YPL071C,1,0.0,0.00021358393848782572,2.229258935376394e-19,0.0,0.0,0.5,0.0,0,0.09615,-0.90064,35.26545,6.20099,27.0,25.0,36565.0,0.0,1.98351,0.00034,0.0,0.0,0.0
YER170W,1,0.0,0.2261505569092717,1.9400267624592413e-05,0.0,1.0,0.0,0.0,0,0.06667,-0.37289,34.29333,8.92206,28.0,31.0,22920.0,0.0,0.90975,0.00035,0.0,0.0,0.5
YHR079CA,3,0.0004109913793797137,0.2629990248359599,0.00011145058859102913,0.0,0.0,0.0,0.0,0,0.0,0.0,0.0,0.0,0.0,0.0,0.0,0.0,0.0,0.0,0.0,0.0,0.0
YPL194W,3,0.0002199247378314275,0.20063386533501085,8.620282731045267e-07,0.0,2.4853683148335017,0.5,0.0,0,0.07353,-0.64085,38.38105,6.18353,87.0,81.0,48370.0,0.0,0.69405,9e-05,0.0,0.0,0.5
YER175C,2,0.0,0.189809105032532,1.1493837466217335e-06,0.0,0.0,0.0,0.0,0,0.12709,-0.64448,42.26495,5.86774,47.0,42.0,59735.0,0.0,1.71811,0.00017,0.0,0.0,0.0
YLR155C,4,0.002570008216241084,0.23593056386617017,4.391996709433272e-05,0.16666666666666666,0.0,0.0,2.083333333333333,0,0.0,0.0,0.0,0.0,0.0,0.0,0.0,0.0,0.0,0.0,0.0,0.0,0.0
YLR160C,4,0.002570008216241084,0.23593056386617017,4.391996709433272e-05,0.16666666666666666,0.0,0.0,2.083333333333333,0,0.0,0.0,0.0,0.0,0.0,0.0,0.0,0.0,0.0,0.0,0.0,0.0,0.0
YKL124W,1,0.0,0.2074119726756469,2.178816925243943e-06,0.0,0.0,0.0,0.0,0,0.10017,-0.57582,37.15769,5.05341,85.0,64.0,41510.0,0.0,0.63803,8e-05,0.0,0.0,0.0
YGL151W,2,0.0,0.22853059543136106,3.796237328488351e-05,1.0,1.690447400241838,1.0,10.1,0,0.09629,-0.1917,36.59657,5.00433,147.0,106.0,96495.0,0.0,0.74923,4e-05,0.0,0.0,0.5
YJL125C,2,0.0004229865413373211,0.21811611357127775,3.5677055118537044e-05,0.0,1.0,1.0,0.0,1,0.09399,-0.59634,41.31749,7.23492,54.0,54.0,44640.0,0.0,1.01641,0.00016,0.3153500824189429,0.23974612282610783,0.6198730614130539
YNL013C,4,0.0007384353144367849,0.2507466811874587,0.00010714448486349364,0.0,3.7236238532110093,0.0,0.0,0,0.176,0.4096,26.2608,10.44684,5.0,16.0,7490.0,0.0,0.50024,0.0007,0.0,0.0,0.5
YNR010W,3,5.254265739083384e-05,0.24334124511595495,4.220851718913524e-05,0.3333333333333333,2.2693565976008725,1.0,14.375,0,0.04698,-1.01477,37.49,5.94965,22.0,19.0,10095.0,0.0,0.58097,0.00034,0.0,0.0,0.5
YPR168W,5,0.0005075768667181665,0.24553704981203828,4.299855482850381e-05,0.1,2.5063520871143377,1.0,10.166666666666666,1,0.05732,-0.71783,48.26688,4.87555,25.0,18.0,7450.0,0.0,0.41602,0.00027,0.3153500824189429,0.23974612282610783,0.5478277022726956
YER180C,2,2.966820729406316e-05,0.2172561190377291,2.820668749546627e-06,0.0,1.701348747591522,0.0,0.0,0,0.11236,-0.85843,52.65625,4.88666,52.0,36.0,28100.0,0.0,0.8877,0.00015,0.0,0.0,0.5
YER181C,1,0.0,0.21645601057085803,2.798148520361548e-06,0.0,0.0,0.0,0.0,0,0.11215,1.08692,53.86364,8.57404,4.0,6.0,6335.0,0.0,0.5085,0.00069,0.0,0.0,0.0
YER184C,1,0.0,0.2300212197492968,4.246143904251729e-06,0.0,0.0,1.0,0.0,0,0.11461,-0.19484,41.60744,8.05426,89.0,94.0,119045.0,0.0,1.3071,9e-05,0.0,0.0,0.0
YER186C,1,0.0,0.20575647196020927,2.005151011220169e-06,0.0,1.0,0.0,0.0,0,0.14052,-0.32614,54.07879,6.94952,45.0,45.0,45015.0,0.0,1.25351,0.00019,0.0,0.0,0.5
YER188W,1,0.0,0.20014195937686827,1.1866603970979482e-07,0.0,0.0,0.0,0.0,0,0.15481,-0.47238,42.50887,4.7984,29.0,15.0,59455.0,0.0,2.17688,0.00018,0.0,0.0,0.0
YFL005W,6,0.00017440905413029247,0.22883905182347108,3.5200330713392756e-06,0.4666666666666667,1.0,0.0,42.5,1,0.07442,-0.22558,23.58512,6.61053,26.0,26.0,17335.0,0.0,0.73749,0.00028,0.3153500824189429,0.0,0.5
YNL272C,2,3.7184403092039103e-06,0.19378936366446228,6.960664939336266e-08,0.0,0.0,0.0,0.0,1,0.04875,-0.79802,55.9996,5.0202,130.0,100.0,58995.0,0.0,0.69692,6e-05,0.6846499175810571,0.0,0.0
YFL006W,5,0.0005198584579511868,0.2330738991844511,7.087018806568174e-05,0.3,0.0,0.0,2.0,0,0.0,0.0,0.0,0.0,0.0,0.0,0.0,0.0,0.0,0.0,0.0,0.0,0.0
YFL007W,2,7.834404847538421e-06,0.20153278723885718,1.5027139763960067e-06,0.0,1.0,0.5,0.0,0,0.10266,-0.19589,38.84892,5.58099,285.0,231.0,240150.0,0.0,0.97625,2e-05,0.0,0.0,0.5
YOL115W,5,0.00025355678549582935,0.21566177374146395,1.1474042458837716e-06,0.1,3.6717948717948716,1.0,0.4545454545454545,0,0.07705,-0.67997,41.59092,5.30707,103.0,79.0,51715.0,0.0,0.78321,8e-05,0.0,0.0,0.5
YPR141C,8,0.005310204827762759,0.22323019472707364,2.4947101252303483e-06,0.17857142857142858,4.2902564102564105,0.3333333333333333,1.9,0,0.0535,-0.7775,45.94885,8.82953,104.0,113.0,44975.0,0.0,0.5354,0.00011,0.0,0.0,0.5
YOL133W,9,0.0009119130447229056,0.21640287949315284,1.7388928587070092e-06,0.0,6.6165489404641775,0.5,8.0,1,0.07438,-0.59587,52.8562,5.49481,18.0,14.0,34125.0,0.0,2.44805,0.00039,0.3153500824189429,0.19338324065864865,0.5146136031335001
YFL010C,5,0.0001881765250185338,0.2494413000948123,1.2201515589893112e-05,0.0,3.810839532412327,0.3333333333333333,0.0,0,0.12322,-1.0109,55.11801,4.26068,23.0,10.0,44350.0,0.0,1.95763,0.00019,0.0,0.0,0.5
YPL059W,5,0.0003332329398811897,0.22434356228182215,3.9963105224403614e-06,0.1,4.237060041407868,0.0,1.5555555555555556,0,0.09333,-0.25933,60.32667,4.84869,24.0,18.0,11710.0,0.0,0.69162,0.00029,0.0,0.0,0.5
YPR054W,4,0.00012496580633000715,0.22216140788607616,1.6449554463576784e-06,0.0,2.7088204038257175,0.0,0.0,0,0.1134,-0.10258,41.86343,8.90985,37.0,46.0,54080.0,0.0,1.22077,0.0002,0.0,0.0,0.5
YFL011W,1,0.0,0.16660216392439334,1.7802646898881118e-09,0.0,0.0,0.0,0.0,0,0.14103,0.41685,30.89255,9.10846,35.0,48.0,107270.0,0.0,1.76834,0.00015,0.0,0.0,0.0
YFL012W,2,0.0,0.23967630792059175,5.895786623378814e-05,1.0,1.723135271807838,0.0,2.023809523809524,0,0.07432,-0.78243,69.77709,9.29962,18.0,24.0,15845.0,0.0,0.92233,0.00054,0.0,0.0,0.5
YPL111W,7,0.0003720025725503438,0.2645775556854644,0.0001148111834667026,0.14285714285714285,6.1854583772392,0.0,8.166666666666668,0,0.06006,-0.03333,28.74414,5.38226,41.0,30.0,33640.0,0.0,0.94331,0.00015,0.0,0.0,0.5
YFL013C,3,0.0007813113601209841,0.2476475649031193,3.1565812207354616e-05,0.0,2.3329383886255926,1.0,0.0,0,0.06358,-0.68714,49.0899,5.06268,122.0,97.0,32360.0,0.0,0.41091,6e-05,0.0,0.0,0.5
YJR045C,7,0.0004551051685650027,0.23094916200951032,1.746104891599152e-06,0.19047619047619047,5.265388496468214,0.5,2.05,1,0.0474,-0.32477,34.83028,5.48175,89.0,81.0,15930.0,0.0,0.22555,8e-05,0.3153500824189429,0.19338324065864865,0.5183636250951247
YKL189W,1,0.0,0.1990484356215806,6.666230137309692e-07,0.0,1.0,0.0,0.0,1,0.09774,-0.18822,49.67421,8.64313,44.0,49.0,33765.0,0.0,0.73638,0.00019,0.3153500824189429,0.0,0.5
YJR051W,1,0.0,0.2045059918940164,8.822243172794906e-07,0.0,1.0,0.0,0.0,0,0.05988,-0.21756,26.96709,9.06293,52.0,60.0,29255.0,0.0,0.53129,0.00016,0.0,0.0,0.5
YOL058W,3,0.00013271533858196684,0.24432583168581773,1.0496367953752234e-05,0.3333333333333333,2.140529531568228,0.0,18.25,0,0.09048,-0.2831,27.93288,5.44757,59.0,53.0,48455.0,0.0,1.03256,0.00012,0.0,0.0,0.5
YFL020C,2,2.290703387392062e-05,0.19554303576611468,3.312906047191997e-07,0.0,1.5278551532033426,0.0,0.0,0,0.09016,0.30656,18.17049,4.70673,11.0,6.0,15930.0,0.0,1.24014,0.00037,0.0,0.0,0.5
YGR072W,5,0.00031530557674374656,0.22499625639421822,1.3528354706092126e-05,0.1,1.0,1.0,0.0,0,0.07494,-1.25375,38.73592,9.88507,52.0,91.0,19410.0,0.0,0.43207,0.00022,0.0,0.0,0.5
YFL021W,5,0.0001274981789962539,0.2290411854554465,7.681677139739416e-06,0.0,1.0,1.0,0.0,0,0.06471,-0.60863,45.2798,8.8111,41.0,47.0,37440.0,0.0,0.66469,0.00016,0.0,0.0,0.5
YLR068W,2,6.151767685353047e-05,0.2525857583815908,8.881207734496918e-05,0.0,1.0,0.5,0.0,0,0.03974,-1.64967,34.43046,10.25104,25.0,50.0,5960.0,0.0,0.32765,0.00056,0.0,0.0,0.5
YLR060W,2,0.0,0.20254211795972815,1.1877261611966971e-06,1.0,2.0,0.0,0.0,1,0.08403,-0.32672,44.66271,5.52631,87.0,71.0,48455.0,0.0,0.7193,8e-05,0.3153500824189429,0.0,0.5
YPR047W,4,0.0004055697000226056,0.25417324887709875,8.886456698140854e-05,0.16666666666666666,2.7663645518630413,0.0,0.0,0,0.09382,-0.53006,34.02303,8.04779,66.0,68.0,78100.0,0.0,1.42445,0.00015,0.0,0.0,0.5
YLR243W,3,8.03624693332485e-05,0.21257301708422255,1.2303107539063094e-06,0.0,0.0,0.0,0.0,1,0.08088,-0.03566,37.50551,4.39691,42.0,19.0,22055.0,0.0,0.71951,0.00014,0.3153500824189429,0.0,0.0
YFL026W,3,0.0004518804976610283,0.2076758058642949,7.881476775367113e-07,0.0,1.0,0.0,0.0,0,0.11369,0.12923,37.81097,6.44391,34.0,33.0,45060.0,0.0,0.94173,0.00013,0.0,0.0,0.5
YGR141W,2,0.00021149327066866054,0.17108308062079963,1.0578077331150621e-08,0.0,0.0,0.0,0.0,0,0.14989,-0.53041,36.56473,8.2691,58.0,61.0,150645.0,0.0,2.76339,0.00015,0.0,0.0,0.0
YKL195W,2,1.698784041464223e-05,0.19029253853984562,4.860020124330823e-07,0.0,1.6711111111111112,0.0,0.0,1,0.03722,-1.36352,60.59132,4.46344,95.0,50.0,13950.0,0.0,0.31323,0.0001,0.3153500824189429,0.0,0.5
YPR161C,1,0.0,0.17057333340848677,4.804660034725804e-08,0.0,0.0,1.0,0.0,1,0.08524,-0.77534,46.69043,9.5484,65.0,93.0,68815.0,0.0,0.92695,0.00013,0.3153500824189429,0.23974612282610783,0.5
YFL030W,2,1.0735755156318709e-05,0.1712558918133459,1.983218956341521e-08,0.0,2.0,0.0,0.0,0,0.08831,0.05351,34.95922,8.117,36.0,38.0,43150.0,0.0,1.02967,0.00019,0.0,0.0,0.5
YIR016W,3,3.285193958385895e-05,0.1991383563098809,6.329427327301816e-07,0.0,0.0,0.0,0.0,0,0.04528,-0.60679,69.18943,5.09332,42.0,29.0,17585.0,0.0,0.60887,0.00018,0.0,0.0,0.0
YFL035C,4,0.00012597163156811088,0.23975452274967496,2.2322305652798503e-05,0.0,0.0,0.0,0.0,1,0.0,0.0,0.0,0.0,0.0,0.0,0.0,0.0,0.0,0.0,0.3153500824189429,0.0,0.0
YFL036W,2,6.195664973711502e-05,0.19617831131622268,8.062686599089883e-07,0.0,0.0,0.0,0.0,0,0.07846,-0.42235,42.28942,8.92279,165.0,181.0,151690.0,0.0,0.99114,6e-05,0.0,0.0,0.0
YMR228W,3,4.8251495501814746e-05,0.18592630036169908,4.419028066298712e-08,0.0,0.0,0.0,0.0,0,0.13196,-0.30528,41.06487,6.11981,45.0,42.0,73965.0,0.0,1.86186,0.00015,0.0,0.0,0.0
YOR265W,3,0.00017312501458220168,0.25486393705339516,8.938985461724195e-05,0.0,2.1748099891422368,0.0,0.0,0,0.06604,-0.98962,39.69434,4.98688,24.0,19.0,7450.0,0.0,0.60183,0.0004,0.0,0.0,0.5
YGR080W,2,6.994076767437342e-05,0.24745293899604376,4.653514754334318e-05,0.0,1.9225888324873097,0.0,0.0,0,0.07229,-0.44066,48.17684,5.54901,42.0,37.0,13660.0,0.0,0.36849,0.00015,0.0,0.0,0.5
YIL138C,1,0.0,0.21263454031525367,1.8574007299697822e-05,0.0,1.0,0.0,5.428571428571429,0,0.03727,-1.5,52.14224,4.49567,46.0,26.0,15595.0,0.0,0.81681,0.00024,0.0,0.0,0.5
YOR122C,6,0.005523140752564239,0.2599744429862894,0.00010899269169908122,0.13333333333333333,3.3857868020304567,0.0,2.0296052631578947,1,0.07937,-0.14683,35.54444,5.47113,13.0,10.0,20065.0,0.0,1.46703,0.0004,0.3153500824189429,0.0,0.5
YOR141C,1,0.0,0.21263454031525367,1.8574007299697822e-05,0.0,1.0,0.5,0.0,0,0.07832,-0.58797,43.85019,4.68842,158.0,97.0,79270.0,0.0,0.79106,5e-05,0.0,0.0,0.5
YLR349W,1,0.0,0.1741860613773076,2.0163274237447318e-08,0.0,0.0,0.0,0.0,0,0.11905,0.10893,61.1631,9.23297,7.0,15.0,20120.0,0.0,1.08778,0.0005,0.0,0.0,0.0
YFL042C,2,5.9352083468766435e-05,0.23296304065508527,2.2759198615345548e-05,0.0,2.0,0.4,0.0,0,0.08309,-0.6132,48.24423,4.92316,106.0,74.0,71695.0,0.0,0.93908,6e-05,0.0,0.0,0.5
YFL043C,1,0.0,0.1594374513626853,9.529690862194598e-09,0.0,0.0,0.0,0.0,0,0.0,0.0,0.0,0.0,0.0,0.0,0.0,0.0,0.0,0.0,0.0,0.0,0.0
YFL044C,1,0.0,0.1594374513626853,9.529690862194598e-09,0.0,0.0,0.5,0.0,0,0.07309,-0.33256,39.51993,5.1402,41.0,30.0,21805.0,0.0,0.65071,0.00015,0.0,0.0,0.0
YFL045C,1,0.0,0.00021358393848782572,2.229258935376394e-19,0.0,1.0,0.0,0.0,1,0.12205,-0.38583,41.6126,5.13556,41.0,32.0,24785.0,0.0,0.85282,0.00018,0.3153500824189429,0.0,0.5
YLR343W,1,0.0,0.00021358393848782572,2.229258935376394e-19,0.0,1.0,0.0,0.0,0,0.11712,-0.3173,40.65067,4.87286,81.0,55.0,68700.0,0.0,1.10164,8e-05,0.0,0.0,0.5
YOL152W,2,3.613431503774879e-05,0.23211661604315326,2.403618112071711e-05,0.0,1.0,0.0,0.0,0,0.1371,0.10242,42.46669,8.86163,52.0,63.0,112785.0,0.0,1.59066,0.00012,0.0,0.0,0.5
YFL050C,1,0.0,0.22355850772266575,7.58791761004804e-06,0.0,0.0,0.0,0.0,0,0.08508,-0.60058,40.88241,6.27802,109.0,101.0,84450.0,0.0,0.87348,6e-05,0.0,0.0,0.0
YFL051C,2,0.0,0.00042716787697565144,2.133579316030893e-18,0.0,0.0,0.0,0.0,0,0.1375,-0.445,45.1245,4.63763,19.0,12.0,33975.0,0.0,1.87603,0.00026,0.0,0.0,0.0
YKL026C,1,0.0,0.00028477858465043426,1.508668400601407e-18,0.0,0.0,0.0,0.0,0,0.13174,-0.42874,41.64976,8.66937,19.0,23.0,16680.0,0.0,0.85607,0.00044,0.0,0.0,0.0
YNL316C,1,0.0,0.00028477858465043426,1.508668400601407e-18,0.0,0.0,0.0,0.0,0,0.09281,-0.37874,44.8168,5.77899,41.0,33.0,42370.0,0.0,1.10844,0.00015,0.0,0.0,0.0
YFL052W,2,0.00021149327066866054,0.17810612748587973,4.4740719418615147e-07,0.0,0.0,1.0,0.0,0,0.10323,-0.14065,40.32516,6.4715,57.0,55.0,69560.0,0.0,1.30654,0.00012,0.0,0.0,0.0
YOR366W,1,0.0,0.15048909788595943,5.620222257885385e-09,0.0,0.0,0.0,0.0,0,0.06838,0.15043,12.68889,9.44366,11.0,18.0,10470.0,0.0,0.7994,0.00072,0.0,0.0,0.0
YFL054C,1,0.0,0.22568741835324202,2.0182263553764617e-06,0.0,1.0,0.0,0.0,0,0.09133,-0.41115,39.40697,8.56317,65.0,69.0,101800.0,0.0,1.44384,0.00012,0.0,0.0,0.5
YFL055W,1,0.0,0.19644058178589677,7.060149883498719e-07,0.0,0.0,0.0,0.0,0,0.13262,0.47294,35.07801,7.10944,41.0,41.0,106855.0,0.0,1.75026,0.00012,0.0,0.0,0.0
YFL056C,2,9.618583020412859e-06,0.21847284805845882,1.306213629686328e-06,0.0,0.0,0.0,0.0,0,0.09434,-0.07264,59.05995,6.90289,23.0,23.0,49305.0,0.0,2.06139,0.00029,0.0,0.0,0.0
YFL060C,4,0.00038354572945544424,0.24059200170699288,4.388697323243058e-05,0.5,3.6496496496496498,0.0,6.5,0,0.09459,-0.12928,34.95054,7.04327,26.0,26.0,20565.0,0.0,0.81829,0.00028,0.0,0.0,0.5
YJL047C,5,0.0017085955428657908,0.2673049939527939,0.00014968898468060822,0.0,2.2164730728616684,0.5,0.0,0,0.12589,-0.47696,35.45479,7.30573,113.0,113.0,90215.0,0.0,0.90829,7e-05,0.0,0.0,0.5
YMR095C,3,0.0,0.2071585438824909,6.401364587800426e-07,1.0,3.0,0.0,4.1,0,0.08482,-0.01786,39.11429,6.70013,23.0,22.0,17710.0,0.0,0.71106,0.00027,0.0,0.0,0.5
YMR096W,6,0.0001646842170590235,0.2269422701439211,2.5485126768822395e-06,0.4666666666666667,6.0,0.0,6.200000000000001,0,0.03704,0.02559,35.64545,5.40326,43.0,35.0,13115.0,0.0,0.41221,0.00017,0.0,0.0,0.5
YMR322C,4,8.207968526735279e-05,0.21190879027379692,7.584435610584841e-07,0.5,3.2882882882882885,0.0,2.9,0,0.11392,-0.17131,33.68907,7.79291,27.0,28.0,26025.0,0.0,0.99945,0.0003,0.0,0.0,0.5
YNL334C,5,0.0005008235908690729,0.22669717949475565,2.0369218487187e-05,0.1,0.0,0.0,0.0,0,0.09459,-0.16171,36.41901,6.65521,27.0,26.0,20565.0,0.0,0.81582,0.00026,0.0,0.0,0.0
YFL061W,1,0.0,0.24106565980944566,9.591623407287666e-06,0.0,1.0,0.0,0.0,0,0.09333,-0.14978,35.52711,5.65887,25.0,20.0,30285.0,0.0,1.20407,0.00022,0.0,0.0,0.5
YFL065C,1,0.0,0.00021358393848782572,2.229258935376394e-19,0.0,0.0,0.0,0.0,0,0.08824,-0.29216,32.35882,9.32587,11.0,17.0,6460.0,0.0,0.54817,0.00079,0.0,0.0,0.0
YLR415C,1,0.0,0.00021358393848782572,2.229258935376394e-19,0.0,0.0,0.0,0.0,0,0.08036,0.23571,33.49554,10.50214,3.0,13.0,15720.0,0.0,1.27335,0.00085,0.0,0.0,0.0
YFL067W,1,0.0,0.16668406017074505,2.4389190077368256e-08,0.0,0.0,0.0,0.0,0,0.01143,0.35943,27.71029,6.11102,10.0,10.0,0.0,0.0,0.0,0.00037,0.0,0.0,0.0
YFL068W,2,5.3453371852573064e-05,0.23423809210242433,4.98716221718173e-06,0.0,0.0,0.0,0.0,0,0.0,0.0,0.0,0.0,0.0,0.0,0.0,0.0,0.0,0.0,0.0,0.0,0.0
YIL149C,2,4.7487638717098726e-07,0.23258200048939603,4.541832156405924e-05,0.0,1.0,0.2,0.0,0,0.04467,-0.95569,50.01185,5.80231,315.0,293.0,83710.0,0.0,0.42898,3e-05,0.0,0.0,0.5
YLR178C,4,7.120985544399345e-08,0.22858984937126756,6.339619556185773e-06,0.6666666666666666,2.0,0.0,4.964285714285714,0,0.11416,-0.55845,41.96854,6.06708,25.0,22.0,28670.0,0.0,1.17707,0.00025,0.0,0.0,0.5
YMR129W,4,6.3063119980946565e-06,0.223139795255658,2.570770207475832e-06,0.5,0.0,0.3333333333333333,6.571428571428571,0,0.1077,-0.32438,36.27839,6.28864,164.0,153.0,123245.0,0.0,0.81269,4e-05,0.0,0.0,0.0
YFR003C,3,0.00021640590510135988,0.20957148689148633,1.3112889043233748e-06,0.0,0.0,1.0,1.25,1,0.04516,-1.62,95.55161,5.80597,30.0,26.0,11835.0,0.0,0.65075,0.00032,0.3153500824189429,0.23974612282610783,0.5
YIL064W,1,0.0,0.1723540293742385,1.7849163890160082e-08,0.0,0.0,0.0,0.0,0,0.09339,-0.27821,24.1463,4.95416,37.0,29.0,32805.0,0.0,1.14346,0.00017,0.0,0.0,0.0
YOR147W,3,0.0002392663733187554,0.23676692745061356,6.630659378211391e-06,0.0,1.9,0.0,0.0,0,0.09325,-0.24984,39.514,9.30646,60.0,75.0,80620.0,0.0,1.1193,0.00013,0.0,0.0,0.5
YPR050C,3,0.00033564281380014244,0.25348629415040386,9.138158045636751e-05,0.0,0.0,0.0,0.0,0,0.0,0.0,0.0,0.0,0.0,0.0,0.0,0.0,0.0,0.0,0.0,0.0,0.0
YIR011C,2,5.21542991433353e-05,0.24398774867302392,1.2098526152203263e-05,0.0,1.7042606516290726,0.5,0.0,1,0.07524,-0.48527,56.88589,7.11627,35.0,35.0,33515.0,0.0,0.91862,0.0002,0.3153500824189429,0.19338324065864865,0.5567352301638241
YOR086C,4,3.5219258097252374e-05,0.22815209643784087,7.195165388604788e-05,0.5,2.4091456077015643,0.0,2.083333333333333,0,0.086,-0.35641,28.93879,6.74445,159.0,157.0,150995.0,0.0,1.13042,5e-05,0.0,0.0,0.5
YPR033C,3,2.939298926383167e-05,0.22268889392652305,3.3256186829834266e-06,0.0,2.8669410150891634,0.0,0.0,1,0.07509,-0.27619,32.66595,7.54828,75.0,76.0,47955.0,0.0,0.79989,0.00013,0.3153500824189429,0.0,0.5
YFR008W,7,0.00047004910367957924,0.25320964186774214,1.0057128495919317e-05,0.14285714285714285,2.2659176029962547,0.0,20.5,0,0.04977,-0.75113,66.42262,5.74188,31.0,26.0,10430.0,0.0,0.40247,0.00022,0.0,0.0,0.5
YFR009W,2,1.959292576552829e-06,0.22861355955168156,6.174033391787506e-05,0.0,2.0,0.0,0.0,0,0.07314,-0.45957,36.43618,5.85931,111.0,98.0,58385.0,0.0,0.68667,7e-05,0.0,0.0,0.5
YFR011C,1,0.0,0.1799382257847793,1.3362938899332948e-07,0.0,0.0,0.0,0.0,0,0.05294,-0.72412,30.61588,5.40338,27.0,25.0,6210.0,0.0,0.32936,0.00029,0.0,0.0,0.0
YJL021C,2,0.00021149327066866054,0.2208922958145682,8.21262489677355e-06,0.0,0.0,0.0,0.0,0,0.0,0.0,0.0,0.0,0.0,0.0,0.0,0.0,0.0,0.0,0.0,0.0,0.0
YFR013W,1,0.0,0.17274577377833386,5.7209438157162087e-08,0.0,0.0,1.0,0.0,0,0.09276,-0.82948,41.28872,7.60822,116.0,117.0,89200.0,0.0,0.98135,8e-05,0.0,0.0,0.0
YJL137C,3,0.00021149327066866054,0.1977093045961394,1.0126618921231074e-07,0.3333333333333333,0.0,0.0,8.0,0,0.11579,-0.38447,47.85924,5.67926,52.0,42.0,55975.0,0.0,1.25658,0.00013,0.0,0.0,0.0
YFR016C,1,0.0,0.16197415599028195,7.056045667270142e-09,0.0,0.0,0.0,0.0,0,0.02514,-1.13974,49.82993,4.39728,319.0,158.0,24910.0,0.0,0.18091,3e-05,0.0,0.0,0.0
YOR010C,3,0.0004229865413373211,0.19442185221521296,4.492362620190708e-07,0.0,0.0,0.0,0.0,0,0.03187,0.28207,49.54104,4.0473,23.0,8.0,12950.0,0.0,0.52583,0.00016,0.0,0.0,0.0
YJL212C,1,0.0,0.19833198305028002,1.0994894364868716e-06,0.0,0.0,0.0,0.0,0,0.16395,0.17134,39.64359,8.96027,54.0,68.0,211550.0,0.0,2.30913,0.0001,0.0,0.0,0.0
YFR018C,1,0.0,0.00021358393848782572,2.229258935376394e-19,0.0,0.0,0.0,0.0,0,0.10193,-0.20551,41.10964,5.1181,49.0,29.0,59735.0,0.0,1.45586,0.00012,0.0,0.0,0.0
YGR105W,1,0.0,0.00021358393848782572,2.229258935376394e-19,0.0,0.0,0.25,0.0,0,0.07792,0.69351,30.10779,5.11932,8.0,6.0,1490.0,0.0,0.17665,0.00061,0.0,0.0,0.0
YHR103W,1,0.0,0.19793124041468832,1.321071441641873e-07,0.0,0.0,0.0,0.0,0,0.07394,-0.64507,49.54673,8.12677,105.0,108.0,78935.0,0.0,0.81885,8e-05,0.0,0.0,0.0
YLR094C,4,0.0024109466300921882,0.2654378668799617,7.892800177150813e-05,0.0,0.0,0.5,0.0,0,0.05777,-0.64363,47.80602,8.76654,65.0,71.0,51170.0,0.0,0.90798,0.00016,0.0,0.0,0.0
YML059C,1,0.0,0.19793124041468832,1.321071441641873e-07,0.0,1.0,0.5,0.0,0,0.08577,-0.32305,40.90977,8.15887,164.0,168.0,174180.0,0.0,0.93079,4e-05,0.0,0.0,0.5
YNL242W,2,0.00025945426593386466,0.22491589648836793,8.342523443932178e-06,0.0,0.0,0.0,0.0,0,0.08166,-0.27217,44.18846,5.62067,202.0,172.0,118425.0,0.0,0.66377,3e-05,0.0,0.0,0.0
YFR024CA,1,0.0,0.20677955977462817,7.646836467718047e-07,0.0,0.0,0.0,0.0,0,0.0,0.0,0.0,0.0,0.0,0.0,0.0,0.0,0.0,0.0,0.0,0.0,0.0
YFR026C,2,9.355671801922044e-06,0.23967630792059175,8.201455671838366e-06,0.0,1.7210348706411698,0.0,0.0,0,0.09467,-0.39349,55.24379,6.09686,15.0,14.0,25160.0,0.0,1.33766,0.00032,0.0,0.0,0.5
YMR076C,1,0.0,0.1909519885326196,7.421320087445841e-07,0.0,0.0,1.0,0.0,1,0.0971,-0.32185,37.15197,5.89545,181.0,163.0,125000.0,0.0,0.85011,4e-05,0.6846499175810571,0.40640486218295563,0.5
YFR028C,8,0.00043412898835300246,0.26936307089981815,0.00011106090428891243,0.21428571428571427,7.388329979879276,0.2,8.916666666666666,1,0.09619,-0.4971,38.83724,8.04034,59.0,61.0,54165.0,0.0,0.87496,0.00013,0.3153500824189429,0.12238285902226197,0.5082821733298017
YJR053W,4,2.930723316841182e-05,0.23243483550095034,2.0268528193553975e-05,0.16666666666666666,3.455761316872428,0.0,0.0,0,0.07317,-0.9899,47.43225,5.62421,96.0,84.0,48275.0,0.0,0.73049,9e-05,0.0,0.0,0.5
YMR065W,6,0.00014029407000970193,0.22273390204009516,1.4314425889191621e-06,0.06666666666666667,1.6205128205128205,0.6666666666666666,0.0,0,0.10119,-0.21925,36.07778,4.79706,73.0,51.0,77445.0,0.0,1.32522,8e-05,0.0,0.0,0.5
YOL001W,3,0.0002195191633083157,0.21831055146966735,8.85612655719482e-07,0.0,1.557919621749409,0.5,0.0,0,0.08532,-0.42355,47.27611,9.10626,30.0,38.0,22975.0,0.0,0.69147,0.00027,0.0,0.0,0.5
YJR031C,1,0.0,0.21185786779812196,4.236649145272943e-06,0.0,0.0,0.0,0.0,0,0.08239,-0.1027,42.2179,4.86469,200.0,141.0,98150.0,0.0,0.61561,3e-05,0.0,0.0,0.0
YML127W,2,0.00021149327066866054,0.21187823385126284,4.237698553548123e-06,0.0,0.0,1.0,0.0,1,0.0809,-0.09174,48.3012,7.93585,63.0,65.0,46965.0,0.0,0.72014,0.00012,0.3153500824189429,0.23974612282610783,0.5
YMR091C,2,8.924372676311596e-06,0.21494668691610705,5.315788314010258e-06,0.0,1.0,1.0,0.0,0,0.07816,-0.87862,53.06692,4.84393,84.0,56.0,35090.0,0.0,0.70675,0.0001,0.0,0.0,0.5
YFR039C,1,0.0,0.21960477533380776,7.344902982150003e-06,0.0,1.0,0.0,0.0,0,0.10784,-0.48333,38.29492,4.66949,92.0,53.0,77530.0,0.0,1.30612,8e-05,0.0,0.0,0.5
YFR042W,2,1.0848627817098606e-06,0.19025968558312933,8.810536058265561e-08,0.0,0.0,0.5,0.0,1,0.17,0.56,35.3331,9.65485,9.0,21.0,46090.0,0.0,1.9567,0.00041,0.3153500824189429,0.19338324065864865,0.5
YNR025C,2,5.5773011257782354e-05,0.21169508021301078,3.223696440530253e-07,0.0,0.0,0.0,0.0,0,0.18487,0.77311,63.28151,8.66193,4.0,6.0,20190.0,0.0,1.47103,0.00063,0.0,0.0,0.0
YFR044C,2,7.82905089438335e-06,0.21552469834623397,1.308255165868264e-06,0.0,1.577449947312961,0.0,0.0,0,0.0894,-0.20187,32.61538,5.42706,62.0,51.0,50475.0,0.0,0.95469,0.0001,0.0,0.0,0.5
YFR045W,1,0.0,0.13527670334731243,5.5994120308575817e-11,0.0,0.0,0.0,0.0,0,0.1068,0.06084,35.83819,9.85175,16.0,33.0,20775.0,0.0,0.60409,0.00029,0.0,0.0,0.0
YOL062C,3,1.4882414211059563e-05,0.21786816859959093,1.351137222983048e-06,0.3333333333333333,2.47459584295612,0.0,0.0,0,0.08961,-0.2664,40.48413,8.39703,54.0,57.0,58495.0,0.0,1.05612,0.00015,0.0,0.0,0.5
YJL141C,5,0.00034912314854410834,0.24352945446525184,2.4529171038544183e-05,0.0,4.308779011099899,0.5,5.4,0,0.08922,-0.68327,54.83805,8.62225,71.0,79.0,92275.0,0.0,1.0113,9e-05,0.0,0.0,0.5
YNL253W,2,0.005061952574236275,0.2128295990380226,2.8783038993158254e-06,0.0,0.0,1.0,0.0,0,0.08768,-0.32749,35.70976,8.87775,42.0,51.0,66110.0,0.0,1.40164,0.00019,0.0,0.0,0.0
YJR133W,4,0.000852543917838484,0.2799521564381763,0.00014664104234241856,0.0,2.7829131652661063,0.0,0.0,0,0.0622,-0.3311,40.8201,5.82196,30.0,25.0,25690.0,0.0,1.0853,0.00025,0.0,0.0,0.5
YLR235C,1,0.0,0.18985815553775187,5.998758015672682e-07,0.0,0.0,0.0,0.0,0,0.0,0.0,0.0,0.0,0.0,0.0,0.0,0.0,0.0,0.0,0.0,0.0,0.0
YGL001C,1,0.0,0.15873700595158527,1.401040702090471e-09,0.0,1.0,0.5,0.0,1,0.09169,-0.16189,33.3135,6.20538,41.0,37.0,48525.0,0.0,1.25368,0.00016,0.3153500824189429,0.19338324065864865,0.5966916203293243
YGL005C,2,8.847322483886438e-05,0.23898762023722003,1.0066426691284954e-05,0.0,0.0,0.0,0.0,0,0.07527,-0.49821,35.83194,4.56537,48.0,29.0,24535.0,0.0,0.77215,0.00014,0.0,0.0,0.0
YGL006W,1,0.0,0.1826521362093115,4.364800886906216e-08,0.0,0.0,0.0,0.0,0,0.08269,-0.1549,36.02689,7.15924,137.0,137.0,99875.0,0.0,0.76322,5e-05,0.0,0.0,0.0
YGL009C,1,0.0,0.19315251315728346,2.1063788160657732e-07,0.0,0.0,0.0,0.0,0,0.07445,-0.35481,32.91761,5.60541,110.0,93.0,70705.0,0.0,0.82413,7e-05,0.0,0.0,0.0
YGL010W,2,0.00010120469555495156,0.23530087836423205,4.326145655028055e-05,0.0,0.0,0.5,0.0,0,0.13218,0.52356,47.97833,9.51373,11.0,17.0,14690.0,0.0,0.7282,0.00047,0.0,0.0,0.0
YGL014W,2,0.00021148253551457353,0.2104117735215047,1.6970953864956068e-05,0.0,1.0,0.0,0.0,1,0.06419,-0.55214,50.92038,6.13275,86.0,73.0,46645.0,0.0,0.47696,6e-05,0.3153500824189429,0.0,0.5
YNL231C,1,0.0,0.17292196199888293,2.6956675888102945e-07,0.0,0.0,0.5,0.0,0,0.09972,-0.52051,39.97977,7.72992,53.0,54.0,52620.0,0.0,1.29245,0.00019,0.0,0.0,0.0
YGL015C,1,0.0,0.1900136495226313,3.2167970836129847e-07,0.0,1.0,0.0,0.0,0,0.07692,-0.76538,49.99615,6.41705,17.0,16.0,14480.0,0.0,0.96787,0.00043,0.0,0.0,0.5
YGL018C,1,0.0,0.23453719900375225,5.744300599321293e-05,0.0,1.0,0.0,0.0,1,0.09239,-0.81739,49.8294,7.79596,25.0,26.0,30035.0,0.0,1.37917,0.00036,0.3153500824189429,0.0,0.5
YMR172W,2,2.334683395518151e-05,0.21206170468444335,2.800362712386073e-05,0.0,0.0,1.0,0.0,0,0.04312,-0.80181,48.29332,7.76752,76.0,77.0,36120.0,0.0,0.45483,0.0001,0.0,0.0,0.0
YNL087W,1,0.0,0.20932269601004433,2.798873498179013e-05,0.0,1.0,0.0,0.0,0,0.09083,-0.28039,30.54127,8.65131,142.0,152.0,147110.0,0.0,1.1102,7e-05,0.0,0.0,0.5
YGL021W,1,0.0,0.1799382257847793,1.3362938899332948e-07,0.0,0.0,0.0,0.0,0,0.06711,-0.59145,47.02974,9.62006,77.0,108.0,72600.0,0.0,0.84335,0.00011,0.0,0.0,0.0
YLR133W,2,0.00021149327066866054,0.2208922958145682,8.21262489677355e-06,0.0,0.0,0.0,0.0,0,0.09278,-0.52027,56.01976,5.46783,78.0,67.0,102510.0,0.0,1.54578,8e-05,0.0,0.0,0.0
YGL023C,1,0.0,0.1876677021276139,9.974383047677636e-08,0.0,0.0,0.0,0.0,0,0.04882,-0.95921,46.93953,7.64752,80.0,81.0,44890.0,0.0,0.63569,0.00011,0.0,0.0,0.0
YGL024W,1,0.0,0.18437101741082954,4.735506987849202e-08,0.0,0.0,0.0,0.0,0,0.08108,1.23514,45.41982,9.36407,3.0,9.0,6585.0,0.0,0.53932,0.00077,0.0,0.0,0.0
YOL130W,5,0.0002671201170167066,0.2276101954497611,3.0973154430502195e-06,0.0,1.6831785345717234,0.0,0.0,1,0.07567,-0.57206,49.87417,6.23517,106.0,96.0,75635.0,0.0,0.78895,7e-05,0.3153500824189429,0.0,0.5
YGL029W,1,0.0,0.21252177491445007,1.806438231707184e-06,0.0,0.0,0.5,0.0,1,0.03333,-1.6175,48.20417,10.44415,20.0,42.0,12490.0,0.0,0.86635,0.00072,0.3153500824189429,0.19338324065864865,0.5
YGL032C,2,0.0,0.00042716787697565144,2.133579316030893e-18,0.0,0.0,0.0,0.0,0,0.10345,0.1954,28.22874,6.51752,4.0,4.0,6335.0,0.0,0.6694,0.00069,0.0,0.0,0.0
YGR257C,1,0.0,0.00028477858465043426,1.508668400601407e-18,0.0,0.0,0.0,0.0,0,0.0929,-0.03115,34.5194,9.4798,27.0,42.0,62545.0,0.0,1.53436,0.00023,0.0,0.0,0.0
YNR044W,1,0.0,0.00028477858465043426,1.508668400601407e-18,0.0,0.0,0.0,0.0,0,0.0,0.0,0.0,0.0,0.0,0.0,0.0,0.0,0.0,0.0,0.0,0.0,0.0
YPL025C,1,0.0,0.1889224126891323,1.5070614159427075e-07,0.0,0.0,0.0,0.0,0,0.11351,-0.31514,31.43676,8.56464,18.0,21.0,24700.0,0.0,1.1985,0.00042,0.0,0.0,0.0
YML124C,5,9.559125556915074e-05,0.22190418601940717,2.149238604458327e-05,0.1,3.316274309109519,0.0,0.0,0,0.09663,-0.32067,32.45753,5.05341,64.0,44.0,51685.0,0.0,1.04008,0.0001,0.0,0.0,0.5
YGL037C,4,0.000530467278543836,0.2618896539493538,0.00011274412427006864,0.16666666666666666,3.5643015521064303,0.3333333333333333,4.888888888888889,0,0.09259,-0.51389,27.12407,5.8056,33.0,25.0,42650.0,0.0,1.70648,0.00023,0.0,0.0,0.5
YGL040C,3,7.330242789292388e-06,0.25108946544061994,5.5969813013979096e-05,0.3333333333333333,2.7152317880794703,0.0,16.0,1,0.08772,-0.08596,42.49184,5.74835,43.0,36.0,32985.0,0.0,0.87401,0.00015,0.3153500824189429,0.0,0.5
YGL042C,1,0.0,0.0003203759077317386,3.1193297515176426e-18,0.0,0.0,0.0,0.0,0,0.19802,0.68713,47.89713,7.80487,5.0,6.0,35660.0,0.0,2.94047,0.00064,0.0,0.0,0.0
YJR030C,2,0.0,0.00048056386159760786,5.047181558375617e-18,0.0,0.0,0.0,0.0,0,0.08054,-0.30282,49.15587,6.72565,92.0,90.0,70595.0,0.0,0.83753,8e-05,0.0,0.0,0.0
YGR004W,3,3.0008675901537495e-06,0.2230607557572879,3.0598768746268686e-06,0.3333333333333333,1.9664429530201342,0.0,0.0,0,0.10823,-0.15801,52.32359,9.34198,45.0,55.0,91580.0,0.0,1.72981,0.00018,0.0,0.0,0.5
YGL046W,1,0.0,0.25173471847841494,8.868705264917986e-05,0.0,0.0,0.0,0.0,0,0.0,0.0,0.0,0.0,0.0,0.0,0.0,0.0,0.0,0.0,0.0,0.0,0.0
YGL047W,1,0.0,0.23523809463021098,4.324683677365054e-05,0.0,0.0,1.0,0.0,1,0.09406,-0.02525,34.11188,5.58319,23.0,19.0,15190.0,0.0,0.67032,0.00025,0.3153500824189429,0.23974612282610783,0.5
YGR184C,7,0.0005013107120625549,0.22811667642700909,1.0477587562191673e-05,0.14285714285714285,4.427995971802618,0.0,10.666666666666666,0,0.10308,-0.37297,39.9675,5.33209,280.0,215.0,207645.0,0.0,0.92354,2e-05,0.0,0.0,0.5
YGL050W,1,0.0,0.19304255113972074,3.023631707150211e-07,0.0,1.0,0.0,0.0,0,0.07692,-0.45421,38.23993,8.14642,38.0,40.0,25035.0,0.0,0.81267,0.00026,0.0,0.0,0.5
YGL053W,6,0.0010687370092897087,0.19662458875398203,7.901079629644223e-07,0.0,1.0,0.5,0.0,0,0.1308,-0.22321,32.14814,5.01215,32.0,23.0,40380.0,0.0,1.48185,0.00018,0.0,0.0,0.5
YJL134W,1,0.0,0.16350011703110134,1.0283155147919168e-08,0.0,0.0,0.5,0.0,0,0.15403,0.20049,41.20934,9.14581,29.0,43.0,92385.0,0.0,1.95024,0.00019,0.0,0.0,0.0
YOL107W,2,0.00021149327066866054,0.16351224656981056,1.0285010213672242e-08,0.0,1.0,0.0,0.0,0,0.1345,0.37018,34.42105,9.41681,24.0,33.0,48275.0,0.0,1.21472,0.00024,0.0,0.0,0.5
YGL054C,2,2.3580657933700052e-05,0.2028963755535084,2.2704191123158368e-07,0.0,0.0,0.3333333333333333,0.0,0,0.15942,0.68768,27.16746,6.39288,11.0,10.0,21680.0,0.0,1.36097,0.0004,0.0,0.0,0.0
YLL043W,2,5.9439974825833145e-06,0.18975191146638212,5.14224453884752e-08,0.0,0.0,0.0,0.0,0,0.10015,-0.46966,44.57266,6.42035,63.0,58.0,93000.0,0.0,1.25886,9e-05,0.0,0.0,0.0
YKL153W,2,4.96437684297015e-05,0.22506518203183515,2.5984743383962806e-06,0.0,1.0,0.0,0.0,1,0.13609,-0.10533,56.80237,4.83539,16.0,10.0,60500.0,0.0,3.08427,0.00025,0.3153500824189429,0.0,0.5
YOL080C,1,0.0,0.17786896886073209,5.2920608712601806e-08,0.0,0.0,1.0,0.0,0,0.06228,-0.7173,20.9128,9.84821,34.0,55.0,25565.0,0.0,0.77718,0.0003,0.0,0.0,0.0
YGL060W,2,7.996318919941577e-05,0.21308680114446385,3.6365076273099083e-06,0.0,1.0,0.0,0.0,0,0.0858,-0.1181,50.62215,5.1524,82.0,59.0,63730.0,0.0,0.8718,7e-05,0.0,0.0,0.5
YIR004W,2,3.582690405973891e-05,0.2256527594202981,1.6042682095081866e-05,0.0,1.6454741379310345,0.0,0.0,1,0.06713,-0.76597,36.5669,5.11969,82.0,65.0,22140.0,0.0,0.4558,0.00011,0.3153500824189429,0.0,0.5
YJL179W,3,2.874042588645859e-05,0.23195783283916666,8.671583577469152e-06,0.0,1.0,0.0,0.0,0,0.05505,-0.7633,32.76972,8.96686,16.0,19.0,11585.0,0.0,0.90638,0.0007,0.0,0.0,0.5
YGR094W,4,0.00021252449410864694,0.21945171779138364,4.695452915062825e-06,0.0,3.523704520396913,0.0,0.0,1,0.0933,-0.48016,37.59331,6.52338,161.0,155.0,191275.0,0.0,1.52085,5e-05,0.6846499175810571,0.0,0.5
YGL069C,1,0.0,0.25173471847841494,8.868705264917986e-05,0.0,1.0,0.0,0.0,1,0.05195,0.76299,53.01558,4.48163,14.0,8.0,2240.0,0.0,0.13927,0.00028,0.3153500824189429,0.0,0.5
YJL182C,1,0.0,0.21645601057085803,2.798148520361548e-06,0.0,0.0,0.0,0.0,0,0.19048,-0.06667,26.90486,10.22443,4.0,17.0,17420.0,0.0,1.39622,0.00082,0.0,0.0,0.0
YJR162C,1,0.0,0.21645601057085803,2.798148520361548e-06,0.0,0.0,0.0,0.0,0,0.12931,-0.04569,59.44914,9.60504,1.0,9.0,13785.0,0.0,1.03008,0.00072,0.0,0.0,0.0
YKL036C,3,6.680454570866324e-05,0.22575676816939072,3.975096527355558e-06,0.0,0.0,0.0,0.0,1,0.11538,-0.23077,52.07231,9.21625,10.0,17.0,34670.0,0.0,2.3254,0.00062,0.3153500824189429,0.0,0.0
YKL086W,2,0.00011079555855657496,0.21671140333688232,2.799219983503936e-06,0.0,1.0,0.5,0.0,0,0.04724,-0.19921,64.12362,9.18024,12.0,16.0,6335.0,0.0,0.45727,0.00066,0.0,0.0,0.5
YKL190W,3,6.138963743842285e-05,0.220076218436122,2.8810195629525686e-06,0.0,1.8732876712328768,0.0,3.7777777777777777,0,0.08571,-0.38971,25.56,4.36444,36.0,21.0,2980.0,0.0,0.15174,0.00022,0.0,0.0,0.5
YGL073W,2,1.0614523431143976e-05,0.19486016511694473,3.780805346925095e-07,0.0,0.0,1.0,0.0,1,0.06242,-1.02257,45.44214,5.20404,111.0,81.0,55350.0,0.0,0.59337,6e-05,0.3153500824189429,0.23974612282610783,0.5
YGL083W,1,0.0,0.00021358393848782572,2.229258935376394e-19,0.0,1.0,0.0,0.0,0,0.09577,-0.25,46.68209,8.29205,86.0,90.0,71250.0,0.0,0.78297,9e-05,0.0,0.0,0.5
YMR264W,1,0.0,0.00021358393848782572,2.229258935376394e-19,0.0,1.0,0.5,0.0,0,0.06404,-0.58374,40.44286,6.22186,26.0,24.0,8605.0,0.0,0.37804,0.00027,0.0,0.0,0.5
YGL084C,3,0.00030114508874818524,0.2522533136066108,8.876251578289024e-05,0.0,1.0,0.0,0.0,1,0.1625,0.35625,36.23845,9.49628,38.0,57.0,141470.0,0.0,2.16517,0.00015,0.3153500824189429,0.0,0.5
YLR308W,1,0.0,0.20021468207637386,1.1669065853480476e-06,0.0,0.0,0.0,0.0,0,0.10256,-0.36474,32.73814,5.1181,42.0,25.0,62420.0,0.0,1.74882,0.00014,0.0,0.0,0.0
YHR036W,1,0.0,0.21035152964666554,3.6132849692943865e-06,0.0,0.0,0.5,0.0,1,0.0913,-0.631,59.50195,4.76837,74.0,44.0,49110.0,0.0,0.91993,9e-05,0.3153500824189429,0.19338324065864865,0.5
YPR111W,2,7.313475022009304e-06,0.22174790760478513,3.8615386638200824e-06,0.0,1.6666666666666667,0.0,0.0,1,0.11525,-0.6672,48.65945,8.67792,79.0,85.0,69970.0,0.0,1.0621,0.00013,0.3153500824189429,0.0,0.5
YGL093W,1,0.0,0.199417627472315,8.888924351220426e-07,0.0,1.0,0.16666666666666666,0.0,1,0.06652,-0.7422,45.21104,5.117,158.0,123.0,47455.0,0.0,0.45271,5e-05,0.6846499175810571,0.13403746820893434,0.5670187341044671
YGL094C,1,0.0,0.1939513663883986,5.912692308205425e-07,0.0,0.0,0.0,0.0,0,0.10135,-0.39399,38.64791,6.2486,133.0,123.0,134075.0,0.0,1.0554,5e-05,0.0,0.0,0.0
YOR364W,2,3.603291810133024e-05,0.19511028439231282,1.2641073512626844e-07,0.0,0.0,0.0,0.0,0,0.14754,-0.02869,27.29426,10.48163,6.0,21.0,6460.0,0.0,0.4373,0.00071,0.0,0.0,0.0
YGL102C,1,0.0,0.16581255050876523,8.033058102079158e-08,0.0,0.0,0.0,0.0,1,0.11972,0.07042,39.74789,4.39142,13.0,5.0,33375.0,0.0,2.06337,0.00027,0.3153500824189429,0.0,0.0
YHR194W,2,0.00021149327066866054,0.19997852630202437,5.0611214457308415e-06,0.0,1.0,0.0,0.0,0,0.12263,-0.21278,40.63715,9.25604,62.0,74.0,99155.0,0.0,1.48654,0.00014,0.0,0.0,0.5
YGL105W,2,1.5284740662841627e-05,0.19680015426025818,3.196666575088885e-06,0.0,2.0,0.5,0.0,0,0.06383,-0.60612,32.31702,7.68939,57.0,58.0,27305.0,0.0,0.64883,0.00018,0.0,0.0,0.5
YKL205W,6,0.00039820018794512553,0.2383801998310363,1.849334942318425e-05,0.06666666666666667,4.115942028985507,0.5,5.9,1,0.10455,0.02418,40.48174,5.01361,123.0,94.0,103105.0,0.0,0.81301,4e-05,0.6846499175810571,0.2889671908216764,0.5351034087441825
YNL016W,3,2.550521910536524e-05,0.2264177233178655,2.160223184209249e-06,0.0,2.610710607621009,0.5,0.0,0,0.07726,-0.84503,63.15475,4.94659,45.0,30.0,40255.0,0.0,0.79301,0.0001,0.0,0.0,0.5
YOR220W,3,0.0001000662733017312,0.23566568592758746,9.579909169934761e-06,0.0,1.8406169665809768,0.0,0.0,0,0.06038,-0.58566,54.65849,6.91046,27.0,27.0,10220.0,0.0,0.34934,0.00024,0.0,0.0,0.5
YGL113W,1,0.0,0.00021358393848782572,2.229258935376394e-19,0.0,0.0,1.0,0.0,1,0.07335,-0.74611,51.84147,9.67133,83.0,120.0,65165.0,0.0,0.84305,0.00013,0.3153500824189429,0.23974612282610783,0.5
YPR194C,1,0.0,0.00021358393848782572,2.229258935376394e-19,0.0,0.0,0.0,0.0,0,0.1813,0.11722,31.95819,7.21222,69.0,69.0,253965.0,0.0,2.50805,7e-05,0.0,0.0,0.0
YJL114W,1,0.0,0.18881721302473758,9.636295935985005e-08,0.0,1.0,0.0,0.0,0,0.0628,-0.59614,39.35486,5.87213,64.0,59.0,24755.0,0.0,0.51536,0.00012,0.0,0.0,0.5
YML110C,1,0.0,0.18881721302473758,9.636295935985005e-08,0.0,1.0,0.0,0.0,0,0.10423,-0.33648,35.01534,6.11859,41.0,38.0,33390.0,0.0,0.96269,0.00018,0.0,0.0,0.5
YMR291W,1,0.0,0.18881721302473758,9.636295935985005e-08,0.0,1.0,0.5,5.6,0,0.08532,-0.53618,33.01109,6.50653,73.0,69.0,48050.0,0.0,0.72562,0.0001,0.0,0.0,0.5
YGL119W,1,0.0,0.25173471847841494,8.868705264917986e-05,0.0,1.0,0.0,0.0,0,0.08184,-0.36926,36.16048,9.37592,59.0,76.0,45100.0,0.0,0.79484,0.00017,0.0,0.0,0.5
YGR161C,2,1.124429110338228e-05,0.1883814809946805,1.2635133110767695e-07,0.0,1.2562417871222076,0.5,0.0,0,0.02662,-0.77452,68.89202,9.99261,30.0,42.0,4720.0,0.0,0.1613,0.00034,0.0,0.0,0.5
YIL092W,4,0.00022833450990700953,0.2133549516129676,1.0174657005352675e-06,0.0,1.9086956521739131,0.0,0.0,0,0.06951,-0.64408,48.36288,9.14642,74.0,91.0,33360.0,0.0,0.46982,0.00013,0.0,0.0,0.5
YGL124C,1,0.0,0.19186623091514793,1.2997035907107215e-07,0.0,0.0,0.0,0.0,0,0.09472,-0.34208,36.23214,6.92084,73.0,72.0,53425.0,0.0,0.7271,9e-05,0.0,0.0,0.0
YKL025C,4,0.00032014442803175995,0.23914320269492342,8.69050412646866e-06,0.0,2.434567901234568,0.0,0.0,0,0.09573,-0.33623,38.39664,5.98785,66.0,59.0,68855.0,0.0,0.90061,8e-05,0.0,0.0,0.5
YGL126W,1,0.0,0.19085277981017115,5.801465536366031e-08,0.0,0.0,0.0,0.0,0,0.11316,0.18895,40.90132,9.86249,18.0,36.0,111140.0,0.0,2.60072,0.00023,0.0,0.0,0.0
YGL157W,3,0.00040436983869432196,0.26129974245853727,9.295077610971295e-05,0.0,1.5974842767295598,0.5,0.0,0,0.08934,-0.17723,25.88334,5.61444,44.0,37.0,26440.0,0.0,0.69427,0.00015,0.0,0.0,0.5
YHR130C,3,0.00033267034141564985,0.2619363393710573,9.340485362927148e-05,0.0,2.4578833693304536,0.0,0.0,0,0.22523,0.56937,28.55964,6.48566,8.0,7.0,19035.0,0.0,1.42088,0.00048,0.0,0.0,0.5
YIL025C,4,0.0025413298309815376,0.2351502536688106,1.1872709690611329e-05,0.0,1.0,0.0,0.0,0,0.12903,-0.09355,48.55806,10.1004,7.0,20.0,10680.0,0.0,0.75835,0.00072,0.0,0.0,0.5
YIL031W,1,0.0,0.2300212197492968,4.246143904251729e-06,0.0,1.0,0.0,0.0,1,0.0677,-0.71692,57.57237,6.37421,133.0,125.0,69885.0,0.0,0.59792,5e-05,0.6846499175810571,0.0,0.5
YJL032W,1,0.0,0.2300212197492968,4.246143904251729e-06,0.0,0.0,0.0,0.0,1,0.16346,0.17115,46.90288,9.99359,2.0,13.0,13700.0,0.0,1.10685,0.00081,0.3153500824189429,0.0,0.0
YKL137W,3,5.1394140263408245e-05,0.23206773652411286,4.396329666478043e-06,0.0,1.0,0.0,0.0,0,0.06306,-0.97207,43.93793,9.09723,16.0,22.0,10595.0,0.0,0.81457,0.0007,0.0,0.0,0.5
YLR019W,2,4.548187678848511e-05,0.23162874548239837,4.5580185504436555e-06,0.0,1.6275787187839306,0.0,7.6,0,0.07053,-0.81436,46.82292,4.612,67.0,31.0,31330.0,0.0,0.69978,0.0001,0.0,0.0,0.5
YLR108C,4,0.00036521102560329016,0.25575114036177327,3.025996522793882e-05,0.3333333333333333,1.9028248587570622,1.0,91.0,0,0.09897,-0.28948,31.99835,7.83087,60.0,62.0,43705.0,0.0,0.78606,0.00014,0.0,0.0,0.5
YML133C,2,0.00011895247143198295,0.23020140243749143,4.24764800019134e-06,0.0,0.0,0.0,0.0,0,0.08879,-0.42838,38.64668,8.31512,172.0,180.0,159790.0,0.0,1.02725,5e-05,0.0,0.0,0.0
YMR202W,2,0.00019915235968349622,0.2609748774658412,9.293319655343157e-05,0.0,1.5974842767295598,0.5,0.0,0,0.13514,0.07928,30.64234,5.53754,21.0,14.0,37610.0,0.0,1.51073,0.00022,0.0,0.0,0.5
YNR028W,7,0.0007167666016006693,0.2348370707621077,7.42762499951467e-06,0.0,4.949044585987261,0.0,0.0,0,0.08117,-0.42955,43.18185,6.52203,42.0,40.0,21110.0,0.0,0.60408,0.00019,0.0,0.0,0.5
YOL016C,3,0.00013566833513518526,0.23115504222734784,4.903120078512952e-06,0.0,2.2602880658436213,0.0,0.0,0,0.07383,-0.42282,47.01523,5.71893,69.0,60.0,41745.0,0.0,0.82751,0.00011,0.0,0.0,0.5
YOR162C,1,0.0,0.2300212197492968,4.246143904251729e-06,0.0,0.0,0.5,0.0,0,0.1,-0.35827,49.95783,8.44806,93.0,100.0,102160.0,0.0,1.10483,9e-05,0.0,0.0,0.0
YOR289W,2,0.00012005712844358909,0.2526291853559243,3.220728414789709e-05,0.0,1.6988950276243093,0.0,0.0,0,0.13944,-0.51394,49.39809,8.49664,32.0,35.0,40380.0,0.0,1.38768,0.00029,0.0,0.0,0.5
YOR377W,2,0.00013870012588190392,0.23405153739383686,4.756236160090584e-06,0.0,1.0,0.5,0.0,0,0.1181,-0.36857,47.89676,6.50751,64.0,60.0,85520.0,0.0,1.40116,0.00011,0.0,0.0,0.5
YPL064C,2,3.857850510199936e-05,0.23172615545789432,4.363393270589634e-06,0.0,1.8306709265175718,0.5,0.0,0,0.07641,-0.80631,56.19435,5.79694,56.0,53.0,35450.0,0.0,1.01212,0.00017,0.0,0.0,0.5
YOR054C,1,0.0,0.00028477858465043426,1.508668400601407e-18,0.0,1.0,0.0,0.0,0,0.04451,-0.86988,45.27227,4.48102,127.0,73.0,40700.0,0.0,0.55263,6e-05,0.0,0.0,0.5
YGL138C,1,0.0,0.18534000400586628,4.101149341798302e-08,0.0,1.0,0.0,0.0,0,0.13913,-0.59826,38.59362,9.36871,34.0,48.0,51965.0,0.0,1.27224,0.00023,0.0,0.0,0.5
YGL139W,1,0.0,0.16197415599028195,7.056045667270142e-09,0.0,0.0,0.5,0.0,0,0.13342,0.10287,39.02596,7.15802,68.0,68.0,135900.0,0.0,1.49735,8e-05,0.0,0.0,0.0
YGL145W,5,0.00031152564398802154,0.24264472148816663,2.3154454975161247e-05,0.0,1.900473933649289,0.5,0.0,1,0.09986,-0.34593,32.8769,5.94232,83.0,75.0,81305.0,0.0,1.00172,7e-05,0.3153500824189429,0.19338324065864865,0.550877635634632
YGL148W,1,0.0,0.13993608632346666,1.3602883280512673e-10,0.0,0.0,0.0,0.0,0,0.06649,-0.37793,34.49045,7.659,45.0,46.0,12545.0,0.0,0.30719,0.00019,0.0,0.0,0.0
YGL150C,1,0.0,0.18859909533545216,7.298549084130844e-08,0.0,1.0,1.0,0.0,1,0.07119,-0.88737,45.58698,5.52386,245.0,209.0,150785.0,0.0,0.87945,3e-05,0.6846499175810571,0.40640486218295563,0.7032024310914778
YLR284C,5,0.00010257832999312223,0.2505898843315061,1.2373417114549621e-05,0.2,2.936670071501532,0.0,7.666666666666666,0,0.11429,-0.22,30.95679,8.39227,31.0,34.0,31120.0,0.0,0.98176,0.00026,0.0,0.0,0.5
YOL105C,3,6.146432405985631e-06,0.21152239228769307,2.5294904268835594e-06,0.0,0.0,0.0,0.0,0,0.06115,-0.23669,47.29604,5.73724,34.0,29.0,45475.0,0.0,0.78097,0.0001,0.0,0.0,0.0
YGL254W,5,0.0003301932882130962,0.24876561260019886,1.5538486135151586e-05,0.0,3.653298835705045,1.0,0.0,0,0.08361,-0.84281,45.21037,7.95197,34.0,36.0,34390.0,0.0,1.01166,0.00023,0.0,0.0,0.5
YGL155W,1,0.0,0.1607807803653034,4.855067064853718e-09,0.0,0.0,0.0,0.0,1,0.1117,-0.23032,36.53726,5.90387,46.0,38.0,47965.0,0.0,1.12359,0.00014,0.3153500824189429,0.0,0.0
YGL156W,3,1.0823610649743666e-05,0.2258724459559092,6.737490880608291e-06,0.3333333333333333,3.0,0.0,1.1666666666666667,0,0.12096,-0.50009,34.69135,6.8443,135.0,132.0,213665.0,0.0,1.71622,5e-05,0.0,0.0,0.5
YNR064C,2,4.001439224183417e-05,0.211745924453623,1.2918700290850092e-06,0.0,0.0,0.0,0.0,0,0.14138,-0.00138,31.60448,4.97101,34.0,23.0,46090.0,0.0,1.40707,0.00015,0.0,0.0,0.0
YGL210W,3,5.644081347897887e-07,0.2184079004744351,2.5559843194314393e-06,0.6666666666666666,0.0,0.0,0.0,0,0.08559,-0.45766,21.91982,5.32062,30.0,25.0,24785.0,0.0,1.0108,0.00022,0.0,0.0,0.0
YNL093W,5,3.469910036490662e-05,0.22323019472707364,3.842505006162594e-06,0.5,1.0,0.0,12.214285714285715,0,0.07273,-0.44045,26.08095,5.12701,33.0,25.0,18950.0,0.0,0.76884,0.00021,0.0,0.0,0.5
YNL304W,4,5.892999095542611e-05,0.2328768902359091,5.440940390639841e-06,0.3333333333333333,1.0,0.25,0.0,0,0.06954,-0.53429,44.61535,6.32623,50.0,46.0,34795.0,0.0,0.7385,0.00013,0.0,0.0,0.5
YGL165C,1,0.0,0.22009819529036964,3.955311767586637e-06,0.0,1.0,0.0,0.0,0,0.13542,0.23125,53.97083,7.51007,15.0,16.0,35380.0,0.0,1.61381,0.00034,0.0,0.0,0.5
YGL166W,8,0.0007666106851213626,0.2532823865361712,2.020013247545658e-05,0.0,2.1690929451287793,1.0,0.0,1,0.02222,-0.66711,51.56356,7.97333,27.0,29.0,5970.0,0.0,0.24442,0.00033,0.3153500824189429,0.23974612282610783,0.5552641424067409
YJL154C,5,4.5532077958151406e-05,0.2114919471897291,8.258761081205264e-07,0.5,1.0,0.0,4.285714285714286,0,0.08475,-0.23305,43.70541,5.8714,115.0,98.0,101380.0,0.0,0.92889,5e-05,0.0,0.0,0.5
YLL028W,1,0.0,0.2008624193600439,3.163847562789904e-07,0.0,1.0,0.0,0.0,0,0.12799,0.4686,38.58328,6.42499,44.0,41.0,89740.0,0.0,1.39626,0.0001,0.0,0.0,0.5
YML006C,2,8.586291619170161e-06,0.21237842817862418,7.811339191982749e-07,0.0,0.0,0.0,0.0,0,0.07623,-0.87907,43.50636,4.81561,114.0,68.0,82085.0,0.0,0.94201,6e-05,0.0,0.0,0.0
YGL168W,1,0.0,0.23039390870618948,6.221239966814262e-05,0.0,0.0,0.0,0.0,0,0.12727,0.42091,39.32364,9.33722,5.0,9.0,11585.0,0.0,0.92572,0.00075,0.0,0.0,0.0
YLL024C,11,0.0008628490784683063,0.25514421805148596,6.0467666835038416e-05,0.07272727272727272,11.0,0.0,6.392765567765569,0,0.06103,-0.44601,32.41097,4.94855,101.0,78.0,20775.0,0.0,0.29905,7e-05,0.0,0.0,0.5
YGL177W,1,0.0,0.17243493409777513,2.607802406369056e-08,0.0,0.0,0.0,0.0,0,0.14783,-0.36609,34.75565,10.14557,8.0,23.0,13325.0,0.0,0.97412,0.00074,0.0,0.0,0.0
YGL180W,4,0.0010771349566213505,0.23530087836423205,5.880009059900569e-06,0.0,1.8205128205128205,0.0,0.0,1,0.08027,-0.47235,44.78953,6.18842,116.0,105.0,75190.0,0.0,0.73921,6e-05,0.6846499175810571,0.0,0.5
YML112W,3,0.00022889222006946462,0.21483145646842067,1.706297489773803e-05,0.0,1.4759725400457666,0.3333333333333333,3.333333333333333,0,0.09797,-0.66689,38.73044,5.88055,43.0,36.0,41870.0,0.0,1.20286,0.00017,0.0,0.0,0.5
YGR241C,6,0.0004420279496799147,0.2668357539513029,0.00012577842103478635,0.13333333333333333,5.3224181360201515,0.0,0.0,0,0.06866,-0.65035,49.50775,6.28864,53.0,48.0,42415.0,0.0,0.65936,0.0001,0.0,0.0,0.5
YIL010W,2,9.923215843799856e-05,0.2416338680740845,8.123419985040523e-05,0.0,1.9899856938483549,0.5,0.0,0,0.06512,-0.57674,46.38512,9.37604,29.0,37.0,6210.0,0.0,0.25747,0.00039,0.0,0.0,0.5
YIL057C,2,3.3478067592728657e-06,0.2283885112313105,2.014179291343748e-05,0.0,1.706060606060606,0.0,0.0,0,0.08537,-0.94817,28.32866,6.86664,30.0,29.0,13200.0,0.0,0.68647,0.00036,0.0,0.0,0.5
YIL122W,1,0.0,0.22101412159817116,1.9021800182262606e-05,0.0,1.0,1.0,0.0,0,0.04274,-0.92707,71.17464,8.95319,33.0,37.0,17670.0,0.0,0.44737,0.00023,0.0,0.0,0.5
YLL019C,2,0.00021149327066866054,0.22103628617938742,1.9024862992940045e-05,0.0,1.9424538545059717,0.0,0.0,0,0.08277,-0.55522,48.58848,8.742,80.0,89.0,80800.0,0.0,0.96372,0.0001,0.0,0.0,0.5
YNR068C,3,4.612297435030611e-05,0.23258200048939603,2.0447856179186223e-05,0.0,1.3204577968526467,0.0,0.0,0,0.0625,-0.48162,40.28272,9.32477,32.0,42.0,20565.0,0.0,0.65874,0.0003,0.0,0.0,0.5
YOR331C,2,8.921773234954179e-07,0.22590717241200858,1.9181210585471185e-05,0.0,1.0,0.0,0.0,0,0.13514,0.79081,32.25243,8.74237,9.0,13.0,21845.0,0.0,1.06561,0.00043,0.0,0.0,0.5
YOR384W,1,0.0,0.22101412159817116,1.9021800182262606e-05,0.0,1.0,0.0,0.0,0,0.14265,0.02493,37.3196,8.82965,71.0,82.0,167660.0,0.0,2.08814,0.00011,0.0,0.0,0.5
YPL156C,1,0.0,0.22101412159817116,1.9021800182262606e-05,0.0,1.0,0.0,0.0,0,0.07042,-0.37289,48.87257,6.26105,38.0,36.0,13075.0,0.0,0.40844,0.0002,0.0,0.0,0.5
YPL188W,1,0.0,0.22101412159817116,1.9021800182262606e-05,0.0,1.0,0.0,0.0,0,0.07729,-0.29903,41.03529,9.06488,40.0,47.0,35910.0,0.0,0.77649,0.0002,0.0,0.0,0.5
YGL183C,1,0.0,0.19236021361823719,3.182664392825378e-07,0.0,0.0,1.0,0.0,0,0.09132,-0.78128,53.13384,9.45673,32.0,46.0,23420.0,0.0,0.8979,0.00036,0.0,0.0,0.0
YGL184C,1,0.0,0.17391117904586437,6.641488767737062e-08,0.0,0.0,0.5,0.0,0,0.07097,-0.20129,31.94282,8.21698,49.0,52.0,35630.0,0.0,0.68747,0.00016,0.0,0.0,0.0
YGL194C,1,0.0,0.17378776484429423,2.2131620054087994e-08,0.0,1.0,1.0,0.0,0,0.10841,-0.38916,37.27923,4.99799,67.0,42.0,46270.0,0.0,0.89924,0.0001,0.0,0.0,0.5
YMR215W,1,0.0,0.21237842817862418,1.6083818786174614e-06,0.0,1.0,0.0,0.0,0,0.10496,-0.33798,36.75897,4.59344,59.0,39.0,56450.0,0.0,0.99396,8e-05,0.0,0.0,0.5
YGL202W,1,0.0,0.2125012849631471,7.278633322898011e-06,0.0,1.0,0.0,0.0,0,0.11,-0.3664,36.807,5.68182,62.0,53.0,77280.0,0.0,1.37565,0.0001,0.0,0.0,0.5
YGL204C,2,0.00021148253551457353,0.2517634733722956,8.870260885258507e-05,0.0,1.0,0.0,0.0,0,0.12871,0.74257,39.89406,10.35406,2.0,11.0,17085.0,0.0,1.50521,0.00091,0.0,0.0,0.5
YMR209C,1,0.0,0.1999059750249659,1.1660077807165429e-06,0.0,0.0,0.0,0.0,0,0.10066,-0.22385,29.45667,7.22565,54.0,54.0,57020.0,0.0,1.09139,0.00014,0.0,0.0,0.0
YML069W,3,6.272761117900672e-05,0.20667291740238752,5.7488084906182265e-06,0.3333333333333333,1.8364779874213837,0.5,0.0,1,0.09239,-0.7433,41.92486,4.75262,101.0,68.0,52175.0,0.0,0.82827,8e-05,0.3153500824189429,0.19338324065864865,0.5526505740834335
YGL208W,1,0.0,0.18213894121459068,4.31026553538937e-08,0.0,0.0,0.2,0.0,0,0.06024,-0.82602,49.65012,5.43573,59.0,49.0,34880.0,0.0,0.75166,0.00012,0.0,0.0,0.0
YMR053C,4,3.5085769834453394e-05,0.22163641486628405,4.091653577747678e-06,0.5,2.243529411764706,0.0,50.0,0,0.10588,-0.57706,35.37294,6.21857,117.0,110.0,112715.0,0.0,1.15219,6e-05,0.0,0.0,0.5
YHL022C,1,0.0,0.17809173623446684,3.164229966174402e-08,0.0,0.0,0.5,0.0,0,0.08543,-0.24045,31.2141,9.3631,34.0,51.0,30130.0,0.0,0.66348,0.00021,0.0,0.0,0.0
YGL214W,1,0.0,0.17455162173420147,1.6205712445923188e-06,0.0,0.0,0.0,0.0,0,0.07453,-0.16708,50.98696,7.71735,12.0,13.0,10470.0,0.0,0.58376,0.00043,0.0,0.0,0.0
YGL215W,2,7.129680869342089e-05,0.24511380423017815,2.8238985194810064e-05,0.0,1.9550264550264551,0.0,0.0,0,0.14159,-0.48916,55.22259,6.58917,27.0,25.0,68190.0,0.0,1.32228,0.00013,0.0,0.0,0.5
YGL217C,1,0.0,0.25173471847841494,8.868705264917986e-05,0.0,1.0,0.0,0.0,0,0.0531,0.53982,53.11681,4.89362,9.0,7.0,7115.0,0.0,0.58801,0.0004,0.0,0.0,0.5
YGL220W,2,1.575245375716095e-05,0.2111272884369713,1.2738599292044094e-06,0.0,2.0,0.5,0.0,0,0.1,-0.51917,62.83917,8.43915,17.0,19.0,17335.0,0.0,1.22926,0.0006,0.0,0.0,0.5
YGL221C,2,5.439177951609646e-06,0.24653952210713215,1.1609849762664126e-05,0.0,1.8631346578366446,0.0,38.0,0,0.07639,-0.18403,23.8476,7.0722,32.0,32.0,43150.0,0.0,1.35317,0.00022,0.0,0.0,0.5
YGL222C,2,0.0002833784272431037,0.2617030785606462,0.0001461300586423928,0.0,1.8317610062893082,0.0,0.0,0,0.04571,-1.27314,43.90971,10.87115,6.0,28.0,4595.0,0.0,0.23886,0.00057,0.0,0.0,0.5
YGL225W,3,0.0005452516833667979,0.2639596799566182,0.00014656424025695963,0.0,2.9723360655737703,0.25,0.0,1,0.1276,0.65519,26.84217,9.40558,13.0,24.0,50140.0,0.0,1.35447,0.00025,0.3153500824189429,0.13944903000175835,0.5234578168358697
YGL226W,1,0.0,0.23523809463021098,4.324683677365054e-05,0.0,0.0,0.0,0.0,0,0.13008,-0.52846,53.49195,9.47552,14.0,19.0,36565.0,0.0,2.52389,0.00065,0.0,0.0,0.0
YJL178C,1,0.0,0.21420509525611173,1.8234727323134405e-06,0.0,0.0,0.0,0.0,0,0.09594,-0.34945,28.92325,5.54865,36.0,32.0,45460.0,0.0,1.50525,0.00018,0.0,0.0,0.0
YJL211C,1,0.0,0.21420509525611173,1.8234727323134405e-06,0.0,0.0,0.0,0.0,0,0.10884,-0.14694,53.5102,8.45575,13.0,16.0,13950.0,0.0,0.82926,0.0005,0.0,0.0,0.0
YOR062C,2,0.0,0.24770322854998447,2.97846129759588e-05,1.0,1.0,0.0,3.633333333333333,0,0.1194,-0.71791,46.50302,8.2735,37.0,39.0,57215.0,0.0,1.79472,0.00026,0.0,0.0,0.5
YKL110C,4,0.00010532886781509491,0.19611721561042503,3.9448066790313216e-07,0.16666666666666666,0.0,0.5,1.6,0,0.07668,-0.3246,37.86709,8.11566,33.0,35.0,30660.0,0.0,0.86802,0.00023,0.0,0.0,0.0
YOR161C,1,0.0,0.15557728013254477,1.9321202314025907e-09,0.0,0.0,0.0,0.0,0,0.15584,0.341,41.83952,8.58575,31.0,37.0,106700.0,0.0,1.77095,0.00014,0.0,0.0,0.0
YGL234W,2,0.00021149327066866054,0.20536345936527012,3.6746536360234184e-05,0.0,1.7703296703296703,0.0,0.0,0,0.06733,0.00561,33.8419,5.08099,93.0,66.0,60570.0,0.0,0.70375,6e-05,0.0,0.0,0.5
YOR298W,1,0.0,0.16949769889935493,4.662821439992556e-07,0.0,1.0,0.0,0.0,0,0.13152,-0.30167,36.98441,9.20563,56.0,68.0,74175.0,0.0,1.29595,0.00016,0.0,0.0,0.5
YGL235W,1,0.0,0.00021358393848782572,2.229258935376394e-19,0.0,0.0,0.0,0.0,0,0.06742,0.31685,47.91124,8.45428,12.0,15.0,27470.0,0.0,1.42084,0.00044,0.0,0.0,0.0
YLR407W,1,0.0,0.00021358393848782572,2.229258935376394e-19,0.0,0.0,0.0,0.0,0,0.0,0.0,0.0,0.0,0.0,0.0,0.0,0.0,0.0,0.0,0.0,0.0,0.0
YGL236C,5,0.0004834193804572552,0.2557066335214063,8.577465525267896e-05,0.0,5.0,0.0,0.0,1,0.06726,-0.20538,43.08117,8.52301,69.0,74.0,52925.0,0.0,0.71314,0.00011,0.3153500824189429,0.0,0.5
YPL179W,2,1.0453939151578926e-05,0.20530607122516525,1.1404481289738516e-06,0.0,1.3696969696969696,0.0,0.0,0,0.09472,-0.50929,44.31332,9.35626,52.0,71.0,58300.0,0.0,0.94921,0.00015,0.0,0.0,0.5
YGL238W,3,7.424748285414302e-05,0.25107516405282926,1.418527437348314e-05,0.0,2.3651266766020864,0.5,0.0,1,0.09792,0.05177,40.91177,5.09149,112.0,84.0,78980.0,0.0,0.72224,5e-05,0.3153500824189429,0.19338324065864865,0.540882216282909
YGL242C,1,0.0,0.18768368268725352,4.033126996515453e-07,0.0,0.0,0.0,0.0,0,0.03315,-0.81326,33.19613,4.01031,47.0,14.0,10220.0,0.0,0.50913,0.0002,0.0,0.0,0.0
YGL244W,2,2.8850488760780716e-06,0.2251916554419169,7.2621946432494815e-06,0.0,1.9262626262626263,1.0,0.0,0,0.08781,-1.35197,47.29717,5.26288,124.0,104.0,43000.0,0.0,0.65282,8e-05,0.0,0.0,0.5
YKL098W,1,0.0,0.18290223041680942,9.641839186942048e-08,0.0,1.0,0.0,0.0,0,0.07563,-0.17647,49.35098,6.76324,42.0,41.0,34670.0,0.0,0.8702,0.00017,0.0,0.0,0.5
YMR068W,4,0.00024066913997440714,0.24170011269193573,9.771061965458094e-06,0.16666666666666666,2.3455328310010763,0.0,3.5,0,0.05399,-0.5446,46.75,9.38959,41.0,54.0,35130.0,0.0,0.74524,0.0002,0.0,0.0,0.5
YHR215W,3,7.3051036915246e-05,0.2295301564840158,7.834642308719212e-06,0.0,2.1922626025791323,0.0,0.0,0,0.13062,-0.38672,27.82743,4.98785,57.0,40.0,81345.0,0.0,1.54358,9e-05,0.0,0.0,0.5
YGL256W,1,0.0,0.1328549323470622,9.893386322069932e-11,0.0,1.0,0.0,0.0,0,0.06283,-0.09319,35.45319,5.75922,44.0,35.0,20120.0,0.0,0.48904,0.00014,0.0,0.0,0.5
YLR146C,2,0.00021149327066866054,0.15392578585360442,6.815020500552353e-09,0.0,1.7055449330783938,0.0,0.0,0,0.11,-0.22233,39.285,5.01434,41.0,28.0,33515.0,0.0,0.98312,0.00015,0.0,0.0,0.5
YGL258W,1,0.0,0.2261505569092717,1.9400267624592413e-05,0.0,1.0,0.0,0.0,0,0.1165,0.17136,27.76942,4.36359,18.0,8.0,20690.0,0.0,0.93402,0.0002,0.0,0.0,0.5
YGL259W,2,0.00012779743079937406,0.22782193680683877,1.9702165772153924e-05,0.0,1.0,0.0,0.0,0,0.07879,0.20061,35.24424,4.74957,13.0,9.0,12170.0,0.0,0.67791,0.00026,0.0,0.0,0.5
YJR020W,2,2.3949652571125166e-05,0.2239787945366355,2.572432352853466e-06,0.0,0.0,0.0,0.0,0,0.11818,0.26273,47.81182,8.24554,9.0,11.0,21720.0,0.0,1.76854,0.00067,0.0,0.0,0.0
YGR003W,1,0.0,0.1712093313891142,2.451536555991677e-08,0.0,0.0,0.0,0.0,0,0.09812,-0.20228,48.51599,5.8808,100.0,89.0,98890.0,0.0,1.14836,7e-05,0.0,0.0,0.0
YLR297W,3,0.00033342486326353663,0.20788147395781767,1.7023226347941416e-06,0.0,1.0,0.0,0.0,0,0.04651,0.13178,35.70543,4.58807,19.0,10.0,125.0,0.0,0.00896,0.00033,0.0,0.0,0.5
YMR183C,3,2.5193422384234435e-05,0.21039168839612082,1.256718947960262e-06,0.0,1.6916666666666667,0.0,0.0,0,0.05424,-0.70373,42.91492,4.8006,51.0,34.0,13785.0,0.0,0.40865,0.00014,0.0,0.0,0.5
YGR010W,6,8.608692984191918e-05,0.2466360798565167,1.1173873751928706e-05,0.13333333333333333,2.19072708113804,1.0,14.5,0,0.07595,-0.40456,55.82532,5.57635,53.0,41.0,40840.0,0.0,0.9094,0.00012,0.0,0.0,0.5
YIL009W,3,2.7809980071483325e-05,0.22030719452623937,5.251219957825544e-05,0.0,0.0,0.0,0.0,0,0.0951,-0.16095,33.63892,9.09637,78.0,95.0,101980.0,0.0,1.30835,0.00012,0.0,0.0,0.0
YGR016W,1,0.0,0.18660316874552443,1.6788863533909534e-06,0.0,0.0,0.0,0.0,0,0.10526,0.20947,53.78895,8.98676,20.0,25.0,30410.0,0.0,1.36822,0.0004,0.0,0.0,0.0
YGR017W,2,0.0004229865413373211,0.1778905026342019,1.4093342360741375e-08,0.0,1.0,0.0,0.0,0,0.11111,-0.95017,44.93875,4.53046,61.0,34.0,42940.0,0.0,1.23823,0.00013,0.0,0.0,0.5
YLR403W,2,0.00021149327066866054,0.15034538387706423,2.206910480246193e-10,0.0,1.597799511002445,0.3333333333333333,4.5,1,0.04539,-0.8798,45.38873,6.19696,61.0,47.0,40185.0,0.0,0.53734,8e-05,0.3153500824189429,0.16204621790391252,0.5507091837205051
YGR021W,1,0.0,0.21792202171621136,1.3327500426468269e-05,0.0,1.0,0.0,0.0,0,0.05172,-0.42379,36.81793,5.34027,41.0,35.0,14690.0,0.0,0.46342,0.00017,0.0,0.0,0.5
YGR023W,1,0.0,0.1893606536052031,5.657808671480808e-07,0.0,0.0,0.0,0.0,0,0.07441,-0.29437,71.14392,4.48761,43.0,22.0,44155.0,0.0,0.76755,8e-05,0.0,0.0,0.0
YLR460C,2,0.00021149327066866054,0.23526320410287258,4.325433077913396e-05,0.0,1.0,0.0,0.0,0,0.07447,-0.07234,33.02314,6.72162,43.0,42.0,37860.0,0.0,0.92057,0.00016,0.0,0.0,0.5
YGR024C,5,0.0016143712492841706,0.2470507568948901,1.2714912194439278e-05,0.0,1.8181818181818181,0.0,13.333333333333334,1,0.1519,-0.30717,36.58907,8.39325,27.0,30.0,36620.0,0.0,1.31933,0.0003,0.3153500824189429,0.0,0.5
YIL082W,1,0.0,0.1969232367779997,1.9371744683357517e-07,0.0,0.0,0.0,0.0,0,0.10345,-0.77448,58.73283,8.80426,36.0,41.0,35130.0,0.0,1.03023,0.00026,0.0,0.0,0.0
YPL110C,2,6.048686794128788e-06,0.22041735363145773,0.00011132182240380558,0.0,1.0,0.0,0.0,0,0.07604,-0.32911,36.7579,6.31378,155.0,142.0,122420.0,0.0,0.88702,5e-05,0.0,0.0,0.5
YGR026W,1,0.0,0.21470589134847418,1.3580129174216144e-06,0.0,0.0,0.0,0.0,0,0.16187,0.03273,43.35079,9.89655,18.0,42.0,81945.0,0.0,2.46419,0.0003,0.0,0.0,0.0
YGR031W,1,0.0,0.23453719900375225,5.744300599321293e-05,0.0,0.0,0.0,0.0,0,0.07018,-0.23187,38.3924,8.94415,39.0,45.0,30535.0,0.0,0.79291,0.00023,0.0,0.0,0.0
YGR035C,4,0.0004229865413373211,0.24561913719705372,6.266829058109463e-05,0.16666666666666666,2.053291536050157,0.0,2.033333333333333,0,0.02586,-0.93276,64.25345,10.33026,11.0,20.0,1615.0,0.0,0.12512,0.0008,0.0,0.0,0.5
YOR031W,1,0.0,0.19601256860133948,8.105571929035776e-07,0.0,1.0,0.0,0.0,0,0.0,-0.60435,59.45797,6.6546,10.0,10.0,2375.0,0.0,0.32439,0.00091,0.0,0.0,0.5
YOR118W,1,0.0,0.19601256860133948,8.105571929035776e-07,0.0,0.0,0.0,0.0,0,0.08642,-0.3552,38.73353,5.88348,70.0,61.0,57590.0,0.0,0.89573,9e-05,0.0,0.0,0.0
YGR041W,1,0.0,0.00021358393848782572,2.229258935376394e-19,0.0,0.0,0.0,0.0,0,0.07861,-0.57276,35.3108,6.26154,63.0,58.0,37860.0,0.0,0.62321,0.0001,0.0,0.0,0.0
YPL251W,1,0.0,0.00021358393848782572,2.229258935376394e-19,0.0,0.0,0.0,0.0,1,0.15,0.186,49.837,9.91193,8.0,14.0,19730.0,0.0,1.73847,0.00087,0.3153500824189429,0.0,0.0
YGR042W,1,0.0,0.25173471847841494,8.868705264917986e-05,0.0,1.0,0.0,0.0,0,0.06273,-0.70812,46.42841,9.74005,30.0,44.0,17545.0,0.0,0.56551,0.00031,0.0,0.0,0.5
YGR045C,1,0.0,0.1870307036902509,3.011761604152539e-07,0.0,0.0,0.0,0.0,0,0.14167,0.30917,58.94175,9.41595,7.0,14.0,9440.0,0.0,0.69184,0.00069,0.0,0.0,0.0
YOR271C,2,0.00021149327066866054,0.23167744023101505,2.274212071885054e-05,0.0,1.0,0.0,0.0,1,0.06116,0.04037,29.65688,9.83466,23.0,36.0,29700.0,0.0,0.83866,0.00028,0.3153500824189429,0.0,0.5
YGR046W,1,0.0,0.20238403449224202,7.769890657974233e-07,0.0,1.0,0.0,0.0,1,0.12468,-0.46831,31.44891,9.61871,34.0,54.0,49530.0,0.0,1.12061,0.00022,0.3153500824189429,0.0,0.5
YLR257W,2,0.00032186094156546685,0.1848968858384935,1.0712154959940616e-07,0.0,1.0,0.0,0.0,0,0.0405,-1.16293,55.47259,4.81708,64.0,45.0,12045.0,0.0,0.33461,0.00013,0.0,0.0,0.5
YHRS03C,1,0.0,0.18534779696739365,5.014649580719696e-07,0.0,0.0,0.0,0.0,0,0.0,0.0,0.0,0.0,0.0,0.0,0.0,0.0,0.0,0.0,0.0,0.0,0.0
YPL222W,3,2.6897913164817573e-05,0.20951172315948305,8.045648545067458e-07,0.0,1.9965556831228473,0.0,0.0,0,0.11192,-0.34738,34.24666,5.25812,94.0,75.0,87415.0,0.0,1.11624,7e-05,0.0,0.0,0.5
YGR052W,2,6.353335124631465e-06,0.1943789864748004,9.649024260107607e-07,0.0,0.0,0.0,0.0,0,0.13279,-0.42846,38.8155,6.15424,45.0,41.0,71165.0,0.0,1.66187,0.00014,0.0,0.0,0.0
YJL086C,3,0.0003744886441287221,0.2398197407799099,7.560030250036201e-05,0.0,0.0,0.0,0.0,1,0.14754,0.2541,34.03197,10.01398,6.0,15.0,13200.0,0.0,0.93263,0.00071,0.3153500824189429,0.0,0.0
YPL060W,2,3.1400081304619644e-05,0.20568926579606753,2.3008146683063913e-07,0.0,0.0,0.0,0.0,0,0.06538,-0.12203,42.95012,8.83185,51.0,56.0,23755.0,0.0,0.50454,0.00019,0.0,0.0,0.0
YGR053C,1,0.0,0.231653090297731,2.2738065994503548e-05,0.0,1.0,0.0,0.0,0,0.07067,-0.40389,44.34629,9.23444,33.0,44.0,23795.0,0.0,0.73898,0.00029,0.0,0.0,0.5
YOR097C,4,0.0004191827574266715,0.2562119532272899,8.959213515033232e-05,0.0,1.0,0.0,0.0,0,0.09143,-0.11257,31.184,9.35822,16.0,23.0,20315.0,0.0,1.04714,0.00048,0.0,0.0,0.5
YGR059W,2,1.8159635813712912e-06,0.20677955977462817,5.385708165568231e-07,0.0,1.0,0.0,0.0,0,0.08984,-0.6834,42.78652,7.07428,80.0,80.0,49610.0,0.0,0.82898,0.00012,0.0,0.0,0.5
YJL202C,1,0.0,0.15873700595158527,1.401040702090471e-09,0.0,1.0,0.0,0.0,1,0.12174,0.49826,56.48174,8.70477,6.0,9.0,10595.0,0.0,0.81865,0.00067,0.3153500824189429,0.0,0.5
YGR064W,1,0.0,0.25173471847841494,8.868705264917986e-05,0.0,1.0,0.0,0.0,0,0.14754,-0.15082,48.83115,9.81342,4.0,15.0,12670.0,0.0,0.88044,0.00068,0.0,0.0,0.5
YGR065C,1,0.0,0.22302689882496957,2.3532931091005495e-06,0.0,1.0,0.0,0.0,1,0.17369,-0.04553,40.27405,9.02191,51.0,66.0,184745.0,0.0,2.67429,0.00013,0.3153500824189429,0.0,0.5
YJL199C,11,0.0073966656153138955,0.2895701671993381,0.0001755155072582707,0.03636363636363636,9.887295081967213,0.0,4.533333333333333,0,0.12963,-0.325,51.49074,6.72235,13.0,13.0,24535.0,0.0,1.95935,0.00054,0.0,0.0,0.5
YGR071C,3,0.00043109777400087676,0.22283523684539094,4.180474341238078e-06,0.0,0.0,1.0,0.0,0,0.08837,-0.27244,48.9921,5.59503,111.0,85.0,60540.0,0.0,0.61708,6e-05,0.0,0.0,0.0
YHR109W,2,0.00021149327066866054,0.1812403032347473,6.450075222996871e-08,0.0,0.0,0.0,0.0,0,0.12308,-0.34188,50.78089,4.88068,92.0,61.0,62770.0,0.0,0.91926,7e-05,0.0,0.0,0.0
YIL008W,6,0.001011956513301414,0.268853784781381,0.00032365243670531575,0.0,3.089418777943368,0.5,0.0,0,0.06061,-0.1,31.33232,4.28802,20.0,8.0,6990.0,0.0,0.63382,0.00039,0.0,0.0,0.5
YKL149C,1,0.0,0.1826521362093115,2.0973511738790384e-07,0.0,0.0,0.5,0.0,0,0.10864,-0.64593,46.33756,7.71307,53.0,54.0,96995.0,0.0,2.0317,0.00016,0.0,0.0,0.0
YGR073C,2,0.0001166525431782936,0.22360386807728128,7.592796617726966e-06,0.0,0.0,0.0,0.0,1,0.17073,0.92195,33.95772,9.34467,3.0,11.0,9815.0,0.0,0.69778,0.00066,0.3153500824189429,0.0,0.0
YML119W,2,2.808421986095486e-06,0.1920836051799871,2.954252390788066e-07,0.0,0.0,0.0,0.0,0,0.07283,-0.75994,58.67146,9.60016,31.0,45.0,13785.0,0.0,0.34411,0.00024,0.0,0.0,0.0
YKL183W,3,0.00026709075364383846,0.237788685687535,6.95036969672143e-05,0.0,2.1225806451612903,0.5,0.0,0,0.0915,-0.51471,41.25265,4.48273,47.0,23.0,27110.0,0.0,0.78979,0.00013,0.0,0.0,0.5
YKL188C,1,0.0,0.2125012849631471,7.278633322898011e-06,0.0,1.0,0.0,0.0,0,0.07855,-0.35346,43.45597,9.00861,100.0,115.0,75635.0,0.0,0.77874,9e-05,0.0,0.0,0.5
YLR440C,3,1.6501396506453573e-05,0.2212137629987215,8.139189878740695e-06,0.0,1.0,0.5,0.0,1,0.10296,-0.26883,42.90255,4.81525,116.0,73.0,94280.0,0.0,1.14424,6e-05,0.3153500824189429,0.19338324065864865,0.5966916203293243
YGR079W,3,0.00022015998986871092,0.22577989424685124,0.000160062049627216,0.0,2.1419753086419755,0.0,0.0,0,0.07838,-0.58162,47.44676,5.39301,51.0,42.0,23795.0,0.0,0.58212,0.00013,0.0,0.0,0.5
YNL081C,1,0.0,0.18316823133364596,2.521603576617152e-06,0.0,1.0,0.0,0.0,0,0.06993,-0.31469,45.40713,10.42816,8.0,25.0,15720.0,0.0,0.97708,0.00065,0.0,0.0,0.5
YHR117W,9,0.00011225267345491271,0.22239678398040075,3.962509440356452e-06,0.7777777777777778,4.5385500575374,0.0,42.5,0,0.0939,-0.4698,43.79595,5.83551,84.0,77.0,40730.0,0.0,0.56683,8e-05,0.0,0.0,0.5
YMR060C,8,0.0,0.2156195781293056,2.619956656258232e-06,1.0,0.0,0.0,19.93809523809524,0,0.0,0.0,0.0,0.0,0.0,0.0,0.0,0.0,0.0,0.0,0.0,0.0,0.0
YMR203W,11,6.585986344768654e-05,0.21660491647955987,4.941967512116868e-06,0.5272727272727272,0.0,0.0,34.83333333333333,1,0.09044,-0.19587,35.04832,5.34003,35.0,29.0,33390.0,0.0,0.79428,0.00013,0.3153500824189429,0.0,0.0
YNL121C,9,7.002084068112063e-05,0.21878730669423882,2.67693774921491e-06,0.7777777777777778,1.8694779116465863,0.0,18.500000000000004,0,0.09724,-0.67147,41.24718,5.24017,101.0,88.0,46105.0,0.0,0.65749,7e-05,0.0,0.0,0.5
YNL131W,10,0.0009289917792457944,0.24081544142450279,6.404795288311836e-05,0.6444444444444445,0.0,0.0,24.516666666666666,1,0.06579,-0.33092,41.5625,3.97443,31.0,11.0,5500.0,0.0,0.32757,0.00024,0.3153500824189429,0.0,0.0
YPR133WA,8,0.0,0.2156195781293056,2.619956656258232e-06,1.0,0.0,0.0,19.93809523809524,0,0.0,0.0,0.0,0.0,0.0,0.0,0.0,0.0,0.0,0.0,0.0,0.0,0.0
YGR251W,1,0.0,0.20073436499433167,6.429564914019576e-07,0.0,1.0,0.5,0.0,1,0.05102,-1.19643,49.16633,9.67889,32.0,45.0,8480.0,0.0,0.37993,0.00043,0.3153500824189429,0.19338324065864865,0.5966916203293243
YPL004C,3,0.0004660649037715395,0.2536321435716642,8.886064020596105e-05,0.0,1.9475308641975309,0.0,0.0,0,0.06452,-0.6563,47.0654,4.61505,67.0,38.0,32890.0,0.0,0.86392,0.00012,0.0,0.0,0.5
YPR030W,1,0.0,0.1691205315662967,8.903098905082815e-09,0.0,0.0,0.5,0.0,0,0.07404,-0.68653,44.67886,8.53058,115.0,122.0,92945.0,0.0,0.74447,7e-05,0.0,0.0,0.0
YGR088W,1,0.0,0.24106565980944566,9.591623407287666e-06,0.0,1.0,0.0,0.0,0,0.12989,-0.65623,31.94753,6.08636,69.0,61.0,87305.0,0.0,1.35184,9e-05,0.0,0.0,0.5
YHL010C,1,0.0,0.1832443737643633,3.021622966811859e-08,0.0,1.0,0.0,0.0,0,0.08034,-0.71709,35.18619,6.11786,90.0,82.0,58840.0,0.0,0.87167,9e-05,0.0,0.0,0.5
YLR086W,4,1.1659339129353166e-05,0.21506204104383683,1.2300788522562828e-06,0.3333333333333333,3.1887179487179487,0.3333333333333333,1.0,1,0.05007,-0.74069,46.77765,5.91974,243.0,225.0,56825.0,0.0,0.35037,4e-05,0.6846499175810571,0.22418506295530205,0.5351528524254454
YKL116C,2,0.00021149327066866054,0.18891431624562968,9.357572596041549e-08,0.0,1.0,0.0,0.0,0,0.08108,-0.42761,49.13282,5.67548,68.0,60.0,66445.0,0.0,1.12704,0.0001,0.0,0.0,0.5
YGR100W,2,0.0003260683469618945,0.22581459224811862,7.669305370489397e-06,0.0,1.9421052631578948,0.0,0.0,0,0.10842,-0.34663,49.04296,5.25104,142.0,114.0,104390.0,0.0,0.95545,5e-05,0.0,0.0,0.5
YGR101W,3,0.0002164390653316552,0.17793358582689608,1.338755121836309e-07,0.0,1.480263157894737,0.0,0.0,0,0.15318,0.20491,51.63295,10.28839,9.0,33.0,83225.0,0.0,2.14415,0.00027,0.0,0.0,0.5
YJL213W,1,0.0,0.15036589764209046,2.0827888633797933e-09,0.0,0.0,0.0,0.0,0,0.07251,-0.09456,26.37764,6.60614,38.0,37.0,17515.0,0.0,0.48782,0.00018,0.0,0.0,0.0
YPL009C,1,0.0,0.21828893014140457,0.00016941212040415157,0.0,1.0,0.0,0.0,0,0.06455,-0.87062,52.20088,5.56659,187.0,166.0,94615.0,0.0,0.79463,5e-05,0.0,0.0,0.5
YGR110W,1,0.0,0.23453719900375225,5.744300599321293e-05,0.0,0.0,0.0,0.0,0,0.13034,-0.53371,47.72047,9.51508,49.0,67.0,87945.0,0.0,1.68982,0.00018,0.0,0.0,0.0
YOL151W,3,3.643697718729251e-05,0.21867877047700782,1.9803416893028115e-05,0.0,2.613778705636743,0.5,0.0,0,0.09064,-0.26579,35.33684,5.77899,49.0,42.0,25940.0,0.0,0.67961,0.00015,0.0,0.0,0.5
YJL064W,3,7.042176362475328e-05,0.208906054465453,5.296131791734506e-07,0.0,0.0,0.0,0.0,0,0.0916,0.51527,43.30534,6.50446,8.0,8.0,17095.0,0.0,1.23396,0.00047,0.0,0.0,0.0
YLR329W,2,5.80698387730237e-05,0.20698345566396786,5.204216232685225e-07,0.0,1.0,1.0,0.0,0,0.10985,-0.03523,44.80534,5.86627,26.0,23.0,33265.0,0.0,1.10016,0.00019,0.0,0.0,0.5
YPR045C,2,8.729250010377232e-06,0.2182457003305042,7.557917202017849e-07,0.0,1.2614035087719297,1.0,0.0,0,0.08936,-0.58447,39.12085,9.0965,46.0,58.0,40310.0,0.0,0.75039,0.00017,0.0,0.0,0.5
YGR115C,1,0.0,0.1721386541422807,2.94610590512177e-09,0.0,0.0,0.0,0.0,1,0.08108,0.17606,85.71085,6.30292,18.0,18.0,16345.0,0.0,0.60012,0.00023,0.3153500824189429,0.0,0.0
YPR083W,2,0.0,0.22751621446583348,3.032488226304914e-06,1.0,0.0,0.0,3.333333333333333,0,0.05009,-0.60121,60.30002,5.27045,80.0,60.0,45670.0,0.0,0.70307,8e-05,0.0,0.0,0.0
YOR353C,3,0.00035458570549960576,0.22796331671280567,3.092211839124096e-06,0.0,2.5737265415549597,0.0,2.333333333333333,1,0.05057,-0.34387,41.44869,7.03607,79.0,78.0,48455.0,0.0,0.55488,8e-05,0.3153500824189429,0.0,0.5
YGR122W,2,0.0001147926354394668,0.23830287897478233,4.336963061555833e-05,0.0,0.0,0.0,0.0,0,0.08955,-0.18433,38.11846,8.4455,40.0,44.0,42830.0,0.0,0.94538,0.00019,0.0,0.0,0.0
YMR008C,1,0.0,0.18534000400586628,4.101149341798302e-08,0.0,1.0,0.0,0.0,0,0.1009,-0.18976,28.43494,4.51715,69.0,41.0,100935.0,0.0,1.4084,6e-05,0.0,0.0,0.5
YNL011C,1,0.0,0.18534000400586628,4.101149341798302e-08,0.0,1.0,0.0,0.0,0,0.06306,-0.17095,39.47815,5.62701,59.0,43.0,33640.0,0.0,0.67398,0.00011,0.0,0.0,0.5
YGR126W,1,0.0,0.18501329032466732,8.356840672895646e-08,0.0,0.0,0.0,0.0,0,0.04783,-1.02435,52.9087,5.95319,39.0,32.0,5960.0,0.0,0.2306,0.00023,0.0,0.0,0.0
YGR133W,1,0.0,0.1868483661951307,3.463734947531865e-08,0.0,0.0,0.0,0.0,0,0.08743,-0.26995,48.07486,5.35358,24.0,18.0,38680.0,0.0,1.83161,0.00025,0.0,0.0,0.0
YIL108W,3,0.00021403880253895603,0.21523005005983709,3.6977578987784544e-05,0.0,2.3212045169385194,0.0,0.0,0,0.09626,-0.30187,37.95188,7.263,71.0,71.0,78990.0,0.0,1.02037,9e-05,0.0,0.0,0.5
YMR265C,1,0.0,0.14544432675450453,1.4516118908057538e-10,0.0,0.0,0.0,0.0,0,0.1128,-0.50672,48.8751,9.12616,58.0,71.0,72070.0,0.0,1.33203,0.00017,0.0,0.0,0.0
YGR142W,2,4.7958488221216334e-05,0.2032143949509277,1.751424549425892e-07,0.0,1.0,0.0,0.0,0,0.07317,-0.97098,61.5861,5.08978,84.0,65.0,26985.0,0.0,0.57212,0.00011,0.0,0.0,0.5
YNL141W,3,9.32140906870778e-06,0.18885766056619355,6.776588995129322e-08,0.0,0.0,0.5,0.0,0,0.10375,-0.33602,47.20089,5.20526,55.0,38.0,40755.0,0.0,1.02827,0.00013,0.0,0.0,0.0
YGR143W,4,1.9664535746455534e-05,0.1984212574394816,1.6575819131461331e-07,0.16666666666666666,1.0,0.0,2.0,0,0.12322,-0.63632,54.75009,4.67902,93.0,52.0,144800.0,0.0,1.67903,5e-05,0.0,0.0,0.5
YIL121W,1,0.0,0.21912445470375919,0.00016495523904267145,0.0,0.0,0.0,0.0,0,0.11255,0.41089,43.78579,9.26202,35.0,53.0,64675.0,0.0,1.08484,0.00016,0.0,0.0,0.0
YGR149W,2,0.00021149327066866054,0.19971577814767685,4.342669285679563e-07,0.0,1.0,0.0,0.0,0,0.18056,-0.12731,42.17924,8.69879,42.0,48.0,93585.0,0.0,1.81205,0.00017,0.0,0.0,0.5
YNL219C,1,0.0,0.16563187252106124,6.003609747886314e-09,0.0,0.0,0.5,0.0,0,0.15856,0.3355,39.29829,8.85138,36.0,45.0,129605.0,0.0,2.03219,0.00014,0.0,0.0,0.0
YGR153W,2,2.652731631403881e-05,0.23795555494064904,4.332341784924479e-05,0.0,1.493730407523511,0.0,0.0,0,0.09677,-0.83134,54.74664,5.31854,39.0,31.0,22430.0,0.0,0.89118,0.00021,0.0,0.0,0.5
YPR121W,1,0.0,0.174995103424991,1.5703525090726107e-06,0.0,0.0,0.0,0.0,0,0.07692,-0.03689,35.50507,5.61176,70.0,59.0,57530.0,0.0,0.90888,9e-05,0.0,0.0,0.0
YMR260C,1,0.0,0.16456216281313785,9.4305661171872e-08,0.0,1.0,0.0,0.0,1,0.06536,-1.19935,40.9183,4.69489,37.0,25.0,10220.0,0.0,0.58618,0.00027,0.3153500824189429,0.0,0.5
YMR300C,1,0.0,0.16456216281313785,9.4305661171872e-08,0.0,1.0,0.0,0.0,0,0.08824,-0.3102,28.96002,5.90411,67.0,60.0,39000.0,0.0,0.6876,0.0001,0.0,0.0,0.5
YGR192C,7,0.0004519988356936352,0.22416103001655346,6.213286145088349e-06,0.09523809523809523,6.020120724346077,0.0,0.0,0,0.07229,-0.10723,27.0747,6.45758,39.0,37.0,33140.0,0.0,0.92709,0.00018,0.0,0.0,0.5
YGR163W,2,0.0,0.20384400718037102,1.4682757898896848e-06,1.0,1.0,0.0,2.230769230769231,0,0.08504,-0.02463,37.58361,4.57318,50.0,29.0,26860.0,0.0,0.69586,0.00012,0.0,0.0,0.5
YML121W,7,0.0016240171580403605,0.2577851845190365,0.00011028106877714947,0.047619047619047616,3.7203389830508473,0.0,8.5,0,0.09677,-0.23419,49.63226,8.46283,35.0,38.0,24575.0,0.0,0.68555,0.00024,0.0,0.0,0.5
YPL265W,1,0.0,0.17503679539689976,3.721884402175119e-08,0.0,1.0,0.0,0.0,0,0.14967,0.29046,34.54347,9.02899,48.0,61.0,100255.0,0.0,1.47225,0.00013,0.0,0.0,0.5
YGR166W,2,0.0,0.2549966249363987,9.076571546186055e-05,1.0,1.0,0.0,0.0,0,0.09107,-0.39464,37.91321,8.9588,48.0,57.0,58175.0,0.0,0.91807,0.00014,0.0,0.0,0.5
YGR168C,1,0.0,0.16810794963296177,8.433754677975147e-09,0.0,0.0,0.0,0.0,0,0.1383,0.13165,41.21652,10.30719,18.0,58.0,62380.0,0.0,1.40811,0.00023,0.0,0.0,0.0
YGR177C,1,0.0,0.21191897770662582,1.3004757434098213e-06,0.0,0.0,0.5,0.0,0,0.13271,-0.37028,38.86338,5.57062,71.0,56.0,72170.0,0.0,1.16596,9e-05,0.0,0.0,0.0
YGR174C,1,0.0,0.1764521117314676,1.7972583044969314e-08,0.0,1.0,0.0,0.0,0,0.09524,-0.89592,65.16395,9.15265,22.0,25.0,42970.0,0.0,2.45099,0.00052,0.0,0.0,0.5
YHR121W,5,0.00013833370635926929,0.24467843335232703,8.635385000236181e-05,0.0,4.3841676367869615,0.5,0.0,0,0.07487,-0.44171,26.18075,9.40521,23.0,30.0,15595.0,0.0,0.7317,0.00044,0.0,0.0,0.5
YJL035C,2,0.00021149327066866054,0.2054017359524497,7.799664858825613e-07,0.0,0.0,0.0,0.0,1,0.088,-0.2968,27.21764,6.70465,31.0,30.0,23795.0,0.0,0.84224,0.00024,0.3153500824189429,0.0,0.0
YJR135WA,2,0.0,0.17743224340989872,2.975596548595946e-08,1.0,0.0,0.0,2.033333333333333,0,0.0,0.0,0.0,0.0,0.0,0.0,0.0,0.0,0.0,0.0,0.0,0.0,0.0
YPL066W,2,7.504007581963856e-06,0.22665055556972202,4.415131819316803e-06,0.0,1.4002493765586035,0.0,0.0,0,0.10021,-0.48998,51.46058,9.42657,39.0,56.0,33070.0,0.0,0.60245,0.00017,0.0,0.0,0.5
YPL177C,1,0.0,0.18470320352281588,1.8831318346005734e-07,0.0,0.0,1.0,0.0,0,0.07516,-0.85882,51.22288,9.37189,29.0,39.0,32235.0,0.0,0.93022,0.00027,0.0,0.0,0.0
YGR185C,2,1.0696305525684617e-05,0.21202090593408318,1.0309490790733437e-06,0.0,1.8983783783783783,0.5,0.0,1,0.08629,-0.31244,30.76574,8.56757,48.0,52.0,25370.0,0.0,0.57634,0.00019,0.3153500824189429,0.19338324065864865,0.5509337977247295
YGR188C,2,5.437027229426912e-05,0.22333198172436536,2.6986356660303757e-06,0.0,1.840665873959572,1.0,0.0,0,0.09207,-0.68208,41.95751,6.28265,139.0,131.0,115475.0,0.0,0.97971,5e-05,0.0,0.0,0.5
YGR191W,3,8.730929485798529e-06,0.21680733106804662,1.951214688101658e-06,0.0,1.0,0.0,0.0,1,0.10945,0.29851,34.02489,7.06793,50.0,50.0,94975.0,0.0,1.43889,0.00011,0.3153500824189429,0.0,0.5
YLR283W,2,9.659406965541016e-05,0.2523399539341418,8.871334220213198e-05,0.0,1.0,0.0,0.0,0,0.05732,-0.54363,50.50197,7.59784,43.0,44.0,13825.0,0.0,0.378,0.00021,0.0,0.0,0.5
YGR282C,1,0.0,0.1821013200840882,9.289349844153112e-08,0.0,1.0,0.0,0.0,0,0.1246,-0.20958,21.10447,4.32465,39.0,20.0,67880.0,0.0,1.98955,0.00013,0.0,0.0,0.5
YJR009C,5,0.0005674433215348458,0.24061826720936264,4.7250795080146926e-05,0.1,3.3870967741935485,0.0,0.0,0,0.07229,-0.09337,28.94548,6.45758,39.0,37.0,31650.0,0.0,0.88293,0.00018,0.0,0.0,0.5
YNL037C,8,0.0003749151660690924,0.23375366715852813,3.6391494941489353e-06,0.10714285714285714,7.40296803652968,0.0,4.354761904761904,0,0.06111,-0.20917,29.42278,8.98627,40.0,44.0,22920.0,0.0,0.58286,0.00023,0.0,0.0,0.5
YGR200C,4,1.4509422541893394e-05,0.19316944151075913,3.479769247197614e-07,0.6666666666666666,1.0,0.5,3.742857142857143,0,0.09772,-0.29036,36.45445,5.35797,114.0,87.0,160695.0,0.0,1.79729,6e-05,0.0,0.0,0.5
YMR312W,6,0.0003920615450061513,0.2062957064430702,7.192914196397495e-07,0.26666666666666666,1.0,0.5,2.017857142857143,0,0.08791,-0.07509,45.35319,6.18304,23.0,19.0,16430.0,0.0,0.5374,0.0002,0.0,0.0,0.5
YPL086C,5,7.599764270306855e-05,0.1931779068002771,3.482258350559732e-07,0.5,1.0,0.5,1.875,0,0.08977,-0.52657,26.17163,9.11407,68.0,84.0,68535.0,0.0,1.07664,0.00014,0.0,0.0,0.5
YGR208W,2,6.123705391259212e-06,0.21180696979029037,1.6606842704819869e-06,0.0,0.0,0.0,0.0,0,0.06472,-0.17217,28.00971,5.06451,46.0,36.0,18420.0,0.0,0.53849,0.00015,0.0,0.0,0.0
YKL177W,2,5.082971143491902e-05,0.23517534439156657,5.746630355766787e-05,0.0,1.0,0.0,0.0,0,0.05357,0.51875,50.10089,9.54938,4.0,11.0,3480.0,0.0,0.28321,0.00078,0.0,0.0,0.5
YGR211W,4,8.495194970472279e-05,0.22448065668256473,2.1671684583899815e-06,0.0,1.3466299862448419,0.5,0.0,1,0.06584,-0.57222,43.46193,4.7691,85.0,55.0,36255.0,0.0,0.65833,9e-05,0.3153500824189429,0.19338324065864865,0.571802663921776
YGR213C,2,1.0675954929476912e-05,0.1912751304033465,7.748630568929053e-07,0.0,0.0,0.0,0.0,0,0.14511,0.64669,39.85868,7.67682,23.0,24.0,33725.0,0.0,0.95039,0.00022,0.0,0.0,0.0
YHR082C,1,0.0,0.2273753884188128,3.4787416377361068e-06,0.0,1.0,1.0,0.0,1,0.09427,-0.97687,44.68882,6.11017,134.0,116.0,99770.0,0.0,0.85215,5e-05,0.6846499175810571,0.40640486218295563,0.7032024310914778
YHR108W,1,0.0,0.2273753884188128,3.4787416377361068e-06,0.0,1.0,0.0,0.0,0,0.0547,-0.41863,45.79607,6.06476,65.0,59.0,31775.0,0.0,0.49381,9e-05,0.0,0.0,0.5
YJR061W,1,0.0,0.2273753884188128,3.4787416377361068e-06,0.0,1.0,0.0,0.0,0,0.11872,-0.51027,40.52021,6.13153,127.0,115.0,128175.0,0.0,1.18214,6e-05,0.0,0.0,0.5
YJR134C,3,0.0008825392909630325,0.2488920250282606,3.152126964182282e-05,0.3333333333333333,1.9467353951890034,0.0,10.0,0,0.0396,-0.96945,51.12687,4.81,144.0,98.0,37610.0,0.0,0.46335,6e-05,0.0,0.0,0.5
YLL060C,1,0.0,0.2273753884188128,3.4787416377361068e-06,0.0,1.0,0.0,0.0,0,0.08584,-0.27167,44.62833,8.70538,28.0,31.0,31650.0,0.0,1.20163,0.00033,0.0,0.0,0.5
YML117W,4,0.00013785220191767338,0.24614030126056863,5.4207114196615e-05,0.0,1.4912280701754386,0.0,0.0,0,0.07848,-0.60988,52.81626,6.54181,122.0,116.0,80915.0,0.0,0.64148,5e-05,0.0,0.0,0.5
YML120C,1,0.0,0.2273753884188128,3.4787416377361068e-06,0.0,1.0,0.0,0.0,0,0.09747,-0.22515,35.70589,9.43048,51.0,65.0,48820.0,0.0,0.85276,0.00016,0.0,0.0,0.5
YMR180C,2,9.279828554051388e-05,0.22993723098823868,5.87001286889259e-06,0.0,1.0,0.5,0.0,0,0.07813,-0.77969,46.79719,9.70831,35.0,55.0,26650.0,0.0,0.72078,0.00026,0.0,0.0,0.5
YNL164C,2,3.685697668085762e-05,0.23030964761105138,3.7975831824857646e-06,0.0,1.0,0.0,0.0,0,0.07123,-0.86524,59.99262,4.85248,65.0,39.0,23880.0,0.0,0.59677,0.00012,0.0,0.0,0.5
YOR177C,5,0.000142361420705026,0.24267143711948935,8.510633542435672e-06,0.0,3.723699421965318,0.0,0.0,0,0.07328,-1.06444,52.41489,7.89227,76.0,78.0,32415.0,0.0,0.59633,0.00015,0.0,0.0,0.5
YOR184W,3,0.00023112385255654128,0.2508893941534162,4.749652110137913e-05,0.0,2.782608695652174,0.0,0.0,0,0.08354,-0.20557,36.28942,6.08234,49.0,43.0,36245.0,0.0,0.83485,0.00014,0.0,0.0,0.5
YOR329C,4,0.0004482722562962168,0.2587080612286827,3.421511891746545e-05,0.16666666666666666,3.2935377875136913,0.0,0.0,1,0.06078,-0.89128,67.55172,7.42181,68.0,68.0,49530.0,0.0,0.50902,8e-05,0.3153500824189429,0.0,0.5
YPL056C,1,0.0,0.2273753884188128,3.4787416377361068e-06,0.0,1.0,0.0,0.0,0,0.09901,0.3703,57.82376,9.82599,4.0,11.0,625.0,0.0,0.05516,0.00087,0.0,0.0,0.5
YNR045W,1,0.0,0.20326124661204978,4.6140323939227153e-07,0.0,0.0,0.0,0.0,0,0.10838,-0.56667,51.40049,9.13507,58.0,69.0,77405.0,0.0,1.34648,0.00016,0.0,0.0,0.0
YGR223C,1,0.0,0.18515316932440876,3.465036606620974e-08,0.0,1.0,0.0,0.0,0,0.08259,-0.5404,40.93328,9.2287,47.0,59.0,59900.0,0.0,1.16913,0.00018,0.0,0.0,0.5
YGR225W,1,0.0,0.1868483661951307,2.6417067950111167e-07,0.0,1.0,0.0,0.0,0,0.10287,-0.40658,46.57492,8.60651,62.0,70.0,84280.0,0.0,1.25742,0.00013,0.0,0.0,0.5
YGR228W,1,0.0,0.17882866755681637,3.019706875840432e-08,0.0,0.0,0.0,0.0,0,0.13158,1.22105,50.63596,6.47504,2.0,2.0,875.0,0.0,0.07338,0.00054,0.0,0.0,0.0
YGR233C,1,0.0,0.17822134128226425,1.3953773125852595e-08,0.0,1.0,0.5,0.0,0,0.08489,-0.33981,41.02465,5.53253,155.0,125.0,90785.0,0.0,0.67736,4e-05,0.0,0.0,0.5
YML028W,4,0.00037623015386803335,0.24205846220830946,9.609929233369195e-06,0.16666666666666666,3.4422632794457275,0.0,2.225,0,0.09694,-0.025,29.98061,5.02826,26.0,20.0,24200.0,0.0,1.12092,0.00023,0.0,0.0,0.5
YPL106C,2,0.0,0.19553436192669996,1.509215195301759e-07,1.0,1.7393939393939395,0.0,0.625,0,0.07215,-0.50707,37.8759,5.12091,118.0,91.0,50935.0,0.0,0.65837,7e-05,0.0,0.0,0.5
YGR236C,2,1.2104001354932176e-05,0.20669229874222927,1.4620908602803082e-06,0.0,0.0,0.0,0.0,0,0.07368,-0.12421,29.18842,8.0058,10.0,11.0,7450.0,0.0,0.70649,0.00076,0.0,0.0,0.0
YGR238C,1,0.0,0.20324250335541166,1.3188673875684016e-07,0.0,1.0,0.0,0.0,0,0.06916,-0.72732,37.10374,8.23578,116.0,120.0,88335.0,0.0,0.88358,8e-05,0.0,0.0,0.5
YMR267W,3,4.335635484073416e-05,0.21787893709349168,4.469414991653018e-06,0.0,2.313527180783818,0.0,0.0,0,0.09355,-0.53,33.28065,7.08649,40.0,40.0,49890.0,0.0,1.4025,0.0002,0.0,0.0,0.5
YOR389W,1,0.0,0.19765611403800212,7.299274927636565e-08,0.0,1.0,0.0,0.0,0,0.09615,-0.39535,32.9867,4.97821,88.0,60.0,96800.0,0.0,1.37852,7e-05,0.0,0.0,0.5
YOR100C,1,0.0,0.202216920742948,3.893323299498425e-06,0.0,0.0,0.0,0.0,0,0.08257,0.0318,34.46792,9.83051,19.0,36.0,21805.0,0.0,0.62741,0.00028,0.0,0.0,0.0
YPL037C,2,4.6279028020652215e-06,0.22153616721658073,5.722538033907243e-06,0.0,1.0,0.5,0.0,0,0.04459,-0.55732,42.9593,6.0976,22.0,20.0,1490.0,0.0,0.08754,0.00036,0.0,0.0,0.5
YNL183C,1,0.0,0.2092928807936342,1.6884748461027324e-06,0.0,1.0,0.0,0.0,0,0.07215,-0.57329,51.80749,8.60773,73.0,80.0,56280.0,0.0,0.6545,0.0001,0.0,0.0,0.5
YGR244C,2,7.942501683579468e-06,0.1847186831744688,4.797716568747641e-08,0.0,1.0,0.0,0.0,1,0.06557,-0.32506,37.82412,7.08881,56.0,56.0,22515.0,0.0,0.48006,0.00015,0.3153500824189429,0.0,0.5
YOL063C,2,6.52025578216837e-05,0.21613761487009187,5.27502623683194e-06,0.0,1.5155038759689923,0.0,0.0,0,0.11808,-0.37106,40.03887,5.44281,124.0,99.0,142580.0,0.0,1.29957,5e-05,0.0,0.0,0.5
YKL201C,2,0.00021149327066866054,0.18171847041287506,1.2651777688667867e-07,0.0,0.0,0.0,0.0,0,0.10866,-0.99474,51.4018,6.11188,205.0,192.0,152710.0,0.0,1.09564,4e-05,0.0,0.0,0.0
YOR225W,1,0.0,0.18170348950022766,1.2648615881588276e-07,0.0,0.0,0.0,0.0,0,0.08257,-0.02752,26.22028,9.81012,6.0,16.0,13450.0,0.0,1.06006,0.00077,0.0,0.0,0.0
YNR036C,1,0.0,0.1755596262406119,1.1013423268827536e-06,0.0,1.0,0.0,0.0,0,0.04575,-0.62222,32.35163,11.17645,6.0,29.0,11960.0,0.0,0.707,0.00066,0.0,0.0,0.5
YGR259C,1,0.0,0.00021358393848782572,2.229258935376394e-19,0.0,0.0,0.0,0.0,0,0.0,0.0,0.0,0.0,0.0,0.0,0.0,0.0,0.0,0.0,0.0,0.0,0.0
YOR301W,1,0.0,0.00021358393848782572,2.229258935376394e-19,0.0,0.0,0.0,0.0,0,0.0,0.0,0.0,0.0,0.0,0.0,0.0,0.0,0.0,0.0,0.0,0.0,0.0
YJR058C,7,0.0008378099001540172,0.253792771908315,8.884064019201191e-05,0.19047619047619047,1.9208211143695015,0.0,0.0,0,0.13605,0.13333,50.70551,4.99323,22.0,14.0,16305.0,0.0,0.93853,0.00029,0.0,0.0,0.5
YGR263C,3,8.079950152503604e-05,0.2558105069217458,8.958264342095051e-05,0.0,1.0,0.5,0.0,0,0.12028,-0.17052,52.67764,7.16522,42.0,42.0,55445.0,0.0,1.14225,0.00015,0.0,0.0,0.5
YGR267C,5,0.00014076242644452968,0.2553215554749796,5.670553491344848e-05,0.1,4.654525386313466,0.0,0.0,1,0.06173,-0.33086,59.3786,6.72284,33.0,32.0,16305.0,0.0,0.58717,0.00024,0.3153500824189429,0.0,0.5
YPL003W,3,0.0003614068775243394,0.2335926371297506,6.986963513443743e-06,0.0,2.596432552954292,0.0,2.0,0,0.09957,-0.21667,38.85154,5.19769,62.0,50.0,68395.0,0.0,1.29409,0.0001,0.0,0.0,0.5
YOR124C,2,9.744190056112016e-05,0.22335461366414286,1.7436989343366566e-05,0.0,1.0,0.0,0.0,0,0.09591,-0.53939,38.49634,5.07892,196.0,147.0,131015.0,0.0,0.8952,3e-05,0.0,0.0,0.5
YGR275W,2,0.00021149327066866054,0.23167744023101505,2.274212071885054e-05,0.0,1.6125592417061612,1.0,0.0,0,0.07006,-1.13057,39.69108,5.52264,24.0,22.0,25565.0,0.0,1.43669,0.00031,0.0,0.0,0.5
YML115C,1,0.0,0.1870307036902509,3.011761604152539e-07,0.0,1.0,0.3333333333333333,0.0,0,0.10841,-0.46075,45.0028,5.22235,78.0,58.0,77615.0,0.0,1.27048,9e-05,0.0,0.0,0.5
YGR276C,1,0.0,0.1719439347535017,1.9557459564292216e-08,0.0,1.0,1.0,0.0,0,0.0651,-0.45497,30.50108,6.75372,79.0,77.0,39140.0,0.0,0.62277,0.00011,0.0,0.0,0.5
YNR015W,2,0.00021149327066866054,0.20896547311095157,1.240141533322805e-06,0.0,1.9395109395109396,0.5,0.0,0,0.0599,-0.29714,34.2526,9.03387,40.0,50.0,35170.0,0.0,0.82142,0.00021,0.0,0.0,0.5
YGR280C,3,0.00010450038567951337,0.2413296099461033,9.869552219541451e-06,0.0,1.889967637540453,0.5,0.0,1,0.05166,-1.44354,33.61993,9.87933,46.0,73.0,29115.0,0.0,0.92986,0.00032,0.3153500824189429,0.19338324065864865,0.5511604634961664
YMR102C,3,1.0664906776451836e-06,0.2031582014598361,4.6464006143808964e-07,0.0,2.7292340884573894,0.0,0.0,0,0.08153,-0.6994,40.22831,8.85944,99.0,110.0,78155.0,0.0,0.8292,9e-05,0.0,0.0,0.5
YGR281W,1,0.0,0.19758523779809606,1.0539100293985041e-05,0.0,1.0,0.0,0.0,0,0.09546,-0.07955,38.56758,7.70953,177.0,179.0,149725.0,0.0,0.89803,5e-05,0.0,0.0,0.5
YGR283C,1,0.0,0.19527450408769043,3.892188496833123e-07,0.0,0.0,0.5,0.0,0,0.08211,-0.39619,41.5654,9.32587,34.0,48.0,36620.0,0.0,0.95003,0.00024,0.0,0.0,0.0
YGR291C,1,0.0,0.231653090297731,2.2738065994503548e-05,0.0,1.0,0.0,0.0,0,0.06849,0.03973,49.3274,9.36871,7.0,12.0,3355.0,0.0,0.39694,0.00111,0.0,0.0,0.5
YLR054C,3,0.005714800980732978,0.18690382256839194,1.2327412632041163e-07,0.0,0.0,0.0,0.0,0,0.09392,-0.3942,39.49231,6.20868,95.0,87.0,77555.0,0.0,0.94204,8e-05,0.0,0.0,0.0
YGR294W,5,0.0007659165245950178,0.26962668391189204,0.00011344081108806478,0.0,2.244075829383886,0.0,0.0,1,0.09167,0.23417,17.8075,5.13422,10.0,7.0,15930.0,0.0,1.24265,0.0004,0.3153500824189429,0.0,0.5
YHL018W,5,0.000186418448486304,0.2568090099199256,2.1311443180155846e-05,0.1,3.5603813559322033,0.0,2.033333333333333,0,0.08333,-0.52833,24.6275,8.73834,15.0,17.0,32095.0,0.0,2.28826,0.00062,0.0,0.0,0.5
YGR296W,1,0.0,0.19811805192249543,2.01917552816449e-06,0.0,1.0,0.0,0.0,0,0.09414,-0.37375,39.24377,6.93597,235.0,232.0,226165.0,0.0,1.0713,3e-05,0.0,0.0,0.5
YIL156W,4,5.3234365273997985e-05,0.24220476127887494,6.040530293451062e-05,0.6666666666666666,3.354761904761905,0.0,0.0,0,0.09524,-0.55686,53.10947,7.87347,125.0,127.0,115615.0,0.0,0.93895,6e-05,0.0,0.0,0.5
YNL015W,2,9.627896297769726e-05,0.2371745752327302,2.2904860191162243e-05,0.0,1.9929411764705882,0.5,0.0,0,0.05333,-0.556,14.12533,6.2746,13.0,11.0,1490.0,0.0,0.17346,0.00073,0.0,0.0,0.5
YNR005C,2,4.383173296059178e-05,0.20407993774423722,1.7216542152280274e-07,0.0,0.0,0.0,0.0,0,0.08209,0.6403,57.54328,7.81866,8.0,9.0,7240.0,0.0,0.49164,0.00053,0.0,0.0,0.0
YHL003C,3,9.009132655158307e-05,0.24240454524473595,2.802178408757781e-05,0.3333333333333333,1.8978947368421053,0.5,0.8333333333333334,0,0.17275,0.12311,40.15798,9.0036,37.0,45.0,96885.0,0.0,1.99953,0.00019,0.0,0.0,0.5
YKL008C,4,0.0002368014554647326,0.22993723098823868,2.4272864092548165e-06,0.16666666666666666,3.2868852459016393,0.5,2.033333333333333,0,0.16268,0.06364,40.88309,9.47064,33.0,48.0,89770.0,0.0,1.83236,0.00019,0.0,0.0,0.5
YLR046C,1,0.0,0.17976211790537164,9.74040401718544e-08,0.0,0.0,0.0,0.0,0,0.13704,0.55963,45.80815,9.48761,16.0,24.0,41285.0,0.0,1.32948,0.00031,0.0,0.0,0.0
YHL009C,2,0.0,0.2557363030269492,3.755276365093302e-05,1.0,1.9135618479880776,0.5,10.0,0,0.07879,-0.95758,55.11939,5.04364,54.0,41.0,24255.0,0.0,0.63905,0.00013,0.0,0.0,0.5
YHL009WA,1,0.0,0.24106565980944566,9.591623407287666e-06,0.0,0.0,0.0,0.0,0,0.0,0.0,0.0,0.0,0.0,0.0,0.0,0.0,0.0,0.0,0.0,0.0,0.0
YLL031C,1,0.0,0.19948982464929735,4.541928931191167e-05,0.0,1.0,0.5,0.0,1,0.12291,0.28112,30.05184,6.15179,87.0,74.0,170180.0,0.0,1.47172,5e-05,0.6846499175810571,0.2889671908216764,0.6444835954108382
YOR350C,2,1.5107289981879686e-05,0.20388171940592587,4.5452872853828845e-05,0.0,1.3970588235294117,0.0,0.0,0,0.10558,-0.33831,44.45557,8.90143,76.0,86.0,78810.0,0.0,1.02047,0.00012,0.0,0.0,0.5
YHL017W,1,0.0,0.22355850772266575,7.58791761004804e-06,0.0,1.0,0.0,0.0,0,0.14286,0.12162,35.10603,4.54523,65.0,35.0,93305.0,0.0,1.52446,7e-05,0.0,0.0,0.5
YOR107W,1,0.0,0.17510632618080255,1.2280398622578674e-07,0.0,0.0,0.5,0.0,0,0.07443,-0.79029,47.46767,8.69672,36.0,41.0,21275.0,0.0,0.60613,0.00025,0.0,0.0,0.0
YMR234W,1,0.0,0.17228666674257498,2.5253800108818675e-08,0.0,1.0,0.0,0.0,0,0.11494,-0.8727,39.42534,9.34601,36.0,51.0,53915.0,0.0,1.36734,0.00024,0.0,0.0,0.5
YHL026C,3,0.0006886676620292533,0.25514421805148596,8.88093771550949e-05,0.0,1.9135220125786163,0.0,0.0,0,0.13333,0.09333,48.96797,6.71002,28.0,27.0,58245.0,0.0,1.63074,0.00019,0.0,0.0,0.5
YHL027W,4,0.0003540653928089644,0.21355133491306671,4.178546075145879e-07,0.0,1.0,0.5,0.0,0,0.0528,-0.61872,67.56816,6.82513,64.0,62.0,52560.0,0.0,0.77032,0.0001,0.0,0.0,0.5
YJL056C,1,0.0,0.17503679539689976,6.530390734017375e-09,0.0,0.0,1.0,0.0,0,0.06364,-0.92705,43.57545,6.55902,105.0,92.0,71935.0,0.0,0.72761,7e-05,0.0,0.0,0.0
YOR275C,4,0.00014424679487373525,0.22526070086747016,7.519639038388288e-06,0.16666666666666666,1.0,0.5,8.4,0,0.09228,-0.44614,40.27794,5.71759,90.0,82.0,69970.0,0.0,0.92131,8e-05,0.0,0.0,0.5
YIL009CA,3,3.004650234114816e-05,0.1923350344812393,7.182085614070174e-07,0.3333333333333333,0.0,0.0,0.0,0,0.0,0.0,0.0,0.0,0.0,0.0,0.0,0.0,0.0,0.0,0.0,0.0,0.0
YHL036W,1,0.0,0.1896213126543435,5.815799649619735e-07,0.0,0.0,0.0,0.0,0,0.14835,0.68242,26.67145,8.93805,32.0,41.0,85925.0,0.0,1.41746,0.00015,0.0,0.0,0.0
YPR163C,6,0.0013203213178976199,0.23566568592758746,4.444506293262933e-05,0.13333333333333333,2.8685258964143427,0.0,1.5,0,0.06651,-1.09908,46.01583,5.17145,79.0,69.0,67950.0,0.0,1.40041,0.00011,0.0,0.0,0.5
YHL043W,2,3.86678584549172e-05,0.2416073803932871,2.82077312807414e-05,0.0,0.0,0.0,0.0,0,0.14706,-0.33941,57.72118,8.88287,19.0,23.0,42440.0,0.0,2.1422,0.00045,0.0,0.0,0.0
YKR035C,1,0.0,0.20725594316966117,1.4110115699390672e-06,0.0,0.0,0.0,0.0,0,0.12207,0.6892,41.77371,4.72772,13.0,10.0,15855.0,0.0,0.68227,0.0002,0.0,0.0,0.0
YHL046C,1,0.0,0.18859909533545216,7.298549084130844e-08,0.0,0.0,0.0,0.0,0,0.09167,0.23333,18.61167,5.13422,10.0,7.0,15930.0,0.0,1.23685,0.0004,0.0,0.0,0.0
YHL048W,1,0.0,0.19314405009313076,3.814150497428294e-07,0.0,1.0,0.0,0.0,0,0.17585,-0.15748,40.4901,8.50543,47.0,51.0,105600.0,0.0,2.30171,0.00019,0.0,0.0,0.5
YKL079W,2,0.00021149327066866054,0.24113159319925187,2.796644804121286e-05,0.0,1.8557919621749408,0.0,0.0,0,0.05183,-0.63415,54.15854,6.47894,91.0,87.0,36620.0,0.0,0.49622,9e-05,0.0,0.0,0.5
YHL049C,2,0.00011985444048421576,0.2411579766549332,2.799601583142045e-05,0.0,0.0,0.0,0.0,0,0.1107,-0.41292,31.62443,9.15143,34.0,43.0,17140.0,0.0,0.54404,0.00029,0.0,0.0,0.0
YOL099C,2,7.583387203126576e-07,0.20298980729763877,2.075106184902113e-06,0.0,1.0,0.0,0.0,0,0.12883,0.72331,25.66687,4.25836,21.0,11.0,13240.0,0.0,0.721,0.00023,0.0,0.0,0.5
YMR069W,2,0.00021149327066866054,0.19885089567284028,8.862931108486313e-08,0.0,0.0,0.5,0.0,0,0.09474,-0.31965,43.23653,8.31989,33.0,36.0,34475.0,0.0,1.06623,0.00026,0.0,0.0,0.0
YOL034W,4,0.00046579656360307354,0.2211360818338278,4.142401770030773e-06,0.0,1.0,0.5,0.0,1,0.06221,-0.63614,37.43734,8.38116,172.0,178.0,59345.0,0.0,0.47086,7e-05,0.6846499175810571,0.2889671908216764,0.6444835954108382
YHR009C,2,3.72787953707185e-05,0.22500774106862964,5.921839111049867e-06,0.0,1.0,0.0,0.0,1,0.06883,-0.37954,50.187,5.52008,68.0,50.0,59455.0,0.0,1.03197,0.0001,0.3153500824189429,0.0,0.5
YHR011W,1,0.0,0.00021358393848782572,2.229258935376394e-19,0.0,1.0,0.0,0.0,0,0.07399,-0.42332,38.07939,8.91937,54.0,63.0,45350.0,0.0,0.89999,0.00018,0.0,0.0,0.5
YPR004C,1,0.0,0.00021358393848782572,2.229258935376394e-19,0.0,1.0,0.0,0.0,0,0.05233,0.06047,31.47907,8.7215,35.0,40.0,18170.0,0.0,0.49372,0.00024,0.0,0.0,0.5
YHR012W,4,9.662481561115007e-05,0.22703577746577686,6.396825864707382e-06,0.5,3.0393939393939395,0.0,4.8,0,0.07092,-0.51631,23.81454,4.56049,47.0,28.0,23545.0,0.0,0.75922,0.00015,0.0,0.0,0.5
YOR069W,6,0.0002735358000793611,0.21495716854125535,1.9738134637895942e-06,0.3333333333333333,1.9360222531293463,0.0,11.114285714285714,0,0.07407,-0.74756,45.02609,5.08649,116.0,91.0,51130.0,0.0,0.66851,7e-05,0.0,0.0,0.5
YHR014W,1,0.0,0.16221854181480547,5.394965156138939e-08,0.0,1.0,1.0,0.0,1,0.08935,-0.91821,55.93883,9.58698,29.0,42.0,20985.0,0.0,0.63029,0.00029,0.3153500824189429,0.23974612282610783,0.6198730614130539
YHR185C,3,0.00021708935555653697,0.19477406571560282,3.362318419122659e-06,0.0,2.8613217768147345,0.2,0.0,0,0.1308,-0.68101,52.68945,5.2309,31.0,24.0,42120.0,0.0,1.51053,0.00019,0.0,0.0,0.5
YHR015W,1,0.0,0.19257870927372317,2.3755843555939748e-07,0.0,1.0,0.0,0.0,0,0.09408,-0.63414,39.72096,9.48163,72.0,102.0,51560.0,0.0,0.67915,0.00012,0.0,0.0,0.5
YIL028W,1,0.0,0.16628792694087002,5.371224864107045e-09,0.0,0.0,0.0,0.0,0,0.11364,0.45303,33.70765,9.60126,8.0,14.0,22835.0,0.0,1.52726,0.00064,0.0,0.0,0.0
YHR024C,1,0.0,0.00021358393848782572,2.229258935376394e-19,0.0,1.0,0.0,0.0,1,0.08714,-0.29793,39.76766,5.94061,54.0,47.0,47050.0,0.0,0.88213,0.00011,0.3153500824189429,0.0,0.5
YLR163C,1,0.0,0.00021358393848782572,2.229258935376394e-19,0.0,1.0,0.0,0.0,1,0.07143,-0.33442,36.95,6.53729,54.0,52.0,51465.0,0.0,1.00748,0.00013,0.3153500824189429,0.0,0.5
YHR025W,2,5.439177951609646e-06,0.24653952210713215,1.1609849762664126e-05,0.0,1.869757174392936,0.0,9.5,0,0.06443,-0.05546,44.10896,5.26324,37.0,30.0,28390.0,0.0,0.73336,0.00014,0.0,0.0,0.5
YOR374W,2,0.0,0.2309007728917041,7.2412776423535876e-06,1.0,1.9171038824763904,0.0,0.0,0,0.08863,-0.15087,31.42408,6.30597,59.0,56.0,54945.0,0.0,0.96866,0.00011,0.0,0.0,0.5
YLR346C,1,0.0,0.19818931100060802,3.376406180764419e-07,0.0,0.0,0.0,0.0,0,0.05941,-0.54752,38.87228,9.19879,11.0,15.0,15720.0,0.0,1.38529,0.00081,0.0,0.0,0.0
YLR350W,1,0.0,0.19818931100060802,3.376406180764419e-07,0.0,1.0,0.5,0.0,0,0.11111,-0.0588,42.12463,8.00311,18.0,19.0,37930.0,0.0,1.52609,0.00032,0.0,0.0,0.5
YOR208W,3,2.8278530541480678e-05,0.20944204187178805,9.185228336757303e-07,0.0,1.0,0.5,0.0,0,0.08533,-0.4848,43.40947,9.09662,71.0,93.0,76635.0,0.0,0.89248,0.00011,0.0,0.0,0.5
YPL140C,4,0.0006171217130146378,0.2555435742188709,9.34736775553281e-05,0.16666666666666666,2.853683148335015,0.0,2.033333333333333,0,0.083,-0.49723,43.77551,8.8172,57.0,64.0,55070.0,0.0,0.97028,0.00016,0.0,0.0,0.5
YHR035W,3,0.00019142051002589948,0.22470952007317752,1.018198764799048e-05,0.0,2.8752688172043013,0.0,0.0,0,0.09841,-0.30984,45.84256,8.84528,63.0,77.0,67250.0,0.0,0.93007,0.00012,0.0,0.0,0.5
YLL013C,2,5.607776116214485e-07,0.18712597764042635,2.180847412698181e-07,0.0,1.0,0.0,0.0,0,0.07964,-0.74664,48.68726,6.71259,85.0,81.0,53555.0,0.0,0.54611,7e-05,0.0,0.0,0.5
YHR038W,3,0.0003121826576082786,0.26212324762297223,5.271743259352537e-05,0.0,2.931567328918322,0.0,0.0,0,0.06522,-0.60435,34.06261,9.83624,29.0,46.0,3105.0,0.0,0.11759,0.00037,0.0,0.0,0.5
YHR040W,2,6.706341867326948e-05,0.23241032610721377,2.2751331517033978e-05,0.0,1.0,1.0,0.0,1,0.07377,-0.85874,47.80279,5.75946,64.0,55.0,34640.0,0.0,0.81827,0.00014,0.3153500824189429,0.23974612282610783,0.6198730614130539
YJL015C,3,0.000312116062777148,0.23831576230067164,2.634728024480756e-05,0.0,2.0,0.0,0.0,1,0.14894,0.04362,46.12234,9.73688,4.0,14.0,20690.0,0.0,1.83565,0.00086,0.3153500824189429,0.0,0.5
YLR164W,1,0.0,0.20459141628494956,1.8144932669574118e-05,0.0,0.0,0.0,0.0,0,0.10714,0.15655,52.44226,9.45416,10.0,17.0,21805.0,0.0,1.17033,0.00051,0.0,0.0,0.0
YLR309C,2,0.00018804211964004955,0.23976756351784193,7.558793866278704e-05,0.0,1.9386243386243387,0.0,0.0,0,0.03293,-1.10209,50.47783,5.5235,184.0,164.0,39685.0,0.0,0.37715,5e-05,0.0,0.0,0.5
YOR073W,2,3.891160734667328e-05,0.20645029295970044,1.8199169521855663e-05,0.0,1.7750281214848145,0.0,0.0,0,0.04237,-1.06712,57.63544,9.25958,78.0,90.0,16515.0,0.0,0.24758,0.00014,0.0,0.0,0.5
YPR203W,1,0.0,0.20459141628494956,1.8144932669574118e-05,0.0,0.0,0.0,0.0,0,0.08824,-0.27941,30.47059,9.15875,11.0,16.0,6460.0,0.0,0.54905,0.00078,0.0,0.0,0.0
YHR043C,2,0.0050619525742362755,0.23255746005146521,5.478972244141055e-06,0.0,1.0,0.0,0.0,0,0.0813,-0.23293,18.27683,5.49542,33.0,29.0,25815.0,0.0,0.95031,0.0002,0.0,0.0,0.5
YHR044C,1,0.0,0.187603807093481,8.546550560118012e-08,0.0,0.0,0.0,0.0,0,0.08943,-0.15122,14.74309,5.19098,34.0,28.0,28795.0,0.0,1.06256,0.00019,0.0,0.0,0.0
YHR045W,1,0.0,0.20570846307692955,2.482536945256955e-07,0.0,1.0,0.0,0.0,0,0.1,-0.07554,32.09788,6.63544,59.0,58.0,82945.0,0.0,1.32307,0.00011,0.0,0.0,0.5
YHR047C,1,0.0,0.15616702643835773,8.178081406957388e-10,0.0,0.0,0.0,0.0,0,0.11332,-0.28329,36.96954,5.14801,114.0,88.0,157720.0,0.0,1.61497,5e-05,0.0,0.0,0.0
YHR049W,1,0.0,0.25173471847841494,8.868705264917986e-05,0.0,1.0,0.5,0.0,0,0.09053,-0.35473,32.09922,5.92633,34.0,29.0,24535.0,0.0,0.89744,0.00022,0.0,0.0,0.5
YHR050W,2,0.005061952574236275,0.17867644827025753,2.1499930295930146e-08,0.0,1.0,0.0,0.0,0,0.08925,0.36266,38.94849,5.66388,46.0,38.0,54165.0,0.0,0.90626,9e-05,0.0,0.0,0.5
YKR089C,1,0.0,0.15089606186545454,3.2163117016680164e-10,0.0,0.0,0.0,0.0,0,0.07363,-0.48385,48.55044,8.13983,110.0,113.0,77905.0,0.0,0.75846,8e-05,0.0,0.0,0.0
YHR053C,1,0.0,0.20449650469825215,4.1962807339818125e-07,0.0,0.0,0.0,0.0,0,0.03279,-1.05246,46.7459,5.68085,8.0,7.0,1500.0,0.0,0.22555,0.00085,0.0,0.0,0.0
YHR055C,1,0.0,0.20449650469825215,4.1962807339818125e-07,0.0,0.0,0.0,0.0,0,0.0,0.0,0.0,0.0,0.0,0.0,0.0,0.0,0.0,0.0,0.0,0.0,0.0
YKL119C,2,0.0,0.21547202342729121,1.554060020000346e-06,1.0,0.0,0.5,1.0,0,0.11163,-0.21628,31.18609,9.07355,30.0,36.0,23170.0,0.0,0.91631,0.00036,0.0,0.0,0.0
YPL019C,2,2.669697190412975e-06,0.21035152964666554,1.4422715890916677e-06,0.0,1.0,0.0,0.0,0,0.10299,-0.57246,37.33078,6.95917,118.0,117.0,102930.0,0.0,1.06606,7e-05,0.0,0.0,0.5
YHR063C,1,0.0,0.191566062112708,1.0066430317742143e-07,0.0,1.0,0.0,0.0,0,0.08443,-0.19789,42.97863,6.21613,44.0,41.0,36995.0,0.0,0.86395,0.00015,0.0,0.0,0.5
YHR067W,1,0.0,0.2089456631405187,1.23982860280303e-06,0.0,1.0,0.0,0.0,0,0.11786,-0.44321,50.83643,8.94196,30.0,37.0,42705.0,0.0,1.29195,0.00027,0.0,0.0,0.5
YHR068W,3,0.00015291524640293521,0.24684324421970677,1.162529085093974e-05,0.3333333333333333,1.8384991843393148,0.0,2.9,1,0.07752,-0.23773,33.5491,5.50128,55.0,46.0,46255.0,0.0,1.07841,0.00013,0.3153500824189429,0.0,0.5
YHR070W,1,0.0,0.19694963163593618,8.950128184589573e-07,0.0,1.0,0.3333333333333333,0.0,1,0.08818,-0.27695,44.04449,9.00055,53.0,63.0,39390.0,0.0,0.697,0.00016,0.3153500824189429,0.16204621790391252,0.5810231089519563
YHR071W,1,0.0,0.2054017359524497,2.7784495116470515e-07,0.0,0.0,0.0,0.0,0,0.0917,-0.67642,43.32275,9.42023,22.0,33.0,33180.0,0.0,1.25365,0.00036,0.0,0.0,0.0
YHR073W,1,0.0,0.20729492853400064,1.3371555063444458e-06,0.0,0.0,0.0,0.6153846153846154,0,0.08635,-0.73333,46.58213,8.67377,132.0,140.0,120960.0,0.0,1.06331,8e-05,0.0,0.0,0.0
YHR074W,1,0.0,0.17490483891899866,1.4468917803774156e-08,0.0,1.0,0.0,0.0,1,0.09104,-0.1986,46.24765,6.10931,87.0,79.0,94625.0,0.0,1.17277,8e-05,0.3153500824189429,0.0,0.5
YLR356W,1,0.0,0.21115762862979132,0.00015146924895979096,0.0,0.0,0.0,0.0,0,0.07614,0.36396,27.61574,6.40094,13.0,12.0,9315.0,0.0,0.45661,0.00031,0.0,0.0,0.0
YMR257C,5,0.00010473068073600884,0.2453730395366281,0.0001034066568496299,0.0,3.982311320754717,0.0,0.0,0,0.12,-0.33825,37.89228,8.93951,96.0,112.0,117380.0,0.0,1.24183,9e-05,0.0,0.0,0.5
YHR087W,2,4.895427411062885e-06,0.19732873697459705,2.2073422361494877e-06,0.0,1.0,0.5,0.0,0,0.08108,-0.47748,22.52532,5.04877,17.0,14.0,5960.0,0.0,0.49628,0.00042,0.0,0.0,0.5
YHR090C,3,1.999721629745068e-05,0.20292439604453913,3.716822283382122e-07,0.0,0.0,1.0,0.0,0,0.05319,-0.88688,64.33227,8.25067,46.0,49.0,21065.0,0.0,0.65652,0.00026,0.0,0.0,0.0
YHR091C,1,0.0,0.1611098518064224,5.3089373174288134e-09,0.0,1.0,0.0,0.0,0,0.10109,-0.28725,37.75583,9.41266,64.0,84.0,80510.0,0.0,1.0925,0.00013,0.0,0.0,0.5
YOL088C,2,0.00021149327066866054,0.1931779068002771,3.814910834297041e-07,0.0,2.0,1.0,0.0,0,0.10108,-0.47726,40.91661,6.12897,42.0,39.0,39390.0,0.0,1.21571,0.00019,0.0,0.0,0.5
YHR094C,1,0.0,0.1557917178044009,2.1056377289909643e-09,0.0,0.0,0.0,0.0,0,0.14561,0.3007,35.19237,7.38824,40.0,41.0,111460.0,0.0,1.76192,0.00012,0.0,0.0,0.0
YHR096C,1,0.0,0.1915494136042899,4.3003365056711863e-07,0.0,0.0,0.0,0.0,0,0.1402,0.13277,39.32508,7.78265,49.0,51.0,112575.0,0.0,1.69923,0.00012,0.0,0.0,0.0
YJR048W,4,0.00042777343643284424,0.23281539322253744,6.254941218461156e-05,0.0,1.8398876404494382,0.0,0.0,0,0.09174,-0.80826,29.61284,9.46698,11.0,19.0,13325.0,0.0,1.09384,0.00078,0.0,0.0,0.5
YLR365W,1,0.0,0.18881721302473758,1.499306179233902e-07,0.0,0.0,0.0,0.0,0,0.09091,-0.11818,48.78636,10.90045,4.0,20.0,3230.0,0.0,0.25455,0.00086,0.0,0.0,0.0
YPL018W,2,0.00015386747328087792,0.20397606104648205,4.898413168810091e-07,0.0,1.0,0.5,0.0,0,0.07317,-0.46477,34.69054,8.7923,46.0,52.0,28265.0,0.0,0.66068,0.00021,0.0,0.0,0.5
YHR106W,1,0.0,0.18523875510675814,2.389328537758919e-07,0.0,0.0,0.0,0.0,0,0.0731,-0.11228,41.01845,6.41376,38.0,36.0,24910.0,0.0,0.67167,0.00017,0.0,0.0,0.0
YMR198W,3,7.09147401676332e-05,0.2105223102954068,1.1898816470235717e-06,0.3333333333333333,2.9377085650723025,0.3333333333333333,6.666666666666666,1,0.05556,-0.77828,46.4697,6.04132,104.0,96.0,33360.0,0.0,0.483,9e-05,0.3153500824189429,0.16204621790391252,0.5275803767314686
YPL241C,2,2.848394217759738e-06,0.20083496538682963,2.558083403074009e-06,0.0,1.0,0.0,0.0,0,0.09328,-0.44104,46.98955,6.60553,37.0,36.0,10065.0,0.0,0.32776,0.00022,0.0,0.0,0.5
YJL010C,1,0.0,0.15272057425427948,1.0047324441326394e-09,0.0,0.0,0.5,0.0,1,0.09309,-0.52417,43.69204,8.22675,99.0,102.0,71905.0,0.0,0.92517,0.00011,0.3153500824189429,0.19338324065864865,0.5
YHR111W,3,5.942630692018886e-06,0.2367287823036101,8.037525271108762e-06,0.0,1.0,0.0,3.571428571428572,0,0.08636,-0.28795,37.35389,6.12323,53.0,49.0,34405.0,0.0,0.69701,0.00012,0.0,0.0,0.5
YHR112C,3,0.001497222279227091,0.24823328388757313,1.1912212933379147e-05,0.0,2.9415515409139212,0.0,0.0,0,0.09524,-0.22566,43.36722,5.57587,50.0,39.0,45185.0,0.0,1.06456,0.00013,0.0,0.0,0.5
YPR145W,1,0.0,0.19340675040696398,8.899016709419134e-08,0.0,0.0,0.0,0.0,0,0.09965,-0.36783,39.28846,5.73077,83.0,68.0,95895.0,0.0,1.48745,9e-05,0.0,0.0,0.0
YHR133C,2,8.700104859563313e-06,0.23914320269492342,5.892088484848727e-05,0.0,1.8459183673469388,0.5,0.0,0,0.13746,0.28488,33.29216,8.93781,21.0,26.0,34420.0,0.0,1.06848,0.00028,0.0,0.0,0.5
YJL012C,1,0.0,0.23453719900375225,5.744300599321293e-05,0.0,1.0,0.0,0.0,1,0.1068,-0.43592,34.78795,6.36884,104.0,99.0,93210.0,0.0,1.12094,8e-05,0.6846499175810571,0.0,0.5
YJL174W,2,1.7016751121270095e-05,0.23879342661297526,5.785479888499562e-05,0.0,0.0,0.0,0.0,1,0.11232,-0.22246,34.95507,9.26532,13.0,20.0,44725.0,0.0,1.49141,0.00031,0.3153500824189429,0.0,0.0
YKL157W,4,0.0003754669979909334,0.24301927643616095,6.0773986164979615e-05,0.0,1.3974540311173975,0.0,0.0,0,0.10714,-0.31975,30.4957,8.10699,113.0,116.0,173565.0,0.0,1.61076,8e-05,0.0,0.0,0.5
YKR032W,1,0.0,0.23453719900375225,5.744300599321293e-05,0.0,0.0,0.0,0.0,0,0.18269,0.45192,38.61923,8.23041,6.0,8.0,30660.0,0.0,2.46988,0.00066,0.0,0.0,0.0
YLL054C,1,0.0,0.23453719900375225,5.744300599321293e-05,0.0,0.0,1.0,0.0,0,0.11507,-0.15623,40.80002,6.10858,103.0,93.0,85745.0,0.0,0.87845,6e-05,0.0,0.0,0.0
YLR112W,1,0.0,0.23453719900375225,5.744300599321293e-05,0.0,0.0,0.0,0.0,0,0.14388,0.39065,48.13676,10.69867,4.0,19.0,16220.0,0.0,1.01892,0.00067,0.0,0.0,0.0
YLR136C,1,0.0,0.23453719900375225,5.744300599321293e-05,0.0,0.0,0.5,0.0,0,0.08772,-0.88912,44.03193,9.10431,28.0,39.0,36995.0,0.0,1.14486,0.00028,0.0,0.0,0.0
YLR461W,2,0.0005589371110916628,0.23471203105668087,5.7452535684075126e-05,0.0,0.0,0.0,0.0,0,0.09167,0.23417,18.25917,5.52887,10.0,8.0,15930.0,0.0,1.23579,0.00043,0.0,0.0,0.0
YML131W,1,0.0,0.23453719900375225,5.744300599321293e-05,0.0,0.0,0.0,0.0,0,0.10411,-0.02712,26.22466,8.17291,40.0,42.0,51255.0,0.0,1.28216,0.0002,0.0,0.0,0.0
YOL002C,1,0.0,0.23453719900375225,5.744300599321293e-05,0.0,1.0,0.0,0.0,0,0.14826,0.43502,31.84896,9.02704,23.0,32.0,61975.0,0.0,1.70832,0.00025,0.0,0.0,0.5
YOR175C,1,0.0,0.23453719900375225,5.744300599321293e-05,0.0,1.0,0.5,0.0,0,0.15347,-0.22843,45.48456,9.51605,58.0,87.0,124315.0,0.0,1.72117,0.00013,0.0,0.0,0.5
YPR094W,2,0.00021149327066866054,0.23456215906324288,5.745245618646494e-05,0.0,0.0,1.0,0.0,1,0.06542,-0.46636,42.83561,9.10712,11.0,21.0,10105.0,0.0,0.8242,0.00074,0.3153500824189429,0.23974612282610783,0.5
YLR215C,5,0.0005362355756982798,0.253719733813487,5.0944283637250845e-05,0.0,3.423008849557522,0.0,0.0,1,0.10556,-0.53167,39.31444,4.64679,65.0,38.0,59860.0,0.0,1.4303,0.00011,0.3153500824189429,0.0,0.5
YOR215C,2,3.9287423393383665e-06,0.18654789061682284,7.816679146816767e-08,0.0,1.6474820143884892,0.0,0.0,0,0.07027,-0.52432,34.05081,9.60052,25.0,36.0,19940.0,0.0,0.9393,0.00045,0.0,0.0,0.5
YOR323C,1,0.0,0.1557917178044009,2.1056377289909643e-09,0.0,1.0,0.0,0.0,0,0.0636,-0.20899,28.41118,5.3714,66.0,54.0,33265.0,0.0,0.66878,0.00011,0.0,0.0,0.5
YHR127W,1,0.0,0.23523809463021098,4.324683677365054e-05,0.0,0.0,0.0,0.0,0,0.03704,-0.71358,28.23045,10.47284,22.0,43.0,13980.0,0.0,0.51527,0.00039,0.0,0.0,0.0
YLR056W,5,0.00015144366404331536,0.23526320410287258,9.764778679856651e-05,0.1,4.125470514429109,0.5,2.0,0,0.15342,-0.04822,38.95263,7.31061,34.0,34.0,85300.0,0.0,1.99627,0.00017,0.0,0.0,0.5
YJR008W,1,0.0,0.20770516210128273,1.2072460333158883e-06,0.0,0.0,0.0,0.0,0,0.09467,-0.3571,29.71686,6.35309,38.0,34.0,59080.0,0.0,1.53529,0.00017,0.0,0.0,0.0
YHR132C,2,0.00021149327066866054,0.22411544335123917,5.906862179355648e-06,0.0,1.0,0.0,0.0,0,0.13953,-0.3914,33.63349,5.11627,61.0,41.0,103095.0,0.0,2.069,0.0001,0.0,0.0,0.5
YNL291C,1,0.0,0.18207123436766443,9.202892816832916e-08,0.0,0.0,0.3333333333333333,0.0,0,0.12956,-0.16022,37.15843,4.36469,60.0,29.0,99975.0,0.0,1.62366,7e-05,0.0,0.0,0.0
YHR136C,2,2.1463196973766858e-05,0.1914578985091871,2.1035222657468193e-06,0.0,1.792225201072386,0.0,0.0,0,0.08784,-0.94122,69.09122,5.95074,21.0,18.0,21680.0,0.0,1.27263,0.00035,0.0,0.0,0.5
YMR246W,2,2.449292278611899e-05,0.19575143901929587,4.837815796785011e-07,0.0,1.8817966903073287,0.0,6.0,0,0.08934,-0.15101,30.92076,6.13287,88.0,81.0,99250.0,0.0,1.28452,8e-05,0.0,0.0,0.5
YMR152W,3,0.00023639803781453888,0.25524763493199326,7.127556667520262e-05,0.0,1.725531914893617,0.0,0.0,0,0.13151,-0.37068,33.47674,7.63287,44.0,45.0,63635.0,0.0,1.52834,0.00018,0.0,0.0,0.5
YHR138C,1,0.0,0.23523809463021098,4.324683677365054e-05,0.0,1.0,0.0,0.0,0,0.08772,-0.06754,30.28158,4.88019,17.0,11.0,9065.0,0.0,0.71085,0.00038,0.0,0.0,0.5
YJL131C,1,0.0,0.17796950443197235,4.024020384474925e-08,0.0,0.0,0.0,0.0,0,0.0618,-0.81376,37.34017,9.89825,46.0,75.0,28545.0,0.0,0.68849,0.00024,0.0,0.0,0.0
YKL127W,3,0.00013988512938741972,0.23681780677315586,4.3339779456248494e-05,0.0,2.7020585048754064,0.0,0.0,0,0.11053,-0.26754,32.33651,6.81378,68.0,67.0,75135.0,0.0,1.19052,0.00011,0.0,0.0,0.5
YHR144C,2,1.3473672256718135e-05,0.21615881210589533,5.930480545836904e-07,0.0,1.0,0.0,0.0,0,0.07051,-0.28942,38.48974,8.15729,38.0,41.0,19170.0,0.0,0.53779,0.00023,0.0,0.0,0.5
YHR149C,3,6.551838401880583e-05,0.21827812108321482,0.0013985690525376725,0.3333333333333333,1.3069196428571428,0.0,3.1666666666666665,0,0.07493,-0.92125,65.17399,4.87189,95.0,58.0,62160.0,0.0,0.75946,6e-05,0.0,0.0,0.5
YHR151C,1,0.0,0.00021358393848782572,2.229258935376394e-19,0.0,0.0,0.0,0.0,0,0.11977,-0.14144,42.99772,5.07428,50.0,39.0,116990.0,0.0,1.95577,8e-05,0.0,0.0,0.0
YNL193W,1,0.0,0.00021358393848782572,2.229258935376394e-19,0.0,0.0,0.0,0.0,0,0.08423,-0.32401,48.48466,4.73175,83.0,52.0,54040.0,0.0,0.84548,7e-05,0.0,0.0,0.0
YLR016C,2,0.00011984151627308404,0.22908879821616898,8.925073116392486e-06,0.0,1.9166666666666667,0.5,4.5,0,0.08824,-0.65735,42.86961,5.08954,36.0,27.0,22390.0,0.0,0.94659,0.00022,0.0,0.0,0.5
YLR132C,1,0.0,0.20729492853400064,1.3371555063444458e-06,0.0,0.0,0.5,0.0,1,0.1069,-0.46655,50.70552,6.45844,33.0,31.0,33975.0,0.0,1.00834,0.00019,0.3153500824189429,0.19338324065864865,0.5
YOR173W,1,0.0,0.20729492853400064,1.3371555063444458e-06,0.0,0.0,0.0,0.0,0,0.10765,-0.45382,46.05722,6.14813,49.0,42.0,59945.0,0.0,1.46422,0.00015,0.0,0.0,0.0
YHR156C,5,0.0003075552336820086,0.2620920777261147,9.682746988239074e-05,0.0,2.567852437417655,1.0,0.0,0,0.09412,-1.08765,47.88353,5.01434,73.0,50.0,51465.0,0.0,1.27489,0.00012,0.0,0.0,0.5
YJR010W,2,8.440888568982286e-06,0.24724475042209454,1.0886597130138256e-05,0.0,1.0,0.0,2.5,0,0.09198,-0.28767,41.91626,5.52435,68.0,54.0,61435.0,0.0,1.06429,0.0001,0.0,0.0,0.5
YHR159W,1,0.0,0.00021358393848782572,2.229258935376394e-19,0.0,0.0,0.0,0.0,0,0.0377,-1.06409,63.68294,8.29962,67.0,69.0,25690.0,0.0,0.4562,0.00015,0.0,0.0,0.0
YKR044W,1,0.0,0.00021358393848782572,2.229258935376394e-19,0.0,0.0,0.5,0.0,0,0.10384,-0.35598,42.23273,6.40472,52.0,48.0,61225.0,0.0,1.20095,0.00013,0.0,0.0,0.0
YLR451W,2,0.00013338848990280104,0.2189503131811217,1.7084177193543158e-05,0.0,1.9142259414225942,1.0,0.0,0,0.08014,-0.42856,48.72032,5.78058,111.0,98.0,100990.0,0.0,1.00837,6e-05,0.0,0.0,0.5
YHR167W,1,0.0,0.16421885241126266,7.681573542470408e-09,0.0,0.0,1.0,0.0,0,0.06897,-0.68084,40.41877,4.99469,49.0,36.0,33140.0,0.0,1.09377,0.00016,0.0,0.0,0.0
YNL260C,3,0.0002482642828253807,0.2255373064863404,7.601009794920479e-06,0.0,1.6179624664879357,1.0,2.0,1,0.09259,-0.54259,46.25,5.47968,25.0,21.0,11585.0,0.0,0.61312,0.00029,0.3153500824189429,0.23974612282610783,0.5740889012544641
YKL075C,4,0.00028151913877827727,0.22154730136581008,0.00012023411728304028,0.0,1.5762124711316396,0.0,0.0,0,0.09111,-0.67644,37.83424,5.01324,82.0,61.0,63925.0,0.0,1.22727,0.0001,0.0,0.0,0.5
YKL134C,2,0.00010707752908452849,0.23243483550095034,2.2765956968253386e-05,0.0,1.7809110629067244,0.0,0.0,0,0.09974,-0.38135,34.8614,7.49445,94.0,95.0,89335.0,0.0,1.01308,8e-05,0.0,0.0,0.5
YNL212W,1,0.0,0.17947667665304848,2.7890973749839238e-08,0.0,1.0,0.0,0.0,0,0.09463,-0.6023,40.5651,4.9649,133.0,104.0,96105.0,0.0,1.08172,6e-05,0.0,0.0,0.5
YNL255C,1,0.0,0.17947667665304848,2.7890973749839238e-08,0.0,1.0,0.0,0.0,0,0.05882,-0.8085,56.33203,8.18976,17.0,21.0,11565.0,0.0,0.67618,0.00048,0.0,0.0,0.5
YIL091C,1,0.0,0.19039938904956477,4.299248251354684e-07,0.0,0.0,0.5,0.0,1,0.10125,-0.77323,42.33972,5.93634,122.0,110.0,63525.0,0.0,0.75634,7e-05,0.6846499175810571,0.2889671908216764,0.5
YPR053C,1,0.0,0.19039938904956477,4.299248251354684e-07,0.0,0.0,0.0,0.0,0,0.0,0.0,0.0,0.0,0.0,0.0,0.0,0.0,0.0,0.0,0.0,0.0,0.0
YHR175W,1,0.0,0.23039390870618948,6.221239966814262e-05,0.0,0.0,0.0,0.0,0,0.12698,-0.01376,40.77302,7.02094,15.0,15.0,54275.0,0.0,2.50683,0.00032,0.0,0.0,0.0
YMR020W,3,5.026802916221094e-05,0.19955304007584987,5.353659597045315e-07,0.0,0.0,0.0,0.0,0,0.09252,-0.31614,38.5502,5.4278,69.0,55.0,64745.0,0.0,1.12006,9e-05,0.0,0.0,0.0
YNL175C,2,1.008021221986304e-05,0.22703577746577686,6.725111521970243e-06,0.0,1.0,0.5,0.0,0,0.05955,-1.04839,46.69305,9.32794,67.0,82.0,17920.0,0.0,0.39291,0.0002,0.0,0.0,0.5
YHR182W,1,0.0,0.20395718573430452,1.0061405972490025e-06,0.0,1.0,0.0,0.0,0,0.0879,-0.55694,43.04385,5.99127,109.0,100.0,75550.0,0.0,0.83844,7e-05,0.0,0.0,0.5
YHR186C,1,0.0,0.21039168839612082,1.6966662898852584e-05,0.0,1.0,0.0,0.0,1,0.09313,-0.40559,45.80022,7.90594,164.0,167.0,206925.0,0.0,1.16507,4e-05,0.6846499175810571,0.0,0.5
YHR187W,3,0.0005938149672435393,0.24158089851896333,2.7977305589165992e-05,0.0,1.0,0.5,0.0,0,0.09709,-0.34434,47.82039,4.71759,45.0,26.0,28225.0,0.0,0.80141,0.00013,0.0,0.0,0.5
YHR190W,3,0.00015273018521793884,0.23658902185892677,9.350277502154126e-06,0.0,2.2407185628742514,0.5,0.0,1,0.10811,-0.10721,43.06919,5.58246,60.0,47.0,51770.0,0.0,1.00098,0.00011,0.3153500824189429,0.19338324065864865,0.5431520593131939
YHR198C,2,7.551163249810945e-05,0.2260809649848971,2.027476712250481e-06,0.0,1.6269315673289184,0.0,0.0,0,0.09657,-0.46106,26.46698,9.13507,36.0,44.0,33390.0,0.0,0.91477,0.00025,0.0,0.0,0.5
YKR029C,3,5.091223475606401e-05,0.20139467540549721,6.796821549375952e-07,0.0,2.3826903023983315,0.0,0.0,0,0.06924,-0.84008,47.32173,8.89532,102.0,116.0,77375.0,0.0,0.90519,0.0001,0.0,0.0,0.5
YHR199C,1,0.0,0.00021358393848782572,2.229258935376394e-19,0.0,1.0,0.0,4.0,0,0.08065,-0.19548,37.89387,9.13531,34.0,42.0,30410.0,0.0,0.89145,0.00027,0.0,0.0,0.5
YNL095C,1,0.0,0.00021358393848782572,2.229258935376394e-19,0.0,1.0,0.0,0.0,0,0.09346,0.16558,45.62632,7.50372,52.0,53.0,74715.0,0.0,1.04945,0.00011,0.0,0.0,0.5
YHR201C,1,0.0,0.19860004754349989,7.69403370944169e-07,0.0,0.0,0.0,0.0,0,0.0806,-0.32746,38.35972,5.50433,60.0,51.0,37985.0,0.0,0.84316,0.00012,0.0,0.0,0.0
YNL034W,2,0.0,0.2008624193600439,9.111265534746804e-05,1.0,0.0,0.0,0.0,0,0.08987,-0.65735,70.7551,6.38397,66.0,60.0,76915.0,0.0,1.10872,9e-05,0.0,0.0,0.0
YPL258C,1,0.0,0.16440259035824129,6.290961394024064e-09,0.0,1.0,0.0,0.0,0,0.08348,-0.15662,34.63922,5.6369,70.0,57.0,72375.0,0.0,1.18002,9e-05,0.0,0.0,0.5
YHR209W,2,3.299110564972446e-05,0.24777284330703858,3.432917869297622e-05,0.0,0.0,0.0,0.0,0,0.13402,-0.39794,40.23306,5.7431,39.0,35.0,61475.0,0.0,1.8196,0.00017,0.0,0.0,0.0
YHR211W,2,0.00021149327066866054,0.2517634733722956,8.870260885258507e-05,0.0,1.0,0.0,0.0,0,0.0614,-0.15265,36.771,4.21429,87.0,32.0,121875.0,0.0,1.08836,4e-05,0.0,0.0,0.5
YOR360C,1,0.0,0.1999059750249659,1.1660077807165429e-06,0.0,0.0,0.0,0.0,0,0.09886,-0.25171,43.03441,6.13763,63.0,52.0,64745.0,0.0,1.06141,0.0001,0.0,0.0,0.0
YHR212C,2,0.00010574663533433027,0.23526320410287258,4.3261827606574754e-05,0.0,0.0,0.0,0.0,0,0.0,0.0,0.0,0.0,0.0,0.0,0.0,0.0,0.0,0.0,0.0,0.0,0.0
YHR214W,2,4.75594831583213e-05,0.23167744023101505,2.275151844034119e-05,0.0,0.0,0.0,0.0,0,0.0,0.0,0.0,0.0,0.0,0.0,0.0,0.0,0.0,0.0,0.0,0.0,0.0
YLR088W,2,1.0872219000824e-06,0.20524871514995222,5.56132298209873e-07,0.0,1.719325153374233,0.5,0.0,1,0.11889,0.25798,44.17347,5.85638,55.0,46.0,110070.0,0.0,1.59014,8e-05,0.3153500824189429,0.19338324065864865,0.5562381235100085
YIL001W,1,0.0,0.17694792289962763,2.322265801552134e-08,0.0,1.0,0.0,0.0,0,0.10916,-0.13021,35.17485,5.03485,80.0,60.0,56490.0,0.0,0.94574,8e-05,0.0,0.0,0.5
YIL002C,1,0.0,0.17551768486066188,2.3141934570098175e-07,0.0,1.0,0.0,0.0,0,0.11205,-0.35846,39.29622,6.29181,129.0,122.0,139800.0,0.0,1.28933,6e-05,0.0,0.0,0.5
YIL005W,2,0.0,0.24641548746579034,6.598490276815409e-05,1.0,1.8728024819027922,0.5,2.1666666666666665,0,0.11127,-0.50927,37.88261,7.87506,94.0,96.0,80315.0,0.0,0.98888,0.0001,0.0,0.0,0.5
YLR318W,2,0.0,0.18053514581134142,1.1160532699914052e-07,1.0,0.0,0.5,0.0,0,0.11199,-0.1336,38.63215,9.32611,79.0,111.0,93930.0,0.0,0.91519,9e-05,0.0,0.0,0.0
YIL011W,1,0.0,0.19175772817450512,1.3373238837731694e-07,0.0,1.0,0.0,0.0,0,0.05204,0.06097,54.39071,4.16217,24.0,9.0,14440.0,0.0,0.54888,0.00016,0.0,0.0,0.5
YIL014W,1,0.0,0.19044051735756354,1.8033375325922367e-07,0.0,0.0,0.0,0.0,0,0.11905,-0.35286,38.22589,5.41083,83.0,69.0,96355.0,0.0,1.3307,7e-05,0.0,0.0,0.0
YIL016W,1,0.0,0.00021358393848782572,2.229258935376394e-19,0.0,0.0,0.6666666666666666,0.0,0,0.05031,-0.63711,40.62075,9.58099,23.0,32.0,11585.0,0.0,0.63285,0.00052,0.0,0.0,0.0
YMR222C,1,0.0,0.00021358393848782572,2.229258935376394e-19,0.0,0.0,0.0,0.0,0,0.12108,-0.25202,40.2157,4.68451,25.0,12.0,27515.0,0.0,1.12154,0.00019,0.0,0.0,0.0
YIL019W,1,0.0,0.16502420841852064,4.246210777988821e-09,0.0,0.0,0.5,0.0,1,0.04046,-1.12688,46.8737,9.3316,58.0,67.0,7450.0,0.0,0.19157,0.00024,0.3153500824189429,0.19338324065864865,0.5
YIL020C,1,0.0,0.23523809463021098,4.324683677365054e-05,0.0,0.0,0.0,0.0,0,0.09195,-0.38046,23.33985,5.59344,40.0,34.0,48440.0,0.0,1.63891,0.00019,0.0,0.0,0.0
YIL023C,3,6.629671387886812e-05,0.21593644828429134,1.7195170890946441e-06,0.0,2.9051383399209487,0.5,0.0,0,0.08671,0.43613,35.69197,6.55975,22.0,18.0,20440.0,0.0,0.54626,0.00018,0.0,0.0,0.5
YMR104C,3,0.00013130572150824694,0.2540121387158882,8.902721080400052e-05,0.0,1.919093851132686,0.5,1.3333333333333333,0,0.09453,-0.43294,40.96547,7.32794,84.0,84.0,79020.0,0.0,1.03074,0.0001,0.0,0.0,0.5
YIL024C,1,0.0,0.22311720682672084,2.545553729683679e-06,0.0,0.0,0.0,0.0,0,0.09524,-0.71376,29.98148,5.72345,27.0,23.0,32930.0,0.0,1.51116,0.00026,0.0,0.0,0.0
YOR352W,1,0.0,0.18928747231516332,1.8521738126681108e-07,0.0,0.0,0.5,0.0,0,0.09038,-0.61079,41.58746,4.85968,53.0,35.0,30870.0,0.0,0.78601,0.00012,0.0,0.0,0.0
YMR313C,1,0.0,0.18514539272021183,9.03833765763263e-08,0.0,0.0,0.0,0.0,0,0.09502,-0.11121,48.20171,8.67633,65.0,73.0,80230.0,0.0,1.08991,0.00012,0.0,0.0,0.0
YIL032C,1,0.0,0.23523809463021098,4.324683677365054e-05,0.0,0.0,0.0,0.0,0,0.11017,-0.59831,62.43314,10.3172,11.0,26.0,6085.0,0.0,0.44146,0.00075,0.0,0.0,0.0
YJL164C,2,0.0,0.20965122492511765,1.3834132376177138e-06,1.0,1.8938775510204082,0.5,8.0,1,0.11839,-0.6801,42.48645,5.32428,60.0,48.0,60530.0,0.0,1.31372,0.00012,0.3153500824189429,0.19338324065864865,0.5510548426307855
YMR022W,2,3.924687863158601e-05,0.21051225669892662,1.8299816124890131e-06,0.0,1.6244292237442923,0.3333333333333333,6.571428571428571,0,0.07879,-0.28606,75.24667,5.05548,21.0,16.0,22835.0,0.0,1.23298,0.00027,0.0,0.0,0.5
YPL203W,4,0.0002150924918626981,0.211046423865348,1.4132367605436279e-06,0.16666666666666666,3.423469387755102,0.0,2.4333333333333336,1,0.11579,-0.45263,40.45426,6.67767,43.0,41.0,64415.0,0.0,1.45673,0.00015,0.3153500824189429,0.0,0.5
YIL042C,1,0.0,0.2151250136779817,3.1340685765851246e-06,0.0,1.0,0.0,0.0,0,0.09391,-0.2533,43.88553,8.52582,40.0,44.0,51060.0,0.0,1.1236,0.00019,0.0,0.0,0.5
YNL245C,1,0.0,0.20443960000350261,2.874228856715248e-06,0.0,0.0,1.0,0.0,1,0.03911,-1.10503,41.05531,9.69672,26.0,38.0,20970.0,0.0,1.02925,0.00048,0.3153500824189429,0.23974612282610783,0.5
YIL047C,1,0.0,0.19279770185774683,4.625423678899882e-08,0.0,1.0,0.0,0.0,0,0.13415,-0.19013,45.61664,8.87518,87.0,101.0,184090.0,0.0,1.76642,9e-05,0.0,0.0,0.5
YIL051C,1,0.0,0.23523809463021098,4.324683677365054e-05,0.0,0.0,0.0,0.0,1,0.07586,-0.08414,41.61517,9.30035,11.0,15.0,6085.0,0.0,0.38251,0.00058,0.3153500824189429,0.0,0.0
YIL053W,3,0.00023312764180536248,0.23584220508670073,4.3268328468121266e-05,0.0,1.0,0.5,0.0,0,0.108,-0.3104,27.0252,5.34772,40.0,32.0,41285.0,0.0,1.47728,0.00019,0.0,0.0,0.5
YIL054W,1,0.0,0.21657299082615325,1.7004400721401127e-06,0.0,0.0,0.0,0.0,0,0.17143,0.84476,34.14962,6.47198,6.0,5.0,10470.0,0.0,0.86923,0.00054,0.0,0.0,0.0
YIL055C,1,0.0,0.2411052155158083,2.796114024364536e-05,0.0,0.0,0.0,0.0,0,0.09091,-0.64689,56.07547,6.6181,63.0,60.0,58010.0,0.0,0.82013,9e-05,0.0,0.0,0.0
YIL060W,2,8.862509861244361e-05,0.2544079560960076,8.992688125198288e-05,0.0,2.0,0.0,0.0,0,0.05556,0.42083,63.08063,9.66644,6.0,14.0,10595.0,0.0,0.67603,0.00062,0.0,0.0,0.5
YLR017W,1,0.0,0.21960477533380776,7.344902982150003e-06,0.0,1.0,0.5,0.0,0,0.09199,-0.2451,40.55312,7.66986,34.0,35.0,33640.0,0.0,0.88863,0.0002,0.0,0.0,0.5
YLR213C,1,0.0,0.21960477533380776,7.344902982150003e-06,0.0,1.0,0.0,0.0,0,0.10664,-0.43863,34.42133,7.93097,47.0,49.0,92580.0,0.0,1.95501,0.00017,0.0,0.0,0.5
YMR044W,1,0.0,0.21960477533380776,7.344902982150003e-06,0.0,1.0,1.0,0.0,0,0.07579,-0.97726,54.08442,5.2132,99.0,84.0,59525.0,0.0,1.07396,9e-05,0.0,0.0,0.5
YNR016C,1,0.0,0.21960477533380776,7.344902982150003e-06,0.0,1.0,0.3333333333333333,0.0,1,0.0824,-0.29651,41.22638,5.8891,296.0,259.0,234820.0,0.0,0.93797,2e-05,0.6846499175810571,0.22418506295530205,0.6120925314776511
YOR346W,1,0.0,0.21960477533380776,7.344902982150003e-06,0.0,1.0,0.5,0.0,0,0.07817,-0.45766,41.90092,8.71954,116.0,130.0,86980.0,0.0,0.77504,8e-05,0.0,0.0,0.5
YIL065C,3,0.0006106291204846203,0.25679404959079133,8.98884079549645e-05,0.0,1.0,0.0,0.0,0,0.10323,-0.36323,47.98516,9.16461,19.0,24.0,24660.0,0.0,1.39061,0.00052,0.0,0.0,0.5
YJL112W,2,1.1172087629596119e-05,0.20652767312947543,1.2037124785128507e-06,0.0,0.0,0.0,0.0,0,0.07563,-0.57927,42.00759,5.37518,99.0,82.0,69300.0,0.0,0.86591,7e-05,0.0,0.0,0.0
YNL311C,2,5.768302025386358e-06,0.205958354215555,1.7482281920884762e-06,0.0,1.9976931949250287,0.0,0.0,0,0.10747,-0.41533,48.24159,6.49786,96.0,92.0,79575.0,0.0,0.89469,7e-05,0.0,0.0,0.5
YIL085C,1,0.0,0.20203156218321294,0.0013806903338012143,0.0,0.0,0.0,0.0,0,0.15861,-0.5147,44.08012,5.17731,83.0,61.0,107980.0,0.0,1.75757,8e-05,0.0,0.0,0.0
YIL086C,1,0.0,0.1945505629479885,7.5166001317142e-07,0.0,0.0,0.0,0.0,0,0.13725,-0.45686,26.73137,10.15302,5.0,17.0,9065.0,0.0,0.78254,0.00088,0.0,0.0,0.0
YNR040W,3,0.00034664997530021476,0.24531841812429872,4.6221566101342896e-05,0.0,0.0,0.0,0.0,0,0.10547,-0.20977,44.16176,10.11761,17.0,38.0,27305.0,0.0,0.95353,0.00035,0.0,0.0,0.0
YIL096C,1,0.0,0.25173471847841494,8.868705264917986e-05,0.0,1.0,0.5,0.0,0,0.10714,-0.93869,37.11878,9.70197,39.0,59.0,40005.0,0.0,1.01533,0.00025,0.0,0.0,0.5
YIL097W,2,5.627831790790123e-05,0.21144122483094413,2.405951805330276e-06,0.0,1.953757225433526,0.5,0.0,0,0.09109,-0.5,34.74944,6.66229,66.0,63.0,48205.0,0.0,0.80484,0.00011,0.0,0.0,0.5
YPL227C,2,3.683131864928789e-06,0.19303409770868468,1.6878798744880683e-07,0.0,2.0,0.3333333333333333,0.0,0,0.10479,0.01737,33.2997,8.89972,39.0,45.0,36495.0,0.0,0.95172,0.00023,0.0,0.0,0.5
YIL098C,1,0.0,0.191566062112708,1.0066430317742143e-07,0.0,1.0,0.0,0.0,0,0.07097,-0.91806,29.66194,9.66339,23.0,31.0,23950.0,0.0,1.3042,0.00053,0.0,0.0,0.5
YIL103W,1,0.0,0.155177479328177,1.0378935525791362e-08,0.0,0.0,0.0,0.0,0,0.09176,-0.25459,43.04353,8.46234,52.0,56.0,38695.0,0.0,0.80097,0.00018,0.0,0.0,0.0
YKL191W,2,0.00021149327066866054,0.1847109430243253,4.0125069210167746e-07,0.0,0.0,0.0,0.0,0,0.09551,-0.18839,38.1341,4.92596,74.0,45.0,58300.0,0.0,0.97533,8e-05,0.0,0.0,0.0
YNL326C,2,7.381175400829321e-07,0.17579066259672688,1.31264150458745e-07,0.0,1.0,0.0,0.0,0,0.125,-0.01726,39.80179,7.87897,34.0,36.0,68225.0,0.0,1.74119,0.0002,0.0,0.0,0.5
YNL161W,2,9.43074677433871e-06,0.19009559080924246,1.0664819029007017e-07,0.0,1.0,0.0,0.9333333333333332,1,0.09656,-0.87262,66.33548,7.71808,75.0,76.0,101120.0,0.0,1.16304,9e-05,0.3153500824189429,0.0,0.5
YOR032C,1,0.0,0.17616299625446682,4.696894215165998e-07,0.0,1.0,1.0,0.0,0,0.06682,-0.85507,59.5553,6.01837,51.0,44.0,22975.0,0.0,0.47012,0.00012,0.0,0.0,0.5
YPL187W,4,1.1037897821399504e-05,0.21682865987582506,2.9939833278475943e-06,0.5,3.2199798183652875,0.0,0.0,0,0.11515,-0.37091,46.87394,4.95856,22.0,14.0,51450.0,0.0,2.75991,0.00027,0.0,0.0,0.5
YIL113W,1,0.0,0.18003376170208388,2.408555521650887e-07,0.0,1.0,0.0,0.0,0,0.07177,-0.34163,54.511,7.74457,24.0,25.0,26275.0,0.0,1.10005,0.00032,0.0,0.0,0.5
YIL117C,3,0.00025823099976687776,0.23632266419747622,4.330838457802815e-05,0.0,1.0,0.0,0.0,0,0.06289,-0.43522,51.79374,6.61127,31.0,30.0,24410.0,0.0,0.70447,0.00019,0.0,0.0,0.5
YOL116W,1,0.0,0.1900464175587637,5.666025213002442e-07,0.0,0.0,1.0,0.0,0,0.06806,-0.87487,55.71466,6.23236,42.0,38.0,40130.0,0.0,0.93196,0.00014,0.0,0.0,0.0
YLR114C,1,0.0,0.18860716478159864,1.9777332347412015e-06,0.0,1.0,0.0,0.0,0,0.07984,-0.85275,45.36597,4.34821,156.0,74.0,72600.0,0.0,0.84004,5e-05,0.0,0.0,0.5
YIL119C,1,0.0,0.16572527746439805,1.0150831722869053e-08,0.0,0.0,1.0,0.0,0,0.086,-0.92678,48.69708,9.15656,33.0,42.0,34880.0,0.0,0.74814,0.0002,0.0,0.0,0.0
YIL124W,2,0.00015702203432994328,0.2460303987986562,4.915225249283285e-05,0.0,1.925,1.0,0.0,0,0.09764,-0.16128,37.6101,9.22638,30.0,39.0,22390.0,0.0,0.68234,0.00028,0.0,0.0,0.5
YPL191C,1,0.0,0.18526211041756424,1.1724936633790485e-07,0.0,0.0,0.0,0.0,0,0.075,-0.40111,45.36639,5.54547,53.0,42.0,19075.0,0.0,0.46488,0.00014,0.0,0.0,0.0
YIL130W,3,1.2595942526933153e-05,0.21143108327859964,2.231886924420545e-06,0.0,1.0,1.0,0.0,0,0.08091,-0.62469,49.40315,5.80695,106.0,94.0,74745.0,0.0,0.68712,5e-05,0.0,0.0,0.5
YIL137C,1,0.0,0.25173471847841494,8.868705264917986e-05,0.0,1.0,0.0,0.0,1,0.09408,-0.27167,41.14588,6.07831,112.0,97.0,118270.0,0.0,1.09792,6e-05,0.6846499175810571,0.0,0.5
YIL139C,2,0.00021149327066866054,0.21751340448413717,1.317843485898389e-05,0.0,1.0,0.0,0.0,0,0.1102,-0.32041,48.37024,4.81952,41.0,26.0,33390.0,0.0,1.16101,0.00017,0.0,0.0,0.5
YPL167C,1,0.0,0.1776897232858563,2.1379343206028815e-07,0.0,0.0,0.0,0.0,0,0.0,0.0,0.0,0.0,0.0,0.0,0.0,0.0,0.0,0.0,0.0,0.0,0.0
YPL260W,1,0.0,0.20476247934204403,2.684528559978254e-07,0.0,1.0,0.5,0.0,0,0.05082,-0.70653,51.12978,5.0047,97.0,66.0,31580.0,0.0,0.50303,8e-05,0.0,0.0,0.5
YOR142WA,5,0.0006489769317858098,0.21411145595859352,1.1567855461269092e-06,0.0,0.0,0.0,0.0,0,0.0,0.0,0.0,0.0,0.0,0.0,0.0,0.0,0.0,0.0,0.0,0.0,0.0
YIL153W,1,0.0,0.16338497610361463,1.1244080644731769e-08,0.0,0.0,0.5,0.0,0,0.11196,-0.37684,50.13692,6.33636,42.0,36.0,68340.0,0.0,1.51591,0.00014,0.0,0.0,0.0
YOL044W,2,0.0050619525742362755,0.19645809141971313,7.061957303244575e-07,0.0,1.0,0.3333333333333333,0.0,0,0.07311,-0.05091,50.44883,8.61664,44.0,49.0,19450.0,0.0,0.44533,0.0002,0.0,0.0,0.5
YIL157C,1,0.0,0.23523809463021098,4.324683677365054e-05,0.0,0.0,0.0,0.0,0,0.07614,-0.1665,35.15234,9.54742,22.0,28.0,18450.0,0.0,0.83696,0.00043,0.0,0.0,0.0
YIL158W,1,0.0,0.18123285183881607,2.3235508402141434e-08,0.0,1.0,0.0,0.0,0,0.08333,-0.48775,42.95343,6.75604,26.0,26.0,20650.0,0.0,0.90413,0.0003,0.0,0.0,0.5
YLL016W,3,1.7345182439225854e-05,0.22610415753362348,3.764985995075203e-06,0.3333333333333333,0.0,0.0,0.0,0,0.0,0.0,0.0,0.0,0.0,0.0,0.0,0.0,0.0,0.0,0.0,0.0,0.0
YIL163C,1,0.0,0.19085277981017115,5.801465536366031e-08,0.0,0.0,0.0,0.0,0,0.15385,-0.29573,38.76675,10.61102,5.0,22.0,13200.0,0.0,0.94358,0.00076,0.0,0.0,0.0
YIL173W,1,0.0,0.22087016009998614,8.210416299767991e-06,0.0,1.0,0.0,0.0,0,0.11168,-0.4153,33.84083,5.16412,232.0,180.0,177765.0,0.0,1.01914,3e-05,0.0,0.0,0.5
YIL174W,2,0.0004126743462867946,0.2600051111994528,9.627497025922788e-05,0.0,0.0,0.0,0.0,0,0.0,0.0,0.0,0.0,0.0,0.0,0.0,0.0,0.0,0.0,0.0,0.0,0.0
YMR057C,1,0.0,0.18049079373031665,7.467659605192267e-08,0.0,0.0,0.0,0.0,0,0.11382,-0.2935,77.72033,10.50604,7.0,22.0,15190.0,0.0,1.06279,0.00074,0.0,0.0,0.0
YLR067C,3,5.014586224370216e-06,0.23212883914036458,3.895600417951666e-05,0.3333333333333333,1.9851088201603666,0.0,2.0,0,0.11088,-0.26435,37.53721,9.33929,96.0,129.0,152875.0,0.0,1.35714,8e-05,0.0,0.0,0.5
YNL036W,4,0.002504557344821182,0.2369705760281434,1.5871630649978756e-05,0.0,3.629055007052186,0.25,0.0,1,0.0724,-0.33529,45.18824,6.5379,21.0,19.0,24045.0,0.0,0.96726,0.00026,0.3153500824189429,0.13944903000175835,0.5192128570290024
YNL165W,1,0.0,0.21697807911377848,5.9020049082544224e-06,0.0,0.0,0.0,0.0,0,0.09113,-0.55074,57.19631,6.64484,47.0,45.0,47830.0,0.0,1.03581,0.00014,0.0,0.0,0.0
YOR011W,1,0.0,0.21697807911377848,5.9020049082544224e-06,0.0,1.0,0.0,0.0,0,0.13702,0.01944,42.32908,6.8183,129.0,126.0,218580.0,0.0,1.38562,4e-05,0.0,0.0,0.5
YIR010W,1,0.0,0.18620904216937115,8.072662000789649e-07,0.0,0.0,0.5,0.0,1,0.06424,-0.9099,59.98997,5.20807,93.0,69.0,48945.0,0.0,0.74507,8e-05,0.3153500824189429,0.19338324065864865,0.5
YLR202C,2,0.00021149327066866054,0.23041799463047008,6.222297238014865e-05,0.0,0.0,0.0,0.0,0,0.21296,0.43333,40.96491,9.55341,4.0,10.0,21805.0,0.0,1.6747,0.00073,0.0,0.0,0.0
YJR004C,1,0.0,0.177818743657746,1.7264334370188987e-05,0.0,1.0,0.0,0.0,0,0.11231,-0.07123,31.19754,4.38959,57.0,25.0,79605.0,0.0,1.13174,6e-05,0.0,0.0,0.5
YIR013C,1,0.0,0.14967155559131887,3.2191242904232704e-10,0.0,0.0,0.0,0.0,0,0.05785,-0.36198,42.29008,10.74091,6.0,21.0,7615.0,0.0,0.57492,0.00081,0.0,0.0,0.0
YJL102W,2,0.00021149327066866054,0.17696212987858384,2.3227442805616105e-08,0.0,1.0,0.0,0.0,0,0.06716,-0.28596,37.13065,6.06989,98.0,92.0,83655.0,0.0,0.91644,7e-05,0.0,0.0,0.5
YLR437C,2,2.9156324429528585e-06,0.21140066445787087,3.3773079891868366e-05,0.0,0.0,0.5,0.0,0,0.04511,-0.88647,73.79474,6.7309,14.0,14.0,13980.0,0.0,0.92187,0.00044,0.0,0.0,0.0
YIR022W,3,1.4338255293899909e-05,0.22101412159817116,2.485858679028218e-06,0.3333333333333333,1.2318435754189945,0.5,0.0,1,0.11976,0.09042,31.29521,9.1861,12.0,16.0,27055.0,0.0,1.44205,0.00049,0.3153500824189429,0.19338324065864865,0.5784934242129208
YJR010CA,5,0.0026561769687791187,0.2617186163554903,9.53164336622608e-05,0.1,0.0,0.0,0.0,0,0.0,0.0,0.0,0.0,0.0,0.0,0.0,0.0,0.0,0.0,0.0,0.0,0.0
YIR023W,2,0.0,0.19378936366446228,8.503397937898611e-08,1.0,0.0,1.0,0.4,0,0.0701,-0.63361,52.49249,8.22809,82.0,86.0,100530.0,0.0,0.92083,8e-05,0.0,0.0,0.0
YNL314W,3,0.00014253015622859918,0.22492737296027776,2.737050844428303e-06,0.3333333333333333,0.0,0.0,11.5,0,0.05882,-0.75412,52.44745,7.13617,34.0,34.0,18700.0,0.0,0.64309,0.00025,0.0,0.0,0.0
YIR025W,2,6.349374265003901e-05,0.26165647624357596,0.00012609054611705268,0.0,1.7264150943396226,0.0,0.0,0,0.07609,-1.14212,47.62908,4.64288,80.0,47.0,38850.0,0.0,0.90718,0.00011,0.0,0.0,0.5
YIR027C,1,0.0,0.19276397827862182,4.787552877287907e-07,0.0,1.0,0.0,0.0,0,0.06957,-0.08478,38.50326,5.60858,51.0,38.0,49275.0,0.0,0.98303,0.00011,0.0,0.0,0.5
YIR032C,1,0.0,0.1609275210015889,5.907835885271095e-09,0.0,1.0,0.0,0.0,0,0.07179,-0.21538,26.02256,5.23163,25.0,17.0,19075.0,0.0,0.87796,0.00024,0.0,0.0,0.5
YIR035C,1,0.0,0.22409265697094827,5.9054157191823046e-06,0.0,1.0,0.0,0.0,0,0.08268,0.06024,24.00713,5.95209,27.0,25.0,24535.0,0.0,0.89282,0.00022,0.0,0.0,0.5
YIR036C,1,0.0,0.23523809463021098,4.324683677365054e-05,0.0,0.0,0.0,0.0,0,0.06844,-0.06084,33.02966,5.99298,31.0,29.0,23420.0,0.0,0.81309,0.00021,0.0,0.0,0.0
YIR037W,2,3.358476405515635e-05,0.24272488603466347,2.8042603819464356e-05,0.0,1.927461139896373,0.0,0.0,0,0.12883,-0.47853,30.99454,8.2951,22.0,24.0,17795.0,0.0,0.9546,0.00044,0.0,0.0,0.5
YML048W,1,0.0,0.19969768303323018,4.341816145668602e-07,0.0,1.0,0.5,0.0,0,0.1067,-0.32705,41.25015,6.63727,52.0,51.0,65570.0,0.0,1.42951,0.00014,0.0,0.0,0.5
YIR042C,1,0.0,0.19694083256379946,1.1021605543315765e-07,0.0,1.0,0.0,0.0,0,0.12288,-0.48051,29.90042,6.07855,35.0,34.0,46785.0,0.0,1.70612,0.00022,0.0,0.0,0.5
YJL006C,1,0.0,0.1758958802631788,2.710259196529255e-07,0.0,0.0,0.5,0.0,0,0.11765,-0.24923,37.88923,8.29608,39.0,42.0,37330.0,0.0,0.98485,0.00022,0.0,0.0,0.0
YJL019W,4,5.764424411467172e-05,0.2105725926853694,1.173761920015151e-06,0.0,2.7820823244552058,0.25,0.0,1,0.10264,-0.8195,52.55443,5.1225,101.0,74.0,98920.0,0.0,1.2494,6e-05,0.3153500824189429,0.13944903000175835,0.5250619884206815
YOR081C,1,0.0,0.19781577164223316,2.0051987876950437e-07,0.0,1.0,0.0,0.0,0,0.09212,-0.31081,47.09174,9.17792,63.0,77.0,73185.0,0.0,0.8639,0.00011,0.0,0.0,0.5
YJL024C,2,0.0,0.20170800106504638,1.185217174582549e-06,1.0,0.0,0.0,0.0,0,0.09794,-0.06649,35.86345,4.33014,27.0,13.0,18700.0,0.0,0.85242,0.0002,0.0,0.0,0.0
YJL029C,1,0.0,0.19284830935670327,8.138776044135725e-08,0.0,1.0,0.0,0.0,0,0.10462,-0.41022,41.43286,5.41302,116.0,101.0,115585.0,0.0,1.21098,6e-05,0.0,0.0,0.5
YJL034W,5,0.0004543767751882618,0.2527015968399176,8.905895807089681e-05,0.0,5.0,1.0,0.0,1,0.06452,-0.31833,26.89663,4.78778,114.0,80.0,32445.0,0.0,0.4357,6e-05,0.3153500824189429,0.23974612282610783,0.5239746122826108
YMR214W,1,0.0,0.20049698241042133,1.1707012299957277e-06,0.0,1.0,1.0,0.0,0,0.08488,-0.52759,36.41621,7.09772,50.0,50.0,28850.0,0.0,0.69446,0.00017,0.0,0.0,0.5
YMR297W,3,3.224479513504476e-05,0.22537587071299778,1.982366917947588e-05,0.0,2.8647830474268416,0.0,0.0,0,0.12406,-0.2844,39.48722,4.55511,75.0,40.0,106240.0,0.0,1.77655,8e-05,0.0,0.0,0.5
YLR316C,1,0.0,0.1695237724599286,1.0815541695600475e-08,0.0,0.0,0.0,0.0,1,0.07453,-0.50745,29.79317,5.94916,48.0,45.0,50515.0,0.0,1.36133,0.00016,0.3153500824189429,0.0,0.0
YJL044C,2,4.2386056530569475e-05,0.23540140207601853,4.535028547571095e-05,0.0,1.0,0.0,3.0,0,0.09825,-0.36507,34.68105,5.83636,67.0,56.0,74215.0,0.0,1.3791,0.00011,0.0,0.0,0.5
YPL207W,2,4.852397441334981e-06,0.22034023069456782,0.0001330372612917005,0.0,1.0,1.0,0.0,1,0.09259,-0.4516,35.32149,8.48114,101.0,111.0,102825.0,0.0,1.14499,9e-05,0.6846499175810571,0.40640486218295563,0.7032024310914778
YJL045W,1,0.0,0.18908448742227613,1.149453649442742e-07,0.0,1.0,0.0,0.0,0,0.07256,-0.34369,38.06483,6.94611,73.0,71.0,64050.0,0.0,0.92315,0.0001,0.0,0.0,0.5
YJL048C,4,0.00016116977090865973,0.2422846353344797,4.6793432844649645e-06,0.0,1.0,0.0,0.0,0,0.09596,-0.68737,44.75429,8.64984,39.0,43.0,65820.0,0.0,1.46215,0.00019,0.0,0.0,0.5
YJL052W,1,0.0,0.24106565980944566,9.591623407287666e-06,0.0,1.0,0.0,0.0,0,0.07229,-0.07319,26.8756,8.289,37.0,39.0,34630.0,0.0,0.96868,0.00023,0.0,0.0,0.5
YOR132W,3,0.0,0.19420771236565,4.180760428728347e-07,1.0,0.0,0.0,2.0,0,0.07985,-0.80744,51.71089,6.47845,80.0,78.0,58455.0,0.0,0.92488,0.0001,0.0,0.0,0.0
YJL055W,1,0.0,0.2089456631405187,1.23982860280303e-06,0.0,1.0,0.0,0.0,0,0.07755,-0.33918,36.88616,5.41254,34.0,25.0,27430.0,0.0,1.02106,0.0002,0.0,0.0,0.5
YJL057C,4,5.802142536139289e-05,0.22874405351437516,1.993274377222852e-06,0.16666666666666666,2.349124613800206,0.0,2.6095238095238096,0,0.09295,-0.36357,42.80645,6.02606,82.0,73.0,54790.0,0.0,0.72737,8e-05,0.0,0.0,0.5
YJL059W,1,0.0,0.23039390870618948,6.221239966814262e-05,0.0,1.0,0.0,0.0,0,0.15686,0.47451,47.27336,6.70331,28.0,27.0,66655.0,0.0,1.43707,0.00014,0.0,0.0,0.5
YJL143W,5,6.234456892302238e-05,0.20373095416534284,9.39540678822473e-07,0.2,0.0,0.0,3.666666666666667,1,0.09494,0.14241,48.91266,9.61322,9.0,15.0,29490.0,0.0,1.77822,0.00058,0.3153500824189429,0.0,0.0
YNR029C,2,8.779746115083728e-06,0.19302564501797626,7.432957690525272e-07,0.0,0.0,0.0,0.0,0,0.06527,-0.34126,45.31235,5.00739,70.0,51.0,46255.0,0.0,0.96122,0.0001,0.0,0.0,0.0
YJL066C,1,0.0,0.231653090297731,2.2738065994503548e-05,0.0,1.0,0.0,0.0,0,0.09921,-0.63849,35.5425,5.58905,37.0,32.0,35200.0,0.0,1.2364,0.0002,0.0,0.0,0.5
YJL067W,2,3.901946749709623e-05,0.2362340115367376,4.355897602103374e-05,0.0,0.0,0.0,0.0,0,0.12069,0.33707,24.6681,9.85284,4.0,11.0,10345.0,0.0,0.81152,0.00077,0.0,0.0,0.0
YJL078C,3,4.6300194981691966e-05,0.24276498817466263,0.00015835881201712036,0.0,2.319952774498229,0.0,0.0,0,0.05562,-0.18547,38.26322,4.46832,62.0,29.0,62115.0,0.0,0.69674,5e-05,0.0,0.0,0.5
YJL079C,1,0.0,0.231653090297731,2.2738065994503548e-05,0.0,1.0,0.0,0.0,0,0.07358,-0.17559,30.42375,4.44952,27.0,11.0,47370.0,0.0,1.54633,0.00015,0.0,0.0,0.5
YPR069C,2,0.0004229865413373211,0.18292500021891955,4.78390697469413e-07,0.0,1.825503355704698,0.0,0.0,0,0.09898,-0.28908,26.39454,5.33356,43.0,31.0,45880.0,0.0,1.3768,0.00016,0.0,0.0,0.5
YJL082W,1,0.0,0.17872715923108673,3.507572247416815e-08,0.0,0.0,0.5,0.0,0,0.08892,-0.28167,41.34109,6.21686,94.0,89.0,82250.0,0.0,0.99655,8e-05,0.0,0.0,0.0
YLR014C,5,0.0002566858815088845,0.2190700057288303,2.587199142959796e-06,0.0,2.635204081632653,1.0,3.75,0,0.10951,-0.38341,39.64106,7.11884,109.0,109.0,110640.0,0.0,1.07708,7e-05,0.0,0.0,0.5
YJL087C,1,0.0,0.22409265697094827,5.9054157191823046e-06,0.0,1.0,0.0,0.0,1,0.09553,-0.51644,32.52527,8.02631,118.0,122.0,109315.0,0.0,1.14663,8e-05,0.6846499175810571,0.0,0.5
YMR280C,2,1.972615114163555e-05,0.22456070582147344,2.7384958366862337e-06,0.0,0.0,1.0,4.571428571428571,0,0.06909,-0.56846,38.27238,9.12982,143.0,170.0,80160.0,0.0,0.49949,6e-05,0.0,0.0,0.0
YJL094C,1,0.0,0.00021358393848782572,2.229258935376394e-19,0.0,0.0,0.0,0.0,0,0.10424,0.33391,35.00046,5.72699,88.0,74.0,76750.0,0.0,0.79034,6e-05,0.0,0.0,0.0
YLR193C,1,0.0,0.00021358393848782572,2.229258935376394e-19,0.0,0.0,0.0,0.0,0,0.10857,-0.48057,33.14571,9.75995,17.0,25.0,23950.0,0.0,1.19108,0.00049,0.0,0.0,0.0
YPL084W,4,0.0001316104392243621,0.226522438606142,2.5738475747197547e-05,0.0,0.0,0.0,0.0,0,0.10308,-0.59585,47.69874,5.27386,133.0,110.0,91315.0,0.0,0.93873,5e-05,0.0,0.0,0.0
YOL075C,3,3.591506758627602e-05,0.21976900265607355,1.768321070067104e-06,0.0,0.0,0.0,0.0,0,0.10433,0.04521,35.82204,6.56903,129.0,124.0,136885.0,0.0,0.94357,5e-05,0.0,0.0,0.0
YJL100W,3,0.0003923837728678669,0.24159413873043534,4.47324636454653e-05,0.0,2.321112515802781,0.0,0.0,0,0.11697,-0.67117,46.79063,6.22858,75.0,67.0,120875.0,0.0,1.72147,9e-05,0.0,0.0,0.5
YPL040C,1,0.0,0.19344069928363716,5.849980759366547e-07,0.0,1.0,0.0,0.0,0,0.0978,-0.43363,42.48208,8.34796,119.0,125.0,163330.0,0.0,1.41054,7e-05,0.0,0.0,0.5
YJL106W,3,0.00015482894521108437,0.2607896027495429,9.500393790815172e-05,0.0,2.2008072653884962,0.0,0.0,0,0.08527,-0.48186,44.35457,5.18427,92.0,61.0,55195.0,0.0,0.75002,7e-05,0.0,0.0,0.5
YLL001W,2,3.5612706260044815e-05,0.21634977449205023,1.365659416625636e-06,0.0,1.0,0.0,0.0,0,0.05945,-0.36262,42.58099,5.35187,111.0,95.0,39530.0,0.0,0.46522,6e-05,0.0,0.0,0.5
YJR143C,1,0.0,0.2151250136779817,3.1340685765851246e-06,0.0,1.0,0.5,0.0,0,0.15879,0.01352,34.01054,6.45697,76.0,69.0,185985.0,0.0,2.1143,7e-05,0.0,0.0,0.5
YML088W,2,7.477131203425008e-05,0.22691890534724202,3.427175859685359e-06,0.0,1.704057279236277,0.0,4.666666666666667,0,0.08383,-0.58204,44.06557,5.19476,102.0,75.0,92205.0,0.0,1.19966,7e-05,0.0,0.0,0.5
YNL032W,4,0.0007682235502704157,0.25742388783435666,9.188917783891551e-05,0.0,3.521212121212121,0.0,5.0,0,0.08185,-0.60605,44.1331,5.36481,48.0,36.0,27305.0,0.0,0.83362,0.00016,0.0,0.0,0.5
YNL163C,1,0.0,0.2151250136779817,3.1340685765851246e-06,0.0,1.0,0.0,0.0,1,0.06577,-0.3009,48.98236,5.01056,173.0,125.0,84405.0,0.0,0.67816,4e-05,0.6846499175810571,0.0,0.5
YNL276C,1,0.0,0.2151250136779817,3.1340685765851246e-06,0.0,0.0,0.0,0.0,0,0.08397,0.22901,53.37099,8.19,7.0,9.0,21845.0,0.0,1.54751,0.00058,0.0,0.0,0.0
YOR109W,1,0.0,0.2151250136779817,3.1340685765851246e-06,0.0,1.0,0.0,0.0,0,0.09756,-0.42593,42.70453,6.75433,133.0,130.0,118705.0,0.0,0.95288,5e-05,0.0,0.0,0.5
YOR375C,1,0.0,0.2151250136779817,3.1340685765851246e-06,0.0,1.0,0.0,0.0,0,0.09471,-0.26366,29.0978,5.5567,53.0,47.0,62060.0,0.0,1.25198,0.00011,0.0,0.0,0.5
YMR212C,1,0.0,0.16424944687664964,1.5874087054676196e-09,0.0,0.0,0.0,0.0,1,0.08056,-0.39105,34.67315,7.17877,98.0,98.0,49960.0,0.0,0.56016,8e-05,0.3153500824189429,0.0,0.0
YJL158C,2,0.0,0.00048056386159760786,5.047181558375617e-18,0.0,0.0,0.0,0.0,0,0.06608,-0.10705,31.30537,4.49786,20.0,12.0,22180.0,0.0,0.95434,0.00019,0.0,0.0,0.0
YLR226W,1,0.0,0.0003203759077317386,3.1193297515176426e-18,0.0,0.0,1.0,0.0,0,0.11646,-0.40025,43.89549,7.91864,54.0,56.0,45475.0,0.0,0.99464,0.00017,0.0,0.0,0.0
YNL321W,1,0.0,0.18902772964303274,7.35285813144382e-07,0.0,1.0,0.0,0.0,0,0.11564,0.04295,46.34402,6.68243,71.0,65.0,149140.0,0.0,1.45506,7e-05,0.0,0.0,0.5
YOR380W,4,9.819862010906244e-05,0.23456215906324288,3.4953826531415706e-06,0.0,2.0,1.0,6.571428571428571,0,0.07143,-0.19799,42.44469,7.93048,54.0,56.0,74965.0,0.0,1.22319,0.00013,0.0,0.0,0.5
YMR204C,2,2.0614334543801816e-05,0.23393974713556884,5.5505316599901385e-06,0.0,1.0,0.0,0.0,0,0.08095,-0.75524,53.59502,8.38678,48.0,51.0,25495.0,0.0,0.53885,0.00018,0.0,0.0,0.5
YJL192C,1,0.0,0.25173471847841494,8.868705264917986e-05,0.0,1.0,0.5,0.0,0,0.12393,-0.10085,36.00726,9.45294,21.0,28.0,23380.0,0.0,0.87904,0.00036,0.0,0.0,0.5
YLR198C,2,1.2236784435836313e-05,0.22943458362960098,4.24628330693435e-06,0.0,1.0,0.0,0.0,1,0.2437,0.66975,56.08252,9.42255,1.0,7.0,27430.0,0.0,1.92928,0.00066,0.3153500824189429,0.0,0.5
YJL200C,1,0.0,0.17694792289962763,2.322265801552134e-08,0.0,1.0,0.0,0.0,0,0.07858,-0.3891,27.66961,6.49969,92.0,88.0,81915.0,0.0,0.9461,8e-05,0.0,0.0,0.5
YKR090W,2,6.825456552780938e-06,0.22751621446583348,1.183760636914312e-05,0.0,0.0,0.0,0.0,0,0.07082,-0.92705,53.92069,5.08295,109.0,84.0,40280.0,0.0,0.5071,6e-05,0.0,0.0,0.0
YMR285C,1,0.0,0.2190373493304608,1.059777776634009e-05,0.0,1.0,0.5,0.0,0,0.09903,-0.73845,41.57031,7.92047,74.0,76.0,73560.0,0.0,1.23549,0.00013,0.0,0.0,0.5
YOL136C,1,0.0,0.2190373493304608,1.059777776634009e-05,0.0,1.0,0.0,0.0,0,0.11839,-0.38463,48.86423,5.39325,49.0,36.0,23350.0,0.0,0.51526,0.00012,0.0,0.0,0.5
YKL222C,1,0.0,0.17042165991168035,1.7276442139347926e-05,0.0,0.0,1.0,0.0,0,0.11064,-0.40043,50.28189,8.39374,83.0,89.0,90700.0,0.0,1.10277,0.0001,0.0,0.0,0.0
YJL215C,2,1.3307429525583647e-05,0.22109171708674508,3.244979614023199e-06,0.0,1.9960707269155207,0.0,0.0,0,0.10924,-0.43361,70.37571,10.22577,9.0,19.0,13200.0,0.0,0.9526,0.00074,0.0,0.0,0.5
YJL219W,1,0.0,0.22409265697094827,5.9054157191823046e-06,0.0,0.0,0.0,0.0,0,0.14109,0.28871,35.75684,8.48309,40.0,45.0,110125.0,0.0,1.75199,0.00013,0.0,0.0,0.0
YJL225C,1,0.0,0.23523809463021098,4.324683677365054e-05,0.0,0.0,0.0,0.0,0,0.08646,-0.4347,37.20333,7.4704,211.0,212.0,196620.0,0.0,0.99523,4e-05,0.0,0.0,0.0
YJR001W,1,0.0,0.19399404371234097,2.253008792880478e-06,0.0,1.0,0.0,0.0,0,0.08472,0.34585,39.49686,8.44891,47.0,52.0,47130.0,0.0,0.72125,0.00013,0.0,0.0,0.5
YJR003C,1,0.0,0.13412014042278042,1.4433080160260639e-11,0.0,0.0,0.0,0.0,1,0.09056,-0.29326,39.49426,5.68903,77.0,66.0,48540.0,0.0,0.81218,0.0001,0.3153500824189429,0.0,0.0
YML053C,1,0.0,0.19281456807258873,6.288198588705122e-07,0.0,0.0,0.0,0.0,0,0.08491,-0.99953,54.74349,6.39301,17.0,14.0,16765.0,0.0,0.70022,0.00027,0.0,0.0,0.0
YJR011C,2,4.78158207517112e-06,0.22746925307165092,2.881620575452928e-06,0.0,0.0,0.0,0.0,0,0.09195,-0.1705,41.58008,5.99542,32.0,29.0,26525.0,0.0,0.87044,0.0002,0.0,0.0,0.0
YJR017C,1,0.0,0.231653090297731,2.2738065994503548e-05,0.0,1.0,0.5,1.6363636363636365,1,0.07059,-0.94882,55.83471,8.84906,26.0,29.0,21220.0,0.0,1.09356,0.00046,0.3153500824189429,0.19338324065864865,0.5966916203293243
YJR019C,2,6.186721785024149e-05,0.2457560715434868,2.996629125486553e-05,0.0,1.7850098619329389,0.0,0.0,0,0.13181,-0.42923,36.61034,8.80609,32.0,36.0,50895.0,0.0,1.26418,0.00022,0.0,0.0,0.5
YKR021W,3,6.342772075271265e-05,0.22448065668256473,2.551660979755277e-05,0.0,1.0,0.0,0.0,0,0.08415,-0.59104,47.13893,5.65399,121.0,98.0,69260.0,0.0,0.67545,6e-05,0.0,0.0,0.5
YKR104W,2,2.3291181609338066e-05,0.22329804241302484,8.800443638214922e-06,0.0,0.0,0.0,0.0,0,0.0,0.0,0.0,0.0,0.0,0.0,0.0,0.0,0.0,0.0,0.0,0.0,0.0
YLR143W,2,0.00021905650396873924,0.22093658055711324,8.213741167722769e-06,0.0,1.0,0.0,0.0,0,0.08467,-0.35182,43.6139,5.56891,90.0,71.0,67655.0,0.0,0.86804,7e-05,0.0,0.0,0.5
YLR430W,2,6.729660577963918e-05,0.22128039030548283,8.21629025674104e-06,0.0,1.0,1.0,0.0,1,0.08247,-0.44092,43.88658,8.78217,271.0,298.0,202245.0,0.0,0.80099,3e-05,0.6846499175810571,0.40640486218295563,0.7032024310914778
YNL050C,1,0.0,0.22087016009998614,8.210416299767991e-06,0.0,0.0,0.0,0.0,0,0.07407,-1.17963,55.65037,6.95355,51.0,51.0,17545.0,0.0,0.5581,0.00022,0.0,0.0,0.0
YNL329C,2,0.0050619525742362755,0.2208922958145682,8.21262489677355e-06,0.0,1.8582333696837514,0.0,0.0,0,0.09417,-0.09767,46.5412,5.44916,121.0,102.0,84795.0,0.0,0.73371,5e-05,0.0,0.0,0.5
YNR050C,3,0.0006899015899400356,0.2377245675066345,1.5802393868995106e-05,0.0,2.287895310796074,0.0,0.0,0,0.08969,-0.14215,26.43139,5.09698,61.0,49.0,63300.0,0.0,1.29402,0.0001,0.0,0.0,0.5
YOL031C,2,0.00021149327066866054,0.2208922958145682,8.21262489677355e-06,0.0,1.0,1.0,0.0,0,0.07363,-0.45463,40.26033,5.34393,62.0,48.0,35910.0,0.0,0.74388,0.00011,0.0,0.0,0.5
YOL140W,1,0.0,0.22087016009998614,8.210416299767991e-06,0.0,1.0,0.0,0.0,0,0.07801,-0.24232,32.58842,7.18829,52.0,52.0,29630.0,0.0,0.63474,0.00015,0.0,0.0,0.5
YJR023C,1,0.0,0.21039168839612082,1.6966662898852584e-05,0.0,1.0,0.0,0.0,1,0.12782,1.1594,39.5,10.69659,1.0,11.0,7700.0,0.0,0.50387,0.0007,0.3153500824189429,0.0,0.5
YJR024C,1,0.0,0.23253292479166132,5.477623742625e-06,0.0,1.0,0.0,5.2,0,0.09016,-0.15615,46.76434,6.12738,29.0,25.0,25535.0,0.0,0.93103,0.00022,0.0,0.0,0.5
YJR025C,2,3.35343301143874e-05,0.23283998812991355,6.252432308740171e-05,0.0,0.0,0.5,0.0,0,0.0904,-0.52881,38.82887,5.5014,25.0,19.0,26065.0,0.0,1.28813,0.00027,0.0,0.0,0.0
YJR034W,1,0.0,0.20238403449224202,7.769890657974233e-07,0.0,1.0,0.0,0.0,0,0.0463,-0.71944,54.93056,8.14972,16.0,18.0,3855.0,0.0,0.31103,0.00066,0.0,0.0,0.5
YJR035W,1,0.0,0.20773452663880884,5.15214749502024e-07,0.0,1.0,1.0,0.0,0,0.07465,-0.73604,42.97015,7.10907,161.0,160.0,119845.0,0.0,0.96241,6e-05,0.0,0.0,0.5
YJR038C,2,4.524514751542932e-05,0.2521811587686226,8.875305480253361e-05,0.0,1.0,0.0,0.0,0,0.05833,0.345,52.73,10.0401,4.0,9.0,8730.0,0.0,0.6705,0.00077,0.0,0.0,0.5
YPL193W,1,0.0,0.14700125571999612,3.3887700506175117e-10,0.0,0.0,1.0,0.0,0,0.08924,-1.13675,43.65092,5.77435,56.0,48.0,51925.0,0.0,1.18019,0.00013,0.0,0.0,0.0
YNL148C,3,1.8507417183762328e-06,0.19818040081263874,3.864852221487901e-06,0.0,0.0,0.0,0.0,0,0.06299,-0.54449,51.10039,4.7713,47.0,30.0,23170.0,0.0,0.81719,0.00017,0.0,0.0,0.0
YJR072C,3,0.00021601059046123824,0.19596028696490436,1.9531350201802647e-06,0.0,1.6255707762557077,0.0,0.0,1,0.08571,-0.46675,37.15457,4.75018,60.0,44.0,34100.0,0.0,0.78946,0.00011,0.3153500824189429,0.0,0.5
YOR262W,1,0.0,0.16304052429173072,2.8701407112891506e-08,0.0,1.0,0.0,0.0,1,0.10375,-0.27032,46.87726,4.43207,62.0,32.0,45100.0,0.0,1.13534,0.00011,0.3153500824189429,0.0,0.5
YOR084W,2,8.678195605434504e-06,0.20118327120056245,4.2653772706337264e-07,0.0,1.0,0.0,0.0,0,0.0801,-0.30724,50.40594,8.39923,40.0,43.0,37775.0,0.0,0.86389,0.00019,0.0,0.0,0.5
YMR315W,3,5.7246170748433906e-05,0.23677964523153694,2.3687354224561086e-05,0.0,2.830568720379147,0.0,0.0,0,0.08883,-0.17736,22.37507,6.16522,45.0,41.0,24660.0,0.0,0.6453,0.00016,0.0,0.0,0.5
YJR079W,1,0.0,0.2411052155158083,2.796114024364536e-05,0.0,0.0,0.0,0.0,0,0.16514,0.30092,39.40284,4.73456,16.0,9.0,4720.0,0.0,0.37471,0.00038,0.0,0.0,0.0
YLR217W,1,0.0,0.19399404371234097,2.253008792880478e-06,0.0,0.0,0.0,0.0,0,0.16822,0.13832,34.47673,10.00458,5.0,13.0,13075.0,0.0,1.0347,0.00079,0.0,0.0,0.0
YNL051W,1,0.0,0.19399404371234097,2.253008792880478e-06,0.0,0.0,0.0,0.0,0,0.06948,-0.31464,38.98536,8.81952,44.0,49.0,28100.0,0.0,0.61618,0.00019,0.0,0.0,0.0
YOR354C,1,0.0,0.19399404371234097,2.253008792880478e-06,0.0,0.0,0.0,0.0,0,0.09827,-0.44379,42.3951,8.2973,85.0,89.0,70680.0,0.0,0.88409,0.0001,0.0,0.0,0.0
YPR096C,3,0.0005113725526840624,0.25303522503160114,9.099472168655308e-05,0.0,1.9685534591194969,0.0,0.0,0,0.13,-0.724,32.176,9.81708,10.0,20.0,13325.0,0.0,1.12881,0.00083,0.0,0.0,0.5
YPR158WB,1,0.0,0.20163418970247568,8.111105782769559e-07,0.0,0.0,0.0,0.0,0,0.0,0.0,0.0,0.0,0.0,0.0,0.0,0.0,0.0,0.0,0.0,0.0,0.0
YJR119C,2,0.00011604088958673194,0.2520802113155786,8.872212837165401e-05,0.0,1.4540867810292635,1.0,0.0,0,0.12225,-0.47074,39.65071,5.7923,99.0,86.0,104610.0,0.0,1.23096,7e-05,0.0,0.0,0.5
YKL076C,1,0.0,0.25173471847841494,8.868705264917986e-05,0.0,1.0,0.0,0.0,0,0.13386,0.05591,35.04409,9.78229,7.0,19.0,51950.0,0.0,3.42695,0.00065,0.0,0.0,0.5
YKL111C,1,0.0,0.25173471847841494,8.868705264917986e-05,0.0,1.0,0.0,0.0,1,0.08108,0.11261,35.65495,8.54877,8.0,10.0,14815.0,0.0,1.14454,0.00066,0.3153500824189429,0.0,0.5
YKL117W,5,0.0003239333547995928,0.2558847538907252,8.901213718708852e-05,0.5,4.976649746192893,0.0,10.77142857142857,0,0.0787,-0.76343,51.18565,4.45563,43.0,20.0,30035.0,0.0,1.24723,0.00019,0.0,0.0,0.5
YKL146W,2,8.862509861244361e-05,0.2544079560960076,8.992688125198288e-05,0.0,1.8190954773869348,0.0,0.0,0,0.09827,0.06821,42.14176,8.74298,49.0,56.0,79395.0,0.0,1.05217,0.00012,0.0,0.0,0.5
YKL160W,2,6.478698364447155e-05,0.25249894920812943,8.874856711857012e-05,0.0,1.0,1.0,0.0,0,0.04828,-1.15586,40.92138,4.51324,34.0,21.0,9105.0,0.0,0.56353,0.00028,0.0,0.0,0.5
YKL224C,2,0.0002100468955803091,0.2519937492297218,8.870469053239218e-05,0.0,1.0,0.0,0.0,0,0.08943,0.33333,27.12846,5.16449,10.0,7.0,15930.0,0.0,1.2209,0.0004,0.0,0.0,0.5
YKR040C,1,0.0,0.25173471847841494,8.868705264917986e-05,0.0,1.0,0.0,0.0,0,0.14371,0.35569,46.75749,9.99774,9.0,27.0,28710.0,0.0,1.49362,0.00052,0.0,0.0,0.5
YKR087C,1,0.0,0.25173471847841494,8.868705264917986e-05,0.0,1.0,0.0,0.0,0,0.11884,-0.22493,46.42438,9.27496,30.0,40.0,51965.0,0.0,1.32133,0.00024,0.0,0.0,0.5
YLL030C,2,0.00010432804782708108,0.2523977472244789,8.870997937169004e-05,0.0,1.9535232383808097,0.0,0.0,0,0.18584,0.34779,50.60186,9.92255,3.0,14.0,14815.0,0.0,1.10966,0.00074,0.0,0.0,0.5
YLR037C,3,0.00021822467149517456,0.2588903891041008,9.060642452849654e-05,0.0,1.9135220125786163,0.0,0.0,0,0.08871,0.32016,28.21935,4.91656,11.0,7.0,15930.0,0.0,1.20884,0.00037,0.0,0.0,0.5
YLR059C,1,0.0,0.25173471847841494,8.868705264917986e-05,0.0,1.0,0.0,0.0,1,0.07807,-0.44349,50.8584,6.55804,34.0,32.0,37400.0,0.0,1.21154,0.00021,0.3153500824189429,0.0,0.5
YLR066W,1,0.0,0.25173471847841494,8.868705264917986e-05,0.0,1.0,0.5,0.0,1,0.1413,-0.26739,20.94837,8.6485,19.0,21.0,39420.0,0.0,1.84645,0.00041,0.3153500824189429,0.19338324065864865,0.5966916203293243
YLR092W,1,0.0,0.25173471847841494,8.868705264917986e-05,0.0,1.0,0.0,0.0,0,0.11646,-0.0617,35.20809,6.22516,91.0,84.0,157830.0,0.0,1.58385,6e-05,0.0,0.0,0.5
YLR104W,2,0.0002783072543940472,0.26102123728538157,0.00015089945231732248,0.0,1.9535232383808097,0.0,0.0,0,0.12214,-0.55649,52.42519,8.4201,11.0,14.0,17960.0,0.0,1.20361,0.00056,0.0,0.0,0.5
YLR118C,2,0.0017550721689391733,0.25348629415040386,9.374689286331042e-05,0.0,1.3367816091954023,0.5,0.0,0,0.09692,-0.05198,29.93485,6.36823,21.0,19.0,28210.0,0.0,1.1421,0.00026,0.0,0.0,0.5
YLR156W,1,0.0,0.25173471847841494,8.868705264917986e-05,0.0,0.0,0.0,0.0,0,0.0,0.0,0.0,0.0,0.0,0.0,0.0,0.0,0.0,0.0,0.0,0.0,0.0
YLR172C,3,4.494161970753968e-05,0.2595764135717538,9.971451237180494e-05,0.0,1.8046783625730993,0.0,0.0,0,0.09,-0.28,43.058,4.84393,48.0,31.0,43485.0,0.0,1.28475,0.00014,0.0,0.0,0.5
YLR205C,1,0.0,0.25173471847841494,8.868705264917986e-05,0.0,1.0,0.5,0.0,0,0.13249,-0.13186,48.24069,7.68231,36.0,37.0,48735.0,0.0,1.31084,0.00021,0.0,0.0,0.5
YLR230W,1,0.0,0.25173471847841494,8.868705264917986e-05,0.0,0.0,0.0,0.0,1,0.0,0.0,0.0,0.0,0.0,0.0,0.0,0.0,0.0,0.0,0.0,0.0,0.0
YLR236C,2,0.0001050797804147257,0.2529626222469599,8.87421319767139e-05,0.0,0.0,0.0,0.0,0,0.0,0.0,0.0,0.0,0.0,0.0,0.0,0.0,0.0,0.0,0.0,0.0,0.0
YLR248W,1,0.0,0.25173471847841494,8.868705264917986e-05,0.0,1.0,0.0,0.0,0,0.07213,-0.58016,40.7669,5.28705,99.0,80.0,43485.0,0.0,0.63891,8e-05,0.0,0.0,0.5
YLR379W,1,0.0,0.25173471847841494,8.868705264917986e-05,0.0,1.0,0.0,0.0,1,0.12097,-0.14113,22.56935,10.07306,9.0,17.0,17085.0,0.0,1.20698,0.00071,0.3153500824189429,0.0,0.5
YLR392C,2,0.00043943775905335586,0.25474610814121146,8.889521889153015e-05,0.0,1.3614190687361418,0.0,0.0,0,0.10618,-0.50695,44.40004,8.89667,59.0,66.0,50810.0,0.0,0.85027,0.00015,0.0,0.0,0.5
YLR397C,2,0.0003078220437868714,0.2666904625370878,0.0001166481928928252,0.0,1.9526748971193415,0.0,0.0,1,0.05897,-0.17436,40.72181,5.49176,106.0,89.0,33195.0,0.0,0.3917,6e-05,0.3153500824189429,0.0,0.5
YML013W,1,0.0,0.25173471847841494,8.868705264917986e-05,0.0,1.0,0.5,0.0,0,0.0839,-0.38767,44.28236,5.29755,87.0,67.0,57130.0,0.0,0.85575,8e-05,0.0,0.0,0.5
YML041C,5,0.0009687937384990838,0.2703874535530592,0.00010206735359227311,0.0,2.6183783783783783,1.0,0.0,0,0.075,-0.71714,44.56893,9.58954,29.0,46.0,24255.0,0.0,0.75747,0.0003,0.0,0.0,0.5
YML123C,2,0.00024045618530063316,0.2519073464355405,8.870500756468289e-05,0.0,1.6804435483870968,0.0,0.0,0,0.10051,0.16422,36.01077,5.98126,55.0,45.0,80800.0,0.0,1.25502,9e-05,0.0,0.0,0.5
YML126C,2,3.1974419014863594e-05,0.2537343380691604,8.946020800957076e-05,0.0,1.8689866939611055,0.0,0.0,1,0.10183,-0.38004,32.08597,8.35919,56.0,60.0,64720.0,0.0,1.17645,0.00015,0.3153500824189429,0.0,0.5
YMR067C,1,0.0,0.25173471847841494,8.868705264917986e-05,0.0,1.0,0.5,0.0,0,0.0625,-0.51587,40.33918,8.89581,47.0,52.0,22710.0,0.0,0.48356,0.00019,0.0,0.0,0.5
YMR160W,1,0.0,0.25173471847841494,8.868705264917986e-05,0.0,1.0,0.0,0.0,0,0.10417,-0.68064,44.22083,6.4129,97.0,92.0,143670.0,0.0,1.5108,7e-05,0.0,0.0,0.5
YMR278W,1,0.0,0.25173471847841494,8.868705264917986e-05,0.0,1.0,0.5,0.0,0,0.11736,-0.36286,34.39117,5.85504,81.0,68.0,97470.0,0.0,1.3715,8e-05,0.0,0.0,0.5
YNL008C,1,0.0,0.25173471847841494,8.868705264917986e-05,0.0,1.0,0.5,0.0,0,0.11095,-0.08343,49.0024,6.27386,79.0,73.0,86105.0,0.0,1.10891,8e-05,0.0,0.0,0.5
YNL109W,1,0.0,0.25173471847841494,8.868705264917986e-05,0.0,1.0,0.0,0.0,0,0.10497,0.68343,35.5779,9.8443,6.0,12.0,11125.0,0.0,0.56435,0.0005,0.0,0.0,0.5
YNL144C,1,0.0,0.25173471847841494,8.868705264917986e-05,0.0,1.0,0.0,0.0,0,0.08378,-0.78419,46.52962,6.08246,104.0,92.0,63980.0,0.0,0.75984,7e-05,0.0,0.0,0.5
YNL215W,1,0.0,0.25173471847841494,8.868705264917986e-05,0.0,1.0,1.0,0.0,0,0.03438,-1.36312,74.23469,4.60895,85.0,54.0,12045.0,0.0,0.33316,0.00013,0.0,0.0,0.5
YNL230C,2,0.0001343073349267192,0.2623104228072314,9.416467639180485e-05,0.0,1.9624365482233503,0.0,5.2,0,0.07388,-0.89235,50.55462,9.97162,39.0,71.0,25245.0,0.0,0.574,0.00023,0.0,0.0,0.5
YNL241C,1,0.0,0.25173471847841494,8.868705264917986e-05,0.0,1.0,0.0,0.0,1,0.10495,-0.45941,33.69586,5.92035,75.0,68.0,58915.0,0.0,1.02424,0.0001,0.3153500824189429,0.0,0.5
YNL285W,2,0.0002265789198007473,0.2518785586695345,8.870306999894292e-05,0.0,1.360062893081761,0.0,0.0,0,0.0813,-0.28862,13.00976,5.24481,14.0,11.0,22055.0,0.0,1.56721,0.00037,0.0,0.0,0.5
YOL072W,1,0.0,0.25173471847841494,8.868705264917986e-05,0.0,1.0,0.5,0.0,0,0.0989,-0.12857,45.81695,8.93463,35.0,42.0,67225.0,0.0,1.27616,0.00017,0.0,0.0,0.5
YOL101C,1,0.0,0.25173471847841494,8.868705264917986e-05,0.0,1.0,0.5,0.0,0,0.16667,0.29167,46.67609,8.1535,25.0,27.0,40965.0,0.0,1.11904,0.00022,0.0,0.0,0.5
YOR008C,3,0.0004370751799042194,0.25374894400618947,8.97772277704859e-05,0.0,1.4937106918238994,0.0,0.0,0,0.06614,-0.47143,48.3537,4.7005,36.0,19.0,27485.0,0.0,0.69991,0.00012,0.0,0.0,0.5
YOR033C,3,0.00016048706058067048,0.25353003136110447,8.881906443446169e-05,0.3333333333333333,2.782249742002064,1.0,0.0,0,0.07692,-0.58818,45.92721,8.6153,97.0,106.0,44290.0,0.0,0.55251,0.00011,0.0,0.0,0.5
YOR379C,2,0.00010582716249718685,0.2587384313714576,9.459246836836214e-05,0.0,1.3632075471698113,0.0,0.0,0,0.125,-0.61429,31.24473,10.11383,4.0,19.0,15315.0,0.0,1.15304,0.00076,0.0,0.0,0.5
YPL052W,1,0.0,0.25173471847841494,8.868705264917986e-05,0.0,1.0,0.0,0.0,0,0.10274,-0.29281,37.9175,6.60028,34.0,33.0,52995.0,0.0,1.55662,0.00019,0.0,0.0,0.5
YPL088W,3,0.00045634912602886854,0.26839543687746736,9.829713455237076e-05,0.0,2.487005649717514,0.0,0.0,0,0.09357,-0.36228,38.49418,6.84454,47.0,46.0,48860.0,0.0,1.23128,0.00017,0.0,0.0,0.5
YPL092W,1,0.0,0.25173471847841494,8.868705264917986e-05,0.0,1.0,0.0,0.0,0,0.15939,0.52642,43.04476,8.73334,26.0,33.0,108970.0,0.0,2.07386,0.00017,0.0,0.0,0.5
YPL158C,2,2.2637804420226208e-05,0.2545842711680926,8.915284712029975e-05,0.0,1.2955974842767295,0.0,0.0,0,0.05541,-0.8372,55.7624,6.27875,107.0,103.0,39240.0,0.0,0.46249,7e-05,0.0,0.0,0.5
YPL159C,2,0.0001343073349267192,0.2623104228072314,9.416467639180485e-05,0.0,1.3632075471698113,0.0,0.0,0,0.07115,-0.87431,44.95889,10.20392,24.0,48.0,22460.0,0.0,0.77176,0.00035,0.0,0.0,0.5
YPL219W,2,8.649473391497002e-05,0.25399750246473773,8.896489760034454e-05,0.0,1.9135220125786163,0.5,0.0,0,0.06504,-0.65041,42.33559,4.6651,83.0,50.0,17015.0,0.0,0.30696,8e-05,0.0,0.0,0.5
YPL270W,2,0.00021149327066866054,0.2517634733722956,8.870260885258507e-05,0.0,1.9774590163934427,0.0,0.0,0,0.07115,-0.08823,40.39755,9.18524,74.0,91.0,33695.0,0.0,0.39578,0.00011,0.0,0.0,0.5
YPR003C,1,0.0,0.25173471847841494,8.868705264917986e-05,0.0,1.0,0.5,0.0,0,0.09947,0.14735,40.07044,8.56146,61.0,67.0,52605.0,0.0,0.63088,0.0001,0.0,0.0,0.5
YPR114W,1,0.0,0.25173471847841494,8.868705264917986e-05,0.0,1.0,0.5,0.0,0,0.16508,0.32762,34.78073,9.27802,21.0,31.0,68340.0,0.0,1.8596,0.00025,0.0,0.0,0.5
YPR130C,1,0.0,0.25173471847841494,8.868705264917986e-05,0.0,1.0,0.0,0.0,0,0.08148,0.69556,54.01481,11.93365,4.0,17.0,12490.0,0.0,0.83654,0.0008,0.0,0.0,0.5
YPR188C,2,3.633830432227042e-05,0.2523399539341418,8.875020155009273e-05,0.0,2.0,0.0,0.0,0,0.08589,-0.59202,36.94294,4.34711,35.0,16.0,8480.0,0.0,0.45788,0.00023,0.0,0.0,0.5
YKL059C,4,7.691171179728193e-07,0.21669009759010588,2.4527478517182683e-05,0.5,2.893805309734513,1.0,4.0,1,0.07256,-0.79002,48.6227,6.18024,62.0,59.0,33430.0,0.0,0.67336,0.00012,0.3153500824189429,0.23974612282610783,0.541424024280352
YJR097W,1,0.0,0.22311720682672084,2.545553729683679e-06,0.0,1.0,0.5,0.0,0,0.09302,-0.60174,48.22965,4.91962,30.0,19.0,15190.0,0.0,0.75847,0.00025,0.0,0.0,0.5
YJR099W,2,5.671199455040347e-05,0.22337725019132074,2.6985328351433056e-06,0.0,1.0,0.0,0.0,0,0.09746,-0.33178,45.57924,4.48016,34.0,17.0,28545.0,0.0,1.08186,0.00017,0.0,0.0,0.5
YJR100C,1,0.0,0.23523809463021098,4.324683677365054e-05,0.0,0.0,0.0,0.0,0,0.12232,-0.28991,39.28413,8.742,36.0,39.0,37150.0,0.0,0.99122,0.00023,0.0,0.0,0.0
YJR102C,5,0.00016368883084254846,0.23675421103579802,4.363789086208944e-05,0.2,0.0,0.0,5.3,0,0.10396,-0.53317,50.28218,5.30743,27.0,24.0,50920.0,0.0,2.16153,0.00023,0.0,0.0,0.0
YLR417W,4,8.560921599172074e-05,0.21577789687579046,1.0480180112773433e-06,0.3333333333333333,0.0,0.0,3.95,0,0.0742,-0.39982,42.59717,5.97235,71.0,64.0,48830.0,0.0,0.76277,9e-05,0.0,0.0,0.0
YMR077C,4,0.00019139415904280218,0.2231962863430645,3.0810615303894493e-06,0.16666666666666666,0.0,0.0,3.0,0,0.04525,-0.89864,53.25566,5.2403,41.0,33.0,5960.0,0.0,0.23247,0.0002,0.0,0.0,0.0
YJR105W,1,0.0,0.18495118969856186,9.370025863692505e-07,0.0,1.0,0.0,0.0,0,0.08529,0.00559,21.59062,4.98981,42.0,29.0,26275.0,0.0,0.7224,0.00014,0.0,0.0,0.5
YLR301W,3,0.00037334610421516085,0.22849505781025936,5.428498380073047e-05,0.0,2.0351966873706004,0.5,0.0,0,0.11475,-0.43648,30.4,5.10065,31.0,23.0,49055.0,0.0,1.7838,0.00019,0.0,0.0,0.5
YKL048C,1,0.0,0.19278926985679087,1.6816151227082436e-07,0.0,1.0,0.0,0.6153846153846154,0,0.07187,-0.48656,49.15688,8.36261,78.0,83.0,70620.0,0.0,0.97881,0.00012,0.0,0.0,0.5
YJR120W,1,0.0,0.23523809463021098,4.324683677365054e-05,0.0,0.0,0.0,0.0,0,0.11207,-0.23879,54.04828,10.09186,7.0,17.0,14815.0,0.0,1.10474,0.00075,0.0,0.0,0.0
YJR125C,1,0.0,0.15163834383472732,5.435988293004472e-10,0.0,0.0,0.0,0.0,0,0.08088,-0.82402,44.29096,4.71466,68.0,45.0,25900.0,0.0,0.5744,0.0001,0.0,0.0,0.0
YJR127C,1,0.0,0.19996038354617934,5.059840214130567e-06,0.0,1.0,1.0,0.0,0,0.08696,-0.37442,47.85835,8.26715,133.0,140.0,134015.0,0.0,0.86427,5e-05,0.0,0.0,0.5
YJR136C,2,0.00021149327066866054,0.24113159319925187,2.796644804121286e-05,0.0,0.0,0.5,0.0,1,0.09026,0.01378,46.37154,6.21112,46.0,43.0,51100.0,0.0,1.0504,0.00013,0.3153500824189429,0.19338324065864865,0.5
YKL033W,1,0.0,0.19314405009313076,3.814150497428294e-07,0.0,0.0,0.5,0.0,1,0.08189,-0.07197,43.45212,5.01263,150.0,105.0,88470.0,0.0,0.74415,4e-05,0.6846499175810571,0.2889671908216764,0.5
YJR146W,2,0.005271309549241616,0.23044208559127624,6.222297427073919e-05,0.0,1.0,0.5,0.0,0,0.13675,-0.28889,41.34538,9.57562,5.0,13.0,29950.0,0.0,2.27396,0.00073,0.0,0.0,0.5
YLR246W,2,0.00021148253551457353,0.18624051101759787,8.074064134469717e-07,0.0,0.0,0.5,0.0,0,0.12256,0.01978,43.08443,9.48151,23.0,40.0,66235.0,0.0,1.61162,0.00023,0.0,0.0,0.0
YJR154W,1,0.0,0.23523809463021098,4.324683677365054e-05,0.0,1.0,0.0,0.0,0,0.10694,-0.39971,38.09251,6.01129,44.0,36.0,37455.0,0.0,0.96108,0.00015,0.0,0.0,0.5
YJR157W,1,0.0,0.23039390870618948,6.221239966814262e-05,0.0,0.0,0.0,0.0,0,0.15,0.30667,49.04258,8.95831,7.0,11.0,23755.0,0.0,1.70406,0.00064,0.0,0.0,0.0
YKL001C,2,7.25553841113234e-05,0.2311914121401124,6.223577893012852e-05,0.0,1.9719101123595506,0.0,0.0,0,0.07921,-0.43218,45.50693,8.27228,30.0,32.0,21930.0,0.0,0.95099,0.00036,0.0,0.0,0.5
YNL107W,1,0.0,0.18589493759859668,3.4310962076939354e-08,0.0,1.0,0.5,0.0,0,0.09292,-0.64823,49.61642,5.25555,36.0,27.0,23045.0,0.0,0.887,0.0002,0.0,0.0,0.5
YKL073W,1,0.0,0.19811805192249543,2.01917552816449e-06,0.0,1.0,1.0,0.0,0,0.07264,-0.45346,42.58343,5.17645,136.0,107.0,42665.0,0.0,0.42849,5e-05,0.0,0.0,0.5
YLR109W,1,0.0,0.19811805192249543,2.01917552816449e-06,0.0,1.0,0.0,1.6,0,0.09659,-0.0483,34.32557,5.0069,21.0,15.0,31315.0,0.0,1.63829,0.00026,0.0,0.0,0.5
YNL014W,1,0.0,0.19811805192249543,2.01917552816449e-06,0.0,1.0,0.0,0.0,0,0.06609,-0.27615,33.96609,5.86823,145.0,128.0,96645.0,0.0,0.8341,5e-05,0.0,0.0,0.5
YPL283C,1,0.0,0.19811805192249543,2.01917552816449e-06,0.0,0.0,0.0,0.0,0,0.0,0.0,0.0,0.0,0.0,0.0,0.0,0.0,0.0,0.0,0.0,0.0,0.0
YPR122W,1,0.0,0.19811805192249543,2.01917552816449e-06,0.0,1.0,0.0,0.0,0,0.11424,-0.24909,40.45004,8.56464,128.0,138.0,119580.0,0.0,0.86445,6e-05,0.0,0.0,0.5
YKL017C,3,0.00014938333280111393,0.22682549425108178,9.609978865827699e-05,0.3333333333333333,2.83983286908078,0.5,2.0,0,0.06149,-0.42035,40.38537,7.2099,91.0,91.0,53580.0,0.0,0.68454,9e-05,0.0,0.0,0.5
YML097C,3,1.659372203883479e-05,0.18790769663137916,3.172485404799735e-07,0.3333333333333333,0.0,0.0,0.3333333333333333,0,0.08869,-0.61752,46.3743,4.9986,83.0,64.0,25495.0,0.0,0.48578,0.0001,0.0,0.0,0.0
YKL024C,1,0.0,0.23039390870618948,6.221239966814262e-05,0.0,0.0,0.5,0.0,1,0.07843,-0.35588,43.71765,6.19208,31.0,30.0,6460.0,0.0,0.28169,0.00027,0.3153500824189429,0.19338324065864865,0.5
YKL029C,2,1.1776144947998894e-05,0.2279868970920881,6.472643046503506e-06,0.0,1.3652173913043477,0.0,0.0,0,0.07025,-0.31898,41.34589,8.38776,77.0,81.0,58425.0,0.0,0.78555,0.00011,0.0,0.0,0.5
YMR090W,2,3.390046901400549e-05,0.23700879914379933,4.334635970730206e-05,0.0,1.3652173913043477,0.0,0.0,0,0.07048,-0.12599,28.1793,5.63202,30.0,28.0,16180.0,0.0,0.65027,0.00023,0.0,0.0,0.5
YKL035W,1,0.0,0.22568741835324202,2.0182263553764617e-06,0.0,1.0,0.0,0.0,1,0.07014,-0.2986,31.05611,6.98297,62.0,61.0,33390.0,0.0,0.59639,0.00012,0.3153500824189429,0.0,0.5
YKL038W,1,0.0,0.22307204368582176,2.6953931813323404e-06,0.0,0.0,0.5,0.0,0,0.06581,-0.53171,48.77274,8.04156,105.0,108.0,81845.0,0.0,0.63822,6e-05,0.0,0.0,0.0
YKL041W,2,0.0,0.19544766583646023,1.68205665504266e-07,1.0,0.0,0.0,0.0,0,0.0,0.0,0.0,0.0,0.0,0.0,0.0,0.0,0.0,0.0,0.0,0.0,0.0
YKL044W,1,0.0,0.23039390870618948,6.221239966814262e-05,0.0,0.0,0.0,0.0,0,0.16981,0.41132,53.33302,10.79144,1.0,12.0,13075.0,0.0,1.05039,0.00087,0.0,0.0,0.0
YKL047W,1,0.0,0.15729826774463043,1.3389086659445218e-09,0.0,0.0,0.0,0.0,0,0.10659,-0.26202,43.582,5.2099,69.0,50.0,63800.0,0.0,1.0833,9e-05,0.0,0.0,0.0
YPL130W,2,0.00021149327066866054,0.18772364599589147,8.514287057938891e-08,0.0,0.0,0.0,0.0,0,0.09417,-0.20852,52.64529,4.07758,42.0,15.0,16515.0,0.0,0.66091,0.00016,0.0,0.0,0.0
YLR285W,3,0.00021335831908073324,0.18949089349075887,8.984163327613405e-08,0.0,0.0,0.0,0.0,0,0.09195,-0.35172,48.24406,4.99213,41.0,23.0,35535.0,0.0,1.1992,0.00017,0.0,0.0,0.0
YNL122C,1,0.0,0.20562210352064203,4.777682038942936e-07,0.0,0.0,0.0,0.0,0,0.07826,-0.75217,35.69739,12.25897,1.0,26.0,13980.0,0.0,1.05562,0.00093,0.0,0.0,0.0
YKL067W,3,0.00014226401809388763,0.2473279838004558,5.397439785476049e-05,0.3333333333333333,2.812964930924548,0.0,1.1111111111111112,0,0.0915,-0.36732,30.67908,8.64545,20.0,22.0,26595.0,0.0,1.54924,0.0005,0.0,0.0,0.5
YNL273W,3,1.4311780090854573e-05,0.23437508800911971,1.4215380560995892e-05,0.0,1.585014409221902,1.0,0.0,0,0.09289,-0.41276,43.00519,5.77997,175.0,158.0,115015.0,0.0,0.81502,4e-05,0.0,0.0,0.5
YKL069W,1,0.0,0.24106565980944566,9.591623407287666e-06,0.0,1.0,0.5,0.0,0,0.08889,-0.09778,30.96783,4.90851,23.0,13.0,26190.0,0.0,1.32715,0.00025,0.0,0.0,0.5
YKL072W,2,1.4017822107779359e-05,0.2059294896419473,1.9431262565895837e-06,0.0,1.9223529411764706,0.0,0.0,0,0.10836,-0.63251,40.64598,8.81818,98.0,112.0,111210.0,0.0,1.25187,0.0001,0.0,0.0,0.5
YOR148C,1,0.0,0.18037262798295853,1.902377313263735e-06,0.0,0.0,0.5,0.0,1,0.04865,-0.93892,44.84919,8.7868,32.0,35.0,13980.0,0.0,0.67706,0.00043,0.3153500824189429,0.19338324065864865,0.5
YKL087C,1,0.0,0.15853719314064102,1.3576079221239162e-09,0.0,0.0,0.0,0.0,0,0.10714,-0.95402,37.48536,6.59869,32.0,31.0,54930.0,0.0,2.10655,0.00025,0.0,0.0,0.0
YKL088W,3,0.0003760642651289974,0.2631560298057145,9.646155176283004e-05,0.0,2.432639649507119,0.0,0.0,1,0.05429,-0.94816,53.71996,4.90875,103.0,70.0,39670.0,0.0,0.60809,8e-05,0.3153500824189429,0.0,0.5
YKL093W,1,0.0,0.18587142246903035,9.474479275996213e-08,0.0,0.0,0.0,0.0,0,0.05605,-0.78289,56.4469,6.02094,39.0,36.0,8950.0,0.0,0.24232,0.00016,0.0,0.0,0.0
YOR239W,4,0.0004312406749173973,0.229901254577841,6.082466363326696e-06,0.0,1.0,0.0,0.0,0,0.07803,-1.07357,42.85959,4.61639,132.0,79.0,65235.0,0.0,0.91257,6e-05,0.0,0.0,0.5
YKL106W,1,0.0,0.22409265697094827,5.9054157191823046e-06,0.0,0.0,0.0,0.0,0,0.12195,-0.35144,36.01113,9.05719,41.0,52.0,83280.0,0.0,1.60788,0.00017,0.0,0.0,0.0
YKL107W,1,0.0,0.23039390870618948,6.221239966814262e-05,0.0,0.0,0.0,0.0,0,0.08414,-0.38155,39.94207,6.16718,41.0,39.0,34295.0,0.0,0.99338,0.00018,0.0,0.0,0.0
YKL114C,1,0.0,0.2089456631405187,1.23982860280303e-06,0.0,1.0,1.0,0.0,0,0.09264,-0.6406,27.5079,8.34125,49.0,52.0,39475.0,0.0,0.95262,0.0002,0.0,0.0,0.5
YLR389C,1,0.0,0.15813339988791517,1.4148260217622291e-09,0.0,0.0,0.0,0.0,0,0.10711,-0.38783,33.98211,6.27106,125.0,114.0,121685.0,0.0,1.03494,5e-05,0.0,0.0,0.0
YKR069W,3,1.067976313238417e-05,0.22730504075055552,1.3645363487722501e-05,0.3333333333333333,2.3115860517435323,0.0,0.0,0,0.07251,-0.17032,37.99224,6.15094,76.0,71.0,48775.0,0.0,0.73762,9e-05,0.0,0.0,0.5
YOR247W,3,1.0413499547027533e-05,0.21357202787187612,2.9036083665928385e-06,0.3333333333333333,2.0,0.0,0.0,0,0.08571,-0.04333,29.07,4.26837,12.0,4.0,27055.0,0.0,1.22711,0.00019,0.0,0.0,0.5
YML106W,1,0.0,0.20770516210128273,2.9310728310023486e-07,0.0,1.0,0.0,0.0,0,0.0885,0.14159,30.55531,5.79645,25.0,23.0,13660.0,0.0,0.55384,0.00024,0.0,0.0,0.5
YOL073C,2,8.841510952570382e-06,0.20993078651659794,3.2049448179248353e-07,0.0,1.0,0.0,0.0,0,0.12112,0.15311,30.25314,7.7431,21.0,22.0,74745.0,0.0,2.09008,0.00022,0.0,0.0,0.5
YKL133C,1,0.0,0.21039168839612082,1.6966662898852584e-05,0.0,1.0,0.0,0.0,0,0.10799,-0.53045,41.39315,9.11945,60.0,72.0,75915.0,0.0,1.39326,0.00017,0.0,0.0,0.5
YLR170C,3,0.0,0.20268180860156898,8.541854586530001e-07,1.0,1.0,0.2,5.333333333333333,0,0.08974,-0.08013,25.39038,6.42169,21.0,20.0,17795.0,0.0,0.98033,0.00035,0.0,0.0,0.5
YPL259C,4,5.549473237796542e-05,0.20461040917543274,8.629115539299522e-07,0.5,3.2337078651685394,0.0,10.666666666666666,0,0.08421,-0.36189,33.996,8.73187,56.0,62.0,50935.0,0.0,0.94546,0.00016,0.0,0.0,0.5
YMR165C,1,0.0,0.19028432423705102,7.038907390221148e-08,0.0,1.0,0.5,0.0,0,0.05916,-0.68956,43.9522,4.84686,140.0,98.0,51715.0,0.0,0.5442,5e-05,0.0,0.0,0.5
YMR210W,1,0.0,0.19028432423705102,7.038907390221148e-08,0.0,1.0,0.0,0.0,0,0.11136,-0.50646,37.83345,8.5932,54.0,59.0,54625.0,0.0,1.06198,0.00017,0.0,0.0,0.5
YMR243C,2,2.6079153895454633e-05,0.21377917823838619,4.5773035206764476e-05,0.0,1.0,0.0,0.0,0,0.06787,0.06765,45.39502,5.87531,45.0,30.0,41535.0,0.0,0.85915,0.00012,0.0,0.0,0.5
YMR307W,2,3.351824664640641e-05,0.24327409797326288,2.8743926029718705e-05,0.0,1.0,0.0,0.0,0,0.10912,-0.25063,25.60435,4.4649,62.0,39.0,73950.0,0.0,1.24115,7e-05,0.0,0.0,0.5
YKL163W,1,0.0,0.23039390870618948,6.221239966814262e-05,0.0,0.0,0.0,0.0,0,0.04923,-0.13077,29.7616,5.36603,25.0,22.0,24910.0,0.0,0.75476,0.00016,0.0,0.0,0.0
YKL164C,1,0.0,0.22409265697094827,5.9054157191823046e-06,0.0,0.0,0.0,0.0,0,0.04399,-0.10704,29.05695,6.1026,22.0,21.0,23420.0,0.0,0.67646,0.00018,0.0,0.0,0.0
YKL166C,1,0.0,0.1733503737966701,2.0213897252704384e-08,0.0,1.0,0.0,2.1818181818181817,1,0.11558,-0.50427,34.40033,5.92596,52.0,45.0,59290.0,0.0,1.28957,0.00013,0.3153500824189429,0.0,0.5
YKL168C,1,0.0,0.00021358393848782572,2.229258935376394e-19,0.0,0.0,0.0,0.0,0,0.08702,-0.75691,62.42435,8.97052,88.0,104.0,81190.0,0.0,0.98306,0.00011,0.0,0.0,0.0
YLR012C,1,0.0,0.00021358393848782572,2.229258935376394e-19,0.0,0.0,0.0,0.0,0,0.15152,-0.84242,73.50202,7.77167,14.0,15.0,24535.0,0.0,2.03128,0.00064,0.0,0.0,0.0
YKL176C,1,0.0,0.22543349980952865,4.8043520839032846e-05,0.0,1.0,0.0,0.0,0,0.08333,-0.44022,51.17405,8.83197,83.0,93.0,88460.0,0.0,0.94754,9e-05,0.0,0.0,0.5
YKL182W,1,0.0,0.16257151596074215,3.561755885308935e-09,0.0,1.0,0.0,0.0,1,0.09605,-0.18045,33.0652,5.63593,250.0,212.0,220755.0,0.0,0.96531,2e-05,0.6846499175810571,0.0,0.5
YNL104C,1,0.0,0.19099335594781297,9.282910219618694e-07,0.0,1.0,0.0,0.0,0,0.08078,-0.38498,38.33974,5.69806,81.0,70.0,69425.0,0.0,1.01487,8e-05,0.0,0.0,0.5
YKL186C,1,0.0,0.1867059150900264,1.1620001281334926e-07,0.0,0.0,1.0,0.0,1,0.09239,-0.41413,19.45489,7.7254,15.0,16.0,17335.0,0.0,0.83408,0.00037,0.3153500824189429,0.23974612282610783,0.5
YML057W,3,2.4914856103606154e-05,0.21805137788264362,3.1372256881278264e-06,0.3333333333333333,2.8838709677419354,0.0,3.6,0,0.08775,-0.45215,41.66573,5.92438,81.0,68.0,61530.0,0.0,0.8979,9e-05,0.0,0.0,0.5
YPL163C,1,0.0,0.1809575802658261,2.3168029633560465e-07,0.0,0.0,0.0,0.0,0,0.08846,-0.07654,20.90238,4.11481,21.0,6.0,31080.0,0.0,1.12565,0.00015,0.0,0.0,0.0
YKL197C,1,0.0,0.1799382257847793,1.3362938899332948e-07,0.0,1.0,0.0,0.0,0,0.07574,-0.3094,33.60365,6.50568,132.0,126.0,101240.0,0.0,0.86327,6e-05,0.0,0.0,0.5
YOR003W,1,0.0,0.1530599533081779,1.978719017668083e-09,0.0,0.0,0.0,0.0,0,0.09205,-0.25523,31.43808,5.22552,62.0,42.0,51630.0,0.0,0.99119,0.0001,0.0,0.0,0.0
YKL204W,1,0.0,0.18630348063376542,2.3912712311564836e-06,0.0,1.0,0.0,0.0,0,0.06013,-1.01661,57.34446,9.49261,59.0,75.0,29910.0,0.0,0.42875,0.00014,0.0,0.0,0.5
YNR034W,1,0.0,0.19137477881720602,2.8932146096706657e-07,0.0,0.0,0.5,0.0,0,0.08411,-0.37695,35.74707,7.09943,43.0,43.0,32805.0,0.0,0.92014,0.0002,0.0,0.0,0.0
YKL208W,1,0.0,0.231653090297731,2.2738065994503548e-05,0.0,1.0,0.0,0.0,0,0.09594,-0.47897,47.62214,9.48334,26.0,37.0,40255.0,0.0,1.29203,0.0003,0.0,0.0,0.5
YKL214C,2,7.17647910521872e-05,0.19916534836106825,3.712454212382184e-07,0.0,1.0,1.0,0.0,0,0.06897,-1.27192,47.17586,9.40143,34.0,41.0,12045.0,0.0,0.50658,0.0004,0.0,0.0,0.5
YKL221W,2,0.00021148253551457353,0.24113159319925187,2.796644804121286e-05,0.0,1.3394383394383393,0.0,0.0,0,0.13319,0.54884,32.55624,8.88959,26.0,33.0,96800.0,0.0,1.8524,0.00017,0.0,0.0,0.5
YOR221C,1,0.0,0.19314405009313076,3.814150497428294e-07,0.0,1.0,0.0,0.0,0,0.08056,-0.32056,46.18058,6.45502,36.0,34.0,32860.0,0.0,0.80724,0.00016,0.0,0.0,0.5
YKR005C,1,0.0,0.22409265697094827,5.9054157191823046e-06,0.0,1.0,0.0,0.0,0,0.08952,-0.45352,40.91337,5.38715,69.0,59.0,51475.0,0.0,0.87678,9e-05,0.0,0.0,0.5
YKR016W,1,0.0,0.199417627472315,4.540543976084544e-05,0.0,0.0,0.0,0.0,0,0.05741,-0.59,41.91094,6.2276,79.0,76.0,40670.0,0.0,0.66583,0.0001,0.0,0.0,0.0
YKR017C,1,0.0,0.18923871620483915,1.9659752630656602e-05,0.0,1.0,0.0,0.0,0,0.10526,-0.46044,46.68626,5.72003,79.0,63.0,89665.0,0.0,1.41053,9e-05,0.0,0.0,0.5
YMR269W,1,0.0,0.20575647196020927,2.005151011220169e-06,0.0,1.0,0.5,0.0,0,0.05687,-1.57488,46.58815,10.14301,31.0,63.0,26470.0,0.0,1.10527,0.00042,0.0,0.0,0.5
YOR190W,4,7.390707762768342e-05,0.23866413943018536,8.653741976774148e-06,0.0,3.57280385078219,0.0,0.0,0,0.13483,-0.4827,28.71396,5.52423,60.0,47.0,116615.0,0.0,2.25087,0.00011,0.0,0.0,0.5
YOR198C,3,0.00013813387354367403,0.23149494040938576,8.643193680744747e-06,0.0,0.0,0.0,0.0,0,0.0383,-1.05617,49.01617,9.18317,84.0,96.0,10430.0,0.0,0.19089,0.00017,0.0,0.0,0.0
YKR031C,1,0.0,0.21039168839612082,1.6966662898852584e-05,0.0,1.0,0.0,0.0,0,0.08972,-0.72989,41.63506,7.26105,237.0,235.0,235540.0,0.0,1.20665,4e-05,0.0,0.0,0.5
YKR064W,1,0.0,0.21625425114185262,1.349531618253063e-06,0.0,0.0,0.3333333333333333,0.0,0,0.12746,-0.3511,44.94458,6.43353,119.0,113.0,118840.0,0.0,1.16711,6e-05,0.0,0.0,0.0
YKR065C,2,0.00021149327066866054,0.1740553840036138,9.84943024282115e-07,0.0,1.0,0.0,0.0,0,0.11168,-0.13249,47.35228,9.69489,12.0,21.0,27180.0,0.0,1.23726,0.00044,0.0,0.0,0.5
YLR036C,1,0.0,0.14758693770173842,1.55869438365547e-08,0.0,0.0,0.0,0.0,0,0.133,0.19163,34.62626,9.4809,14.0,28.0,25410.0,0.0,1.08694,0.00041,0.0,0.0,0.0
YKR070W,1,0.0,0.20089903633559036,1.135929956469678e-06,0.0,0.0,0.0,0.0,0,0.10227,-0.28438,27.45795,8.76947,39.0,43.0,43110.0,0.0,1.09401,0.00022,0.0,0.0,0.0
YKR072C,1,0.0,0.18699103483819138,2.296833064003134e-07,0.0,1.0,0.5,0.0,0,0.03737,-0.8468,48.79591,4.5589,103.0,63.0,47815.0,0.0,0.76532,7e-05,0.0,0.0,0.5
YKR074W,1,0.0,0.19912936058524297,2.0904317063176268e-07,0.0,0.0,0.0,0.0,0,0.11613,-0.81548,37.67161,5.96417,27.0,24.0,19940.0,0.0,1.08161,0.00032,0.0,0.0,0.0
YKR080W,1,0.0,0.217491940757624,1.3174879234177462e-05,0.0,1.0,0.5,0.0,0,0.0875,-0.29688,34.43437,6.55182,41.0,40.0,30090.0,0.0,0.83032,0.00018,0.0,0.0,0.5
YLR462W,1,0.0,0.19996038354617934,5.059840214130567e-06,0.0,1.0,0.0,0.0,0,0.12871,-0.41733,33.72584,9.45905,24.0,33.0,15150.0,0.0,0.64485,0.0004,0.0,0.0,0.5
YPL023C,1,0.0,0.19996038354617934,5.059840214130567e-06,0.0,1.0,0.0,0.0,0,0.09741,-0.33699,48.51693,5.20819,94.0,69.0,99530.0,0.0,1.34608,7e-05,0.0,0.0,0.5
YPL067C,1,0.0,0.19996038354617934,5.059840214130567e-06,0.0,1.0,0.0,0.0,0,0.10101,-0.42576,49.43788,6.75909,24.0,23.0,36440.0,0.0,1.59996,0.0003,0.0,0.0,0.5
YPR177C,1,0.0,0.19996038354617934,5.059840214130567e-06,0.0,1.0,0.0,0.0,1,0.09756,0.31626,68.67073,10.12738,2.0,14.0,2490.0,0.0,0.18872,0.00077,0.3153500824189429,0.0,0.5
YKR095W,1,0.0,0.2093823519344285,2.615273330083179e-06,0.0,0.0,0.3333333333333333,0.0,0,0.03307,-1.11259,54.35408,5.14276,387.0,314.0,65750.0,0.0,0.30098,2e-05,0.0,0.0,0.0
YOL143C,3,0.00010785662963585432,0.2330985487428229,4.454799999103535e-05,0.0,1.4155629139072847,0.0,0.0,0,0.06509,0.00828,39.49882,6.05914,21.0,18.0,21095.0,0.0,1.13687,0.00033,0.0,0.0,0.5
YLL006W,1,0.0,0.19314405009313076,3.814150497428294e-07,0.0,0.0,0.3333333333333333,0.0,0,0.10798,-0.39554,38.12817,5.4549,57.0,46.0,44265.0,0.0,0.90969,0.00011,0.0,0.0,0.0
YOR112W,2,0.00021149327066866054,0.24113159319925187,2.796644804121286e-05,0.0,0.0,0.0,0.0,0,0.07622,-0.22733,43.9079,5.27155,94.0,81.0,82025.0,0.0,0.96765,6e-05,0.0,0.0,0.0
YLL010C,1,0.0,0.18584791328789255,3.118746461919268e-07,0.0,1.0,0.0,22.0,0,0.05621,-0.82927,59.27471,4.99384,65.0,45.0,25370.0,0.0,0.52931,0.0001,0.0,0.0,0.5
YLL012W,2,0.0,0.00042716787697565144,2.133579316030893e-18,0.0,2.0,0.0,0.0,0,0.1274,-0.28534,38.16736,6.17426,72.0,63.0,103665.0,0.0,1.55871,9e-05,0.0,0.0,0.5
YNR075W,1,0.0,0.00028477858465043426,1.508668400601407e-18,0.0,1.0,0.0,0.0,0,0.14439,-0.16711,42.10404,7.47723,42.0,43.0,103120.0,0.0,2.35079,0.00017,0.0,0.0,0.5
YOR095C,1,0.0,0.00028477858465043426,1.508668400601407e-18,0.0,1.0,0.0,0.0,1,0.07364,-0.23837,31.14926,5.62799,37.0,32.0,16180.0,0.0,0.57259,0.0002,0.3153500824189429,0.0,0.5
YOR282W,1,0.0,0.1582696630502486,4.517078539994304e-08,0.0,0.0,0.0,0.0,1,0.13208,0.30094,63.9434,10.59515,2.0,10.0,10220.0,0.0,0.84079,0.00087,0.3153500824189429,0.0,0.0
YOL112W,1,0.0,0.20587178475973864,4.399706479171295e-06,0.0,0.0,0.0,0.0,0,0.11992,-0.5061,46.1551,5.3869,76.0,66.0,88655.0,0.0,1.55284,9e-05,0.0,0.0,0.0
YLL023C,1,0.0,0.23039390870618948,6.221239966814262e-05,0.0,1.0,0.5,0.0,0,0.15054,0.33835,46.71545,9.97491,15.0,33.0,47120.0,0.0,1.46401,0.00031,0.0,0.0,0.5
YLR459W,2,1.5078456792695705e-05,0.2237514164395474,0.0013822421430199146,0.0,1.525731584258325,0.5,0.0,1,0.16497,0.87386,39.6082,9.11969,15.0,22.0,74300.0,0.0,1.66068,0.0002,0.3153500824189429,0.19338324065864865,0.5633739389856881
YNL180C,2,3.5746562567799424e-06,0.19705528186300955,2.788715462215305e-07,0.0,2.0,0.0,0.0,0,0.06344,-0.83082,42.60937,8.67841,40.0,45.0,29630.0,0.0,0.80478,0.00024,0.0,0.0,0.5
YLL038C,2,2.6399167714119003e-05,0.20985083572672206,7.180893711722297e-07,0.0,1.0,0.0,0.0,0,0.05263,-0.75992,47.48138,9.37946,33.0,39.0,10095.0,0.0,0.35708,0.00033,0.0,0.0,0.5
YNL327W,1,0.0,0.1973552406552437,5.907641525844761e-07,0.0,0.0,0.0,0.0,0,0.06628,-0.06494,36.04987,4.6795,77.0,44.0,73745.0,0.0,0.67953,4e-05,0.0,0.0,0.0
YNR006W,1,0.0,0.1973552406552437,5.907641525844761e-07,0.0,0.0,0.0,0.0,0,0.05305,-0.85707,74.47862,5.18353,103.0,80.0,40560.0,0.0,0.57149,7e-05,0.0,0.0,0.0
YLL047W,1,0.0,0.16503656515445614,1.3032452715928395e-09,0.0,0.0,0.0,0.0,0,0.2126,0.45354,32.67409,9.32318,5.0,12.0,11055.0,0.0,0.74478,0.00063,0.0,0.0,0.0
YLL052C,1,0.0,0.18517650305715283,7.78766700882027e-08,0.0,0.0,0.0,0.0,0,0.0,0.0,0.0,0.0,0.0,0.0,0.0,0.0,0.0,0.0,0.0,0.0,0.0
YLL059C,1,0.0,0.18474190751751912,4.9119777430314294e-08,0.0,0.0,0.0,0.0,0,0.10714,0.10655,44.55065,9.23553,11.0,18.0,13700.0,0.0,0.71049,0.00048,0.0,0.0,0.0
YLR001C,1,0.0,0.00021358393848782572,2.229258935376394e-19,0.0,0.0,0.0,0.0,0,0.09629,-0.14814,32.24874,5.96368,94.0,82.0,77585.0,0.0,0.79479,6e-05,0.0,0.0,0.0
YNL019C,1,0.0,0.00021358393848782572,2.229258935376394e-19,0.0,0.0,0.0,0.0,0,0.09155,0.11303,31.92817,6.06952,25.0,22.0,29045.0,0.0,0.92719,0.00019,0.0,0.0,0.0
YLR007W,2,0.00021149327066866054,0.1801146790584099,6.320338243283685e-08,0.0,1.0,1.0,0.0,1,0.09226,-0.18869,33.60658,5.16302,44.0,31.0,50640.0,0.0,1.32102,0.00013,0.3153500824189429,0.23974612282610783,0.6198730614130539
YLR383W,1,0.0,0.15192054918925846,9.770554273173133e-10,0.0,1.0,0.5,0.0,1,0.06014,-0.7491,40.75791,7.21173,177.0,177.0,59595.0,0.0,0.46556,6e-05,0.6846499175810571,0.2889671908216764,0.6444835954108382
YLR008C,1,0.0,0.19066291761572332,8.205287626289798e-07,0.0,0.0,0.0,0.0,1,0.07143,-0.42381,25.06488,9.49457,13.0,19.0,5960.0,0.0,0.33277,0.00053,0.3153500824189429,0.0,0.0
YLR011W,2,0.00010588907120081963,0.2429523068383776,6.811781538732493e-05,0.0,1.8731884057971016,0.5,0.0,0,0.05759,-0.08848,46.34031,5.73566,24.0,20.0,27305.0,0.0,1.28311,0.00027,0.0,0.0,0.5
YLR021W,1,0.0,0.23039390870618948,6.221239966814262e-05,0.0,1.0,0.0,0.0,0,0.07821,-0.33687,37.44134,4.69781,27.0,17.0,16180.0,0.0,0.80656,0.00023,0.0,0.0,0.5
YLR028C,1,0.0,0.20553581644404922,2.177176292556789e-07,0.0,1.0,0.0,0.0,0,0.08291,-0.211,36.97885,6.11615,73.0,67.0,56685.0,0.0,0.86831,9e-05,0.0,0.0,0.5
YLR034C,1,0.0,0.17598014512657284,2.6277184050897115e-08,0.0,0.0,0.3333333333333333,0.0,0,0.10782,0.7129,26.11884,8.39276,29.0,33.0,56030.0,0.0,1.08219,0.00016,0.0,0.0,0.0
YML125C,2,7.250596889449515e-05,0.21640287949315284,1.3294049132189829e-06,0.0,1.0,0.3333333333333333,0.0,1,0.10577,-0.20256,43.07981,5.33954,41.0,32.0,51925.0,0.0,1.47151,0.00015,0.3153500824189429,0.16204621790391252,0.5810231089519563
YLR042C,1,0.0,0.19314405009313076,3.814150497428294e-07,0.0,0.0,0.0,0.0,0,0.07453,0.15217,32.49255,6.52032,6.0,6.0,6085.0,0.0,0.359,0.00038,0.0,0.0,0.0
YLR434C,2,0.00021149327066866054,0.24113159319925187,2.796644804121286e-05,0.0,0.0,0.0,0.0,0,0.15748,-0.18425,37.20472,9.48444,10.0,18.0,7950.0,0.0,0.52648,0.00063,0.0,0.0,0.0
YLR050C,1,0.0,0.23039390870618948,6.221239966814262e-05,0.0,0.0,0.5,0.0,0,0.16149,0.41491,36.71994,9.40387,9.0,16.0,50795.0,0.0,2.66103,0.00049,0.0,0.0,0.0
YLR057W,1,0.0,0.20553581644404922,2.177176292556789e-07,0.0,0.0,0.5,0.0,0,0.09541,-0.41343,44.41782,5.48224,114.0,99.0,92095.0,0.0,0.94947,6e-05,0.0,0.0,0.0
YLR070C,1,0.0,0.22568741835324202,2.0182263553764617e-06,0.0,1.0,0.0,0.0,0,0.07584,0.00225,23.67022,5.78363,44.0,37.0,15775.0,0.0,0.40868,0.00015,0.0,0.0,0.5
YLR076C,1,0.0,0.22009819529036964,3.955311767586637e-06,0.0,1.0,0.0,0.0,1,0.08571,-0.17071,33.61214,4.33868,18.0,8.0,22000.0,0.0,1.38823,0.00027,0.3153500824189429,0.0,0.5
YLR080W,2,2.233225469978439e-05,0.2091340096439664,1.8271357859791413e-05,0.0,1.0,0.3333333333333333,0.0,0,0.09234,-0.40811,37.73671,9.20392,55.0,66.0,60765.0,0.0,1.19272,0.00018,0.0,0.0,0.5
YLR110C,1,0.0,0.22355850772266575,7.58791761004804e-06,0.0,0.0,0.0,0.0,0,0.03008,0.43684,24.89323,4.53876,8.0,3.0,8855.0,0.0,0.67816,0.00035,0.0,0.0,0.0
YPL257WA,2,1.721266753563685e-05,0.2132001671152797,7.582518345993274e-07,0.0,0.0,0.0,0.0,0,0.0,0.0,0.0,0.0,0.0,0.0,0.0,0.0,0.0,0.0,0.0,0.0,0.0
YLR124W,4,0.00035263012883884887,0.24684324421970677,6.620735276562572e-05,0.0,0.0,0.0,0.0,0,0.13158,-0.14474,33.73596,9.27972,6.0,13.0,30535.0,0.0,2.32078,0.00071,0.0,0.0,0.0
YMR030W,1,0.0,0.19066291761572332,8.205287626289798e-07,0.0,0.0,0.3333333333333333,0.0,0,0.07447,-0.88484,48.19045,8.23175,46.0,48.0,27765.0,0.0,0.63887,0.00019,0.0,0.0,0.0
YLR261C,2,4.367598426366629e-05,0.21393480491509456,1.0371843800957887e-06,0.0,1.465,0.0,0.0,0,0.08333,-0.50741,53.3787,11.0036,3.0,25.0,22710.0,0.0,1.75795,0.00085,0.0,0.0,0.5
YOR390W,1,0.0,0.19053929782906953,1.1292880251231744e-07,0.0,0.0,0.0,0.0,0,0.14133,0.43707,25.84907,8.76508,19.0,26.0,54205.0,0.0,1.29106,0.00021,0.0,0.0,0.0
YPL224C,1,0.0,0.19089410424716455,5.69213562930515e-07,0.0,0.0,0.0,0.0,0,0.05372,-0.14628,31.0936,7.14484,42.0,41.0,42650.0,0.0,0.81341,0.00014,0.0,0.0,0.0
YMR088C,1,0.0,0.217491940757624,1.3174879234177462e-05,0.0,1.0,0.0,0.0,0,0.13345,0.52456,41.33614,8.99677,33.0,43.0,83865.0,0.0,1.33887,0.00014,0.0,0.0,0.5
YNR072W,1,0.0,0.217491940757624,1.3174879234177462e-05,0.0,1.0,0.0,0.0,0,0.1383,0.32305,35.52807,6.61884,49.0,48.0,110500.0,0.0,1.75878,0.00011,0.0,0.0,0.5
YPR014C,1,0.0,0.217491940757624,1.3174879234177462e-05,0.0,1.0,0.0,0.0,0,0.09174,0.27339,50.42477,9.03571,9.0,14.0,2240.0,0.0,0.18384,0.00074,0.0,0.0,0.5
YPR066W,3,4.355609210502587e-05,0.237788685687535,2.3430553841962578e-05,0.0,2.537796976241901,0.0,0.0,0,0.08027,0.13779,34.57595,4.73944,35.0,22.0,17930.0,0.0,0.53879,0.00014,0.0,0.0,0.5
YPL262W,1,0.0,0.20700289529352073,1.2950397158923357e-06,0.0,1.0,0.2,0.0,0,0.06352,-0.20635,27.97684,8.47858,46.0,50.0,22430.0,0.0,0.422,0.00016,0.0,0.0,0.5
YLR159W,2,0.005061952574236275,0.15354511321451544,6.456992407060169e-10,0.0,0.0,0.0,0.0,0,0.0,0.0,0.0,0.0,0.0,0.0,0.0,0.0,0.0,0.0,0.0,0.0,0.0
YOR342C,1,0.0,0.1325712506473647,9.430470398507894e-12,0.0,0.0,0.0,0.0,0,0.0,0.0,0.0,0.0,0.0,0.0,0.0,0.0,0.0,0.0,0.0,0.0,0.0
YLR161W,1,0.0,0.18908448742227613,1.149453649442742e-07,0.0,0.0,0.0,0.0,0,0.0,0.0,0.0,0.0,0.0,0.0,0.0,0.0,0.0,0.0,0.0,0.0,0.0
YLR168C,1,0.0,0.23523809463021098,4.324683677365054e-05,0.0,0.0,0.0,0.0,0,0.08261,-0.5013,32.99217,8.25226,28.0,30.0,38430.0,0.0,1.44986,0.00031,0.0,0.0,0.0
YLR171W,1,0.0,0.00021358393848782572,2.229258935376394e-19,0.0,1.0,0.0,0.0,0,0.14729,0.62791,47.56202,9.34711,3.0,10.0,29045.0,0.0,1.9773,0.00064,0.0,0.0,0.5
YPR201W,1,0.0,0.00021358393848782572,2.229258935376394e-19,0.0,1.0,0.0,0.0,0,0.12129,0.60866,35.18396,8.867,24.0,31.0,77445.0,0.0,1.68921,0.00019,0.0,0.0,0.5
YLR174W,1,0.0,0.00021358393848782572,2.229258935376394e-19,0.0,1.0,0.0,0.0,0,0.09223,-0.31044,24.33665,5.82123,60.0,53.0,52955.0,0.0,1.13731,0.00013,0.0,0.0,0.5
YNR065C,1,0.0,0.00021358393848782572,2.229258935376394e-19,0.0,1.0,0.0,0.0,0,0.1138,-0.47966,36.34375,4.93683,175.0,124.0,118685.0,0.0,0.94798,4e-05,0.0,0.0,0.5
YML035C,2,6.582500896939624e-06,0.2118375056598358,1.3625029136854798e-06,0.0,1.0,0.0,0.0,0,0.10247,-0.65049,38.79063,6.13739,110.0,96.0,118580.0,0.0,1.27095,7e-05,0.0,0.0,0.5
YLR199C,1,0.0,0.21315892917193052,2.2866791675047334e-06,0.0,1.0,0.0,0.0,0,0.09783,-0.1029,48.6837,4.70001,32.0,21.0,33180.0,0.0,1.08096,0.00015,0.0,0.0,0.5
YLR201C,1,0.0,0.231653090297731,2.2738065994503548e-05,0.0,1.0,0.0,0.0,0,0.11154,-0.34154,39.03038,8.86334,27.0,31.0,30620.0,0.0,1.02209,0.0003,0.0,0.0,0.5
YLR203C,2,2.3970664559330433e-05,0.22411544335123917,5.9252903555873256e-06,0.0,0.0,0.0,0.0,0,0.13532,-0.53142,48.33674,8.84222,48.0,54.0,67770.0,0.0,1.33197,0.00017,0.0,0.0,0.0
YLR204W,1,0.0,0.00021358393848782572,2.229258935376394e-19,0.0,0.0,0.0,0.0,0,0.03604,-0.74234,54.25045,11.89728,5.0,27.0,7115.0,0.0,0.55707,0.00093,0.0,0.0,0.0
YMR299C,1,0.0,0.00021358393848782572,2.229258935376394e-19,0.0,0.0,0.0,0.0,0,0.10577,-0.46987,49.99779,5.02985,51.0,36.0,55765.0,0.0,1.51435,0.00014,0.0,0.0,0.0
YLR207W,4,0.0001242264757306357,0.19939958634258484,7.82717416767929e-07,0.3333333333333333,3.0719499478623566,0.5,2.2976190476190474,0,0.11645,-0.45258,42.83557,6.15253,92.0,82.0,145385.0,0.0,1.52268,6e-05,0.0,0.0,0.5
YLR450W,4,0.00016285690032915968,0.20900510432295877,3.678238691564124e-05,0.16666666666666666,2.82312925170068,0.6666666666666666,1.7142857142857142,0,0.089,0.1266,41.78864,7.50372,95.0,96.0,103455.0,0.0,0.89424,6e-05,0.0,0.0,0.5
YML075C,4,0.00010639384312024763,0.20157886662134275,5.160728492122774e-07,0.16666666666666666,2.778936392075078,0.6666666666666666,0.0,0,0.08349,0.10683,38.43466,8.23627,102.0,107.0,95295.0,0.0,0.82418,7e-05,0.0,0.0,0.5
YOL013C,3,1.0597935264225206e-06,0.181613655869954,4.843711005731717e-07,0.6666666666666666,1.6176470588235294,0.5,0.5833333333333334,0,0.09982,-0.08512,41.46156,5.42328,63.0,48.0,69995.0,0.0,1.10169,9e-05,0.0,0.0,0.5
YLR209C,1,0.0,0.24106565980944566,9.591623407287666e-06,0.0,1.0,0.0,0.0,0,0.06109,-0.0881,30.00418,6.79474,30.0,29.0,22055.0,0.0,0.65339,0.0002,0.0,0.0,0.5
YLR211C,2,2.149061019232275e-05,0.2425646098759436,9.800666577919427e-06,0.0,1.0,0.0,0.0,0,0.04867,-0.80885,55.90442,5.55768,35.0,33.0,18575.0,0.0,0.71511,0.00021,0.0,0.0,0.5
YNR041C,2,6.832996966451088e-05,0.226522438606142,0.0001329495125472813,0.0,1.0,0.0,0.0,0,0.12366,0.30887,37.26774,9.99261,17.0,41.0,89100.0,0.0,2.17312,0.00024,0.0,0.0,0.5
YLR227C,2,5.680370206284342e-06,0.19426762395996314,9.938296285322597e-08,0.0,0.0,0.0,0.0,0,0.1217,-0.21623,38.83434,5.89532,67.0,60.0,69270.0,0.0,1.19777,0.0001,0.0,0.0,0.0
YLR239C,3,0.00038377586018637785,0.23214106352496305,6.232405336395436e-05,0.0,1.5,0.0,0.0,0,0.06098,-0.34878,35.29848,9.27789,35.0,47.0,15440.0,0.0,0.41464,0.00025,0.0,0.0,0.5
YLR245C,4,6.576665581105633e-05,0.2503906080815407,1.3464345464141049e-05,0.3333333333333333,3.794701986754967,0.0,13.033333333333337,0,0.07042,0.09648,40.82465,6.79388,13.0,13.0,11095.0,0.0,0.71415,0.00044,0.0,0.0,0.5
YOL110W,1,0.0,0.1562555972945136,1.0574602596562634e-08,0.0,0.0,0.5,0.0,0,0.10127,-0.30549,50.35194,5.09894,34.0,22.0,27555.0,0.0,1.03819,0.00019,0.0,0.0,0.0
YLR251W,1,0.0,0.22355850772266575,7.58791761004804e-06,0.0,0.0,0.0,0.0,0,0.14721,0.03299,37.05487,9.9057,11.0,25.0,55015.0,0.0,2.40085,0.00043,0.0,0.0,0.0
YLR252W,1,0.0,0.23039390870618948,6.221239966814262e-05,0.0,0.0,0.0,0.0,0,0.19802,-0.21287,32.36238,9.34064,6.0,10.0,42190.0,0.0,3.40185,0.00075,0.0,0.0,0.0
YLR259C,1,0.0,0.2097410027727803,1.1824768230520648e-06,0.0,1.0,0.0,0.0,1,0.03671,-0.11941,39.51556,5.22699,83.0,72.0,11055.0,0.0,0.18197,9e-05,0.3153500824189429,0.0,0.5
YLR266C,1,0.0,0.20388171940592587,8.367654876730192e-06,0.0,1.0,0.5,0.0,0,0.11412,-0.13623,43.05882,6.42157,84.0,81.0,81175.0,0.0,0.9988,8e-05,0.0,0.0,0.5
YLR281C,1,0.0,0.20685718701433708,2.2456221504922148e-05,0.0,0.0,0.0,0.0,0,0.03871,-1.17355,70.83806,10.52362,21.0,38.0,8855.0,0.0,0.48663,0.00058,0.0,0.0,0.0
YLR290C,1,0.0,0.23039390870618948,6.221239966814262e-05,0.0,1.0,0.0,0.0,0,0.09386,-0.43718,40.28123,9.53326,27.0,39.0,26150.0,0.0,0.82953,0.0003,0.0,0.0,0.5
YNL158W,1,0.0,0.23039390870618948,6.221239966814262e-05,0.0,0.0,0.5,0.0,1,0.09091,0.24798,35.65707,6.13434,17.0,14.0,21555.0,0.0,0.96302,0.00027,0.3153500824189429,0.19338324065864865,0.5
YNL190W,1,0.0,0.23039390870618948,6.221239966814262e-05,0.0,0.0,0.0,0.0,0,0.08333,-1.03775,10.41814,10.39679,5.0,36.0,10430.0,0.0,0.47484,0.00047,0.0,0.0,0.0
YOL046C,1,0.0,0.23039390870618948,6.221239966814262e-05,0.0,1.0,0.0,0.0,0,0.10714,0.07991,40.81652,4.42218,29.0,16.0,15190.0,0.0,0.63014,0.00018,0.0,0.0,0.5
YOL093W,1,0.0,0.23039390870618948,6.221239966814262e-05,0.0,0.0,0.5,0.0,0,0.07509,-0.98089,50.65768,9.28766,47.0,57.0,35785.0,0.0,1.03664,0.00027,0.0,0.0,0.0
YOR104W,2,0.0005589996275810439,0.2533551730142838,9.017353991178797e-05,0.0,1.0,0.0,0.0,0,0.11348,-0.78865,60.33656,5.58917,32.0,29.0,44445.0,0.0,1.38531,0.00017,0.0,0.0,0.5
YOR368W,5,0.0006844544642027628,0.24273825194248477,6.440729526376696e-05,0.0,2.2269021739130435,1.0,3.0,0,0.0798,-0.36908,38.85461,5.14337,65.0,49.0,15775.0,0.0,0.3461,0.00011,0.0,0.0,0.5
YLR289W,1,0.0,0.19304255113972074,3.023631707150211e-07,0.0,1.0,0.0,0.0,0,0.08062,-0.31969,27.95398,9.2088,80.0,95.0,52885.0,0.0,0.7226,0.00013,0.0,0.0,0.5
YLR294C,4,0.0005404987982910021,0.2571685814874,5.0854574981285645e-05,0.0,2.8253223915592027,0.0,0.0,0,0.16514,-0.2211,53.73404,9.77887,6.0,15.0,14565.0,0.0,1.11011,0.00075,0.0,0.0,0.5
YLR455W,2,0.0,0.24641548746579034,6.598490276815409e-05,1.0,1.164691943127962,1.0,3.75,0,0.07895,-0.93882,43.85,9.35846,47.0,59.0,25940.0,0.0,0.73054,0.00026,0.0,0.0,0.5
YML079W,1,0.0,0.23523809463021098,4.324683677365054e-05,0.0,0.0,0.0,0.0,0,0.10945,-0.31592,46.06269,5.26044,26.0,19.0,21430.0,0.0,0.95409,0.00023,0.0,0.0,0.0
YMR003W,2,0.0007835759516942778,0.2366017205343526,4.3282396125416265e-05,0.0,1.0,0.0,0.0,0,0.07071,-0.39545,46.95859,10.01727,15.0,32.0,15970.0,0.0,0.70225,0.00044,0.0,0.0,0.5
YMR141C,1,0.0,0.23523809463021098,4.324683677365054e-05,0.0,0.0,0.0,0.0,0,0.11765,-0.19608,42.77549,9.69293,9.0,17.0,4970.0,0.0,0.41047,0.0008,0.0,0.0,0.0
YMR177W,1,0.0,0.23523809463021098,4.324683677365054e-05,0.0,1.0,0.0,0.0,0,0.04706,-0.11569,29.61098,6.60101,56.0,51.0,50015.0,0.0,0.88981,0.00012,0.0,0.0,0.5
YNL009W,1,0.0,0.23523809463021098,4.324683677365054e-05,0.0,0.0,0.0,0.0,0,0.0881,-0.40905,19.79262,9.23846,55.0,66.0,40130.0,0.0,0.83856,0.00019,0.0,0.0,0.0
YNL194C,2,0.000159657826995353,0.25452547232955275,7.12079770172959e-05,0.0,1.8137651821862348,0.0,0.0,0,0.14286,0.0309,48.02063,9.81586,14.0,31.0,60110.0,0.0,1.76374,0.00029,0.0,0.0,0.5
YNL205C,1,0.0,0.23523809463021098,4.324683677365054e-05,0.0,0.0,0.0,0.0,0,0.14286,-0.11286,56.85579,10.08575,6.0,22.0,13700.0,0.0,0.82167,0.0006,0.0,0.0,0.0
YNL324W,1,0.0,0.23523809463021098,4.324683677365054e-05,0.0,0.0,0.0,0.0,0,0.1145,0.64656,39.38473,10.24969,3.0,15.0,9440.0,0.0,0.63549,0.00069,0.0,0.0,0.0
YNL328C,1,0.0,0.23523809463021098,4.324683677365054e-05,0.0,1.0,0.0,0.0,0,0.04795,-0.27397,35.2411,9.98981,15.0,25.0,11460.0,0.0,0.69563,0.00061,0.0,0.0,0.5
YOL008W,1,0.0,0.23523809463021098,4.324683677365054e-05,0.0,1.0,0.0,0.0,0,0.10628,-0.06908,30.90097,9.91058,15.0,30.0,19285.0,0.0,0.8115,0.00042,0.0,0.0,0.5
YOL050C,1,0.0,0.23523809463021098,4.324683677365054e-05,0.0,0.0,0.0,0.0,0,0.07547,0.46509,38.85094,3.62225,16.0,1.0,375.0,0.0,0.03323,0.00032,0.0,0.0,0.0
YPR118W,1,0.0,0.23523809463021098,4.324683677365054e-05,0.0,0.0,0.5,0.0,0,0.07299,-0.04136,29.54088,4.89362,53.0,39.0,34880.0,0.0,0.77477,0.00011,0.0,0.0,0.0
YLR299W,1,0.0,0.00021358393848782572,2.229258935376394e-19,0.0,1.0,0.0,0.0,0,0.08485,-0.19212,28.43138,5.55902,82.0,65.0,88070.0,0.0,1.20348,8e-05,0.0,0.0,0.5
YOL137W,1,0.0,0.00021358393848782572,2.229258935376394e-19,0.0,1.0,0.0,0.0,0,0.13883,0.53964,34.7095,5.70819,37.0,29.0,77125.0,0.0,1.40014,0.0001,0.0,0.0,0.5
YLR303W,1,0.0,0.24106565980944566,9.591623407287666e-06,0.0,1.0,0.0,0.0,0,0.11261,-0.25045,23.10901,5.97394,48.0,39.0,51925.0,0.0,1.06686,0.00012,0.0,0.0,0.5
YNL192W,1,0.0,0.1814716008099923,7.795650263568979e-08,0.0,1.0,0.0,0.0,0,0.12555,-0.36304,45.67837,5.85114,125.0,109.0,171380.0,0.0,1.31964,5e-05,0.0,0.0,0.5
YLR305C,2,0.00018013219473657103,0.22527221255496338,2.7683786721736487e-06,0.0,1.0,0.0,0.0,1,0.10105,-0.07089,37.10407,7.24884,203.0,202.0,194310.0,0.0,0.90543,3e-05,0.6846499175810571,0.0,0.5
YLR312C,2,0.0004229865413373211,0.2411579766549332,2.7966449180962786e-05,0.0,1.4337714863498483,0.5,0.0,0,0.11055,-0.78719,58.82111,9.6944,48.0,71.0,70860.0,0.0,1.51971,0.00021,0.0,0.0,0.5
YLR317W,1,0.0,0.00021358393848782572,2.229258935376394e-19,0.0,0.0,0.0,0.0,1,0.13889,-0.41181,69.92715,9.93524,4.0,16.0,26315.0,0.0,1.57832,0.0006,0.3153500824189429,0.0,0.0
YNL140C,1,0.0,0.00021358393848782572,2.229258935376394e-19,0.0,0.0,0.0,0.0,0,0.04233,-0.20582,49.93228,10.68268,13.0,37.0,5960.0,0.0,0.27494,0.00049,0.0,0.0,0.0
YLR327C,1,0.0,0.17013225222985426,1.0645020339779569e-08,0.0,0.0,0.0,0.0,0,0.09302,-1.37442,40.78023,9.75165,9.0,14.0,15470.0,0.0,1.57317,0.00099,0.0,0.0,0.0
YLR332W,2,5.518803118497074e-05,0.21427798246526947,1.8503566212258605e-06,0.0,0.0,0.0,0.0,0,0.06383,-0.21197,66.41811,5.37665,28.0,23.0,24785.0,0.0,0.63314,0.00014,0.0,0.0,0.0
YLR334C,1,0.0,0.2089456631405187,1.23982860280303e-06,0.0,0.0,0.0,0.0,0,0.09524,0.95714,39.9381,6.88202,8.0,8.0,6335.0,0.0,0.44207,0.00048,0.0,0.0,0.0
YLR377C,5,0.00018569464620567068,0.2558105069217458,5.7656027689934755e-05,0.1,3.6743929359823397,0.0,12.333333333333332,0,0.08908,-0.09885,34.64425,5.64337,40.0,33.0,25035.0,0.0,0.6543,0.00015,0.0,0.0,0.5
YLR351C,1,0.0,0.18810013463945052,1.7298019172314702e-05,0.0,1.0,0.0,0.0,0,0.08935,-0.26426,38.91684,7.09222,34.0,34.0,22265.0,0.0,0.68405,0.00022,0.0,0.0,0.5
YLR358C,3,0.005150780934422888,0.20911416770756752,9.250494869365432e-07,0.0,1.0,0.0,0.0,0,0.08556,0.19572,58.80968,7.58539,15.0,16.0,9480.0,0.0,0.46738,0.00037,0.0,0.0,0.5
YNL145W,1,0.0,0.17204459664645708,1.274782522711446e-08,0.0,0.0,0.0,0.0,0,0.07895,-0.47632,26.93421,7.88336,4.0,5.0,7115.0,0.0,1.68251,0.00186,0.0,0.0,0.0
YLR359W,1,0.0,0.21625425114185262,1.349531618253063e-06,0.0,1.0,0.0,0.0,1,0.08091,-0.18859,41.71307,6.00909,65.0,58.0,53900.0,0.0,0.98881,0.00011,0.3153500824189429,0.0,0.5
YLR363C,1,0.0,0.20377804434520724,8.599952670511148e-06,0.0,0.0,0.0,0.0,0,0.1055,-0.41193,46.08628,5.58954,32.0,29.0,30200.0,0.0,1.19435,0.00022,0.0,0.0,0.0
YLR366W,1,0.0,0.20125675274051608,0.0013802484984327444,0.0,0.0,0.0,0.0,0,0.15842,-0.60792,63.82079,11.52582,4.0,19.0,21220.0,0.0,1.71932,0.00093,0.0,0.0,0.0
YPR093C,1,0.0,0.18523875510675814,2.389328537758919e-07,0.0,1.0,0.5,0.0,0,0.07292,-0.55208,45.25694,5.66669,45.0,35.0,32370.0,0.0,0.97072,0.00017,0.0,0.0,0.5
YLR372W,1,0.0,0.17406225687168897,1.4764759744582033e-07,0.0,1.0,0.5,0.0,0,0.16812,0.44145,34.70991,9.35663,16.0,29.0,80385.0,0.0,2.03688,0.00024,0.0,0.0,0.5
YMR140W,1,0.0,0.20553581644404922,2.177176292556789e-07,0.0,0.0,0.0,0.0,0,0.07157,-0.89918,56.18387,7.94342,71.0,73.0,40100.0,0.0,0.71788,0.00014,0.0,0.0,0.0
YPL107W,1,0.0,0.20553581644404922,2.177176292556789e-07,0.0,0.0,0.0,0.0,0,0.07258,-0.88871,58.67863,9.51349,36.0,48.0,42440.0,0.0,1.48551,0.00033,0.0,0.0,0.0
YPL253C,4,0.00037068568745723046,0.19877916014049077,5.988591493567254e-07,0.0,2.1805555555555554,0.3333333333333333,0.0,0,0.07264,-0.75549,46.6008,7.62225,94.0,95.0,35590.0,0.0,0.46996,0.0001,0.0,0.0,0.5
YLR385C,1,0.0,0.2024490977898192,1.1133149211539682e-06,0.0,0.0,1.0,0.0,0,0.05303,-0.19318,34.2447,5.8526,15.0,13.0,7700.0,0.0,0.50925,0.00039,0.0,0.0,0.0
YLR387C,1,0.0,0.00021358393848782572,2.229258935376394e-19,0.0,0.0,0.0,0.0,0,0.07639,-0.85417,44.22618,7.5733,62.0,63.0,31955.0,0.0,0.6431,0.00015,0.0,0.0,0.0
YOL056W,1,0.0,0.00021358393848782572,2.229258935376394e-19,0.0,0.0,0.0,0.0,0,0.07921,-0.66502,43.44789,5.80719,45.0,40.0,33390.0,0.0,0.95775,0.00017,0.0,0.0,0.0
YLR393W,1,0.0,0.00021358393848782572,2.229258935376394e-19,0.0,0.0,0.0,0.0,0,0.12186,-0.43226,41.51118,9.56049,29.0,42.0,46785.0,0.0,1.45777,0.0003,0.0,0.0,0.0
YMR279C,1,0.0,0.00021358393848782572,2.229258935376394e-19,0.0,0.0,0.0,0.0,0,0.13704,0.53926,30.43096,8.3576,31.0,34.0,107550.0,0.0,1.80571,0.00014,0.0,0.0,0.0
YOR338W,1,0.0,0.17551768486066188,2.3141934570098175e-07,0.0,0.0,0.0,0.0,0,0.07163,-0.73609,63.26915,9.83234,40.0,60.0,37275.0,0.0,0.88521,0.00023,0.0,0.0,0.0
YLR401C,1,0.0,0.2411052155158083,2.796114024364536e-05,0.0,0.0,0.5,0.0,0,0.08683,-0.71572,42.31078,7.17389,96.0,96.0,82540.0,0.0,1.07762,9e-05,0.0,0.0,0.0
YOR025W,1,0.0,0.13017915820906986,3.684960415473045e-12,0.0,1.0,0.5,0.0,0,0.06264,-0.5038,46.58233,9.26654,52.0,68.0,44930.0,0.0,0.88929,0.00018,0.0,0.0,0.5
YLR411W,1,0.0,0.16602488250067884,3.8464565036039966e-08,0.0,0.0,0.0,0.0,0,0.13693,0.061,43.78224,7.93915,24.0,26.0,59245.0,0.0,2.15173,0.00029,0.0,0.0,0.0
YLR412W,1,0.0,0.1799382257847793,1.3362938899332948e-07,0.0,0.0,0.0,0.0,0,0.10949,-0.51387,39.08504,6.67084,40.0,39.0,34755.0,0.0,1.09614,0.00021,0.0,0.0,0.0
YLR414C,1,0.0,0.00021358393848782572,2.229258935376394e-19,0.0,0.0,0.0,0.0,0,0.0,0.0,0.0,0.0,0.0,0.0,0.0,0.0,0.0,0.0,0.0,0.0,0.0
YOR013W,1,0.0,0.00021358393848782572,2.229258935376394e-19,0.0,0.0,0.0,0.0,0,0.14103,-0.14615,25.99167,8.75726,15.0,18.0,23630.0,0.0,1.32155,0.00049,0.0,0.0,0.0
YLR416C,1,0.0,0.15869700310600582,1.3644614752801437e-08,0.0,0.0,0.0,0.0,0,0.10606,-0.34545,57.87121,8.89984,9.0,13.0,5095.0,0.0,0.34623,0.0006,0.0,0.0,0.0
YPR135W,2,0.00021149327066866054,0.18971924490103392,8.589031237281968e-07,0.0,1.0,1.0,0.0,0,0.09169,-0.40227,39.31251,5.07916,135.0,95.0,109680.0,0.0,1.05034,5e-05,0.0,0.0,0.5
YLR422W,1,0.0,0.18385579976958305,6.111970365776488e-08,0.0,1.0,0.0,0.0,0,0.10766,-0.22723,47.70871,7.88007,223.0,227.0,209585.0,0.0,0.94595,4e-05,0.0,0.0,0.5
YMR017W,4,0.00017286604173850914,0.23945497611361416,2.305160127850711e-05,0.0,2.011961722488038,0.0,0.0,0,0.05793,-1.07179,50.89471,9.27948,59.0,72.0,28265.0,0.0,0.60627,0.0002,0.0,0.0,0.5
YNL090W,3,0.00010984645312023456,0.23887106617944745,6.514583135980745e-06,0.3333333333333333,2.3897379912663754,0.0,14.583333333333332,0,0.08854,-0.12969,32.95052,5.3537,29.0,25.0,22180.0,0.0,1.03266,0.00025,0.0,0.0,0.5
YLR425W,1,0.0,0.18207123436766443,9.202892816832916e-08,0.0,1.0,0.0,0.0,0,0.10406,-0.3948,46.25035,6.41241,165.0,157.0,140925.0,0.0,0.9451,4e-05,0.0,0.0,0.5
YOR053W,2,0.00021149327066866054,0.22411544335123917,5.906862179355648e-06,0.0,1.8694516971279374,0.0,0.0,0,0.09735,-1.65398,153.58053,12.46295,1.0,38.0,10430.0,0.0,0.68368,0.00082,0.0,0.0,0.5
YLR428C,1,0.0,0.20270044858028802,6.600747158085694e-07,0.0,0.0,0.0,0.0,0,0.15789,0.12544,47.90009,9.94513,5.0,13.0,17210.0,0.0,1.31052,0.00076,0.0,0.0,0.0
YML107C,1,0.0,0.17455162173420147,1.6205712445923188e-06,0.0,0.0,0.25,0.0,0,0.09581,-0.46347,35.79641,9.13495,39.0,52.0,60735.0,0.0,1.54909,0.00023,0.0,0.0,0.0
YOR119C,1,0.0,0.20147751978040696,4.543211107333882e-05,0.0,1.0,0.0,0.0,1,0.09504,-0.7938,39.87603,6.1286,88.0,81.0,37165.0,0.0,0.66222,0.00011,0.3153500824189429,0.0,0.5
YLR465C,3,0.00024576606918147865,0.22442351365825902,5.925458771215405e-06,0.0,1.0,0.0,0.0,0,0.12745,-0.49412,44.88137,9.8028,7.0,12.0,12615.0,0.0,1.05016,0.00082,0.0,0.0,0.5
YNL028W,2,0.00021149327066866054,0.22411544335123917,5.906862179355648e-06,0.0,1.0,0.0,0.0,1,0.07619,0.19143,49.96762,10.51532,2.0,15.0,14605.0,0.0,1.17355,0.00084,0.3153500824189429,0.0,0.5
YNL134C,1,0.0,0.22409265697094827,5.9054157191823046e-06,0.0,0.0,0.0,0.0,0,0.07713,-0.11383,25.82314,5.82538,49.0,43.0,34880.0,0.0,0.84734,0.00014,0.0,0.0,0.0
YNL169C,3,4.4130352789718845e-05,0.23201887758700582,7.096833032636142e-06,0.0,0.0,0.0,0.0,0,0.108,-0.2944,38.66962,9.18304,51.0,61.0,63995.0,0.0,1.13077,0.00016,0.0,0.0,0.0
YNL323W,1,0.0,0.22409265697094827,5.9054157191823046e-06,0.0,1.0,0.0,0.0,0,0.12319,-0.49734,29.47367,5.63373,53.0,46.0,87165.0,0.0,1.83749,0.00012,0.0,0.0,0.5
YPR006C,1,0.0,0.22409265697094827,5.9054157191823046e-06,0.0,0.0,0.0,0.0,0,0.09913,-0.4047,32.72678,7.21014,72.0,72.0,90590.0,0.0,1.39423,0.00011,0.0,0.0,0.0
YML027W,1,0.0,0.22355850772266575,7.58791761004804e-06,0.0,0.0,1.0,0.0,0,0.03636,-0.80675,77.12312,10.33002,34.0,63.0,8855.0,0.0,0.20719,0.00024,0.0,0.0,0.0
YNL072W,1,0.0,0.22355850772266575,7.58791761004804e-06,0.0,0.0,0.5,0.0,0,0.08795,-0.46743,44.84691,8.99469,34.0,40.0,50225.0,0.0,1.44016,0.00026,0.0,0.0,0.0
YNL133C,1,0.0,0.22355850772266575,7.58791761004804e-06,0.0,0.0,0.5,0.0,0,0.0578,-1.2422,22.95844,9.92511,24.0,42.0,8940.0,0.0,0.44645,0.0005,0.0,0.0,0.0
YNR009W,2,0.00010469025273309961,0.22381958137981842,7.595294004474398e-06,0.0,1.0,0.5,0.0,0,0.05221,-0.72329,53.04257,10.03851,17.0,38.0,10930.0,0.0,0.39653,0.00036,0.0,0.0,0.5
YNR066C,1,0.0,0.22355850772266575,7.58791761004804e-06,0.0,1.0,0.0,0.0,0,0.11009,-0.35528,40.48791,4.92096,63.0,39.0,66570.0,0.0,1.34068,0.0001,0.0,0.0,0.5
YOR230W,1,0.0,0.22355850772266575,7.58791761004804e-06,0.0,1.0,0.5,1.25,0,0.09382,-0.46888,45.59728,5.18243,58.0,42.0,59610.0,0.0,1.23207,0.00011,0.0,0.0,0.5
YPL034W,3,0.0004229865413373211,0.22360386807728128,7.591621276501928e-06,0.0,1.0,0.0,0.0,0,0.08485,-0.54061,43.38121,9.69696,16.0,30.0,25940.0,0.0,1.3722,0.00051,0.0,0.0,0.5
YPL154C,4,0.0002912123851580939,0.23094916200951032,8.099476051137422e-06,0.0,2.5507853403141363,0.0,0.0,0,0.12099,-0.18519,26.34968,4.70355,53.0,30.0,53790.0,0.0,1.20881,0.00011,0.0,0.0,0.5
YPR071W,1,0.0,0.18227450608979173,9.228951962605156e-08,0.0,0.0,0.5,0.0,0,0.14218,-0.15782,41.24123,9.75702,16.0,28.0,42775.0,0.0,1.73843,0.0004,0.0,0.0,0.0
YPL074W,1,0.0,0.18699103483819138,2.296833064003134e-07,0.0,1.0,0.0,0.0,0,0.05968,-0.71472,47.29219,9.63739,101.0,133.0,62925.0,0.0,0.7377,0.00011,0.0,0.0,0.5
YOL128C,1,0.0,0.1585999372265785,3.3248679547776526e-09,0.0,1.0,0.0,1.2,0,0.112,-0.31707,51.33683,7.18719,44.0,44.0,38110.0,0.0,0.88207,0.00017,0.0,0.0,0.5
YML037C,1,0.0,0.22311720682672084,2.545553729683679e-06,0.0,0.0,0.0,0.0,0,0.06471,-1.04794,42.15529,6.47809,52.0,50.0,32470.0,0.0,0.85396,0.00017,0.0,0.0,0.0
YNL046W,1,0.0,0.21411145595859352,1.3412021927004961e-06,0.0,0.0,0.5,0.0,0,0.09302,-0.07907,47.1157,10.25348,9.0,23.0,18700.0,0.0,0.9664,0.00053,0.0,0.0,0.0
YML054C,2,0.0,0.1726645771749128,8.224863004008317e-09,1.0,0.0,0.0,2.1142857142857143,0,0.06768,-0.33993,38.09223,8.59296,75.0,81.0,62310.0,0.0,0.95074,0.00013,0.0,0.0,0.0
YPL063W,2,0.0,0.1726645771749128,8.224863004008317e-09,1.0,0.0,0.0,0.7142857142857143,1,0.10294,-0.74664,45.4263,6.75763,73.0,72.0,64415.0,0.0,1.1691,0.00012,0.3153500824189429,0.0,0.0
YML060W,1,0.0,0.20973102365950724,0.00010447245002592157,0.0,1.0,1.0,0.0,0,0.08511,-0.31995,36.5359,8.89484,44.0,52.0,58870.0,0.0,1.37608,0.00021,0.0,0.0,0.5
YMR063W,1,0.0,0.17378776484429423,5.478785485625336e-08,0.0,0.0,0.0,0.0,0,0.10042,0.62218,46.21674,5.83234,17.0,13.0,36285.0,0.0,1.35918,0.00022,0.0,0.0,0.0
YML062C,1,0.0,0.14940776353292853,1.0135566361155552e-09,0.0,1.0,1.0,0.0,0,0.05102,-1.05077,48.09515,4.43048,102.0,54.0,30035.0,0.0,0.66751,0.0001,0.0,0.0,0.5
YNL097C,2,0.00021149327066866054,0.17659348831325708,6.642001611097556e-08,0.0,2.0,1.0,0.0,0,0.05152,-0.82182,48.7903,7.64301,43.0,44.0,26900.0,0.0,0.72656,0.00021,0.0,0.0,0.5
YML070W,1,0.0,0.00028477858465043426,1.508668400601407e-18,0.0,0.0,0.0,0.0,0,0.06849,-0.07277,27.39486,5.24896,75.0,60.0,28015.0,0.0,0.45036,8e-05,0.0,0.0,0.0
YOR102W,2,0.00019088491790858467,0.2413560367540256,2.7968516638071717e-05,0.0,1.7430555555555556,0.0,0.0,1,0.06897,-0.26724,18.95172,10.53668,2.0,21.0,14480.0,0.0,1.0898,0.00079,0.3153500824189429,0.0,0.5
YPR099C,1,0.0,0.17729665186323146,2.1119754866789555e-07,0.0,0.0,0.0,0.0,0,0.13559,0.07373,42.41186,8.44989,6.0,8.0,8980.0,0.0,0.67214,0.00063,0.0,0.0,0.0
YOL144W,2,4.538184215392035e-05,0.24609907633293454,2.9409796484041623e-05,0.0,1.0,0.5,0.0,1,0.09298,-1.08988,45.1188,5.68427,92.0,81.0,63410.0,0.0,1.11314,0.0001,0.3153500824189429,0.19338324065864865,0.5966916203293243
YML129C,1,0.0,0.20738269925082442,1.3630855483096323e-06,0.0,1.0,0.0,0.0,0,0.1,-0.59,68.66143,6.55011,6.0,6.0,14440.0,0.0,1.81432,0.00082,0.0,0.0,0.5
YMR014W,1,0.0,0.2089456631405187,1.23982860280303e-06,0.0,1.0,1.0,0.0,0,0.06551,-1.27881,49.142,8.86273,92.0,101.0,57800.0,0.0,0.96248,0.00015,0.0,0.0,0.5
YMR019W,1,0.0,0.20006928948738364,1.9080505341154154e-06,0.0,1.0,1.0,0.0,0,0.10748,-0.50516,51.55588,6.97711,107.0,105.0,140045.0,0.0,1.27518,6e-05,0.0,0.0,0.5
YMR150C,1,0.0,0.1663067477278927,2.934649810253506e-08,0.0,1.0,0.0,0.0,0,0.11053,-0.07737,23.44,7.00372,18.0,18.0,38305.0,0.0,1.78725,0.00033,0.0,0.0,0.5
YMR036C,1,0.0,0.21297355567086304,1.4519099662564974e-06,0.0,1.0,0.0,0.0,0,0.09025,-0.88267,66.9015,7.26422,70.0,70.0,23600.0,0.0,0.37249,0.00011,0.0,0.0,0.5
YMR041C,1,0.0,0.2013486801843294,0.0013804624695296659,0.0,1.0,0.0,0.0,0,0.10149,-0.27701,35.56985,5.39349,45.0,35.0,41340.0,0.0,1.08163,0.00014,0.0,0.0,0.5
YNL068C,1,0.0,0.20016922419741728,4.415467078576448e-07,0.0,0.0,1.0,0.0,0,0.06032,-0.7768,48.36265,9.31915,64.0,79.0,70500.0,0.0,0.74703,0.0001,0.0,0.0,0.0
YOR088W,1,0.0,0.20016922419741728,4.415467078576448e-07,0.0,0.0,0.0,0.0,0,0.0,0.0,0.0,0.0,0.0,0.0,0.0,0.0,0.0,0.0,0.0,0.0,0.0
YMR157C,1,0.0,0.2411052155158083,2.796114024364536e-05,0.0,0.0,0.0,0.0,0,0.10196,-0.27765,37.14941,9.3736,30.0,42.0,18505.0,0.0,0.63643,0.00032,0.0,0.0,0.0
YNL300W,1,0.0,0.2411052155158083,2.796114024364536e-05,0.0,0.0,0.0,0.0,0,0.05882,0.38529,13.28922,6.51141,4.0,4.0,4470.0,0.0,0.43951,0.00064,0.0,0.0,0.0
YNL319W,1,0.0,0.2411052155158083,2.796114024364536e-05,0.0,0.0,0.0,0.0,0,0.06849,0.57397,31.42808,9.51495,5.0,12.0,7825.0,0.0,0.48751,0.00059,0.0,0.0,0.0
YNR061C,1,0.0,0.2411052155158083,2.796114024364536e-05,0.0,0.0,0.0,0.0,0,0.08676,0.3379,47.77717,4.75946,27.0,18.0,14815.0,0.0,0.60925,0.0002,0.0,0.0,0.0
YOL146W,1,0.0,0.2411052155158083,2.796114024364536e-05,0.0,1.0,1.0,0.0,1,0.09278,-0.22062,35.64124,5.12811,28.0,20.0,25565.0,0.0,1.16459,0.00023,0.3153500824189429,0.23974612282610783,0.6198730614130539
YOR251C,1,0.0,0.2411052155158083,2.796114024364536e-05,0.0,1.0,0.0,0.0,0,0.11513,-0.36414,34.83026,5.71381,41.0,35.0,51380.0,0.0,1.50152,0.00017,0.0,0.0,0.5
YOR286W,1,0.0,0.2411052155158083,2.796114024364536e-05,0.0,0.0,0.0,0.0,0,0.08725,-0.47114,33.44094,9.6546,16.0,25.0,13075.0,0.0,0.78307,0.00058,0.0,0.0,0.0
YPL214C,2,5.967511490442179e-06,0.2533260534035701,0.00019665584192734501,0.0,1.9287878787878787,0.0,8.5,0,0.06111,0.01352,28.99926,5.66498,57.0,50.0,41755.0,0.0,0.71919,0.0001,0.0,0.0,0.5
YMR051C,1,0.0,0.1649871493104096,7.945739583945758e-09,0.0,0.0,0.0,0.0,0,0.0,0.0,0.0,0.0,0.0,0.0,0.0,0.0,0.0,0.0,0.0,0.0,0.0
YNL335W,2,1.8686440306159758e-05,0.24264472148816663,9.668204482881914e-06,0.0,0.0,0.0,0.0,0,0.0,0.0,0.0,0.0,0.0,0.0,0.0,0.0,0.0,0.0,0.0,0.0,0.0
YMR282C,1,0.0,0.17936713278302097,7.080711732417148e-08,0.0,0.0,0.0,0.0,0,0.10345,-0.33034,42.67521,9.57379,64.0,94.0,80675.0,0.0,1.19479,0.00014,0.0,0.0,0.0
YPL263C,1,0.0,0.1834579097417814,2.9759897753054725e-07,0.0,0.0,0.0,0.0,0,0.10138,-1.08141,48.3116,5.01117,124.0,93.0,118675.0,0.0,1.57327,7e-05,0.0,0.0,0.0
YMR097C,1,0.0,0.18655578548713544,1.2534904478169216e-07,0.0,1.0,0.0,0.0,0,0.08447,-0.51335,26.30845,9.54205,39.0,53.0,44600.0,0.0,1.05828,0.00023,0.0,0.0,0.5
YOR154W,2,0.00021955955176144093,0.2375580219484546,2.390845610408706e-05,0.0,1.4229857819905214,0.5,0.0,0,0.08688,-0.5063,44.80888,5.3559,89.0,72.0,49485.0,0.0,0.73364,8e-05,0.0,0.0,0.5
YOR120W,2,0.0,0.18935251955650875,5.937393333344069e-08,1.0,0.0,0.0,2.523809523809524,0,0.07372,-0.39359,33.03333,7.75446,37.0,38.0,50670.0,0.0,1.44447,0.00022,0.0,0.0,0.0
YMR106C,2,8.025585017557664e-05,0.22613895528012742,5.2567163302494255e-06,0.0,1.927346115035318,0.5,2.1538461538461537,0,0.06518,-0.42321,41.41781,5.14191,95.0,76.0,44695.0,0.0,0.62738,7e-05,0.0,0.0,0.5
YPR167C,1,0.0,0.17032288765022693,1.3875169730721666e-08,0.0,1.0,0.0,0.0,0,0.11494,-0.59579,42.1433,5.59418,39.0,30.0,48610.0,0.0,1.60007,0.00018,0.0,0.0,0.5
YMR123W,1,0.0,0.19257870927372317,2.3755843555939748e-07,0.0,0.0,0.5,0.0,0,0.10656,-0.12377,54.34598,6.27472,15.0,14.0,25105.0,0.0,1.79812,0.00045,0.0,0.0,0.0
YMR131C,1,0.0,0.20332687524333595,0.0013807089104242412,0.0,1.0,1.0,0.0,1,0.06458,-0.66321,52.81468,4.48004,94.0,49.0,82890.0,0.0,1.44759,8e-05,0.3153500824189429,0.23974612282610783,0.6198730614130539
YMR133W,1,0.0,0.17936713278302097,7.080711732417148e-08,0.0,0.0,0.5,0.0,0,0.05841,-0.68879,44.52173,9.25922,44.0,56.0,33305.0,0.0,0.6838,0.00019,0.0,0.0,0.0
YMR134W,2,4.5766164341219245e-07,0.22595349096701642,9.963443269424966e-06,0.0,1.0,0.0,0.0,1,0.10549,-0.31814,33.02025,5.29828,43.0,33.0,15400.0,0.0,0.55156,0.00019,0.3153500824189429,0.0,0.5
YOR070C,1,0.0,0.18967842750755265,5.660248334534678e-07,0.0,1.0,0.0,0.0,0,0.08948,-0.68195,50.50047,6.71332,73.0,70.0,100310.0,0.0,1.3687,9e-05,0.0,0.0,0.5
YPL164C,2,0.0,0.18550379393492084,1.004376186951023e-07,1.0,2.0,1.0,0.0,0,0.08671,-0.27399,47.51722,9.03705,81.0,99.0,75230.0,0.0,0.91744,0.00011,0.0,0.0,0.5
YMR178W,1,0.0,0.17678470644778518,3.038253835918091e-08,0.0,1.0,0.0,0.0,0,0.08759,-0.32555,30.22737,5.70673,40.0,34.0,24255.0,0.0,0.77879,0.00018,0.0,0.0,0.5
YMR179W,4,0.0002476308667143705,0.21261402861503514,7.635885957151841e-07,0.0,0.0,0.0,0.0,1,0.05013,-0.80396,54.32902,5.70941,102.0,89.0,32860.0,0.0,0.38798,7e-05,0.3153500824189429,0.0,0.0
YNL003C,1,0.0,0.17440659368053504,1.1318277339912677e-08,0.0,0.0,0.0,0.0,0,0.10915,0.03627,28.02113,9.67255,17.0,30.0,44390.0,0.0,1.43071,0.00031,0.0,0.0,0.0
YMR184W,1,0.0,0.231653090297731,2.2738065994503548e-05,0.0,1.0,0.0,0.0,0,0.05556,-0.47475,44.02581,9.07513,21.0,29.0,16470.0,0.0,0.74494,0.00041,0.0,0.0,0.5
YMR195W,1,0.0,0.19021042741210456,7.450280747864953e-07,0.0,0.0,0.0,0.0,0,0.11811,-0.68268,41.10945,4.55475,16.0,8.0,16180.0,0.0,1.12859,0.00032,0.0,0.0,0.0
YMR271C,2,4.384298979497792e-05,0.21791124896314812,2.1487120619660244e-06,0.0,1.0,0.0,0.0,0,0.08811,0.06608,33.15242,8.67975,22.0,25.0,12295.0,0.0,0.49556,0.00035,0.0,0.0,0.5
YPL101W,2,0.0,0.17019136926278997,1.6130284542110533e-08,1.0,0.0,0.5,0.0,0,0.05921,-0.50439,50.14386,9.45197,52.0,63.0,31400.0,0.0,0.61382,0.00018,0.0,0.0,0.0
YMR317W,1,0.0,0.18385579976958305,6.111970365776488e-08,0.0,0.0,0.0,0.0,0,0.02456,-0.18684,60.5336,5.12579,71.0,55.0,20440.0,0.0,0.1806,5e-05,0.0,0.0,0.0
YMR323W,1,0.0,0.20570846307692955,2.482536945256955e-07,0.0,0.0,0.0,0.0,0,0.07094,-0.15561,34.70689,5.25934,57.0,43.0,49235.0,0.0,1.04064,0.00011,0.0,0.0,0.0
YMR325W,1,0.0,0.00021358393848782572,2.229258935376394e-19,0.0,0.0,0.0,0.0,0,0.0,0.0,0.0,0.0,0.0,0.0,0.0,0.0,0.0,0.0,0.0,0.0,0.0
YPR199C,1,0.0,0.00021358393848782572,2.229258935376394e-19,0.0,0.0,0.0,0.0,0,0.0,0.0,0.0,0.0,0.0,0.0,0.0,0.0,0.0,0.0,0.0,0.0,0.0
YNR018W,1,0.0,0.17546179418363744,6.226269713228359e-08,0.0,0.0,0.0,0.0,0,0.08929,-0.3933,43.35223,9.47589,25.0,33.0,43555.0,0.0,1.71857,0.00037,0.0,0.0,0.0
YNL045W,1,0.0,0.18207123436766443,9.202892816832916e-08,0.0,0.0,0.5,0.0,0,0.1237,-0.36855,41.71119,6.11298,85.0,75.0,106520.0,0.0,1.37708,8e-05,0.0,0.0,0.0
YNL056W,1,0.0,0.2034582597284004,1.2168045237210928e-06,0.0,1.0,0.0,0.0,0,0.10152,-0.22792,35.23604,6.15985,24.0,21.0,22140.0,0.0,0.98524,0.00027,0.0,0.0,0.5
YPL061W,1,0.0,0.18506766259186042,9.008264273484147e-08,0.0,1.0,0.0,0.0,0,0.082,-0.1406,28.03622,5.31476,63.0,54.0,46715.0,0.0,0.85852,0.0001,0.0,0.0,0.5
YOR004W,1,0.0,0.22311720682672084,2.545553729683679e-06,0.0,1.0,0.3333333333333333,0.0,1,0.04331,-0.88898,57.09055,10.05206,26.0,53.0,9565.0,0.0,0.33211,0.00035,0.3153500824189429,0.16204621790391252,0.5810231089519563
YNL224C,1,0.0,0.21039168839612082,1.6966662898852584e-05,0.0,1.0,0.5,0.0,0,0.07432,-0.92686,52.78422,5.47296,135.0,112.0,58135.0,0.0,0.66861,6e-05,0.0,0.0,0.5
YOR093C,1,0.0,0.21039168839612082,1.6966662898852584e-05,0.0,1.0,0.0,0.0,0,0.08738,-0.20085,40.6031,8.74738,170.0,192.0,161460.0,0.0,0.86386,5e-05,0.0,0.0,0.5
YPR062W,1,0.0,0.24106565980944566,9.591623407287666e-06,0.0,1.0,0.0,0.0,0,0.07595,-0.44684,18.56582,5.68158,23.0,20.0,20690.0,0.0,1.18183,0.00032,0.0,0.0,0.5
YPL249C,3,6.295463756615113e-05,0.21912445470375919,7.226525619362019e-05,0.0,2.5026343519494203,0.0,0.0,0,0.066,-0.75951,44.39586,4.72589,163.0,99.0,65000.0,0.0,0.63851,5e-05,0.0,0.0,0.5
YPL075W,2,3.0909038537806127e-06,0.20649864876917243,6.751260461698994e-07,0.0,1.0,1.0,0.0,1,0.07643,-0.5721,52.10969,8.50873,81.0,86.0,69175.0,0.0,0.78852,0.0001,0.3153500824189429,0.23974612282610783,0.6198730614130539
YNL226W,1,0.0,0.21309710215969851,0.0001250038801643342,0.0,0.0,0.0,0.0,0,0.18382,0.00147,45.0075,9.73016,6.0,15.0,28670.0,0.0,1.78747,0.00061,0.0,0.0,0.0
YNL246W,2,0.005061952574236275,0.20091734983024265,1.1362135495323466e-06,0.0,0.0,1.0,0.0,1,0.11364,-0.80682,47.34508,4.6441,59.0,36.0,44140.0,0.0,1.44179,0.00015,0.3153500824189429,0.23974612282610783,0.5
YPR058W,1,0.0,0.16645746753551557,1.7894329947777465e-08,0.0,0.0,0.0,0.0,0,0.08143,-0.03876,38.57235,9.44952,23.0,33.0,22055.0,0.0,0.66082,0.00028,0.0,0.0,0.0
YPL150W,1,0.0,0.17455162173420147,5.214889519259968e-08,0.0,0.0,0.0,2.0,0,0.06881,-0.6677,50.36772,9.44318,102.0,133.0,78825.0,0.0,0.7832,9e-05,0.0,0.0,0.0
YNL279W,1,0.0,0.18385579976958305,6.111970365776488e-08,0.0,0.0,0.0,0.0,0,0.07564,0.1295,34.87067,5.84125,62.0,54.0,89280.0,0.0,1.21715,8e-05,0.0,0.0,0.0
YNL289W,1,0.0,0.2054017359524497,2.7784495116470515e-07,0.0,0.0,0.3333333333333333,0.0,0,0.0681,-0.37097,57.89749,9.39606,27.0,36.0,34545.0,0.0,1.07635,0.00029,0.0,0.0,0.0
YNL292W,1,0.0,0.1909519885326196,2.517680197725947e-07,0.0,1.0,0.5,0.0,0,0.06452,-0.6129,39.95931,6.16022,63.0,59.0,29130.0,0.0,0.64343,0.00014,0.0,0.0,0.5
YNR043W,1,0.0,0.20001482169225118,1.9772476697174772e-05,0.0,1.0,0.0,0.0,1,0.09343,-0.28434,39.84045,5.53546,49.0,41.0,54025.0,0.0,1.22463,0.00013,0.3153500824189429,0.0,0.5
YNL320W,1,0.0,0.19716104549939723,2.1163029937576575e-05,0.0,0.0,0.0,0.0,0,0.12676,0.01092,37.65884,7.63007,28.0,29.0,49110.0,0.0,1.52006,0.00024,0.0,0.0,0.0
YNR004W,1,0.0,0.16658327621780378,1.560847618068033e-08,0.0,0.0,0.5,0.0,0,0.09589,-0.45685,37.03493,5.33295,24.0,20.0,21680.0,0.0,1.2681,0.00031,0.0,0.0,0.0
YPL157W,2,0.00021149327066866054,0.20110066858008777,1.168911860411963e-06,0.0,1.0,0.5,0.0,0,0.12063,-0.56698,45.11016,9.53448,33.0,53.0,56350.0,0.0,1.54271,0.00026,0.0,0.0,0.5
YNR019W,1,0.0,0.13888237729286465,7.395965402525628e-11,0.0,1.0,0.5,0.0,0,0.14642,0.09159,37.20304,7.59174,62.0,63.0,130720.0,0.0,1.76596,0.0001,0.0,0.0,0.5
YNR033W,1,0.0,0.20534432642080977,3.674059184915767e-05,0.0,1.0,0.0,0.0,0,0.09276,-0.26633,40.06417,5.52057,97.0,79.0,104220.0,0.0,1.17705,6e-05,0.0,0.0,0.5
YNR063W,1,0.0,0.19417349375718101,8.364068290495999e-07,0.0,0.0,1.0,0.0,0,0.09226,-0.23064,45.77086,6.1463,76.0,71.0,67445.0,0.0,0.96817,9e-05,0.0,0.0,0.0
YOL009C,1,0.0,0.1930679158757675,5.11646817081736e-07,0.0,0.0,0.25,0.0,0,0.08118,-0.28192,42.71738,4.33026,50.0,23.0,25940.0,0.0,0.84417,0.00014,0.0,0.0,0.0
YOL035C,1,0.0,0.1916493480838017,4.4948552804541374e-07,0.0,0.0,0.0,0.0,0,0.18,0.723,38.749,7.95282,4.0,5.0,14565.0,0.0,1.24748,0.00068,0.0,0.0,0.0
YPL196W,1,0.0,0.1690751248571465,6.182472299369478e-09,0.0,1.0,0.0,0.0,0,0.10256,-0.65018,41.90769,5.48773,40.0,32.0,41995.0,0.0,1.3644,0.00018,0.0,0.0,0.5
YOL066C,1,0.0,0.231653090297731,2.2738065994503548e-05,0.0,1.0,0.0,0.0,1,0.0846,-0.61117,25.67445,6.09772,85.0,76.0,70385.0,0.0,1.04997,9e-05,0.3153500824189429,0.0,0.5
YOL078W,1,0.0,0.2224641259286159,5.978749821834547e-06,0.0,1.0,0.0,0.0,1,0.06463,-0.84558,40.40528,6.25348,167.0,154.0,62410.0,0.0,0.47504,5e-05,0.6846499175810571,0.0,0.5
YOL095C,1,0.0,0.1999059750249659,1.1660077807165429e-06,0.0,1.0,0.0,0.0,0,0.08924,-0.27025,35.62239,8.76422,74.0,83.0,83865.0,0.0,1.04083,0.00011,0.0,0.0,0.5
YOL103WB,1,0.0,0.17541291903205428,1.8651969909766623e-08,0.0,0.0,0.0,0.0,0,0.0,0.0,0.0,0.0,0.0,0.0,0.0,0.0,0.0,0.0,0.0,0.0,0.0
YOL147C,1,0.0,0.231653090297731,2.2738065994503548e-05,0.0,1.0,0.0,0.0,0,0.11017,0.06102,34.29114,9.84418,17.0,31.0,39795.0,0.0,1.48074,0.00037,0.0,0.0,0.5
YPL008W,1,0.0,0.1875160224296207,3.0135387122834155e-07,0.0,0.0,1.0,0.0,0,0.09059,-0.48165,39.03534,8.12543,110.0,114.0,87025.0,0.0,0.88078,8e-05,0.0,0.0,0.0
YOR051C,1,0.0,0.19304255113972074,3.023631707150211e-07,0.0,1.0,1.0,0.0,0,0.07767,-0.7284,43.18034,4.69757,91.0,54.0,35995.0,0.0,0.76017,0.0001,0.0,0.0,0.5
YOR074C,2,0.0,0.24515469969832174,0.0002072518459109646,1.0,1.838862559241706,0.5,2.013888888888889,1,0.10855,-0.51283,42.21385,6.66693,45.0,44.0,39015.0,0.0,1.11322,0.00019,0.3153500824189429,0.19338324065864865,0.5525822986842459
YOR079C,1,0.0,0.231653090297731,2.2738065994503548e-05,0.0,1.0,0.0,0.0,0,0.08946,0.61821,22.90639,5.13324,26.0,15.0,41410.0,0.0,1.20351,0.00015,0.0,0.0,0.5
YPR169W,1,0.0,0.17013881876087553,3.369228679435752e-08,0.0,0.0,0.5,0.0,1,0.05691,-0.60569,38.67622,5.02411,93.0,68.0,37815.0,0.0,0.68427,9e-05,0.3153500824189429,0.19338324065864865,0.5
YOR393W,1,0.0,0.20570846307692955,2.482536945256955e-07,0.0,1.0,0.0,0.0,0,0.07094,-0.15469,35.21352,5.1474,58.0,42.0,49235.0,0.0,1.04031,0.00011,0.0,0.0,0.5
YPR085C,2,0.00021149327066866054,0.2057276639415468,2.4831405652828463e-07,0.0,1.6733812949640288,1.0,0.0,1,0.09707,-0.19797,42.42573,7.12323,52.0,52.0,57840.0,0.0,1.14393,0.00014,0.3153500824189429,0.23974612282610783,0.5716352344643787
YOR131C,1,0.0,0.1817334537959896,1.1816792884009403e-07,0.0,0.0,0.5,0.0,0,0.05963,-0.21789,47.88349,6.17706,31.0,28.0,8855.0,0.0,0.35648,0.00025,0.0,0.0,0.0
YOR146W,1,0.0,0.16626283918362778,1.1340455557567592e-08,0.0,1.0,0.0,0.0,1,0.08911,0.85941,61.33366,7.72211,4.0,5.0,5875.0,0.0,0.54725,0.00072,0.3153500824189429,0.0,0.5
YOR172W,1,0.0,0.18587142246903035,9.474479275996213e-08,0.0,0.0,0.5,0.0,0,0.1056,-0.35216,50.69749,6.92157,96.0,95.0,110555.0,0.0,1.21378,8e-05,0.0,0.0,0.0
YOR288C,1,0.0,0.16974572202531957,3.811249947497624e-09,0.0,1.0,1.0,0.0,0,0.11321,-0.43805,38.42934,9.6142,33.0,53.0,36370.0,0.0,0.99897,0.00026,0.0,0.0,0.5
YOR325W,1,0.0,0.18148654350839985,3.5559351765724366e-08,0.0,0.0,0.0,0.0,0,0.10828,0.17707,29.70382,8.52057,11.0,15.0,2865.0,0.0,0.16975,0.0005,0.0,0.0,0.0
YPR123C,1,0.0,0.1817334537959896,1.1816792884009403e-07,0.0,0.0,0.0,0.0,0,0.04861,1.17153,35.08618,2.96686,27.0,1.0,3105.0,0.0,0.19686,0.00019,0.0,0.0,0.0
YPL097W,1,0.0,0.231653090297731,2.2738065994503548e-05,0.0,1.0,0.0,0.0,0,0.08943,-0.2313,41.53931,9.22284,49.0,62.0,45685.0,0.0,0.82633,0.00017,0.0,0.0,0.5
YPR070W,1,0.0,0.16746292805818194,6.751081735750802e-09,0.0,0.0,1.0,0.0,0,0.09011,-0.55883,47.92193,4.68622,88.0,54.0,58175.0,0.0,0.90544,7e-05,0.0,0.0,0.0
YPR157W,1,0.0,0.231653090297731,2.2738065994503548e-05,0.0,1.0,0.0,0.0,0,0.13276,-0.4242,33.36666,7.01117,55.0,54.0,121195.0,0.0,2.25233,0.00013,0.0,0.0,0.5
YPR133C,1,0.0,0.18890622049605843,7.33920057756515e-07,0.0,0.0,1.0,0.0,1,0.03415,-0.96976,47.381,6.96649,69.0,69.0,21430.0,0.0,0.46504,0.00015,0.3153500824189429,0.23974612282610783,0.5
