protein,degree,betweenness,closeness,eigenvector,clustering,OS,P_Ci,GO_Nb,essential,phys_1,phys_2,phys_3,phys_4,phys_5,phys_6,phys_7,phys_8,phys_9,phys_10,N_c,Sim_Loc,Ortho_Sim_Loc
YDL106C,4,0.001737304893529048,0.19489096401070913,7.468150391540464e-07,0.0,1.1639908256880733,1.0,0.0,0,0.06798,-0.97174,42.70358,4.88885,78.0,49.0,34295.0,0.0,0.54102,8e-05,0.0,0.0,0.5
YKR099W,3,0.0008640830688344855,0.1943720747465055,1.957876700848414e-05,0.0,1.0,1.0,0.0,0,0.04932,-0.91245,45.52282,8.10687,96.0,98.0,76235.0,0.0,0.85081,9e-05,0.0,0.0,0.5
YKL205W,5,0.005328155661337878,0.17221100908652037,7.263186884471796e-07,0.1,3.2215320910973086,0.5,5.9,1,0.10455,0.02418,40.48174,5.01361,123.0,94.0,103105.0,0.0,0.81301,4e-05,0.3167384070100485,0.19390444008233815,0.5300950657325737
YNR034W,1,0.0,0.14511722079101172,9.864740502805644e-09,0.0,0.0,0.5,0.0,0,0.08411,-0.37695,35.74707,7.09943,43.0,43.0,32805.0,0.0,0.92014,0.0002,0.0,0.0,0.0
YGL035C,5,0.0017134700105197632,0.20229138033705996,3.7326923533115715e-07,0.1,4.53030303030303,1.0,4.714285714285714,0,0.03373,-0.83869,57.8752,9.7995,38.0,55.0,9440.0,0.0,0.16999,0.00018,0.0,0.0,0.5
YBR112C,9,0.003214758283805785,0.20254081483809208,1.830649610913779e-05,0.08333333333333333,7.801611278952668,1.0,4.790909090909091,1,0.05487,-0.8383,61.72527,4.91473,102.0,60.0,103305.0,0.0,0.96366,5e-05,0.3167384070100485,0.24054770888719992,0.5154165402688131
YBR195C,1,0.0,0.00043122035360068997,1.526654176624869e-14,0.0,1.0,0.5,3.2,0,0.08294,-0.50166,32.35687,5.32062,54.0,35.0,78795.0,0.0,1.6636,0.00011,0.0,0.0,0.5
YML102W,1,0.0,0.00043122035360068997,1.526654176624869e-14,0.0,1.0,1.0,1.25,0,0.07906,-0.19658,46.64724,5.91437,53.0,46.0,66110.0,0.0,1.28991,0.00012,0.0,0.0,0.5
YNL259C,1,0.0,0.00043122035360068997,1.526654176624869e-14,0.0,0.0,0.0,0.0,0,0.06849,-0.15342,27.73151,8.58063,9.0,11.0,4720.0,0.0,0.57417,0.00104,0.0,0.0,0.0
YDR270W,1,0.0,0.00043122035360068997,1.526654176624869e-14,0.0,0.0,0.0,0.0,0,0.07968,0.21345,30.66697,5.04535,113.0,85.0,91740.0,0.0,0.83531,5e-05,0.0,0.0,0.0
YBR010W,17,0.010514186481535827,0.20254081483809208,1.7981514230092308e-05,0.22058823529411764,13.74016563146998,0.0,16.004901960784313,0,0.0,0.0,0.0,0.0,0.0,0.0,0.0,0.0,0.0,0.0,0.0,0.0,0.5
YLR442C,7,0.003186554046679955,0.19946642481322732,4.914103790646016e-07,0.2857142857142857,5.366296670030272,1.0,6.259103641456583,0,0.07157,-0.50624,46.6488,6.02118,145.0,136.0,86135.0,0.0,0.77349,5e-05,0.0,0.0,0.5
YBR009C,21,0.006803780739048663,0.20066448233781045,1.7756132651032598e-05,0.1380952380952381,0.0,0.0,13.683473389355743,1,0.0,0.0,0.0,0.0,0.0,0.0,0.0,0.0,0.0,0.0,0.6832615929899515,0.0,0.0
YDR227W,9,0.004092597877055063,0.2015467494891935,9.274893262035532e-07,0.05555555555555555,6.1252653927813165,1.0,0.0,0,0.04713,-0.88358,46.84382,9.03192,185.0,206.0,64915.0,0.0,0.4269,6e-05,0.0,0.0,0.5
YNL216W,6,0.001973389043861525,0.18358267765710276,1.0250240469272792e-07,0.0,4.401557285873192,0.5,0.0,1,0.07255,-0.78573,36.61985,4.82953,134.0,88.0,48750.0,0.0,0.52753,5e-05,0.3167384070100485,0.19390444008233815,0.5220267995494089
YDR225W,9,4.657614100021348e-05,0.18011030793168056,5.037507665498128e-07,0.75,6.234106962663976,0.5,35.900000000000006,0,0.0303,-0.31591,53.03106,10.6734,8.0,21.0,4470.0,0.0,0.31954,0.00076,0.0,0.0,0.5
YDR224C,12,0.0030434837478035804,0.19163204452696014,5.635387138402975e-07,0.42424242424242425,8.983983983983984,0.5,19.914285714285715,1,0.05344,-0.7,37.24046,10.09955,11.0,26.0,7450.0,0.0,0.52273,0.00071,0.6832615929899515,0.2887195853553551,0.5160685719091922
YLR182W,6,0.003343058617009523,0.16974915690701967,5.035112163208456e-08,0.13333333333333333,2.995798319327731,0.5,3.0,1,0.05479,-0.73935,45.6533,4.74017,140.0,87.0,53580.0,0.0,0.59166,5e-05,0.3167384070100485,0.19390444008233815,0.5323627326364632
YER111C,4,0.0010831180114563334,0.17368289805307183,2.15842672548659e-06,0.3333333333333333,2.9684873949579833,0.0,4.587301587301587,0,0.05947,-0.83943,53.37833,8.85895,110.0,122.0,64595.0,0.0,0.52175,7e-05,0.0,0.0,0.5
YPR119W,5,0.006267099296146216,0.1799294577822284,0.00012030538251862678,0.0,2.874747474747475,0.0,0.0,0,0.07943,-0.56802,50.12037,6.2757,68.0,63.0,43485.0,0.0,0.77312,0.00011,0.0,0.0,0.5
YPL204W,4,0.001190681622088007,0.14342772393249742,9.470036827314031e-10,0.5,3.513655462184874,0.3333333333333333,2.2666666666666666,1,0.09919,-0.77834,53.95324,9.31451,51.0,65.0,56895.0,0.0,0.99225,0.00016,0.6832615929899515,0.2240360033604539,0.5318807586246864
YDR085C,3,0.0005003761518987937,0.1928695900199914,4.721882401283158e-07,0.0,1.9712858926342072,0.0,0.0,0,0.08065,-0.95097,46.00485,8.84259,87.0,96.0,57145.0,0.0,0.80076,0.00012,0.0,0.0,0.5
YHR107C,13,0.00537078862363032,0.20588335178653772,1.0932740909608858e-07,0.08974358974358974,10.044838373305527,0.0,19.943722943722943,1,0.07125,-0.66855,45.76904,7.76678,58.0,59.0,31650.0,0.0,0.6782,0.00017,0.6832615929899515,0.0,0.5
YDR477W,15,0.011665245674604058,0.21052303855647891,3.1355955038671093e-06,0.11428571428571428,11.40650406504065,0.25,5.885714285714286,0,0.07899,-0.56888,52.26746,6.17572,83.0,70.0,73270.0,0.0,1.01701,9e-05,0.0,0.0,0.5
YNL257C,1,0.0,0.1714023660873315,5.8718820636307164e-08,0.0,1.0,0.5,0.0,0,0.11554,-0.31749,42.03744,8.78949,156.0,174.0,163720.0,0.0,1.14635,6e-05,0.0,0.0,0.5
YER032W,9,0.011763799176572975,0.21622720601188156,1.8465581070221884e-05,0.027777777777777776,5.544332210998878,0.0,2.2403846153846154,0,0.04795,-0.954,65.65183,7.20953,113.0,112.0,27735.0,0.0,0.28069,7e-05,0.0,0.0,0.5
YDR195W,4,0.0040560101071229855,0.19113034131720277,1.8007083560969226e-05,0.0,3.807855626326964,1.0,0.0,0,0.05441,-0.70694,40.59268,9.63202,61.0,90.0,18255.0,0.0,0.30518,0.00016,0.0,0.0,0.5
YLR240W,1,0.0,0.00043122035360068997,1.526654176624869e-14,0.0,0.0,0.0,0.0,1,0.09257,-0.30457,40.58288,7.83832,108.0,110.0,108065.0,0.0,1.0708,8e-05,0.3167384070100485,0.0,0.0
YBR097W,1,0.0,0.00043122035360068997,1.526654176624869e-14,0.0,0.0,0.0,0.0,0,0.09972,-0.11809,40.56914,6.34613,162.0,153.0,144585.0,0.0,0.86906,4e-05,0.0,0.0,0.0
YGL086W,5,0.0013679656714681398,0.1715216855207372,4.107350698076413e-08,0.0,2.927179487179487,1.0,7.428571428571429,0,0.06142,-0.97704,42.53658,5.32245,125.0,108.0,60695.0,0.0,0.69247,6e-05,0.0,0.0,0.5
YGL116W,4,0.00263131011579445,0.17505570248706148,2.151849233767885e-06,0.0,3.9161290322580644,1.0,5.2,1,0.06721,-0.52607,49.28528,8.99945,62.0,73.0,85590.0,0.0,1.27065,0.00013,0.6832615929899515,0.40591527534130006,0.5518260854018958
YLR178C,4,5.398188644833502e-06,0.17914452512990203,1.5871928271837722e-06,0.5,2.0,0.0,4.964285714285714,0,0.11416,-0.55845,41.96854,6.06708,25.0,22.0,28670.0,0.0,1.17707,0.00025,0.0,0.0,0.5
YJL061W,6,0.0010752858691889704,0.19489096401070913,9.273392420837816e-07,0.13333333333333333,2.997719498289624,0.25,0.0,1,0.08976,-0.34516,47.52344,5.21588,98.0,79.0,75955.0,0.0,0.92533,6e-05,0.6832615929899515,0.18303056670342058,0.5305283010648345
YFR002W,10,0.0008520505009017021,0.19334254144230625,1.9557294569960878e-05,0.24444444444444444,3.782212086659065,0.25,11.708333333333332,1,0.08582,-0.36496,45.17607,6.37543,108.0,103.0,95285.0,0.0,0.99077,7e-05,0.3167384070100485,0.13971984388753125,0.5184706516565217
YGR119C,21,0.002354311309874945,0.20127920044974087,3.7538143740056484e-05,0.1523809523809524,15.845610494450051,0.25,44.16666666666666,1,0.06285,-0.70702,40.75453,9.58783,33.0,46.0,36565.0,0.0,0.63594,0.00017,0.6832615929899515,0.18303056670342058,0.505775434362959
YGL172W,20,0.006804545080142993,0.21535313121428082,5.9827591218636136e-05,0.18421052631578946,16.251261352169525,0.25,39.595238095238095,1,0.06356,-0.40678,31.74852,5.77325,32.0,28.0,7700.0,0.0,0.15669,0.00012,0.6832615929899515,0.18303056670342058,0.5056312726359232
YPR141C,6,0.00042057736710835223,0.17076385774965885,5.819822613529955e-09,0.3333333333333333,4.2902564102564105,0.3333333333333333,1.9,0,0.0535,-0.7775,45.94885,8.82953,104.0,113.0,44975.0,0.0,0.5354,0.00011,0.0,0.0,0.5
YMR198W,3,0.00020605806357121157,0.17319455320308516,4.290095866469842e-09,0.3333333333333333,2.9377085650723025,0.3333333333333333,6.666666666666666,1,0.05556,-0.77828,46.4697,6.04132,104.0,96.0,33360.0,0.0,0.483,9e-05,0.6832615929899515,0.2240360033604539,0.5381310804659312
YFR034C,11,0.00848511323714499,0.20739974852738977,1.7244125663555563e-05,0.12727272727272726,7.3791322314049586,0.5,28.000000000000004,0,0.03526,-0.75962,61.10353,7.25238,38.0,38.0,17085.0,0.0,0.5012,0.00021,0.0,0.0,0.5
YBR119W,5,0.0007452747840973048,0.1786412189599703,8.477199688388792e-08,0.0,2.5399792315680165,1.0,0.0,0,0.05034,-0.67248,46.61577,10.15704,30.0,57.0,10555.0,0.0,0.30703,0.0003,0.0,0.0,0.5
YLR223C,2,0.0003992279041977122,0.18882337484474684,2.602078183865138e-08,0.0,0.0,1.0,0.0,1,0.05161,-1.26267,53.71707,4.51776,250.0,136.0,56980.0,0.0,0.46518,4e-05,0.3167384070100485,0.24054770888719992,0.5
YLR449W,1,0.0,0.14965660997679084,1.6207038264457008e-09,0.0,1.0,1.0,0.0,0,0.05612,-1.04923,56.59337,4.58148,94.0,59.0,23505.0,0.0,0.53539,0.0001,0.0,0.0,0.5
YNL227C,2,0.00031872262064364804,0.1871560206992321,3.2698088616675285e-07,0.0,0.0,1.0,0.0,0,0.08983,-1.09542,48.91053,5.92291,115.0,107.0,69510.0,0.0,1.01058,9e-05,0.0,0.0,0.0
YML016C,7,0.002217623520193266,0.18214075124785736,2.57997470027366e-08,0.047619047619047616,6.5267406659939455,0.0,2.0,0,0.07514,-0.82832,54.31288,8.50665,77.0,83.0,56280.0,0.0,0.72629,0.00011,0.0,0.0,0.5
YDR110W,5,0.004455347069208686,0.19439124359016888,4.367865177336064e-06,0.0,4.463336875664187,0.5,0.0,0,0.09364,-0.75742,47.93269,5.84186,89.0,79.0,57855.0,0.0,0.88575,9e-05,0.0,0.0,0.5
YIL061C,29,0.0237597203947642,0.22068150582224724,1.2443375521102178e-06,0.0,25.386706948640484,1.0,0.0,1,0.1,-0.87967,43.77833,9.97211,32.0,55.0,33935.0,0.0,0.98515,0.00029,0.6832615929899515,0.40591527534130006,0.5079946421598222
YAL047C,11,0.013671317534082994,0.21568302987244908,1.620839766651241e-07,0.01818181818181818,4.585666293393057,0.0,0.0,0,0.05305,-0.79068,54.85965,4.97198,109.0,76.0,32890.0,0.0,0.45614,7e-05,0.0,0.0,0.5
YCR101C,1,0.0,0.1780763582983388,2.348714549369602e-08,0.0,1.0,0.0,0.0,0,0.13736,-0.12857,44.27423,4.67609,28.0,17.0,43805.0,0.0,2.07363,0.00022,0.0,0.0,0.5
YFR039C,1,0.0,0.1780763582983388,2.348714549369602e-08,0.0,1.0,0.0,0.0,0,0.10784,-0.48333,38.29492,4.66949,92.0,53.0,77530.0,0.0,1.30612,8e-05,0.0,0.0,0.5
YGR203W,1,0.0,0.1780763582983388,2.348714549369602e-08,0.0,1.0,0.5,0.0,0,0.10811,-0.58311,59.76892,7.01398,19.0,19.0,39670.0,0.0,2.29993,0.00041,0.0,0.0,0.5
YLR017W,1,0.0,0.1780763582983388,2.348714549369602e-08,0.0,1.0,0.5,0.0,0,0.09199,-0.2451,40.55312,7.66986,34.0,35.0,33640.0,0.0,0.88863,0.0002,0.0,0.0,0.5
YLR213C,1,0.0,0.1780763582983388,2.348714549369602e-08,0.0,1.0,0.0,0.0,0,0.10664,-0.43863,34.42133,7.93097,47.0,49.0,92580.0,0.0,1.95501,0.00017,0.0,0.0,0.5
YMR009W,1,0.0,0.1780763582983388,2.348714549369602e-08,0.0,1.0,0.5,0.0,0,0.10615,-0.6324,41.01291,5.17963,31.0,22.0,27890.0,0.0,1.33578,0.00025,0.0,0.0,0.5
YMR044W,1,0.0,0.1780763582983388,2.348714549369602e-08,0.0,1.0,1.0,0.0,0,0.07579,-0.97726,54.08442,5.2132,99.0,84.0,59525.0,0.0,1.07396,9e-05,0.0,0.0,0.5
YOR275C,2,0.0009987452008533883,0.18329246884920142,2.4230400836586352e-08,0.0,1.0,0.5,2.4,0,0.09228,-0.44614,40.27794,5.71759,90.0,82.0,69970.0,0.0,0.92131,8e-05,0.0,0.0,0.5
YLR153C,1,0.0,0.1780763582983388,2.348714549369602e-08,0.0,1.0,0.3333333333333333,0.0,1,0.0937,-0.26135,32.02551,6.20673,80.0,71.0,118440.0,0.0,1.56894,8e-05,0.3167384070100485,0.16241202693656576,0.5812060134682828
YNR016C,1,0.0,0.1780763582983388,2.348714549369602e-08,0.0,1.0,0.3333333333333333,0.0,1,0.0824,-0.29651,41.22638,5.8891,296.0,259.0,234820.0,0.0,0.93797,2e-05,0.3167384070100485,0.16241202693656576,0.5812060134682828
YNL199C,4,0.0025382610276708244,0.19832248817831896,2.1978935101095943e-06,0.0,2.844804318488529,1.0,0.0,0,0.05056,-0.75337,39.05618,9.00421,48.0,53.0,40005.0,0.0,0.68901,0.00016,0.0,0.0,0.5
YHR079C,2,0.0004313835967286002,0.18731608951860804,6.524622527650924e-08,0.0,1.9546827794561934,0.5,0.0,0,0.08879,-0.36448,47.14702,6.14484,144.0,132.0,103860.0,0.0,0.81796,5e-05,0.0,0.0,0.5
YBL063W,1,0.0,0.1780763582983388,2.348714549369602e-08,0.0,1.0,0.0,0.0,0,0.05131,-0.62547,46.92566,6.41766,135.0,127.0,41770.0,0.0,0.33205,5e-05,0.0,0.0,0.5
YFL016C,3,0.0023559000104959897,0.18478740133161267,2.4424530300955827e-08,0.3333333333333333,2.915151515151515,0.0,0.0,0,0.07632,-0.56145,34.85695,9.30646,53.0,71.0,31620.0,0.0,0.56911,0.00017,0.0,0.0,0.5
YHR023W,4,0.0011664932054867053,0.19452553143238055,2.450888827894756e-07,0.0,3.76056338028169,0.0,0.0,1,0.06691,-0.78247,45.76261,6.05536,311.0,291.0,147180.0,0.0,0.65813,3e-05,0.3167384070100485,0.0,0.5
YER105C,6,0.005162333649456454,0.20519750260298897,1.1201111250999564e-05,0.06666666666666667,4.0033670033670035,0.25,2.1142857142857143,0,0.09705,-0.2064,39.38911,6.04156,169.0,155.0,134075.0,0.0,0.8559,4e-05,0.0,0.0,0.5
YOR346W,1,0.0,0.1780763582983388,2.348714549369602e-08,0.0,1.0,0.5,0.0,0,0.07817,-0.45766,41.90092,8.71954,116.0,130.0,86980.0,0.0,0.77504,8e-05,0.0,0.0,0.5
YOL004W,11,0.0036982984240466377,0.193855941188465,4.839820020486642e-08,0.07272727272727272,10.254604550379199,1.0,28.485,0,0.08073,-0.74349,53.40048,5.38861,216.0,162.0,151135.0,0.0,0.86443,3e-05,0.0,0.0,0.5
YPL016W,15,0.014206522946155174,0.21698890466802204,1.0141241050674823e-06,0.3523809523809524,7.616616616616617,0.3333333333333333,17.22222222222222,1,0.06849,-0.66705,47.06653,8.87042,103.0,115.0,74690.0,0.0,0.50488,6e-05,0.3167384070100485,0.16241202693656576,0.5106616910835609
YBR117C,1,0.0,0.1780763582983388,2.348714549369602e-08,0.0,1.0,0.0,0.0,0,0.09985,-0.3511,35.40429,5.75226,82.0,68.0,93085.0,0.0,1.24066,8e-05,0.0,0.0,0.5
YER172C,11,0.012337263127594818,0.21530608519981564,2.036982993308898e-05,0.12727272727272726,9.25482233502538,1.0,5.357142857142857,1,0.08877,-0.32372,43.82049,5.34161,304.0,242.0,254770.0,0.0,1.03488,2e-05,0.3167384070100485,0.24054770888719992,0.5129958037107225
YPL215W,2,0.000834561931094839,0.18541315116210255,2.739414317852812e-08,0.0,1.9770580296896085,0.0,0.0,0,0.12836,-0.56179,40.98304,9.3631,41.0,53.0,52050.0,0.0,1.33177,0.00024,0.0,0.0,0.5
YDL013W,4,0.0029037709970218995,0.20212543170675884,1.9610984202621467e-05,0.0,2.5278622087132727,0.5,0.0,1,0.05816,-0.90355,52.50711,6.26752,103.0,98.0,32650.0,0.0,0.4594,9e-05,0.6832615929899515,0.2887195853553551,0.5571074610712897
YMR240C,5,0.0007841206704056566,0.19439124359016888,5.386791380868677e-07,0.1,4.849494949494949,1.0,2.207792207792208,1,0.06422,-1.00872,45.60115,8.66876,71.0,76.0,49890.0,0.0,0.99279,0.00017,0.6832615929899515,0.40591527534130006,0.5418512937500404
YLR090W,1,0.0,0.1605544685187189,8.261987267000467e-09,0.0,1.0,0.0,0.0,0,0.08715,-0.64793,30.71438,5.79938,71.0,60.0,42995.0,0.0,0.83736,0.00011,0.0,0.0,0.5
YOR319W,2,0.00039689387402933567,0.15781642994430042,1.4416447526347504e-08,0.0,1.0,1.0,5.5,1,0.11268,-0.37371,19.91418,9.14532,24.0,30.0,20985.0,0.0,0.85643,0.00037,0.6832615929899515,0.40591527534130006,0.70295763767065
YGR056W,11,0.005421484549145809,0.19035511443788625,7.860398226121486e-07,0.6545454545454545,2.0,1.0,39.84166666666667,0,0.09159,-0.70054,50.55357,6.09821,123.0,113.0,98765.0,0.0,0.92591,6e-05,0.0,0.0,0.5
YHR209W,1,0.0,0.1347595002395783,4.870636292405411e-10,0.0,0.0,0.0,0.0,0,0.13402,-0.39794,40.23306,5.7431,39.0,35.0,61475.0,0.0,1.8196,0.00017,0.0,0.0,0.0
YJR022W,47,0.051656851205550254,0.2306760924522308,2.3897325496018283e-05,0.009250693802035153,32.408862034239675,0.5,47.833333333333336,1,0.06422,-0.24495,25.6844,6.58221,17.0,17.0,8730.0,0.0,0.70487,0.00053,0.6832615929899515,0.2887195853553551,0.504454330810047
YDR228C,7,0.0066867740228635725,0.2093380639341878,4.183101475556644e-07,0.38095238095238093,6.630366492146597,1.0,2.25,1,0.07508,-0.70527,45.17669,7.88678,72.0,74.0,67030.0,0.0,0.9323,0.00011,0.6832615929899515,0.40591527534130006,0.5306103196423675
YGL096W,1,0.0,0.18452791705713462,3.253601823999421e-07,0.0,1.0,1.0,0.0,0,0.07971,-0.71848,56.6388,10.2276,17.0,34.0,24410.0,0.0,0.78095,0.00033,0.0,0.0,0.5
YHR034C,1,0.0,0.18452791705713462,3.253601823999421e-07,0.0,1.0,0.5,0.0,0,0.07267,-0.49244,56.02791,5.62958,58.0,50.0,38150.0,0.0,0.96536,0.00014,0.0,0.0,0.5
YHR035W,1,0.0,0.18452791705713462,3.253601823999421e-07,0.0,1.0,0.0,0.0,0,0.09841,-0.30984,45.84256,8.84528,63.0,77.0,67250.0,0.0,0.93007,0.00012,0.0,0.0,0.5
YIL173W,1,0.0,0.18452791705713462,3.253601823999421e-07,0.0,1.0,0.0,0.0,0,0.11168,-0.4153,33.84083,5.16412,232.0,180.0,177765.0,0.0,1.01914,3e-05,0.0,0.0,0.5
YNL050C,1,0.0,0.18452791705713462,3.253601823999421e-07,0.0,0.0,0.0,0.0,0,0.07407,-1.17963,55.65037,6.95355,51.0,51.0,17545.0,0.0,0.5581,0.00022,0.0,0.0,0.0
YOR076C,3,0.001967060336496555,0.19642523268603013,3.5177138570875453e-07,0.0,2.709643605870021,0.0,0.0,1,0.06827,-0.40402,39.84806,7.61432,89.0,90.0,56810.0,0.0,0.6701,9e-05,0.6832615929899515,0.0,0.5
YBR003W,1,0.0,0.18452791705713462,3.253601823999421e-07,0.0,1.0,0.0,0.0,0,0.05708,-0.2537,46.22939,8.97015,55.0,62.0,23545.0,0.0,0.44797,0.00017,0.0,0.0,0.5
YGL173C,8,0.022639187032448858,0.2263582005057777,3.765833381053482e-05,0.10714285714285714,6.679089026915114,0.0,0.631578947368421,0,0.09817,-0.60177,42.86173,7.04279,206.0,203.0,160160.0,0.0,0.91281,4e-05,0.0,0.0,0.5
YNR050C,1,0.0,0.18452791705713462,3.253601823999421e-07,0.0,1.0,0.0,0.0,0,0.08969,-0.14215,26.43139,5.09698,61.0,49.0,63300.0,0.0,1.29402,0.0001,0.0,0.0,0.5
YDR277C,3,0.002956724837531623,0.2083203561619438,3.570135352790963e-05,0.0,2.806136680613668,0.0,0.0,0,0.06928,-0.66605,65.36446,9.1441,46.0,54.0,49890.0,0.0,1.01692,0.00019,0.0,0.0,0.5
YNL118C,26,0.03160013457572328,0.22110232305152128,1.0898554129361647e-06,0.003076923076923077,22.816056910569106,0.0,3.482456140350877,1,0.06289,-0.79,52.44496,5.63031,125.0,109.0,67310.0,0.0,0.61942,5e-05,0.3167384070100485,0.0,0.5
YNR053C,7,0.0052693772076161235,0.2043042298926526,8.897739034487155e-07,0.19047619047619047,4.778761061946903,0.5,8.0,1,0.07407,-0.70041,39.94035,9.51617,66.0,87.0,62505.0,0.0,1.12646,0.00017,0.6832615929899515,0.2887195853553551,0.530208623282551
YER013W,3,0.0004140877801758481,0.17969980946342531,9.087295703848842e-08,0.0,1.0,1.0,0.0,1,0.07074,-0.47153,48.27129,7.79498,153.0,155.0,85620.0,0.0,0.65857,6e-05,0.3167384070100485,0.24054770888719992,0.6202738544436
YLR116W,13,0.00561416650280022,0.20519750260298897,3.4197528310065095e-07,0.038461538461538464,1.839080459770115,1.0,0.0,1,0.06303,-0.82899,61.47899,9.72284,44.0,69.0,27485.0,0.0,0.51826,0.00018,0.6832615929899515,0.40591527534130006,0.610358215483416
YJR066W,8,0.0063719502273986,0.18673050492651688,1.5788166281746093e-08,0.10714285714285714,2.735070575461455,0.0,4.923809523809523,0,0.08138,-0.16818,41.00398,6.81122,284.0,276.0,315115.0,0.0,1.12086,2e-05,0.0,0.0,0.5
YJR005W,5,0.0008450478840330348,0.1856576443443828,4.0451862643456477e-07,0.3,1.0,0.0,2.05,0,0.07571,-0.12671,47.13914,6.01361,93.0,85.0,55530.0,0.0,0.69022,7e-05,0.0,0.0,0.5
YDL156W,1,0.0,0.16785550625941517,6.455512884881738e-09,0.0,1.0,0.5,0.0,0,0.08046,-0.64617,39.55862,6.7923,77.0,76.0,54360.0,0.0,0.91894,0.00011,0.0,0.0,0.5
YDL161W,3,0.00123877197547673,0.19431459089159228,9.292527199553158e-07,0.0,2.27363184079602,0.0,0.0,0,0.07269,-1.10066,66.74229,5.63715,59.0,53.0,36580.0,0.0,0.69874,0.00011,0.0,0.0,0.5
YIL130W,3,0.00014278391721174,0.1872627028314946,4.94930178427903e-07,0.0,1.0,1.0,0.0,0,0.08091,-0.62469,49.40315,5.80695,106.0,94.0,74745.0,0.0,0.68712,5e-05,0.0,0.0,0.5
YMR065W,6,0.002170210531981769,0.18965911767577331,3.279405240458594e-08,0.06666666666666667,1.6205128205128205,0.6666666666666666,0.0,0,0.10119,-0.21925,36.07778,4.79706,73.0,51.0,77445.0,0.0,1.32522,8e-05,0.0,0.0,0.5
YML046W,2,0.0,0.17508680138606433,9.248072938843892e-09,1.0,0.0,1.0,0.0,1,0.13355,-0.35151,39.05169,8.50104,73.0,78.0,131960.0,0.0,1.76542,0.00011,0.3167384070100485,0.24054770888719992,0.5
YBR172C,2,0.0,0.17508680138606433,9.248072938843892e-09,1.0,0.0,0.0,0.0,0,0.05811,-0.75257,46.64162,8.83173,86.0,93.0,74160.0,0.0,0.9111,0.00011,0.0,0.0,0.0
YKL074C,9,0.005613275939379128,0.2038394219239206,7.198014495943796e-08,0.08333333333333333,2.5426356589147288,0.0,0.0,0,0.09488,-0.80873,38.7266,8.40912,70.0,74.0,54290.0,0.0,0.89797,0.00014,0.0,0.0,0.5
YPL105C,2,7.509256858131717e-05,0.18475276127137613,2.731406941556409e-07,0.0,1.0,0.0,0.0,0,0.05889,-0.82839,58.78257,7.57465,113.0,114.0,79215.0,0.0,0.83954,8e-05,0.0,0.0,0.5
YLR357W,10,0.0009627898885227434,0.18125307678200572,1.1666940927104512e-07,0.8,0.0,1.0,31.241666666666664,0,0.08436,-0.81845,46.15243,8.97089,116.0,128.0,106745.0,0.0,1.04347,9e-05,0.0,0.0,0.0
YDL043C,17,0.012320956984347105,0.20125864917340333,2.610682865397202e-07,0.007352941176470588,13.323076923076924,1.0,18.0,1,0.07519,-0.68195,44.27256,8.19366,35.0,37.0,23420.0,0.0,0.78274,0.00027,0.6832615929899515,0.40591527534130006,0.5152335409337093
YJL146W,1,0.0,0.16521056156267808,3.9069977444670285e-09,0.0,1.0,0.0,0.0,0,0.09168,-0.45437,48.32516,4.74384,60.0,38.0,72600.0,0.0,1.36426,9e-05,0.0,0.0,0.5
YMR302C,1,0.0,0.16521056156267808,3.9069977444670285e-09,0.0,1.0,0.0,0.0,0,0.08471,-0.39471,41.48506,8.98041,101.0,112.0,106730.0,0.0,1.10387,9e-05,0.0,0.0,0.5
YBR113W,1,0.0,0.16521056156267808,3.9069977444670285e-09,0.0,1.0,0.0,0.0,0,0.09375,0.29625,41.2,9.73639,9.0,24.0,16595.0,0.0,0.91697,0.00054,0.0,0.0,0.5
YDR131C,1,0.0,0.16521056156267808,3.9069977444670285e-09,0.0,1.0,0.0,4.0,0,0.13309,-0.27266,43.58493,6.65314,67.0,65.0,80230.0,0.0,1.22972,0.0001,0.0,0.0,0.5
YDR180W,4,0.0019844693701466785,0.16534914940057982,3.932112696545727e-09,0.0,1.0,0.5,0.0,1,0.0864,-0.12987,44.46224,6.39874,188.0,178.0,116990.0,0.0,0.68375,4e-05,0.3167384070100485,0.19390444008233815,0.5969522200411691
YDR386W,4,0.007721481264384555,0.2152355547067386,1.800846454329518e-05,0.0,3.8980827447023207,1.0,0.0,0,0.07753,-0.57468,48.05415,8.69171,89.0,98.0,61780.0,0.0,0.8544,0.00012,0.0,0.0,0.5
YDR409W,5,0.0017756925724059518,0.1927564257778518,7.555369280696432e-08,0.1,4.382758620689655,0.3333333333333333,0.0,0,0.0531,-0.78086,45.65134,6.46869,99.0,94.0,64050.0,0.0,0.63545,6e-05,0.0,0.0,0.5
YER113C,1,0.0,0.16521056156267808,3.9069977444670285e-09,0.0,1.0,0.0,0.0,0,0.14873,0.1034,35.85006,7.17157,66.0,66.0,147290.0,0.0,1.80625,9e-05,0.0,0.0,0.5
YKL155C,1,0.0,0.16521056156267808,3.9069977444670285e-09,0.0,1.0,0.0,0.0,0,0.07484,-0.74554,40.34094,9.43597,79.0,101.0,53580.0,0.0,0.74221,0.00013,0.0,0.0,0.5
YLL014W,1,0.0,0.16521056156267808,3.9069977444670285e-09,0.0,1.0,0.5,0.0,0,0.17593,0.63333,55.71028,5.07953,8.0,5.0,22585.0,0.0,1.82074,0.00041,0.0,0.0,0.5
YMR117C,11,0.0106754450636025,0.2014437618808699,3.858067571655284e-08,0.10909090909090909,10.200201207243461,0.5,23.4,1,0.04695,-0.74789,46.82117,4.86053,46.0,34.0,12950.0,0.0,0.52635,0.0002,0.6832615929899515,0.2887195853553551,0.5141526416729078
YNL023C,2,0.0006877848650336366,0.1852215006581763,6.960339296481618e-08,0.0,1.9322799097065462,0.5,1.6,0,0.06114,-0.53513,50.95067,8.29218,117.0,135.0,74760.0,0.0,0.68907,8e-05,0.0,0.0,0.5
YJL203W,13,0.010021450486792597,0.19621015429069402,5.46989439008859e-07,0.01282051282051282,9.749422632794458,1.0,1.0,1,0.09643,-1.00679,24.46214,7.66986,53.0,54.0,24660.0,0.0,0.7461,0.00023,0.6832615929899515,0.40591527534130006,0.5208174007133464
YOL136C,1,0.0,0.16179325371454586,7.697933811648512e-09,0.0,1.0,0.0,0.0,0,0.11839,-0.38463,48.86423,5.39325,49.0,36.0,23350.0,0.0,0.51526,0.00012,0.0,0.0,0.5
YDR170C,4,0.0015174490582521333,0.18808465744315955,4.868108279514978e-07,0.16666666666666666,3.3298208640674396,0.0,0.0,1,0.07616,-0.4227,46.64336,4.68341,327.0,201.0,149820.0,0.0,0.66034,2e-05,0.3167384070100485,0.0,0.5
YCR081W,4,0.0013465467504980226,0.18035750846411494,2.736539642946964e-07,0.5,1.6676676676676676,1.0,2.321428571428571,0,0.11352,-0.16692,36.43267,6.05621,171.0,150.0,183700.0,0.0,1.10093,4e-05,0.0,0.0,0.5
YHL007C,13,0.014731006702567377,0.21158514491244226,2.014397319919712e-05,0.07692307692307693,10.687950566426364,0.3333333333333333,14.580143540669855,0,0.0426,-0.74441,48.75752,6.89313,112.0,110.0,55195.0,0.0,0.53922,7e-05,0.0,0.0,0.5
YBL067C,1,0.0,0.16179325371454586,7.697933811648512e-09,0.0,0.0,0.0,0.0,0,0.07898,-0.70643,46.66269,5.83844,104.0,93.0,52770.0,0.0,0.6293,7e-05,0.0,0.0,0.0
YBL101C,1,0.0,0.16179325371454586,7.697933811648512e-09,0.0,1.0,0.0,0.0,0,0.06804,-0.65139,48.63099,6.43085,132.0,125.0,69525.0,0.0,0.56246,5e-05,0.0,0.0,0.5
YKR090W,1,0.0,0.16179325371454586,7.697933811648512e-09,0.0,0.0,0.0,0.0,0,0.07082,-0.92705,53.92069,5.08295,109.0,84.0,40280.0,0.0,0.5071,6e-05,0.0,0.0,0.0
YMR285C,1,0.0,0.16179325371454586,7.697933811648512e-09,0.0,1.0,0.5,0.0,0,0.09903,-0.73845,41.57031,7.92047,74.0,76.0,73560.0,0.0,1.23549,0.00013,0.0,0.0,0.5
YOL091W,2,0.0004935784074223999,0.1715366121316084,1.2772457810723542e-08,0.0,1.9143835616438356,0.0,0.0,0,0.07389,-0.878,48.90034,8.89447,80.0,92.0,43875.0,0.0,0.62788,0.00013,0.0,0.0,0.5
YLR067C,3,0.0015993459220357978,0.19336150775007968,1.9569079834977298e-05,0.0,1.9851088201603666,0.0,0.0,0,0.11088,-0.26435,37.53721,9.33929,96.0,129.0,152875.0,0.0,1.35714,8e-05,0.0,0.0,0.5
YGR074W,7,0.012029563622809046,0.1625269797167144,1.1421284242446604e-08,0.0,7.0,1.0,0.0,1,0.03425,-0.48836,67.64863,11.00006,9.0,22.0,8480.0,0.0,0.52106,0.00068,0.6832615929899515,0.40591527534130006,0.5289939482386643
YDR389W,3,0.006484749575808071,0.17881948743575363,3.001157494730154e-08,0.0,2.76140350877193,0.0,0.0,1,0.06575,-0.86407,56.34893,9.57855,72.0,91.0,48945.0,0.0,0.66476,0.00013,0.6832615929899515,0.0,0.5
YBR043C,1,0.0,0.1381792646340212,2.631817621911534e-10,0.0,1.0,0.0,0.0,0,0.10595,-0.06343,36.8582,7.59235,65.0,66.0,115920.0,0.0,1.49989,0.0001,0.0,0.0,0.5
YGL202W,1,0.0,0.1381792646340212,2.631817621911534e-10,0.0,1.0,0.0,0.0,0,0.11,-0.3664,36.807,5.68182,62.0,53.0,77280.0,0.0,1.37565,0.0001,0.0,0.0,0.5
YJR033C,3,0.0023519354469549655,0.16498930359122058,1.4329962030527336e-08,0.3333333333333333,1.8046783625730993,0.0,5.843137254901961,0,0.08843,-0.29941,41.1712,8.47687,150.0,161.0,200685.0,0.0,1.29532,5e-05,0.0,0.0,0.5
YKL188C,1,0.0,0.1381792646340212,2.631817621911534e-10,0.0,1.0,0.0,0.0,0,0.07855,-0.35346,43.45597,9.00861,100.0,115.0,75635.0,0.0,0.77874,9e-05,0.0,0.0,0.5
YLR440C,1,0.0,0.1381792646340212,2.631817621911534e-10,0.0,1.0,0.5,0.0,1,0.10296,-0.26883,42.90255,4.81525,116.0,73.0,94280.0,0.0,1.14424,6e-05,0.3167384070100485,0.19390444008233815,0.5969522200411691
YLR147C,12,0.011552559256431979,0.21097369260455018,1.0543052847692322e-06,0.015151515151515152,10.810152284263959,0.5,0.8571428571428571,1,0.0396,-0.26931,38.40396,9.98566,9.0,14.0,1490.0,0.0,0.13275,0.00089,0.6832615929899515,0.2887195853553551,0.5133540942700519
YKR080W,1,0.0,0.17170097648121185,1.4678984456053815e-08,0.0,1.0,0.5,0.0,0,0.0875,-0.29688,34.43437,6.55182,41.0,40.0,30090.0,0.0,0.83032,0.00018,0.0,0.0,0.5
YIL139C,2,0.00039689387402933567,0.17173089475555953,1.4691314931736784e-08,0.0,1.0,0.0,0.0,0,0.1102,-0.32041,48.37024,4.81952,41.0,26.0,33390.0,0.0,1.16101,0.00017,0.0,0.0,0.5
YLL021W,14,0.017869692128757754,0.21000716066527939,5.631345225458124e-07,0.04395604395604396,7.3883040935672515,0.0,3.2,0,0.03956,-0.83336,50.9805,5.07404,248.0,189.0,55405.0,0.0,0.33961,3e-05,0.0,0.0,0.5
YLR433C,11,0.017858092626300073,0.2134178443053608,3.5453193022820635e-05,0.03636363636363636,9.684157416750757,0.0,2.355555555555556,0,0.09765,-0.42043,40.24213,6.24689,80.0,75.0,56030.0,0.0,0.88935,0.0001,0.0,0.0,0.5
YBR114W,5,0.006126316160163499,0.18864266532723822,3.769702090669004e-08,0.0,4.43298969072165,1.0,0.0,0,0.08228,-0.59937,52.26634,8.53766,108.0,116.0,84280.0,0.0,0.92181,9e-05,0.0,0.0,0.5
YGR290W,1,0.0,0.17170097648121185,1.4678984456053815e-08,0.0,1.0,0.0,0.0,0,0.19728,0.4619,45.56741,7.67755,9.0,10.0,24325.0,0.0,1.44945,0.00046,0.0,0.0,0.5
YHR178W,2,0.00023752123659498173,0.1791608080352947,1.591984652578243e-08,0.0,1.9941520467836258,1.0,0.0,0,0.07806,-0.37968,46.00054,8.78339,77.0,89.0,84655.0,0.0,1.01417,0.00011,0.0,0.0,0.5
YMR088C,1,0.0,0.17170097648121185,1.4678984456053815e-08,0.0,1.0,0.0,0.0,0,0.13345,0.52456,41.33614,8.99677,33.0,43.0,83865.0,0.0,1.33887,0.00014,0.0,0.0,0.5
YDR422C,8,0.0030146350018060005,0.18934939577370916,1.0347875406792494e-07,0.35714285714285715,6.8232323232323235,0.0,5.885714285714286,0,0.06135,-0.76663,49.95607,6.10272,104.0,88.0,51270.0,0.0,0.56298,7e-05,0.0,0.0,0.5
YER029C,3,0.0007937877480586713,0.15714958223744815,2.4235283804189323e-09,0.0,1.0,1.0,0.0,1,0.03571,-1.0352,47.62551,10.36505,21.0,45.0,4595.0,0.0,0.20533,0.00046,0.6832615929899515,0.40591527534130006,0.70295763767065
YLR220W,1,0.0,0.1342729707087406,9.70166067972171e-11,0.0,0.0,0.0,0.0,1,0.08075,0.07547,29.7873,4.96625,36.0,28.0,25900.0,0.0,0.75622,0.00015,0.6832615929899515,0.0,0.0
YNL187W,1,0.0,0.1342729707087406,9.70166067972171e-11,0.0,0.0,1.0,0.0,0,0.09524,-0.35798,41.84905,7.9848,38.0,40.0,47090.0,0.0,1.16828,0.0002,0.0,0.0,0.0
YDL030W,12,0.004016835190451496,0.20099186397515165,9.49337592098672e-07,0.015151515151515152,3.305045871559633,1.0,2.5,1,0.10755,-0.84453,57.32283,6.06854,92.0,85.0,61615.0,0.0,0.97757,0.0001,0.6832615929899515,0.40591527534130006,0.5614084177823757
YCL061C,1,0.0,0.16503074430712594,1.2927531167540087e-08,0.0,0.0,1.0,0.0,0,0.04471,-1.07673,44.34599,5.15961,212.0,164.0,35425.0,0.0,0.28494,4e-05,0.0,0.0,0.0
YDR421W,1,0.0,0.16503074430712594,1.2927531167540087e-08,0.0,0.0,1.0,0.0,0,0.08211,-0.54368,48.78148,5.92401,131.0,121.0,109470.0,0.0,1.0117,5e-05,0.0,0.0,0.0
YDR485C,2,7.128115994258043e-05,0.18172095602510485,3.582220233189392e-08,0.0,1.0,1.0,0.0,0,0.05031,-1.1239,56.68881,5.09357,149.0,118.0,45755.0,0.0,0.50514,6e-05,0.0,0.0,0.5
YOR023C,3,0.0015749059947351798,0.1907419401978239,9.837130490905443e-08,0.0,1.7391304347826086,0.5,0.0,0,0.04594,-0.93481,56.93657,9.41937,58.0,76.0,27445.0,0.0,0.42972,0.00015,0.0,0.0,0.5
YOR191W,4,0.003006777429680207,0.2028534743237946,3.510998522051715e-05,0.0,3.749741468459152,1.0,0.0,0,0.06609,-0.66115,49.70793,7.3255,229.0,229.0,116890.0,0.0,0.63388,4e-05,0.0,0.0,0.5
YPL146C,1,0.0,0.16503074430712594,1.2927531167540087e-08,0.0,1.0,0.3333333333333333,0.0,1,0.03956,-1.21231,49.87582,9.34979,82.0,100.0,41035.0,0.0,0.7808,0.00018,0.6832615929899515,0.2240360033604539,0.6120180016802269
YOR017W,4,0.003380525396661894,0.20746523629137062,1.7749923022023555e-05,0.0,2.1743532058492687,0.0,0.0,0,0.1,-0.80087,49.05803,9.30682,104.0,129.0,85790.0,0.0,0.91846,0.0001,0.0,0.0,0.5
YML104C,1,0.0,0.16503074430712594,1.2927531167540087e-08,0.0,0.0,0.0,0.0,0,0.09672,-0.31837,41.46064,6.00824,152.0,138.0,88545.0,0.0,0.68122,5e-05,0.0,0.0,0.0
YMR005W,2,0.00028702754086190195,0.17299694663896018,4.782395752558407e-08,0.0,1.0,1.0,0.0,1,0.03608,-0.81624,50.1433,9.67242,44.0,60.0,14565.0,0.0,0.34403,0.00023,0.6832615929899515,0.40591527534130006,0.70295763767065
YIR009W,18,0.011803226895243374,0.21385778561400803,1.3120070168359164e-06,0.0,13.21761133603239,1.0,0.0,0,0.08108,-0.42883,12.10721,10.13043,11.0,19.0,1490.0,0.0,0.11614,0.00079,0.0,0.0,0.5
YAL024C,1,0.0,0.17360641271836466,2.069232843658454e-08,0.0,0.0,0.0,0.0,0,0.06829,-0.60314,53.06307,6.04987,190.0,173.0,123745.0,0.0,0.75848,4e-05,0.0,0.0,0.0
YBR136W,1,0.0,0.17360641271836466,2.069232843658454e-08,0.0,1.0,0.5,0.0,1,0.10515,-0.22217,38.99338,8.53729,272.0,291.0,324780.0,0.0,1.1882,3e-05,0.3167384070100485,0.19390444008233815,0.5969522200411691
YNL036W,2,0.0006876941298793124,0.18011030793168056,7.175361220053468e-08,0.0,1.837799717912553,0.25,0.0,1,0.0724,-0.33529,45.18824,6.5379,21.0,19.0,24045.0,0.0,0.96726,0.00026,0.6832615929899515,0.18303056670342058,0.5497961135044993
YJL092W,3,0.0006273365710263673,0.17847946486819197,2.7008112747442544e-08,0.0,1.7141255605381165,1.0,0.0,0,0.07496,-0.57666,47.88868,8.86456,163.0,177.0,83170.0,0.0,0.61926,7e-05,0.0,0.0,0.5
YIL143C,12,0.0032319425664891275,0.1961320606969465,1.3193355160208068e-06,0.5606060606060606,11.575757575757576,1.0,30.268452380952382,1,0.08422,-0.48149,45.18804,5.72479,118.0,101.0,80440.0,0.0,0.84372,6e-05,0.3167384070100485,0.24054770888719992,0.510390149729421
YDL001W,1,0.0,0.17360641271836466,2.069232843658454e-08,0.0,1.0,0.0,0.0,0,0.0814,-0.5593,44.38837,5.43158,69.0,54.0,47705.0,0.0,0.95542,0.00011,0.0,0.0,0.5
YDR184C,3,0.001250813781285672,0.1997696574444423,5.709911177690365e-07,0.0,1.7325581395348837,0.3333333333333333,0.0,0,0.03401,-0.79116,35.00918,5.77777,46.0,38.0,4720.0,0.0,0.14254,0.00017,0.0,0.0,0.5
YHR099W,16,0.002204731330868882,0.19262456855314297,1.0505278242280004e-06,0.6583333333333333,5.106861642294713,1.0,45.76175520386048,1,0.1023,-0.1636,43.71458,6.11237,452.0,410.0,423825.0,0.0,0.97842,1e-05,0.3167384070100485,0.24054770888719992,0.5235514221586697
YHR197W,1,0.0,0.17360641271836466,2.069232843658454e-08,0.0,1.0,1.0,0.75,1,0.07602,-0.14338,44.84837,5.44562,105.0,83.0,56475.0,0.0,0.6511,6e-05,0.6832615929899515,0.40591527534130006,0.70295763767065
YNL091W,2,0.0003881767939382199,0.1862013234464682,4.358699960093837e-08,0.0,1.7454068241469816,0.0,0.0,0,0.05887,-1.08056,64.28758,5.28461,213.0,160.0,71585.0,0.0,0.50586,4e-05,0.0,0.0,0.5
YOR011W,1,0.0,0.17360641271836466,2.069232843658454e-08,0.0,1.0,0.0,0.0,0,0.13702,0.01944,42.32908,6.8183,129.0,126.0,218580.0,0.0,1.38562,4e-05,0.0,0.0,0.5
YLR456W,5,0.0022827869633481952,0.20109438992086434,2.700237293325599e-07,0.0,1.699339207048458,0.5,0.0,0,0.09314,-0.21324,37.52255,5.85553,24.0,20.0,16305.0,0.0,0.69999,0.00025,0.0,0.0,0.5
YIL144W,8,0.0029518449584138933,0.19619062506263682,2.980435674912973e-08,0.14285714285714285,5.891282051282051,0.5,3.333333333333333,1,0.06078,-0.81027,47.2657,8.70697,100.0,106.0,53080.0,0.0,0.65949,0.00011,0.6832615929899515,0.2887195853553551,0.5245039689868969
YKR084C,6,0.00037682622397869385,0.17825350063341583,2.477513469801891e-07,0.6666666666666666,1.9244186046511629,0.0,7.833333333333334,0,0.08183,-0.45974,34.45025,5.19598,91.0,70.0,61475.0,0.0,0.89446,8e-05,0.0,0.0,0.5
YBR275C,2,0.00039689387402933567,0.1531329404913232,4.49535976839079e-09,0.0,1.943298969072165,0.5,0.0,0,0.06628,-0.43586,47.49864,6.13275,252.0,231.0,140925.0,0.0,0.64666,3e-05,0.0,0.0,0.5
YOR351C,2,0.00012230012318420954,0.16532141323528576,5.217633098306204e-09,0.0,1.8476286579212917,0.0,3.5,0,0.08249,-0.29759,39.67449,8.07672,62.0,65.0,60080.0,0.0,1.05684,0.00014,0.0,0.0,0.5
YOR101W,2,0.00014551794326120358,0.16893445406276245,4.8667002082015125e-09,0.0,1.8678571428571429,0.0,0.0,0,0.0712,-0.82686,34.56249,5.24579,42.0,37.0,24215.0,0.0,0.70503,0.00015,0.0,0.0,0.5
YCR096C,8,0.005361101314953375,0.19556773588692453,3.50648213157843e-05,0.07142857142857142,5.367676767676768,1.0,2.192513368983957,1,0.06723,-0.90672,39.84958,9.94098,14.0,23.0,15470.0,0.0,1.11441,0.00072,0.6832615929899515,0.40591527534130006,0.5378110766454542
YCR084C,8,0.0059205695054641945,0.19349437616612467,0.0013889436246388466,0.10714285714285714,5.8538071065989845,1.0,6.420855614973262,0,0.0547,-0.62791,45.80238,5.43231,79.0,63.0,63675.0,0.0,0.81315,7e-05,0.0,0.0,0.5
YJR045C,6,0.0063739948484864105,0.17911196819666628,7.592015320128356e-09,0.26666666666666666,4.41372351160444,0.5,2.05,1,0.0474,-0.32477,34.83028,5.48175,89.0,81.0,15930.0,0.0,0.22555,8e-05,0.6832615929899515,0.2887195853553551,0.5327070312170961
YIL022W,3,6.865211627348965e-05,0.1560176674057553,1.7743142788244764e-09,0.6666666666666666,1.0,0.0,0.0,1,0.08585,-0.64455,46.2174,9.44403,61.0,75.0,46995.0,0.0,0.96195,0.00019,0.6832615929899515,0.0,0.5
YOR232W,4,0.0030343845243551828,0.17261819861671882,1.876326139832061e-08,0.3333333333333333,2.8545454545454545,0.0,1.3333333333333333,1,0.07456,-0.80965,42.35925,7.85577,38.0,39.0,2980.0,0.0,0.11432,0.0003,0.6832615929899515,0.0,0.5
YDR103W,11,0.006532169271946346,0.210455606449318,2.900702687400493e-07,0.12727272727272726,3.593241551939925,0.0,7.813095238095237,0,0.07306,-0.4229,48.0072,5.25885,119.0,91.0,64800.0,0.0,0.6308,5e-05,0.0,0.0,0.5
YOR212W,9,0.0074523953079026995,0.19408499507722649,2.537956073775744e-07,0.1111111111111111,6.816347124117054,0.0,9.211904761904762,0,0.08511,-0.35887,52.31255,5.78656,44.0,38.0,68965.0,0.0,1.48055,0.00012,0.0,0.0,0.5
YCR088W,12,0.005621128532219193,0.21696502036371074,3.7192391863625755e-05,0.13636363636363635,9.599382080329557,0.0,37.33333333333333,1,0.06081,-1.04206,61.75861,4.58917,122.0,76.0,60515.0,0.0,0.92283,7e-05,0.6832615929899515,0.0,0.5
YDR388W,40,0.05867799181664187,0.24358962061348396,0.001436019769467745,0.023076923076923078,29.494494494494493,0.0,10.571741854636592,0,0.10166,-0.47988,46.24921,5.76642,53.0,48.0,54335.0,0.0,1.02959,0.00011,0.0,0.0,0.5
YNL138W,5,0.001286446516373327,0.20113542959227676,1.871262090183441e-05,0.2,3.492827868852459,0.0,0.75,1,0.07605,-0.53403,42.87719,5.4765,67.0,59.0,50350.0,0.0,0.87534,0.0001,0.6832615929899515,0.0,0.5
YFL039C,25,0.029340080149471044,0.23091930763874322,0.0014122963505234648,0.04666666666666667,22.199594731509624,0.0,27.301900584795323,1,0.08533,-0.17573,40.03792,5.44318,47.0,36.0,43360.0,0.0,1.04008,0.00013,0.6832615929899515,0.0,0.5
YMR092C,1,0.0,0.18468352009784617,1.7656840046168537e-05,0.0,1.0,0.0,0.0,0,0.08618,-0.26488,37.71499,5.36371,74.0,58.0,91870.0,0.0,1.36458,8e-05,0.0,0.0,0.5
YDL178W,2,0.0007321770508355001,0.19395131457289305,1.7974918852785035e-05,0.0,1.9717791411042944,0.0,0.0,0,0.09434,-0.29509,42.85023,5.77643,68.0,59.0,57105.0,0.0,0.96351,0.0001,0.0,0.0,0.5
YLR319C,5,0.002089507225097771,0.20887222740323325,1.7928028492115668e-05,0.3,3.5104052573932094,0.0,2.0,0,0.05203,-0.69657,44.29912,7.61505,114.0,115.0,41995.0,0.0,0.47283,9e-05,0.0,0.0,0.5
YOR122C,5,0.0057216844359249735,0.19695515687493126,1.816512611184722e-05,0.1,2.3857868020304567,0.0,0.0,1,0.07937,-0.14683,35.54444,5.47113,13.0,10.0,20065.0,0.0,1.46703,0.0004,0.6832615929899515,0.0,0.5
YHR179W,2,0.0008617567215487493,0.19521909577144816,3.5419818741344084e-05,0.0,1.9406779661016949,0.0,0.0,0,0.1125,-0.5385,30.36228,6.13019,52.0,48.0,73800.0,0.0,1.63963,0.00014,0.0,0.0,0.5
YCL040W,1,0.0,0.18468352009784617,1.7656840046168537e-05,0.0,1.0,0.0,4.75,0,0.068,-0.22,35.0116,5.79547,65.0,54.0,31245.0,0.0,0.56423,0.0001,0.0,0.0,0.5
YDR382W,81,0.005349631012629586,0.2083203561619438,0.1109786956634931,0.9753086419753086,33.15050505050505,0.0,177.56666666666658,0,0.04545,-0.13182,36.32909,4.10773,23.0,8.0,2980.0,0.0,0.26968,0.00037,0.0,0.0,0.5
YCL027W,24,0.03213541034943237,0.22845702480346688,1.939985406970835e-05,0.010869565217391304,16.39245667686035,0.0,8.166666666666666,0,0.08008,-0.60371,48.27326,9.1192,49.0,62.0,73770.0,0.0,1.27677,0.00016,0.0,0.0,0.5
YBR200W,12,0.004382030810607878,0.21901413444492357,1.91439083119734e-05,0.10606060606060606,10.881818181818181,0.0,22.25,1,0.09074,-0.56588,36.83309,8.70624,67.0,73.0,60780.0,0.0,0.98661,0.00014,0.6832615929899515,0.0,0.5
YLR229C,14,0.0060827803202444545,0.21206317482563874,1.550708851276474e-06,0.14285714285714285,12.825428859737638,0.0,26.392282717282715,1,0.08377,-0.02723,38.27696,6.30377,23.0,22.0,16805.0,0.0,0.78814,0.0003,0.6832615929899515,0.0,0.5
YNL271C,14,0.014750462553985075,0.22320543653089256,1.968636099425645e-05,0.08791208791208792,12.743034055727554,0.0,13.307017543859647,0,0.05735,-0.72586,46.83395,6.13055,285.0,265.0,118830.0,0.0,0.54095,3e-05,0.0,0.0,0.5
YOR181W,26,0.012219339225627523,0.22280176444041055,7.2849638743959e-05,0.055384615384615386,20.119071644803228,0.0,18.375,1,0.05529,-0.72654,64.46493,9.25299,48.0,55.0,33015.0,0.0,0.4886,0.00014,0.6832615929899515,0.0,0.5
YDR129C,3,1.1187230842867042e-05,0.19467923061770984,1.904166825808976e-05,0.6666666666666666,2.840549102428722,0.0,5.961988304093567,0,0.06698,-0.28084,38.28006,5.30316,92.0,74.0,66390.0,0.0,0.92502,7e-05,0.0,0.0,0.5
YIL034C,1,0.0,0.17945440732013038,9.173353629753037e-07,0.0,1.0,0.0,0.0,0,0.08711,-0.51742,58.89861,4.52069,46.0,24.0,31650.0,0.0,0.97,0.00014,0.0,0.0,0.5
YLL050C,1,0.0,0.17945440732013038,9.173353629753037e-07,0.0,1.0,0.5,0.0,1,0.11189,-0.37972,50.14336,5.05206,22.0,18.0,16055.0,0.0,1.00971,0.00032,0.6832615929899515,0.2887195853553551,0.6443597926776775
YIL159W,10,0.012911524827594492,0.20829834196389224,1.5031760967137794e-06,0.022222222222222223,6.578713968957872,0.0,0.0,0,0.07055,-0.45695,49.02489,8.05219,179.0,183.0,111085.0,0.0,0.70822,5e-05,0.0,0.0,0.5
YKR055W,3,0.0003667157089083989,0.1780763582983388,3.3545934315623566e-07,0.0,2.6998916576381364,0.0,3.75,0,0.07216,-0.3378,45.86495,6.23883,33.0,31.0,26650.0,0.0,0.82802,0.00019,0.0,0.0,0.5
YOR363C,2,0.005004314063848146,0.1623262134566674,2.2791772090656955e-07,0.0,0.0,1.0,0.0,0,0.09237,-0.21968,43.45234,7.66193,118.0,120.0,78390.0,0.0,0.68338,7e-05,0.0,0.0,0.0
YPR165W,16,0.018878465373020178,0.21115449491208485,1.3022452533317692e-06,0.025,13.631966351209254,0.0,10.397435897435898,1,0.07177,-0.28947,39.01388,5.96893,27.0,26.0,22305.0,0.0,0.96341,0.00026,0.6832615929899515,0.0,0.5
YNL243W,8,0.005130724502073474,0.21418311528896145,3.7742236245356325e-05,0.25,5.1136638452237,0.0,8.45083863504916,1,0.05682,-0.4564,45.70994,5.27875,130.0,98.0,68395.0,0.0,0.628,5e-05,0.3167384070100485,0.0,0.5
YLR337C,6,0.0005112138820364267,0.20434659029694302,1.873691101160671e-05,0.2,5.256189451022605,0.0,0.0,0,0.01836,-0.49266,80.35594,9.8902,43.0,66.0,9970.0,0.0,0.12071,0.00012,0.0,0.0,0.5
YDR448W,20,0.0028973447188545103,0.2045162077198913,1.7958661848858779e-06,0.47368421052631576,13.871951219512194,1.0,59.30242812742812,0,0.09677,-0.73986,48.79194,6.22772,66.0,61.0,53300.0,0.0,1.05401,0.00012,0.0,0.0,0.5
YDL165W,17,0.003367962485373651,0.19611254701067676,1.1344706520528751e-06,0.5955882352941176,8.73715651135006,0.5,66.41428571428571,1,0.13089,-0.40576,44.70534,5.59576,25.0,21.0,32680.0,0.0,1.46139,0.00025,0.6832615929899515,0.2887195853553551,0.5165225142173139
YDR176W,21,0.003102642985087875,0.20164984245568413,3.195484642328678e-06,0.4380952380952381,6.090447154471545,1.0,59.68955386718545,0,0.05413,-1.00755,42.41211,5.00531,125.0,100.0,45505.0,0.0,0.57397,6e-05,0.0,0.0,0.5
YGL013C,1,0.0,0.1654740774013022,9.428361434419475e-08,0.0,0.0,1.0,0.0,0,0.10393,-0.41676,47.70304,6.49799,120.0,114.0,102130.0,0.0,0.83856,5e-05,0.0,0.0,0.0
YBL005W,3,0.0005977551734791496,0.20023640898052744,3.547027695985387e-05,0.0,2.0,1.0,0.0,0,0.11168,-0.3083,46.00135,6.14301,112.0,102.0,118925.0,0.0,1.05645,5e-05,0.0,0.0,0.5
YEL009C,12,0.0032752950575536117,0.2056256217404874,2.8098366964969368e-06,0.30303030303030304,6.571261682242991,1.0,13.28034188034188,0,0.05694,-0.60142,44.0121,5.08038,46.0,36.0,11460.0,0.0,0.36602,0.00016,0.0,0.0,0.5
YER148W,21,0.02252180660313901,0.22348381065808529,2.7433439923395143e-05,0.0761904761904762,17.416326530612245,1.0,24.40996732026144,1,0.09167,-0.24708,36.18667,9.39252,29.0,37.0,14690.0,0.0,0.54402,0.00035,0.6832615929899515,0.40591527534130006,0.5116532976867376
YPL248C,17,0.0071139264891931665,0.2095383448500385,1.4537748236069562e-05,0.11029411764705882,11.052685950413224,1.0,32.288888888888884,0,0.0874,-0.33008,46.47232,6.79254,85.0,83.0,108480.0,0.0,1.09133,7e-05,0.0,0.0,0.5
YGL048C,41,0.009534070352915478,0.21351031304206153,0.00018975380629739717,0.7402439024390244,39.104040404040404,0.5,276.29246031746027,1,0.04444,-0.26222,39.74025,9.08636,55.0,63.0,12420.0,0.0,0.27435,0.0002,0.6832615929899515,0.2887195853553551,0.5036916848281171
YHR041C,24,0.0008480861894536803,0.2082103316789175,2.7775885163845745e-05,0.7318840579710145,17.338541666666668,1.0,124.9309523809524,0,0.06667,-0.00762,27.24905,5.23834,26.0,20.0,18700.0,0.0,0.81681,0.00023,0.0,0.0,0.5
YER022W,24,0.005063836177648784,0.210455606449318,2.7592760307315176e-05,0.7210144927536232,18.837423312883434,1.0,114.5531746031746,1,0.05968,-0.56536,50.44279,5.20062,118.0,92.0,33600.0,0.0,0.42816,7e-05,0.6832615929899515,0.40591527534130006,0.5107741719395265
YDR308C,23,0.00727906135409813,0.21718016857694053,2.718162600223344e-05,0.7707509881422925,10.430127041742287,1.0,136.3952380952381,1,0.03571,-0.50643,43.15643,4.9079,27.0,19.0,1740.0,0.0,0.10827,0.00031,0.6832615929899515,0.40591527534130006,0.5194587886473861
YMR236W,21,0.00042584410206913107,0.19701421389348447,1.924727043944234e-06,0.6285714285714286,10.344195519348268,1.0,118.6111111111111,1,0.06369,-0.47962,28.8949,5.9118,19.0,17.0,20065.0,0.0,1.15886,0.00034,0.6832615929899515,0.40591527534130006,0.5196204371128744
YGL112C,24,0.001409889689569907,0.20245760168491292,2.378802960344535e-06,0.5144927536231884,17.737003058103976,1.0,99.41623931623934,1,0.07752,-0.2124,36.79186,5.26898,68.0,53.0,40590.0,0.0,0.70102,9e-05,0.6832615929899515,0.40591527534130006,0.5114426116410866
YBR198C,25,0.0035183528315943812,0.2072471044058787,7.699620975800237e-06,0.47333333333333333,20.876782077393074,1.0,123.71666666666664,1,0.08145,-0.651,42.77545,7.01483,97.0,96.0,89365.0,0.0,1.00448,8e-05,0.3167384070100485,0.24054770888719992,0.5057611299479837
YDR216W,9,0.0052055235456143385,0.21025356906712664,1.160131863239798e-06,0.3888888888888889,8.235714285714286,1.0,13.196618242438676,0,0.09675,-0.49766,40.57954,6.26813,161.0,147.0,97760.0,0.0,0.64768,4e-05,0.0,0.0,0.5
YGR274C,16,0.0014732281898912443,0.19942606333511861,1.6414727155158165e-06,0.5833333333333334,6.5064935064935066,1.0,46.51278166278166,1,0.07223,-0.77336,42.46953,7.00824,147.0,145.0,93210.0,0.0,0.77228,6e-05,0.3167384070100485,0.24054770888719992,0.5184852031779584
YDR167W,34,0.013184273036315456,0.20607707370667142,1.9706967808590564e-06,0.24242424242424243,26.925925925925927,1.0,76.31847626058152,1,0.07282,-0.75437,43.13888,4.44196,37.0,22.0,10430.0,0.0,0.4531,0.00019,0.6832615929899515,0.40591527534130006,0.5075376289093639
YGR252W,16,0.0020833505453120593,0.1988426520734704,1.520608097063984e-06,0.7083333333333334,5.686910994764398,1.0,47.44293031529874,0,0.10023,-0.65262,42.82096,6.22638,68.0,64.0,49655.0,0.0,0.97232,0.00012,0.0,0.0,0.5
YPR086W,12,0.004966337989406422,0.20588335178653772,1.5290687717525939e-06,0.09090909090909091,10.05959595959596,1.0,16.572222222222223,1,0.04928,-0.31217,28.33507,8.85187,44.0,52.0,17180.0,0.0,0.44974,0.00023,0.6832615929899515,0.40591527534130006,0.5201755257851133
YML085C,8,0.003910790058991783,0.1641648380115193,1.8934450796463796e-07,0.03571428571428571,4.994764397905759,0.0,2.8,1,0.0962,-0.32752,31.47673,4.9599,65.0,43.0,51685.0,0.0,1.03786,0.0001,0.6832615929899515,0.0,0.5
YNL148C,3,0.0007886259477621623,0.14336513273723997,5.537040698933448e-09,0.0,0.0,0.0,0.0,0,0.06299,-0.54449,51.10039,4.7713,47.0,30.0,23170.0,0.0,0.81719,0.00017,0.0,0.0,0.0
YMR043W,7,0.0046886539388266875,0.17925856766135978,6.118266849024523e-07,0.23809523809523808,1.0,1.0,7.333333333333334,1,0.04196,-1.41608,83.97133,4.97223,34.0,19.0,7575.0,0.0,0.23094,0.00015,0.6832615929899515,0.40591527534130006,0.70295763767065
YHR084W,2,0.0,0.15096325419348336,1.6284977896079026e-08,1.0,0.0,1.0,0.0,1,0.10174,-0.8189,58.68304,5.46771,83.0,71.0,76055.0,0.0,0.97674,7e-05,0.6832615929899515,0.40591527534130006,0.5
YCL066W,5,0.0022211315930585535,0.16626969295692218,4.5051021501852844e-07,0.2,0.0,0.0,0.0,0,0.0,0.0,0.0,0.0,0.0,0.0,0.0,0.0,0.0,0.0,0.0,0.0,0.0
YDR245W,2,0.0,0.11184969698713682,1.4978344045960628e-10,1.0,0.0,0.3333333333333333,2.5,0,0.14758,-0.61425,46.45753,6.43207,53.0,51.0,129425.0,0.0,2.7686,0.00014,0.0,0.0,0.0
YJR075W,3,0.00019844693701466783,0.12727624523821995,5.65780369582892e-09,0.6666666666666666,0.0,0.0,7.0,0,0.11364,-0.38838,50.08515,7.8371,46.0,47.0,70025.0,0.0,1.51254,0.00017,0.0,0.0,0.0
YJL183W,3,0.00019844693701466783,0.12727624523821995,5.65780369582892e-09,0.6666666666666666,0.0,0.0,4.166666666666667,0,0.11137,-0.21469,33.23583,8.43134,44.0,47.0,58135.0,0.0,1.21473,0.00018,0.0,0.0,0.0
YPL050C,2,0.0015875754961173427,0.17564847709894066,3.497739536264607e-05,0.0,1.0,0.3333333333333333,0.0,0,0.11899,-0.4238,58.88516,6.35602,50.0,45.0,66935.0,0.0,1.45657,0.00014,0.0,0.0,0.5
YEL036C,3,0.001190681622088007,0.14761680596153015,4.3989412563956894e-07,0.3333333333333333,0.0,0.3333333333333333,2.6666666666666665,0,0.112,-0.7466,53.34064,5.13617,74.0,53.0,95465.0,0.0,1.64082,9e-05,0.0,0.0,0.0
YER179W,26,0.014240476783301276,0.21099627595850057,0.001398801991413242,0.5846153846153846,21.49848637739657,1.0,90.10515873015876,0,0.05389,-0.2991,32.15659,5.67072,45.0,39.0,14160.0,0.0,0.38676,0.00015,0.0,0.0,0.5
YBR073W,1,0.0,0.17171593431521145,1.7612634410216092e-05,0.0,1.0,1.0,0.0,0,0.07203,-0.42098,41.99103,9.27289,106.0,136.0,72375.0,0.0,0.67048,9e-05,0.0,0.0,0.5
YGR047C,7,0.001110921981482908,0.1758051382451224,2.6800347810280273e-07,0.38095238095238093,5.857142857142857,1.0,4.023809523809524,1,0.11024,-0.5759,40.09903,5.13934,181.0,142.0,137615.0,0.0,1.14462,4e-05,0.3167384070100485,0.24054770888719992,0.520534560514761
YDL150W,1,0.0,0.1476610390294638,3.909425124607862e-09,0.0,1.0,1.0,0.0,1,0.03555,-0.94408,44.85924,8.59259,75.0,78.0,8480.0,0.0,0.18171,0.00018,0.6832615929899515,0.40591527534130006,0.70295763767065
YNL113W,20,0.0002609506639933432,0.17665596074603981,1.2956663634721575e-06,0.7052631578947368,16.768367346938774,0.5,69.91666666666669,1,0.04225,-0.81197,52.2,4.315,34.0,14.0,4720.0,0.0,0.29225,0.00027,0.6832615929899515,0.2887195853553551,0.5086090547571426
YIL021W,16,0.004409372837649381,0.191427329319638,1.8582065816596435e-05,0.6333333333333333,14.889795918367346,1.0,86.78571428571426,1,0.07233,-0.42642,33.70003,4.52008,51.0,28.0,43275.0,0.0,1.22602,0.00013,0.6832615929899515,0.40591527534130006,0.5136306527492625
YGL070C,14,0.0012249964055133676,0.1829182637346244,1.0011508440475097e-06,0.7802197802197802,12.0,0.5,54.70714285714286,0,0.09836,-0.66311,59.57705,7.55402,16.0,17.0,5470.0,0.0,0.38284,0.00053,0.0,0.0,0.5
YOR116C,13,1.7971288613493457e-05,0.16909386720462488,7.216624914272e-07,0.9102564102564102,11.742857142857142,1.0,22.88571428571429,1,0.06849,-0.2811,39.36121,8.49786,176.0,187.0,117600.0,0.0,0.72459,5e-05,0.3167384070100485,0.24054770888719992,0.5102422990402092
YGR246C,5,0.0011301475482319784,0.18468352009784617,5.45370107382124e-07,0.3,3.5118483412322274,1.0,1.7,1,0.0604,-0.62819,45.59096,6.47943,94.0,90.0,34015.0,0.0,0.5084,0.0001,0.6832615929899515,0.40591527534130006,0.5577922558009544
YOL086C,1,0.0,0.139361369485599,5.329723268240155e-09,0.0,1.0,0.0,0.0,0,0.07759,0.0296,20.70836,6.21014,36.0,32.0,49360.0,0.0,1.33953,0.00017,0.0,0.0,0.5
YPL242C,11,0.025453729430418976,0.21823817648409127,3.5928531131403614e-05,0.01818181818181818,5.249448123620309,0.0,3.482456140350877,1,0.09967,-0.42054,50.85039,9.0423,180.0,211.0,154350.0,0.0,0.89308,5e-05,0.3167384070100485,0.0,0.5
YDR264C,6,0.002410614149501527,0.19059439276777337,6.878263472670484e-07,0.13333333333333333,1.976878612716763,0.0,5.125,0,0.11257,-0.00838,29.34582,5.42987,86.0,64.0,116780.0,0.0,1.36045,6e-05,0.0,0.0,0.5
YDL226C,2,8.55841529878891e-05,0.18660676039044893,1.7665931077022655e-05,0.0,1.7469613259668508,0.0,0.0,0,0.09091,-0.92358,44.86023,5.64606,50.0,43.0,42690.0,0.0,1.08637,0.00014,0.0,0.0,0.5
YJR086W,3,0.0001804141587984675,0.17645038134493887,2.026923406237666e-08,0.6666666666666666,1.5345132743362833,0.0,8.5,0,0.04545,-0.82,61.60545,9.62457,7.0,14.0,10345.0,0.0,0.81939,0.00076,0.0,0.0,0.5
YKL178C,1,0.0,0.1579555421110916,9.09103091375865e-09,0.0,0.0,0.0,0.0,0,0.12766,0.08277,42.64196,7.5528,44.0,45.0,100030.0,0.0,1.8625,0.00014,0.0,0.0,0.0
YPL129W,45,0.021114251737904606,0.22082984651627965,2.8533731158564035e-05,0.2868686868686869,38.768367346938774,1.0,917.0,0,0.06967,-0.41803,42.1623,5.20941,37.0,28.0,22460.0,0.0,0.81852,0.00019,0.0,0.0,0.5
YLR418C,15,0.005603342195845081,0.19725079655802183,1.5361681243796543e-06,0.6285714285714286,13.714141414141414,1.0,38.19761904761904,0,0.07888,-0.5659,34.11527,7.71893,49.0,50.0,53775.0,0.0,1.20963,0.00017,0.0,0.0,0.5
YBR279W,7,0.006564173650487999,0.2065305123642406,6.527144238441364e-06,0.09523809523809523,6.561616161616161,1.0,8.125,0,0.05618,-1.07596,54.44225,4.81158,102.0,72.0,34380.0,0.0,0.6637,9e-05,0.0,0.0,0.5
YDR099W,12,0.020315782088362506,0.20681221382901185,0.00012055229972490319,0.0,9.865296803652969,0.5,0.0,0,0.0696,-0.79231,63.70923,4.82111,45.0,29.0,29005.0,0.0,0.93381,0.00016,0.0,0.0,0.5
YLR267W,1,0.0,0.16893445406276245,2.150533469810171e-06,0.0,1.0,0.0,0.0,0,0.12456,-0.15596,42.99214,6.06476,65.0,60.0,51935.0,0.0,0.78282,9e-05,0.0,0.0,0.5
YOR026W,1,0.0,0.0005749604714675866,5.874040484279281e-14,0.0,1.0,1.0,2.8,0,0.09384,-0.23284,35.62463,5.07098,44.0,36.0,42620.0,0.0,1.10862,0.00013,0.0,0.0,0.5
YDL193W,2,0.0,0.0008624407072013799,8.307145578275165e-14,0.0,1.0,0.6666666666666666,1.4285714285714286,1,0.08533,-0.34693,41.00195,6.4798,50.0,48.0,42330.0,0.0,0.99468,0.00015,0.6832615929899515,0.337431063763222,0.668715531881611
YDL132W,9,0.0025740175298227036,0.18786953964966757,2.541403711535672e-07,0.25,7.617558022199798,0.5,24.4,1,0.09816,-0.40933,45.39596,8.52301,104.0,110.0,95410.0,0.0,1.01562,9e-05,0.3167384070100485,0.19390444008233815,0.5127274672222545
YDR285W,5,0.0027477212731782876,0.17560153318523938,6.03018500368647e-09,0.1,2.1770186335403725,0.5,0.5,0,0.03657,-1.03691,49.48011,6.40094,146.0,140.0,20245.0,0.0,0.20238,6e-05,0.0,0.0,0.5
YDL017W,9,0.00048792711254008075,0.17392810465051725,6.647488115570996e-07,0.7777777777777778,8.385113268608414,0.0,10.188311688311687,1,0.11045,-0.45503,35.57615,5.59161,71.0,59.0,76875.0,0.0,1.31817,0.0001,0.6832615929899515,0.0,0.5
YDR173C,4,0.0012665251250448372,0.1748228124172339,2.0476686739124927e-07,0.5,1.0,1.0,3.7857142857142856,0,0.08451,-0.64113,40.6471,4.56842,71.0,44.0,32110.0,0.0,0.79574,0.00011,0.0,0.0,0.5
YOR039W,6,0.0020905634582338195,0.17873841222382228,5.6970575110612194e-08,0.4,5.65065065065065,0.0,7.708333333333333,0,0.10853,-0.45465,41.57442,5.6806,39.0,33.0,32610.0,0.0,1.09277,0.00019,0.0,0.0,0.5
YOR302W,8,0.007045790505463546,0.18470082552514172,2.6375857826669934e-06,0.0,5.663764961915125,0.0,0.0,0,0.16,-0.7,40.86,5.93585,2.0,1.0,8605.0,0.0,2.88834,0.00199,0.0,0.0,0.5
YLR390WA,2,0.0016830718010194833,0.1627013792822379,7.695114874528845e-08,0.0,0.0,0.0,0.0,0,0.0,0.0,0.0,0.0,0.0,0.0,0.0,0.0,0.0,0.0,0.0,0.0,0.0
YDR145W,22,0.0025170830335305493,0.1956259636764899,1.8903297572885074e-06,0.5584415584415584,5.117990654205608,1.0,100.85454545454544,1,0.04638,-1.10742,54.99056,9.56073,51.0,67.0,38640.0,0.0,0.6327,0.00016,0.6832615929899515,0.40591527534130006,0.5396557265113162
YPL070W,2,0.00023999322846013374,0.17304250812082453,1.1946165600309149e-08,0.0,1.9989539748953975,0.0,0.0,0,0.08497,-0.5902,46.18237,8.60602,71.0,76.0,34435.0,0.0,0.4952,0.00012,0.0,0.0,0.5
YOR260W,5,0.00015523728782492008,0.16248678674505912,8.305679692090967e-08,0.6,3.7709205020920504,0.0,3.416666666666666,1,0.08824,-0.5526,44.02457,4.78253,88.0,59.0,46185.0,0.0,0.70298,7e-05,0.6832615929899515,0.0,0.5
YGL122C,2,0.0003341395486259447,0.17664012994034523,4.629694128741622e-07,0.0,1.7683956574185766,1.0,1.2307692307692308,1,0.05143,-0.80286,60.34362,8.48969,51.0,58.0,17065.0,0.0,0.29261,0.00015,0.6832615929899515,0.40591527534130006,0.61476935991062
YLR288C,9,0.009765067592542613,0.20462236167386197,0.001390146031991012,0.0,6.936427850655903,1.0,13.333333333333334,0,0.06118,-0.41646,36.44367,5.18903,68.0,49.0,46630.0,0.0,0.87741,0.0001,0.0,0.0,0.5
YBR253W,22,0.002945468281038299,0.20909379548152246,4.454601329400745e-05,0.8398268398268398,18.837108953613807,1.0,192.41666666666669,1,0.04132,-0.33471,34.73884,4.59662,20.0,12.0,7115.0,0.0,0.51325,0.00033,0.6832615929899515,0.40591527534130006,0.5107743517421082
YPL031C,7,0.0028787802233324004,0.18900443091421154,4.996260191980212e-08,0.0,4.5786802030456855,0.5,0.0,0,0.0918,-0.38098,37.71279,8.28143,33.0,35.0,44265.0,0.0,1.26813,0.00024,0.0,0.0,0.5
YER162C,4,0.0022213622929851845,0.18772640095279164,1.4332363586954982e-06,0.0,1.9573170731707317,0.5,0.0,0,0.08488,-0.72109,48.93859,8.15741,124.0,128.0,105000.0,0.0,1.2045,9e-05,0.0,0.0,0.5
YLL039C,11,0.009445777398313017,0.20167047370619115,3.7251415332575596e-05,0.05454545454545454,0.0,0.0,4.1,0,0.0,0.0,0.0,0.0,0.0,0.0,0.0,0.0,0.0,0.0,0.0,0.0,0.0
YBR135W,1,0.0,0.14646509213882541,0.00011974104561207742,0.0,1.0,0.0,0.0,1,0.1,-0.988,75.08667,5.94989,18.0,13.0,24535.0,0.0,1.37879,0.00033,0.6832615929899515,0.0,0.5
YBL072C,59,0.005793787748058671,0.17411246444698456,0.006706618145252473,0.9000584453535944,16.232032854209447,0.0,317.1666666666667,0,0.08,-0.8295,52.33655,10.66925,17.0,44.0,25690.0,0.0,1.14232,0.00047,0.0,0.0,0.5
YFL017C,1,0.0,0.14646509213882541,0.00011974104561207742,0.0,1.0,0.0,0.0,1,0.08805,-0.24088,35.23346,5.12286,24.0,19.0,21930.0,0.0,1.20928,0.00028,0.6832615929899515,0.0,0.5
YFL059W,1,0.0,0.00043122035360068997,1.526654176624869e-14,0.0,1.0,0.0,2.0,0,0.04362,-0.01174,36.75201,5.40021,41.0,33.0,16095.0,0.0,0.50268,0.00017,0.0,0.0,0.5
YFL060C,1,0.0,0.00043122035360068997,1.526654176624869e-14,0.0,1.0,0.0,0.0,0,0.09459,-0.12928,34.95054,7.04327,26.0,26.0,20565.0,0.0,0.81829,0.00028,0.0,0.0,0.5
YGL071W,1,0.0,0.15337124260848992,4.3895151514277057e-07,0.0,1.0,1.0,0.0,0,0.06377,-0.88942,45.70291,6.39349,83.0,72.0,32860.0,0.0,0.42301,8e-05,0.0,0.0,0.5
YML007W,3,0.0004018512147180657,0.18395960895980515,3.504682871895593e-05,0.0,2.460810810810811,0.3333333333333333,0.0,0,0.06154,-1.03062,47.57723,4.79559,103.0,72.0,30660.0,0.0,0.42271,7e-05,0.0,0.0,0.5
YBR270C,3,0.0022488943420040527,0.18878720524895243,5.347653653075941e-06,0.0,2.1724137931034484,0.0,0.0,0,0.09358,-0.48954,51.08206,8.75934,55.0,60.0,57675.0,0.0,0.94213,0.00014,0.0,0.0,0.5
YLR117C,6,0.017311747256394044,0.2095829037750465,5.083937670756718e-07,0.0,4.716648291069459,1.0,0.0,1,0.12809,-0.60204,42.37744,5.46429,117.0,102.0,164140.0,0.0,1.99093,7e-05,0.3167384070100485,0.24054770888719992,0.5254998564703939
YHR204W,1,0.0,0.14915832084784805,5.832897690933602e-09,0.0,1.0,1.0,0.0,0,0.12688,-0.20477,44.3322,4.95856,108.0,71.0,119525.0,0.0,1.30994,5e-05,0.0,0.0,0.5
YLR321C,11,0.006186315225367442,0.1779316853226496,1.2064961103744016e-07,0.6545454545454545,1.618490967056323,1.0,29.24836601307189,1,0.07042,-0.67629,43.30235,5.02765,64.0,43.0,38765.0,0.0,0.79474,0.0001,0.6832615929899515,0.40591527534130006,0.6253993020670268
YMR075W,1,0.0,0.00043122035360068997,1.526654176624869e-14,0.0,0.0,1.0,0.0,0,0.0848,-0.92968,46.79137,8.95319,86.0,102.0,74185.0,0.0,0.94101,0.00011,0.0,0.0,0.0
YCR023C,1,0.0,0.00043122035360068997,1.526654176624869e-14,0.0,0.0,0.0,0.0,0,0.12439,0.06972,44.42573,6.96429,52.0,51.0,97510.0,0.0,1.40876,0.0001,0.0,0.0,0.0
YER031C,6,0.0040527878040571615,0.16745622377064925,4.6313663654954074e-08,0.06666666666666667,1.0,0.0,0.0,0,0.08072,-0.53408,25.55067,4.96747,30.0,22.0,24785.0,0.0,1.01292,0.0002,0.0,0.0,0.5
YJL099W,3,0.004204417077218895,0.18470082552514172,2.6053386414189435e-06,0.0,1.0,0.0,0.0,0,0.09651,-0.23391,45.28811,5.68756,95.0,82.0,118450.0,0.0,1.37666,7e-05,0.0,0.0,0.5
YHR016C,15,0.006642574752023543,0.21104145717390924,2.2110249103538598e-05,0.06666666666666667,4.2150982419855225,0.0,2.0,0,0.09188,-0.73248,42.4306,7.7464,61.0,62.0,51925.0,0.0,1.02011,0.00015,0.0,0.0,0.5
YGR243W,1,0.0,0.17174585780293736,2.790341683512394e-07,0.0,0.0,0.0,0.0,0,0.13014,0.02877,27.93904,10.49005,5.0,17.0,32095.0,0.0,1.97756,0.00065,0.0,0.0,0.0
YGR020C,15,0.003685072523473284,0.16493408166716694,2.1245516175337546e-07,0.8666666666666667,8.480434782608695,0.0,173.0,0,0.07627,-0.47458,41.57627,4.97968,22.0,15.0,2980.0,0.0,0.22138,0.00037,0.0,0.0,0.5
YCL016C,2,5.871097375796428e-05,0.14524553901733933,1.4867835632877458e-08,0.0,0.0,0.0,0.0,0,0.09474,-0.34184,41.44763,6.04242,55.0,49.0,48400.0,0.0,1.09817,0.00014,0.0,0.0,0.0
YHR152W,10,0.003320521342899293,0.18846230136765582,1.764166903490665e-05,0.0,3.4557416267942584,0.0,19.5,0,0.06358,-1.11387,55.68676,9.40472,24.0,31.0,6085.0,0.0,0.30559,0.00047,0.0,0.0,0.5
YLR132C,1,0.0,0.15648834630075517,2.210231060820888e-07,0.0,0.0,0.5,0.0,1,0.1069,-0.46655,50.70552,6.45844,33.0,31.0,33975.0,0.0,1.00834,0.00019,0.6832615929899515,0.2887195853553551,0.5
YHR128W,1,0.0,0.15648834630075517,2.210231060820888e-07,0.0,0.0,0.0,0.0,1,0.09259,-0.13611,33.67694,5.586,30.0,27.0,15525.0,0.0,0.63125,0.00023,0.6832615929899515,0.0,0.0
YDR267C,1,0.0,0.15648834630075517,2.210231060820888e-07,0.0,1.0,0.5,1.6,1,0.11212,-0.27333,29.72182,4.59808,59.0,32.0,105140.0,0.0,2.82072,0.00012,0.6832615929899515,0.2887195853553551,0.6443597926776775
YHR073W,1,0.0,0.15648834630075517,2.210231060820888e-07,0.0,0.0,0.0,0.6153846153846154,0,0.08635,-0.73333,46.58213,8.67377,132.0,140.0,120960.0,0.0,1.06331,8e-05,0.0,0.0,0.0
YLR016C,1,0.0,0.15648834630075517,2.210231060820888e-07,0.0,1.0,0.5,2.0,0,0.08824,-0.65735,42.86961,5.08954,36.0,27.0,22390.0,0.0,0.94659,0.00022,0.0,0.0,0.5
YJL168C,2,0.00020889332687456564,0.17207570580570164,4.4811852984139227e-07,0.0,1.0,0.5,0.0,0,0.07776,-0.75839,54.68228,8.70294,111.0,123.0,59425.0,0.0,0.70358,0.0001,0.0,0.0,0.5
YJR148W,1,0.0,0.15648834630075517,2.210231060820888e-07,0.0,0.0,0.0,0.0,0,0.09309,-0.2875,27.22686,6.91229,41.0,41.0,64120.0,0.0,1.54045,0.00017,0.0,0.0,0.0
YPR152C,1,0.0,0.15648834630075517,2.210231060820888e-07,0.0,0.0,1.0,0.0,0,0.09247,-0.90086,59.3123,4.59784,104.0,63.0,71695.0,0.0,1.3243,8e-05,0.0,0.0,0.0
YGL058W,4,0.0005988392207797752,0.17212078326967448,4.7049336851985754e-07,0.0,2.445508982035928,0.5,0.0,0,0.08721,-0.82209,54.95116,4.19684,40.0,17.0,24075.0,0.0,1.22174,0.00021,0.0,0.0,0.5
YIL035C,5,3.670770893117982e-05,0.15724987714434083,1.8486010921542572e-09,0.8,4.897897897897898,0.0,14.938888888888888,0,0.13172,-0.54866,34.13476,8.62897,54.0,58.0,71530.0,0.0,1.6014,0.00019,0.0,0.0,0.5
YKL112W,5,0.0007709655469938102,0.16584999663477595,2.4666774716733716e-09,0.6,4.842931937172775,1.0,5.055555555555555,1,0.04651,-1.14391,39.271,4.86053,128.0,68.0,38195.0,0.0,0.46721,6e-05,0.6832615929899515,0.40591527534130006,0.5419080095082099
YOR061W,5,3.670770893117982e-05,0.15724987714434083,1.8486010921542572e-09,0.8,4.897897897897898,0.0,11.155555555555557,0,0.11799,-0.33481,28.47555,8.68475,41.0,46.0,59415.0,0.0,1.50788,0.00022,0.0,0.0,0.5
YGL019W,7,0.0007596484567685824,0.16060679621969462,1.9434995259163362e-09,0.38095238095238093,6.073073073073073,0.0,20.5,0,0.1223,-0.68165,58.1446,4.51825,58.0,28.0,41005.0,0.0,1.2709,0.00014,0.0,0.0,0.5
YBL007C,24,0.012923830538889854,0.2144161002941708,4.295209139456595e-06,0.06159420289855073,17.773469387755103,0.2,3.0416666666666665,0,0.06672,-0.65442,49.9037,5.65753,140.0,126.0,95395.0,0.0,0.70223,4e-05,0.0,0.0,0.5
YIL138C,1,0.0,0.18468352009784617,1.7656840046168537e-05,0.0,1.0,0.0,5.428571428571429,0,0.03727,-1.5,52.14224,4.49567,46.0,26.0,15595.0,0.0,0.81681,0.00024,0.0,0.0,0.5
YGR080W,1,0.0,0.18468352009784617,1.7656840046168537e-05,0.0,1.0,0.0,0.0,0,0.07229,-0.44066,48.17684,5.54901,42.0,37.0,13660.0,0.0,0.36849,0.00015,0.0,0.0,0.5
YFL031W,1,0.0,0.16739933842924096,6.678890991833797e-08,0.0,0.0,1.0,6.0,0,0.06303,-0.76933,50.78571,4.97211,38.0,27.0,14480.0,0.0,0.5382,0.00018,0.0,0.0,0.0
YJR064W,8,0.0005954237127862596,0.14836122309230107,1.807234250381171e-09,0.75,5.549891540130152,0.0,4.0,1,0.04626,-0.25338,30.25569,5.33185,86.0,72.0,22555.0,0.0,0.3643,9e-05,0.6832615929899515,0.0,0.5
YML124C,1,0.0,0.12407951718521416,1.8274855565738144e-10,0.0,0.0,0.0,0.0,0,0.09663,-0.32067,32.45753,5.05341,64.0,44.0,51685.0,0.0,1.04008,0.0001,0.0,0.0,0.0
YCR097W,1,0.0,0.1613561894240596,4.3939784954689657e-07,0.0,0.0,1.0,0.0,0,0.06349,-0.74444,63.51032,9.69476,14.0,22.0,8730.0,0.0,0.58975,0.00065,0.0,0.0,0.0
YLR127C,12,0.003192682250604822,0.18006094911887385,1.7717773489139705e-05,0.6818181818181818,11.713131313131314,0.5,7.314285714285715,1,0.1102,-0.33353,37.03613,6.24945,110.0,102.0,123660.0,0.0,1.23689,6e-05,0.3167384070100485,0.19390444008233815,0.5082772247189339
YOL133W,5,0.001047223895961678,0.17532039580221578,4.561527332683185e-07,0.0,3.875757575757576,0.5,5.2,1,0.07438,-0.59587,52.8562,5.49481,18.0,14.0,34125.0,0.0,2.44805,0.00039,0.6832615929899515,0.2887195853553551,0.5372468581576494
YGL105W,2,0.00039689387402933567,0.14513859141479363,9.870710316985535e-09,0.0,2.0,0.5,0.0,0,0.06383,-0.60612,32.31702,7.68939,57.0,58.0,27305.0,0.0,0.64883,0.00018,0.0,0.0,0.5
YGR264C,1,0.0,0.12540572655581575,1.72793041012853e-10,0.0,1.0,0.5,0.0,1,0.10652,-0.46711,41.72104,6.15497,96.0,86.0,124900.0,0.0,1.4578,7e-05,0.3167384070100485,0.19390444008233815,0.5969522200411691
YDL192W,13,0.003495904307225048,0.1923989468037396,8.097879287651132e-07,0.5769230769230769,11.264583333333333,0.0,251.0,0,0.09945,-0.22155,34.5884,6.75092,21.0,21.0,35075.0,0.0,1.70854,0.00033,0.0,0.0,0.5
YPR176C,3,0.0003007702543143371,0.1758678809782577,1.7690228238863805e-08,0.3333333333333333,1.0,0.0,2.2666666666666666,1,0.11692,-0.05477,30.40738,5.0274,45.0,32.0,64495.0,0.0,1.75901,0.00014,0.6832615929899515,0.0,0.5
YAL026C,1,0.0,0.1591929583269514,1.3556660225123314e-08,0.0,1.0,0.0,0.0,0,0.10996,-0.21173,36.39957,5.29681,174.0,136.0,178105.0,0.0,1.15831,3e-05,0.0,0.0,0.5
YDL029W,10,0.007000470038997994,0.19820283660174082,2.6393067815304533e-06,0.37777777777777777,9.012108980827447,0.0,11.564935064935067,1,0.08951,-0.25038,40.60128,5.54315,54.0,46.0,48735.0,0.0,1.10578,0.00013,0.6832615929899515,0.0,0.5
YNL084C,9,0.01160127786672282,0.19221133203357504,4.6374926438379254e-08,0.05555555555555555,7.729376257545272,0.0,1.0,0,0.0745,-0.73696,57.91292,5.22723,55.0,47.0,42900.0,0.0,1.0646,0.00013,0.0,0.0,0.5
YKL129C,18,0.009019976119770432,0.22361057402204335,3.7950324257727014e-05,0.058823529411764705,15.143595041322314,0.0,2.0404040404040407,0,0.08333,-0.56517,36.04759,9.3913,144.0,188.0,130750.0,0.0,0.91787,7e-05,0.0,0.0,0.5
YMR109W,21,0.015663808263086068,0.22729787938241608,3.8501289725905935e-05,0.08095238095238096,17.773413897280967,0.0,8.285353535353536,0,0.08368,-0.54832,43.49509,9.31805,132.0,164.0,130625.0,0.0,0.95418,7e-05,0.0,0.0,0.5
YJL095W,5,0.0016300298528104302,0.19920436685238124,1.4878048977943886e-06,0.2,3.768729641693811,0.0,2.0,0,0.07375,-0.72368,51.71241,9.49725,153.0,202.0,128870.0,0.0,0.78487,6e-05,0.0,0.0,0.5
YOR231W,5,0.0019350571679258876,0.19372257592179973,4.782793055362642e-07,0.1,2.7701657458563536,0.0,2.033333333333333,0,0.08071,-0.50472,48.54195,8.45587,55.0,59.0,59205.0,0.0,1.04382,0.00015,0.0,0.0,0.5
YPL084W,4,0.002592813907879558,0.1954901527327494,1.9598450824341218e-05,0.0,0.0,0.0,0.0,0,0.10308,-0.59585,47.69874,5.27386,133.0,110.0,91315.0,0.0,0.93873,5e-05,0.0,0.0,0.0
YBL085W,10,0.0025416750256093603,0.20774949515222513,8.059082788833631e-07,0.08888888888888889,7.684816753926701,0.0,9.75151515151515,0,0.07143,-0.89306,59.19286,9.13397,115.0,132.0,72240.0,0.0,0.66097,8e-05,0.0,0.0,0.5
YJL157C,9,0.0078067394561430565,0.21174424857710947,1.777650915050099e-05,0.1111111111111111,8.632694248234108,0.0,3.333333333333333,1,0.08916,-0.4647,44.38592,5.25128,123.0,95.0,92635.0,0.0,0.97953,6e-05,0.3167384070100485,0.0,0.5
YGR152C,4,9.390959442220441e-05,0.18965911767577331,2.7229456325310614e-07,0.5,2.8282722513089005,0.0,0.0,0,0.05882,-0.50588,56.56695,9.22357,33.0,40.0,17670.0,0.0,0.58144,0.0003,0.0,0.0,0.5
YLR078C,21,0.012534996164651053,0.20640075497427354,1.817076713057673e-05,0.2761904761904762,12.471774193548388,0.3333333333333333,53.08333333333333,1,0.08197,-0.51598,42.6,8.90533,26.0,29.0,22920.0,0.0,0.83346,0.00032,0.6832615929899515,0.2240360033604539,0.5089817214408976
YIL004C,15,0.002754020711284919,0.1909636901767402,8.217546743197075e-07,0.4380952380952381,4.527058823529412,0.3333333333333333,36.37301587301587,1,0.09155,-0.28169,37.3993,8.03046,14.0,15.0,19480.0,0.0,1.23921,0.00051,0.6832615929899515,0.2240360033604539,0.5247441012027528
YPL218W,12,0.001254038477538348,0.18354848775531354,3.0924336635594274e-07,0.4393939393939394,5.440273037542662,0.25,9.813492063492063,1,0.11053,-0.00368,43.93579,5.20648,24.0,18.0,37595.0,0.0,1.75265,0.00024,0.6832615929899515,0.18303056670342058,0.5168218180815879
YPR181C,14,0.007712047301847029,0.19734954044897,1.4363169821122557e-06,0.3516483516483517,8.147788565264294,0.25,9.813492063492063,1,0.09505,-0.21146,41.76773,5.3858,81.0,61.0,76095.0,0.0,0.89121,6e-05,0.6832615929899515,0.18303056670342058,0.5112319168101463
YIL109C,12,0.0007945101022345439,0.18487405833842735,3.0855119125165923e-07,0.48484848484848486,3.533132530120482,0.25,9.813492063492063,1,0.07775,-0.24471,55.99594,5.82721,93.0,80.0,68910.0,0.0,0.66493,6e-05,0.6832615929899515,0.18303056670342058,0.5259020239324534
YLR268W,18,0.011046120828449963,0.20080758048128688,8.280244523702386e-07,0.3006535947712418,14.59802847754655,0.3333333333333333,53.73809523809525,0,0.14019,-0.30935,41.02196,6.74506,26.0,26.0,29130.0,0.0,1.16253,0.00027,0.0,0.0,0.5
YNR003C,13,0.00035830397326378497,0.17168602125287974,6.933887294711537e-07,0.8461538461538461,11.442857142857143,1.0,44.0,1,0.09779,-0.32555,38.76817,5.25812,43.0,34.0,38765.0,0.0,1.07279,0.00015,0.6832615929899515,0.40591527534130006,0.5177366225180343
YBR123C,6,0.002848003632969816,0.1898417807959465,9.297765390361922e-07,0.4666666666666667,5.561314791403287,1.0,4.023809523809524,1,0.08783,-0.54607,39.94485,5.23065,105.0,86.0,59165.0,0.0,0.80439,7e-05,0.6832615929899515,0.40591527534130006,0.5364945422590326
YML111W,1,0.0,0.1631322693043377,2.392751260619958e-07,0.0,1.0,0.0,0.0,0,0.06848,-0.6662,46.27122,8.17377,115.0,119.0,56530.0,0.0,0.53949,8e-05,0.0,0.0,0.5
YER125W,7,0.001354474915759485,0.19818290870745148,1.9064335475254834e-05,0.09523809523809523,6.019172552976791,0.5,4.918128654970761,1,0.10136,-0.678,40.1078,6.24396,104.0,97.0,113720.0,0.0,1.23858,7e-05,0.3167384070100485,0.19390444008233815,0.5161072338744005
YBR160W,19,0.010557870198301527,0.20768382783735245,5.610218180336426e-07,0.005847953216374269,15.238143289606459,0.0,0.0,1,0.09732,-0.23859,27.64866,8.50323,39.0,42.0,41870.0,0.0,1.22926,0.00025,0.6832615929899515,0.0,0.5
YFL029C,2,0.00039689387402933567,0.16954474539861622,1.0417968727711817e-08,0.0,1.0,0.0,0.0,1,0.09239,-0.29946,37.92582,5.56744,50.0,42.0,42245.0,0.0,1.0014,0.00013,0.6832615929899515,0.0,0.5
YJR060W,4,0.001559900859489508,0.15998110624172648,8.573395020837406e-09,0.16666666666666666,1.0,0.3333333333333333,0.0,0,0.02849,-1.2755,55.94473,4.93011,70.0,48.0,23045.0,0.0,0.58509,0.00013,0.0,0.0,0.5
YDR318W,2,0.0003510722604451595,0.15682450552982036,9.251720079890892e-08,0.0,1.0,0.5,0.0,0,0.08967,-0.44185,39.28261,4.8963,71.0,50.0,24075.0,0.0,0.56027,0.00011,0.0,0.0,0.5
YLR293C,14,0.010943286720604408,0.20543274726464952,3.6509392191988106e-05,0.08791208791208792,10.490830636461704,1.0,21.195454545454545,1,0.10959,-0.35662,33.75438,6.11505,28.0,26.0,30285.0,0.0,1.22067,0.00025,0.6832615929899515,0.40591527534130006,0.5193461933286059
YIL063C,3,8.073867264092104e-06,0.174220188262711,7.177607082801763e-07,0.3333333333333333,2.246132208157525,1.0,15.916666666666666,1,0.04893,-1.04771,39.18257,6.33453,61.0,60.0,11585.0,0.0,0.32133,0.00018,0.6832615929899515,0.40591527534130006,0.5903587228452299
YER009W,9,0.0010379195387350884,0.19494878943767305,1.9003672268619395e-05,0.1111111111111111,7.320812182741117,0.0,18.83333333333333,1,0.128,-0.3872,32.95368,4.50116,15.0,8.0,8940.0,0.0,0.61856,0.00031,0.6832615929899515,0.0,0.5
YPR017C,1,0.0,0.14172614394624045,8.951653052751031e-10,0.0,1.0,0.0,6.333333333333333,0,0.06993,-0.24615,39.16713,5.15057,21.0,16.0,14730.0,0.0,0.91342,0.00032,0.0,0.0,0.5
YGR172C,4,0.004535406822142853,0.18794119088523192,6.581777394788418e-08,0.0,1.0,0.3333333333333333,0.0,1,0.13306,0.48548,34.13359,6.00409,10.0,7.0,24660.0,0.0,0.91064,0.00022,0.6832615929899515,0.2240360033604539,0.6120180016802269
YFL038C,7,0.006927128392486895,0.17772312776163665,3.881408855718881e-08,0.09523809523809523,3.977272727272727,0.25,4.0,1,0.09223,-0.41262,31.0267,5.16888,29.0,25.0,24910.0,0.0,1.07306,0.00022,0.6832615929899515,0.18303056670342058,0.5230095569570014
YKL196C,5,0.0003286312015986357,0.1655574676637252,1.6198286659754594e-08,0.3,1.0,0.0,5.6,1,0.095,-0.3995,46.70605,5.51556,29.0,25.0,20775.0,0.0,0.91493,0.00024,0.6832615929899515,0.0,0.5
YLR093C,7,0.0012654031698409636,0.1744823590337534,2.2351625603535903e-08,0.2857142857142857,2.0716180371352784,0.0,15.166666666666668,0,0.09881,-0.21383,44.15621,5.43573,29.0,24.0,27305.0,0.0,0.94273,0.00019,0.0,0.0,0.5
YOR106W,9,0.005831930577870263,0.1777391532916422,2.5292719925104623e-08,0.16666666666666666,1.8315649867374004,0.0,11.233333333333333,1,0.0424,-0.80106,65.4894,6.56561,37.0,35.0,6460.0,0.0,0.19879,0.0002,0.6832615929899515,0.0,0.5
YGL212W,3,0.0,0.15080156147229073,2.0378787779885047e-09,0.6666666666666666,2.9437037037037035,0.0,2.833333333333333,0,0.0538,-0.92911,48.73323,8.46173,53.0,55.0,32555.0,0.0,0.88679,0.00023,0.0,0.0,0.5
YLR249W,1,0.0,0.16516903050145068,2.3097740816961053e-07,0.0,1.0,0.0,0.0,1,0.06418,-0.28496,31.66341,5.73309,150.0,129.0,92175.0,0.0,0.795,5e-05,0.3167384070100485,0.0,0.5
YBR118W,9,0.0036154268464696306,0.2011970205169248,1.838781228521646e-05,0.3055555555555556,7.56745623069001,0.0,20.666666666666664,0,0.0,0.0,0.0,0.0,0.0,0.0,0.0,0.0,0.0,0.0,0.0,0.0,0.5
YAL040C,7,0.003465541598863617,0.1995068026320154,2.541007169076787e-07,0.047619047619047616,6.376387487386478,0.0,0.0,0,0.09828,-0.26103,52.87571,9.23309,40.0,56.0,60165.0,0.0,0.92576,0.00014,0.0,0.0,0.5
YNL064C,5,0.0004418868857403004,0.18100341689663105,2.6167342118553643e-07,0.0,4.0,0.0,0.0,0,0.07579,-0.53814,34.45064,5.95148,65.0,60.0,23265.0,0.0,0.52082,0.00013,0.0,0.0,0.5
YLL026W,7,0.0022577135448868086,0.18694302067567453,1.1691751500717723e-06,0.047619047619047616,6.975782038345106,0.3333333333333333,0.0,0,0.05286,-0.46839,43.97974,5.30914,150.0,124.0,33530.0,0.0,0.32862,5e-05,0.0,0.0,0.5
YAL005C,11,0.006045788518049205,0.20596940543409742,1.8472397052874315e-05,0.09090909090909091,9.847628657921291,0.0,6.248626373626374,0,0.06075,-0.43847,32.08911,4.99786,100.0,79.0,20775.0,0.0,0.29825,7e-05,0.0,0.0,0.5
YDL229W,4,8.41289278539334e-05,0.1892221570513883,5.53662987987262e-07,0.0,4.0,0.0,0.0,0,0.05873,-0.24421,36.1956,5.31866,88.0,76.0,19285.0,0.0,0.28956,8e-05,0.0,0.0,0.5
YDR507C,8,0.0017547130922268522,0.1872627028314946,1.0848677587800254e-08,0.17857142857142858,5.451053283767038,0.0,8.012066365007541,0,0.05692,-0.79615,53.40771,9.22443,169.0,193.0,69260.0,0.0,0.53336,7e-05,0.0,0.0,0.5
YLR310C,12,0.005495654050909679,0.20021607008677625,3.072435710398189e-07,0.06060606060606061,9.449144008056395,0.0,16.0,1,0.08496,-0.52624,46.51606,6.66473,187.0,181.0,140510.0,0.0,0.78458,4e-05,0.3167384070100485,0.0,0.5
YPL240C,16,0.015494789617105455,0.20532575104211587,3.038525016613575e-07,0.06666666666666667,14.6797583081571,0.0,16.81758241758242,0,0.08181,-0.57532,43.20145,4.84198,142.0,104.0,57300.0,0.0,0.70388,6e-05,0.0,0.0,0.5
YNL098C,4,0.0008927042380690939,0.17426639642863692,6.213829753053473e-09,0.16666666666666666,2.475,0.0,2.555555555555556,0,0.04969,-0.71988,39.45593,6.76678,35.0,35.0,18130.0,0.0,0.52241,0.00019,0.0,0.0,0.5
YLL016W,3,0.000607798171072463,0.18406267718781513,4.66597728545751e-07,0.3333333333333333,0.0,0.0,0.0,0,0.0,0.0,0.0,0.0,0.0,0.0,0.0,0.0,0.0,0.0,0.0,0.0,0.0
YLL024C,7,0.005656333573169405,0.20331379164562272,2.697905794044345e-06,0.09523809523809523,7.0,0.0,4.26419413919414,0,0.06103,-0.44601,32.41097,4.94855,101.0,78.0,20775.0,0.0,0.29905,7e-05,0.0,0.0,0.5
YBL075C,1,0.0,0.16450736187650744,4.731927773838357e-09,0.0,1.0,0.0,0.0,0,0.06317,-0.48937,29.77291,5.05243,100.0,80.0,25120.0,0.0,0.35608,7e-05,0.0,0.0,0.5
YJL194W,15,0.0028959761635229124,0.18794119088523192,1.1689636655907938e-06,0.7428571428571429,7.338282078472958,0.5,39.74675324675325,1,0.07407,-0.22846,46.94739,9.48517,51.0,69.0,21150.0,0.0,0.36443,0.00016,0.6832615929899515,0.2887195853553551,0.519672150938591
YGR108W,1,0.0,0.16951558393569938,1.0399576122979214e-08,0.0,1.0,0.0,0.0,0,0.09554,-0.49788,49.02293,5.65082,71.0,61.0,55320.0,0.0,1.0082,0.0001,0.0,0.0,0.5
YLR210W,1,0.0,0.16951558393569938,1.0399576122979214e-08,0.0,1.0,0.0,0.0,0,0.10652,-0.49826,53.74439,4.77533,77.0,49.0,71655.0,0.0,1.33059,9e-05,0.0,0.0,0.5
YGL178W,4,0.0005864684264151783,0.18548294062334733,1.807662232374506e-08,0.3333333333333333,1.9840909090909091,0.0,12.214285714285715,0,0.08149,-0.36531,40.66439,8.17694,58.0,61.0,38040.0,0.0,0.39865,9e-05,0.0,0.0,0.5
YER120W,2,0.00018533079004580681,0.17535158882700047,1.6358471266681462e-08,0.0,1.0,0.6666666666666666,0.0,0,0.06557,-0.29508,57.10131,4.84772,33.0,23.0,20190.0,0.0,0.74985,0.00018,0.0,0.0,0.5
YHR102W,2,0.00036371592311989955,0.16874644379798923,1.6273562041298654e-07,0.0,1.0,0.0,0.0,1,0.05463,-0.61037,43.90972,8.12189,103.0,106.0,71710.0,0.0,0.61259,7e-05,0.3167384070100485,0.0,0.5
YOR257W,2,0.0001067559983395144,0.14817163121132917,4.595660112906044e-09,0.0,0.0,0.25,0.0,1,0.08696,-0.6087,62.36528,4.43329,39.0,20.0,7575.0,0.0,0.40398,0.00024,0.6832615929899515,0.18303056670342058,0.5
YDR356W,3,0.0001759878899931667,0.15324008473950962,9.137266768561382e-10,0.3333333333333333,1.0,0.25,2.1666666666666665,1,0.04343,-1.2196,51.33052,6.65448,194.0,191.0,51020.0,0.0,0.45643,6e-05,0.3167384070100485,0.13971984388753125,0.5698599219437657
YFL009W,7,0.004350279568095751,0.18751210140832497,1.6939073474403242e-07,0.14285714285714285,3.993576017130621,1.0,16.90277777777778,1,0.08087,-0.28228,37.84969,6.66925,81.0,77.0,100240.0,0.0,1.16438,8e-05,0.6832615929899515,0.40591527534130006,0.5508210277706131
YAL041W,12,0.010939292264330897,0.20308337214138802,5.744314759528447e-07,0.07575757575757576,9.412714429868819,0.0,2.0075757575757573,1,0.07611,-0.47763,50.72096,8.60187,90.0,96.0,60695.0,0.0,0.62612,9e-05,0.6832615929899515,0.0,0.5
YNL298W,13,0.013789487316670478,0.22249996726541507,1.950783180529317e-06,0.16666666666666666,5.612582781456954,0.0,25.279495504495504,0,0.06295,-0.73029,52.71723,9.1767,76.0,94.0,88000.0,0.0,0.93709,0.0001,0.0,0.0,0.5
YHR061C,12,0.004537126997924672,0.2174197231418831,1.8874913215747115e-07,0.24242424242424243,6.6208425720620845,0.0,54.15357142857143,0,0.06051,-0.88535,51.07041,6.07513,42.0,37.0,14690.0,0.0,0.41688,0.00017,0.0,0.0,0.5
YDR309C,15,0.012492624469653154,0.21848007204658745,2.2768618941077517e-06,0.17142857142857143,9.64516129032258,0.0,40.1724025974026,0,0.0705,-0.93368,64.56789,9.47516,40.0,51.0,19035.0,0.0,0.44421,0.00022,0.0,0.0,0.5
YOR127W,5,0.0015818052575781204,0.19886271287371995,1.1507941188686986e-07,0.3,3.044047619047619,0.0,7.195804195804196,0,0.06356,-0.67269,57.20089,6.02948,135.0,124.0,76315.0,0.0,0.67637,5e-05,0.0,0.0,0.5
YHR161C,6,0.003744259614789155,0.17822126672733382,6.771572371885334e-08,0.06666666666666667,0.0,0.0,0.0,0,0.0832,-0.60879,47.60192,6.53058,54.0,50.0,45855.0,0.0,0.6399,9e-05,0.0,0.0,0.0
YGL206C,5,0.002832806015995042,0.15566036563249722,1.6605063844021064e-09,0.2,3.708375378405651,0.0,0.0,0,0.09135,-0.16679,40.42354,5.11371,227.0,170.0,183050.0,0.0,0.97766,3e-05,0.0,0.0,0.5
YGR167W,3,0.0002136784756993739,0.1545860881502872,1.6355086149584497e-09,0.6666666666666666,1.4426395939086294,0.0,0.0,0,0.06867,-1.21288,51.91979,4.31305,64.0,33.0,13980.0,0.0,0.52693,0.00016,0.0,0.0,0.5
YIR006C,7,0.007181733805168395,0.19628831009801956,3.58526539183328e-07,0.09523809523809523,4.050228310502283,0.0,0.0,1,0.05743,-0.77135,62.81806,5.16779,145.0,118.0,73160.0,0.0,0.45649,3e-05,0.3167384070100485,0.0,0.5
YBL023C,23,0.0016375719524627148,0.18182153030203047,1.9225296869350495e-06,0.7154150197628458,14.639448568398727,1.0,47.53102642971065,1,0.06221,-0.63733,53.13813,5.02509,155.0,115.0,56365.0,0.0,0.57062,5e-05,0.3167384070100485,0.24054770888719992,0.5082157366707943
YDR207C,6,0.0036355872252551943,0.18246109506658448,2.409800059620095e-07,0.06666666666666667,2.689542483660131,1.0,0.0,0,0.04785,-1.05502,55.67191,9.55341,79.0,108.0,42955.0,0.0,0.4714,0.0001,0.0,0.0,0.5
YMR139W,1,0.0,0.15232822333881857,8.58058961718447e-09,0.0,1.0,0.0,0.0,0,0.10541,-0.37378,44.31976,6.08978,46.0,41.0,38695.0,0.0,0.8998,0.00014,0.0,0.0,0.5
YDR390C,3,9.64876163624451e-05,0.158259912485292,4.5181412856173585e-07,0.3333333333333333,2.809623430962343,1.0,2.6545454545454548,1,0.06761,-0.3434,46.23868,4.99603,91.0,70.0,41255.0,0.0,0.57895,7e-05,0.6832615929899515,0.40591527534130006,0.5722365977710877
YKR002W,2,0.0,0.15425944670561215,4.468174438286976e-07,1.0,1.9118895966029723,1.0,2.2,1,0.09331,-0.3294,44.2229,7.94769,76.0,78.0,64830.0,0.0,1.00432,0.00012,0.6832615929899515,0.40591527534130006,0.6061555217577748
YGR048W,5,0.0012094858645371426,0.18452791705713462,3.505466058375308e-05,0.1,3.902335456475584,0.0,0.4545454545454545,1,0.08587,-0.4097,44.62161,5.95197,47.0,45.0,16180.0,0.0,0.40643,0.00015,0.6832615929899515,0.0,0.5
YDL140C,23,0.006605646582919594,0.19345639513242835,2.6876721794831083e-06,0.2964426877470356,21.532323232323233,1.0,53.0,1,0.07444,-0.39838,55.27155,5.41815,219.0,176.0,160545.0,0.0,0.83788,3e-05,0.3167384070100485,0.24054770888719992,0.505585735136237
YGL130W,2,0.0,0.15992918539588738,9.168453289898939e-08,1.0,1.930964467005076,1.0,0.0,1,0.09368,-0.55621,40.6,5.5816,67.0,58.0,61850.0,0.0,1.17221,0.00011,0.6832615929899515,0.40591527534130006,0.6051068733467877
YPL228W,2,0.0,0.15992918539588738,9.168453289898939e-08,1.0,2.0,1.0,0.0,1,0.06011,-0.84098,49.27887,5.41071,87.0,73.0,39100.0,0.0,0.63218,9e-05,0.6832615929899515,0.40591527534130006,0.6014788188353251
YCR077C,9,0.013153281084975241,0.1973100310314627,5.019984926846787e-07,0.027777777777777776,6.062632696390658,0.5,17.125,0,0.0691,-0.4995,54.63268,6.87213,85.0,84.0,53290.0,0.0,0.60208,8e-05,0.0,0.0,0.5
YNL088W,2,0.00432713971037125,0.162835787691393,7.114588158663399e-09,0.0,1.951167728237792,1.0,0.0,1,0.08894,-0.69664,40.02474,6.62079,224.0,219.0,173025.0,0.0,1.05366,4e-05,0.3167384070100485,0.24054770888719992,0.561641986336165
YGL049C,4,0.0006757553192111579,0.19055754157040913,7.943955384545116e-08,0.3333333333333333,3.779233870967742,0.0,2.5,0,0.06893,-1.08162,50.04847,7.30499,136.0,136.0,82335.0,0.0,0.79246,7e-05,0.0,0.0,0.5
YER165W,18,0.01546200681599729,0.21632212576869098,4.175962676571066e-06,0.0784313725490196,16.279742765273312,0.5,13.381959706959709,1,0.08839,-0.67799,42.18253,5.70844,78.0,69.0,40145.0,0.0,0.62392,9e-05,0.6832615929899515,0.2887195853553551,0.5088674492440762
YPL256C,9,0.004187338633837385,0.1914087405325609,7.546812935659552e-07,0.05555555555555555,7.442986881937437,0.0,14.571428571428571,0,0.0844,-0.43138,44.21305,5.5451,56.0,44.0,54415.0,0.0,0.88199,9e-05,0.0,0.0,0.5
YJR090C,8,0.0060044763528558105,0.19991148174485926,1.7454868038294465e-05,0.14285714285714285,7.651282051282052,0.0,4.48844537815126,0,0.07472,-0.39696,44.7524,6.08075,137.0,124.0,81355.0,0.0,0.61292,5e-05,0.0,0.0,0.5
YBR109C,38,0.03795126431678136,0.21156243533372462,0.0014069465035590136,0.001422475106685633,32.49035532994924,0.0,9.09090909090909,1,0.05442,-0.29456,44.42789,4.17865,30.0,11.0,0.0,0.0,0.0,0.00026,0.6832615929899515,0.0,0.5
YNR035C,6,0.0016378579490099437,0.18444158416808384,1.784800521071516e-05,0.6666666666666666,1.9727582292849035,0.0,8.412987012987013,1,0.10234,-0.28713,53.37719,6.33405,44.0,41.0,23755.0,0.0,0.60039,0.00016,0.6832615929899515,0.0,0.5
YGL043W,3,0.0022016121329508803,0.1898966483626505,1.7858253787620382e-05,0.0,2.823469387755102,1.0,0.0,0,0.05502,-0.79903,49.77379,9.01093,41.0,50.0,25285.0,0.0,0.72568,0.00026,0.0,0.0,0.5
YHR030C,7,0.0026315878393652838,0.18246109506658448,5.9132109477716346e-08,0.09523809523809523,6.387605042016807,0.0,4.833333333333333,0,0.09711,-0.51508,46.21779,5.16315,66.0,47.0,45935.0,0.0,0.82565,9e-05,0.0,0.0,0.5
YJR109C,2,0.00039689387402933567,0.1539101436717664,5.109493020820916e-08,0.0,2.0,0.0,0.0,0,0.08676,-0.13336,35.67701,5.18451,147.0,116.0,110935.0,0.0,0.89526,4e-05,0.0,0.0,0.5
YLR216C,7,0.0025553907741046582,0.18290129071210098,2.8625789534721163e-07,0.14285714285714285,5.819105691056911,0.0,30.0,0,0.09164,-0.55633,26.8876,5.83575,57.0,52.0,21735.0,0.0,0.51662,0.00014,0.0,0.0,0.5
YMR186W,7,0.002305579890912448,0.18004450219257512,2.3192606868956806e-07,0.19047619047619047,6.947208121827411,0.0,12.846428571428572,0,0.08227,-0.55603,42.83366,4.77911,142.0,100.0,55810.0,0.0,0.68987,6e-05,0.0,0.0,0.5
YKL117W,4,6.584737316815196e-06,0.17026234862264075,1.672208516658046e-08,0.6666666666666666,3.9766497461928934,0.0,8.628571428571428,0,0.0787,-0.76343,51.18565,4.45563,43.0,20.0,30035.0,0.0,1.24723,0.00019,0.0,0.0,0.5
YNL330C,6,0.000527945817748506,0.17272408079252646,7.899214696676619e-09,0.26666666666666666,5.587048832271762,0.5,0.3999999999999999,0,0.1224,-0.41755,27.76681,5.28705,61.0,44.0,59930.0,0.0,1.22547,0.00011,0.0,0.0,0.5
YJR032W,5,0.00024323197165920115,0.17618226760853703,2.227765658474155e-08,0.3,4.92020202020202,0.0,2.9846153846153847,0,0.11705,-0.62341,32.79468,5.26459,63.0,53.0,40645.0,0.0,0.90055,0.00012,0.0,0.0,0.5
YDR172W,3,0.0013551315114514449,0.18774428136054028,7.43232295183058e-08,0.0,2.888544891640867,0.0,0.0,1,0.08029,-0.79723,41.42803,6.55011,87.0,84.0,74775.0,0.0,0.97681,9e-05,0.6832615929899515,0.0,0.5
YGR218W,24,0.02233729793009057,0.22292775503328568,2.790730537001373e-06,0.010869565217391304,14.372239747634069,0.3333333333333333,2.321428571428571,1,0.09041,-0.09354,41.51656,5.32135,139.0,110.0,116670.0,0.0,0.94011,4e-05,0.3167384070100485,0.16241202693656576,0.5056501989177888
YGL092W,15,0.003196755120862286,0.21063552147940928,3.8357103225674216e-05,0.3333333333333333,10.654646324549237,0.25,26.424908424908427,1,0.08656,-0.46264,39.47761,5.55316,155.0,138.0,114400.0,0.0,0.78539,4e-05,0.3167384070100485,0.13971984388753125,0.5065567565375495
YOR098C,41,0.04415150689905869,0.22835115963905378,1.9120168608381885e-05,0.004878048780487805,28.37237237237237,0.3333333333333333,0.0,1,0.07156,-0.79563,42.1789,9.62897,91.0,123.0,13200.0,0.0,0.11622,8e-05,0.6832615929899515,0.2240360033604539,0.5039481365960538
YIL115C,6,0.0007881714016190182,0.18907695059993404,3.499488194970908e-07,0.06666666666666667,1.5761904761904761,0.25,2.033333333333333,1,0.07603,-0.59452,48.69062,4.72821,219.0,141.0,52550.0,0.0,0.3307,3e-05,0.3167384070100485,0.13971984388753125,0.5443220048585824
YGL097W,6,0.0010826548902940578,0.19681749475829377,6.029662984566657e-07,0.13333333333333333,3.97972972972973,1.0,0.5714285714285714,1,0.07884,-0.43568,33.14483,5.71539,66.0,54.0,61515.0,0.0,1.16037,0.00011,0.6832615929899515,0.40591527534130006,0.5509978444401633
YDR002W,3,0.002816205479238076,0.195315815497851,8.458605392363585e-08,0.3333333333333333,1.9928571428571429,0.5,1.75,1,0.0796,-0.98905,44.2791,5.84552,44.0,41.0,15845.0,0.0,0.69033,0.00025,0.6832615929899515,0.2887195853553551,0.5724386056447128
YNL286W,1,0.0,0.16521056156267808,3.9069977444670285e-09,0.0,1.0,0.0,0.0,0,0.06667,-0.80211,30.69018,4.90533,55.0,42.0,14035.0,0.0,0.43474,0.00015,0.0,0.0,0.5
YJL005W,3,0.00039689387402933567,0.1663258130119241,4.947380124435624e-09,0.3333333333333333,1.9644670050761421,0.0,2.6944444444444446,1,0.0696,-0.52414,49.08047,6.883,243.0,237.0,150450.0,0.0,0.66036,3e-05,0.3167384070100485,0.0,0.5
YBR140C,1,0.0,0.140915585502167,1.4941477732992276e-10,0.0,1.0,0.0,0.0,1,0.09832,-0.12274,44.05911,6.12494,344.0,310.0,292420.0,0.0,0.83316,2e-05,0.3167384070100485,0.0,0.5
YDR052C,10,0.0019417835341784832,0.17564847709894066,6.63360271279167e-07,0.6222222222222222,3.5652173913043477,0.0,11.40909090909091,1,0.07102,-0.87301,38.76548,9.35101,92.0,115.0,69050.0,0.0,0.85575,0.00012,0.6832615929899515,0.0,0.5
YMR001C,3,0.0009873253170979792,0.15423530594712928,3.601859034992086e-08,0.0,2.59447983014862,0.0,0.5,1,0.0922,-0.48809,41.60411,9.06024,91.0,106.0,67365.0,0.0,0.83136,0.00011,0.6832615929899515,0.0,0.5
YPL153C,6,0.0030782507474391746,0.17391275895573605,1.1441382054296071e-07,0.0,3.3821989528795813,1.0,0.0,1,0.06699,-0.49671,41.07175,7.87897,99.0,101.0,59580.0,0.0,0.64788,9e-05,0.6832615929899515,0.40591527534130006,0.5600075987540157
YOR368W,3,0.0011353200668989696,0.18165396829825012,1.3342812395221902e-06,0.0,1.1983695652173914,1.0,0.75,0,0.0798,-0.36908,38.85461,5.14337,65.0,49.0,15775.0,0.0,0.3461,0.00011,0.0,0.0,0.5
YPL194W,3,0.0018341650526419292,0.1753983991817327,1.7403868369517832e-05,0.0,2.742684157416751,0.5,0.0,0,0.07353,-0.64085,38.38105,6.18353,87.0,81.0,48370.0,0.0,0.69405,9e-05,0.0,0.0,0.5
YHR164C,2,0.0,0.0008624407072013799,8.307145578275165e-14,0.0,0.0,0.5,0.0,1,0.06242,-0.45414,48.16118,6.11469,211.0,199.0,97675.0,0.0,0.5689,4e-05,0.3167384070100485,0.19390444008233815,0.5
YKL113C,1,0.0,0.0005749604714675866,5.874040484279281e-14,0.0,0.0,0.3333333333333333,0.0,0,0.06545,-0.50314,40.31181,9.04633,55.0,65.0,30785.0,0.0,0.71132,0.00021,0.0,0.0,0.0
YJR132W,7,0.008235033808691537,0.19902334511352104,4.956783067197279e-07,0.0,4.927586206896552,0.5,0.0,0,0.10592,-0.09714,41.12617,4.57343,150.0,91.0,133600.0,0.0,1.11365,4e-05,0.0,0.0,0.5
YMR199W,5,0.001742173366256214,0.18395960895980515,4.446097825001707e-07,0.0,4.265989847715736,0.0,2.6666666666666665,0,0.08974,-0.48919,43.46341,5.53961,58.0,46.0,62895.0,0.0,1.01364,9e-05,0.0,0.0,0.5
YOR027W,6,0.0007914366903415633,0.1771959016544689,2.4254942404788424e-07,0.26666666666666666,5.924242424242424,0.0,7.2857142857142865,0,0.06961,-0.87284,39.65452,5.44867,97.0,84.0,54125.0,0.0,0.8168,8e-05,0.0,0.0,0.5
YGR186W,3,0.00039689387402933567,0.17826962195933005,5.430674712871264e-07,0.3333333333333333,2.6744897959183676,1.0,4.25,1,0.05034,-1.0366,47.77607,5.5755,131.0,119.0,44600.0,0.0,0.54262,7e-05,0.3167384070100485,0.24054770888719992,0.5449707658736085
YMR277W,1,0.0,0.1493957260879424,1.5382793798226895e-08,0.0,1.0,1.0,0.0,1,0.07377,-0.68169,42.73374,4.54974,137.0,76.0,88905.0,0.0,1.06549,5e-05,0.3167384070100485,0.24054770888719992,0.6202738544436
YNL135C,3,0.0002941748939504948,0.15743827555944984,1.0478032908703545e-09,0.0,3.0,0.0,0.0,0,0.07895,-0.13421,29.84386,5.72162,12.0,11.0,10095.0,0.0,0.83034,0.00047,0.0,0.0,0.5
YDR174W,2,0.00021090205827162397,0.17440516811222015,2.6240065733422403e-08,0.0,1.9968847352024923,0.5,0.0,0,0.05691,-0.92886,45.91711,8.43243,40.0,42.0,19940.0,0.0,0.72394,0.00031,0.0,0.0,0.5
YDR464W,2,0.00014429549524742753,0.15771541126614755,5.778551962896984e-09,0.0,1.0,1.0,0.0,1,0.03206,-1.08467,54.0607,8.93243,236.0,254.0,66725.0,0.0,0.41291,6e-05,0.3167384070100485,0.24054770888719992,0.6202738544436
YKL203C,3,0.00035160520999097486,0.1771640490746281,8.667463992375165e-09,0.3333333333333333,1.7622014537902388,0.0,0.0,1,0.08084,-0.19107,45.62281,7.25372,285.0,283.0,301135.0,0.0,1.06951,3e-05,0.3167384070100485,0.0,0.5
YML051W,3,0.00039689387402933567,0.17079345030797263,4.088731251616343e-07,0.3333333333333333,3.0,0.0,4.666666666666666,0,0.10345,-0.10345,40.50552,7.72858,38.0,39.0,49530.0,0.0,1.02498,0.00016,0.0,0.0,0.5
YBR020W,1,0.0,0.14410931495864251,1.2273632563385613e-08,0.0,1.0,0.0,0.0,0,0.0928,-0.08902,37.96593,6.2951,58.0,54.0,48050.0,0.0,0.82925,0.00011,0.0,0.0,0.5
YOL051W,24,0.004061297390583549,0.20676882513419828,2.7416753244022518e-05,0.7065217391304348,19.693877551020407,1.0,114.02698412698412,0,0.03978,-0.86975,51.28853,9.81024,71.0,111.0,47370.0,0.0,0.39374,8e-05,0.0,0.0,0.5
YKL028W,2,0.0,0.1710008857468823,4.931695221579105e-07,1.0,2.0,1.0,0.75,1,0.05394,-0.94772,57.94172,4.39032,111.0,56.0,30870.0,0.0,0.56392,8e-05,0.6832615929899515,0.40591527534130006,0.6014788188353251
YKR062W,3,0.00018812783436147939,0.17741919081947005,5.777514999745298e-07,0.3333333333333333,2.8653061224489798,1.0,1.3333333333333333,1,0.05488,-0.75732,34.92439,9.49762,45.0,61.0,32805.0,0.0,0.88698,0.00026,0.6832615929899515,0.40591527534130006,0.5708327937739448
YDL159W,6,0.00043700193149871845,0.1913901553553075,2.4575118335874462e-08,0.5333333333333333,1.733984799131379,0.0,7.271428571428571,0,0.05631,-0.45184,39.40584,9.25177,52.0,66.0,38235.0,0.0,0.66256,0.00016,0.0,0.0,0.5
YLR313C,5,0.0022129849582542605,0.17818904447697634,1.318305872698811e-08,0.1,0.0,0.0,0.0,0,0.05598,-0.39637,47.14738,9.01752,80.0,91.0,24255.0,0.0,0.32775,0.00012,0.0,0.0,0.0
YFL037W,5,0.0021221295463909923,0.1581964052972963,6.0489378033888714e-09,0.1,2.9398099260823654,0.0,0.3571428571428571,1,0.09628,-0.3733,33.62451,4.6441,65.0,34.0,49110.0,0.0,0.96441,9e-05,0.6832615929899515,0.0,0.5
YCL029C,3,0.0004426364448560822,0.1522576247492903,5.770965684337734e-09,0.3333333333333333,1.6755725190839694,0.0,0.5,0,0.06136,-1.03659,55.13159,5.61517,72.0,58.0,28920.0,0.0,0.56604,0.00011,0.0,0.0,0.5
YER016W,2,0.0015043166931416935,0.17116422455751235,5.33403960037427e-06,0.0,1.0,0.0,0.0,1,0.07849,-0.61628,37.08113,5.25543,48.0,36.0,36370.0,0.0,0.94809,0.00014,0.6832615929899515,0.0,0.5
YER007W,2,5.24467530870633e-05,0.13938107834848765,5.3438463102471535e-09,0.0,1.4883227176220806,0.0,3.333333333333333,0,0.09653,-0.37375,40.95178,8.76788,60.0,67.0,56685.0,0.0,0.9566,0.00015,0.0,0.0,0.5
YNL223W,3,0.00035815174330743185,0.15367016527670632,6.152499105079364e-09,0.3333333333333333,0.0,0.5,3.157142857142857,0,0.09312,-0.29757,39.75628,4.57269,77.0,40.0,60860.0,0.0,1.10369,8e-05,0.0,0.0,0.0
YDR283C,2,5.46199079417371e-06,0.16868867864820816,8.400292176369574e-09,0.0,2.0,0.0,0.0,0,0.09222,-0.48499,44.89441,5.97833,227.0,208.0,187325.0,0.0,0.98493,3e-05,0.0,0.0,0.5
YMR311C,6,0.00043888148901283995,0.17359112373441762,6.962257829665699e-09,0.7333333333333333,4.447973713033954,0.0,21.25,0,0.05677,-1.44148,54.56288,4.56744,59.0,33.0,13075.0,0.0,0.49064,0.00017,0.0,0.0,0.5
YDL207W,5,0.0009193278951473933,0.18614857021478065,1.155983120164274e-06,0.3,0.0,0.25,9.075,1,0.06506,-0.63253,55.05967,9.00897,74.0,83.0,53565.0,0.0,0.86294,0.00015,0.6832615929899515,0.18303056670342058,0.5
YKL068W,27,0.022885302106838517,0.22473232356678965,5.390633374101706e-05,0.02564102564102564,21.117053481331986,0.25,10.857142857142858,0,0.07612,-0.70386,29.6147,9.39801,43.0,59.0,24005.0,0.0,0.24008,9e-05,0.0,0.0,0.5
YDR192C,26,0.016883709413059226,0.21204036252197853,3.644306491414509e-05,0.052307692307692305,20.426059979317476,0.25,20.386904761904763,0,0.08837,-0.40744,38.19279,9.93915,10.0,18.0,0.0,0.0,0.0,0.00023,0.0,0.0,0.5
YOR046C,3,7.832366814428796e-05,0.16434277221980256,2.756072571878856e-08,0.6666666666666666,0.0,0.25,5.666666666666667,1,0.05602,-0.37344,32.38112,6.99054,67.0,67.0,20775.0,0.0,0.38563,0.00013,0.6832615929899515,0.18303056670342058,0.5
YMR255W,3,4.9385671040485306e-05,0.17476081301572058,4.78513282940771e-07,0.6666666666666666,1.0,0.25,12.666666666666668,0,0.0266,-1.44202,76.40957,9.75555,25.0,38.0,16500.0,0.0,0.76491,0.00045,0.0,0.0,0.5
YNL229C,3,1.0701290228952848e-05,0.1785117922481717,9.110744312893751e-09,0.6666666666666666,2.7370572207084467,0.0,0.0,0,0.10169,-0.55113,38.83277,6.00909,36.0,30.0,49390.0,0.0,1.22646,0.00015,0.0,0.0,0.5
YER040W,8,0.012234502488553508,0.21881962810882685,4.6343315531034617e-07,0.07142857142857142,4.877675840978593,1.0,0.0,0,0.05753,-0.80945,54.85836,9.60699,49.0,66.0,35910.0,0.0,0.45237,0.00012,0.0,0.0,0.5
YHR005C,14,0.017096961179128005,0.20191837840650606,5.323358376235238e-07,0.02197802197802198,8.34712411705348,0.0,5.0,1,0.08686,-0.51822,44.84301,7.5025,68.0,69.0,42370.0,0.0,0.78354,0.00014,0.6832615929899515,0.0,0.5
YLR452C,19,0.01317092805894091,0.20829834196389224,8.501621897280876e-08,0.005847953216374269,5.257828810020877,0.0,10.0,0,0.09169,-0.39871,39.77206,8.75177,77.0,86.0,65540.0,0.0,0.82217,0.00011,0.0,0.0,0.5
YLR362W,13,0.01836581173449099,0.21238306324795952,2.994091799877995e-07,0.14102564102564102,9.581874356333676,0.0,22.842857142857135,0,0.06416,-0.44463,41.82008,6.74066,90.0,87.0,50850.0,0.0,0.62996,8e-05,0.0,0.0,0.5
YGL238W,2,6.523160464428386e-05,0.17708446770319936,5.20150742892032e-07,0.0,1.4942903752039152,0.5,0.0,1,0.09792,0.05177,40.91177,5.09149,112.0,84.0,78980.0,0.0,0.72224,5e-05,0.3167384070100485,0.19390444008233815,0.5648817804423981
YOL021C,8,0.005768812622322265,0.18320728785243165,6.358584335020355e-07,0.5357142857142857,7.82091212458287,0.25,12.92929292929293,1,0.07692,-0.36404,40.1072,6.22076,139.0,130.0,89545.0,0.0,0.78752,5e-05,0.3167384070100485,0.13971984388753125,0.5089324519737513
YER110C,9,0.0024347950413696616,0.20023640898052744,0.0013916738622803074,0.08333333333333333,8.262677484787018,0.3333333333333333,2.023809523809524,0,0.07367,0.00036,40.232,4.5401,163.0,88.0,60835.0,0.0,0.49621,4e-05,0.0,0.0,0.5
YDR335W,15,0.004276953864712172,0.20998478853779826,4.609046609811611e-06,0.21904761904761905,12.224279835390947,0.0,20.7262765012765,0,0.10458,-0.18023,40.43236,5.19501,171.0,137.0,201925.0,0.0,1.42084,4e-05,0.0,0.0,0.5
YOR160W,7,0.0007923936776225805,0.19677819806372288,2.576435904084533e-06,0.09523809523809523,3.1577287066246056,1.0,1.1428571428571428,1,0.09774,0.08169,38.68725,4.68829,126.0,77.0,120885.0,0.0,1.09157,4e-05,0.3167384070100485,0.24054770888719992,0.5380887231354857
YJL041W,10,0.003354494967830592,0.19585922197976074,2.0200096925758475e-05,0.2,7.5959390862944165,0.25,45.0,1,0.08262,-0.96586,28.15747,6.03387,96.0,93.0,16960.0,0.0,0.19604,7e-05,0.6832615929899515,0.18303056670342058,0.5120479222268691
YLR335W,14,0.0017691900455751234,0.20692076527443964,4.483609749167785e-06,0.15384615384615385,11.883955600403633,0.3333333333333333,12.555511155511155,0,0.07083,-0.90403,38.60028,6.8045,104.0,104.0,9065.0,0.0,0.1164,9e-05,0.0,0.0,0.5
YMR308C,13,0.022616068526109586,0.2291475482450956,0.0014104022686240614,0.07692307692307693,11.19578313253012,0.5,12.967532467532468,1,0.07713,0.02746,45.34014,4.61334,148.0,86.0,107075.0,0.0,0.8847,4e-05,0.3167384070100485,0.19390444008233815,0.5086597086504353
YJL081C,4,0.0,0.17426639642863692,4.6906760334413084e-07,1.0,2.8310160427807487,1.0,4.023809523809524,1,0.08589,-0.49121,46.03538,5.34442,68.0,57.0,74215.0,0.0,1.35352,0.0001,0.6832615929899515,0.40591527534130006,0.5716907409225757
YBR289W,13,0.00355244393861812,0.20543274726464952,9.604082730532642e-07,0.5256410256410257,11.252252252252251,1.0,17.22222222222222,0,0.05193,-0.90796,63.16066,8.36029,79.0,82.0,63760.0,0.0,0.6218,8e-05,0.0,0.0,0.5
YBL008W,5,6.991362227304634e-05,0.17080825043364922,1.020577287359712e-07,0.6,3.0,0.5,0.0,0,0.06905,-0.38107,42.53476,6.72076,109.0,106.0,110485.0,0.0,1.17717,7e-05,0.0,0.0,0.5
YOR038C,4,0.0,0.16861652780190867,9.554434659328621e-08,1.0,3.0,1.0,0.0,0,0.08571,-0.28171,38.48984,8.57574,93.0,101.0,109345.0,0.0,1.11074,9e-05,0.0,0.0,0.5
YLR113W,6,0.000911040690006394,0.18098679735601067,2.2619283957071427e-07,0.06666666666666667,2.8352692713833156,0.5,2.166666666666667,0,0.09425,-0.24184,28.50115,5.27423,56.0,38.0,45100.0,0.0,0.92309,0.00011,0.0,0.0,0.5
YMR172W,1,0.0,0.15129929459658523,2.9871124492464993e-09,0.0,0.0,1.0,0.0,0,0.04312,-0.80181,48.29332,7.76752,76.0,77.0,36120.0,0.0,0.45483,0.0001,0.0,0.0,0.0
YJL128C,3,0.0008572578323181603,0.1949680722061634,4.877352670295133e-08,0.3333333333333333,2.918580375782881,0.0,2.5,0,0.0524,-0.53503,55.56528,9.09601,63.0,74.0,35590.0,0.0,0.48942,0.00013,0.0,0.0,0.5
YOR208W,2,1.07023854777316e-05,0.16114512835221648,4.320578021773167e-09,0.0,1.0,0.5,0.0,0,0.08533,-0.4848,43.40947,9.09662,71.0,93.0,76635.0,0.0,0.89248,0.00011,0.0,0.0,0.5
YER075C,4,0.00045538406002124245,0.16804153537973676,5.083874219192496e-09,0.0,1.0,0.0,0.0,0,0.08297,-0.4944,49.70282,7.07123,102.0,101.0,76805.0,0.0,0.72993,7e-05,0.0,0.0,0.5
YBL016W,7,0.0011167802862076213,0.19033673329512477,2.378872046157186e-08,0.38095238095238093,2.6623235613463625,0.5,8.071428571428571,0,0.09915,-0.28782,44.5136,6.64325,45.0,43.0,38110.0,0.0,0.93472,0.00016,0.0,0.0,0.5
YOL123W,8,0.0060193375522913095,0.21156243533372462,1.406615697598766e-06,0.21428571428571427,6.536687631027253,0.5,2.083333333333333,1,0.07491,-1.31498,49.25468,5.42401,71.0,62.0,45060.0,0.0,0.75542,9e-05,0.6832615929899515,0.2887195853553551,0.5220845481421591
YMR080C,10,0.006968130286565768,0.1990635437289752,5.8195473506257214e-08,0.022222222222222223,5.856687898089172,0.5,0.0,0,0.08239,-0.38764,34.8894,6.05841,121.0,109.0,115595.0,0.0,1.05635,6e-05,0.0,0.0,0.5
YGL073W,2,0.00038527352353443216,0.16759860641138613,6.7039825908743866e-09,0.0,0.0,1.0,0.0,1,0.06242,-1.02257,45.44214,5.20404,111.0,81.0,55350.0,0.0,0.59337,6e-05,0.6832615929899515,0.40591527534130006,0.5
YOR178C,9,0.00344532189280843,0.18173771067714475,1.4136077844619922e-08,0.3055555555555556,4.444206008583691,0.0,11.061904761904762,0,0.08701,-0.66898,51.1197,5.42804,95.0,75.0,68980.0,0.0,0.77916,6e-05,0.0,0.0,0.5
YBR045C,3,0.0003438265252274716,0.17577378366366259,5.529137102918189e-09,0.3333333333333333,1.0,0.0,2.55,0,0.08294,-0.99984,50.31772,5.07428,118.0,90.0,43540.0,0.0,0.59356,7e-05,0.0,0.0,0.5
YER054C,8,0.0010114213993526347,0.17662430197171256,1.0222200912944123e-08,0.42857142857142855,7.21671826625387,0.0,28.25,0,0.09124,-0.86934,42.69347,8.87384,70.0,78.0,52425.0,0.0,0.84125,0.00014,0.0,0.0,0.5
YER133W,13,0.009937188032832068,0.19460235067670176,3.3597668564530756e-07,0.1282051282051282,12.185671039354188,0.5,10.714285714285714,1,0.10897,-0.27212,47.54138,5.31195,45.0,38.0,37370.0,0.0,1.04075,0.00015,0.6832615929899515,0.2887195853553551,0.5118466838807203
YLR263W,4,0.0015309919381689841,0.1788844005812063,1.1129141373445448e-08,0.16666666666666666,1.6387377584330793,1.0,2.5,0,0.06892,-0.7549,51.91948,6.78009,128.0,126.0,46755.0,0.0,0.48939,7e-05,0.0,0.0,0.5
YIL033C,5,0.0018494870192175877,0.17630833720968803,6.694207334729062e-08,0.3,3.7751141552511416,0.3333333333333333,4.113636363636363,0,0.09135,-0.68846,52.11065,7.71136,54.0,55.0,29130.0,0.0,0.61692,0.00016,0.0,0.0,0.5
YBR050C,4,0.006885660656395447,0.1960735312846227,1.994177160137954e-05,0.0,3.7048808172531214,0.0,0.0,0,0.07692,-0.75888,46.24648,8.3526,45.0,48.0,34795.0,0.0,0.898,0.00022,0.0,0.0,0.5
YDR168W,3,7.950598438087653e-07,0.16941359776573375,9.095506574798102e-09,0.6666666666666666,2.969543147208122,0.0,2.3956043956043955,1,0.06719,-0.75138,44.44249,4.94012,102.0,71.0,25900.0,0.0,0.44361,8e-05,0.6832615929899515,0.0,0.5
YOR036W,5,0.003938192903100024,0.20068491244189698,3.249770652543971e-08,0.0,4.558641975308642,0.0,0.0,1,0.07292,-0.43507,49.98681,4.85297,47.0,36.0,18450.0,0.0,0.55899,0.00015,0.6832615929899515,0.0,0.5
YCL032W,30,0.04950382606339975,0.23337996803271518,1.0996569380290737e-06,0.004597701149425287,21.568586387434554,0.0,3.0,0,0.04624,-0.66329,55.1815,5.28705,50.0,40.0,30325.0,0.0,0.77816,0.00014,0.0,0.0,0.5
YER132C,1,0.0,0.17135766408800418,4.7943951828247634e-09,0.0,0.0,0.0,0.0,0,0.07872,-0.63474,56.05683,7.78741,190.0,192.0,142835.0,0.0,0.73106,4e-05,0.0,0.0,0.0
YGR179C,1,0.0,0.17135766408800418,4.7943951828247634e-09,0.0,0.0,0.5,0.0,1,0.05911,-1.00911,47.79239,6.07794,72.0,65.0,29005.0,0.0,0.61258,0.00013,0.6832615929899515,0.2887195853553551,0.5
YIL047C,1,0.0,0.16034549825138797,3.5806072514898735e-09,0.0,1.0,0.0,0.0,0,0.13415,-0.19013,45.61664,8.87518,87.0,101.0,184090.0,0.0,1.76642,9e-05,0.0,0.0,0.5
YOR151C,14,0.0004904838881106777,0.1828843208391457,9.95207487261579e-07,0.7912087912087912,13.0,1.0,49.66666666666666,1,0.08415,-0.39077,44.01985,6.09235,170.0,153.0,109165.0,0.0,0.78678,4e-05,0.3167384070100485,0.24054770888719992,0.5092518349572001
YLR384C,7,0.006967213114754098,0.17527362706778518,5.974536652606504e-07,0.7142857142857143,6.297959183673469,0.5,17.0,0,0.08895,-0.32157,39.72573,4.95087,214.0,153.0,137210.0,0.0,0.89687,3e-05,0.0,0.0,0.5
YJL140W,13,0.00011913168389164263,0.18095356742901975,9.824262087889054e-07,0.9102564102564102,12.0,0.5,58.017857142857146,0,0.04072,-0.9,48.88009,4.82428,48.0,31.0,3105.0,0.0,0.12218,0.00019,0.0,0.0,0.5
YBR154C,28,0.0012112835083679051,0.18579764445322955,1.6526129399811395e-06,0.5185185185185185,25.520408163265305,1.0,110.15396825396824,1,0.08837,-0.50233,53.35767,9.1828,28.0,34.0,21805.0,0.0,0.86946,0.00037,0.6832615929899515,0.40591527534130006,0.5079527582933722
YPR187W,29,0.011604283154870575,0.20212543170675884,1.896998766856132e-06,0.4827586206896552,26.448979591836736,0.5,82.32460317460317,1,0.09032,-0.87548,31.53484,4.53229,35.0,20.0,12950.0,0.0,0.72307,0.00025,0.6832615929899515,0.2887195853553551,0.5054580477169801
YDL088C,1,0.0,0.16694564326283662,1.7404639478666175e-05,0.0,1.0,0.25,0.0,0,0.07386,-0.92917,50.10663,7.75616,47.0,48.0,44265.0,0.0,0.7529,0.00013,0.0,0.0,0.5
YLR347C,12,0.0037287044018715627,0.2038394219239206,0.0013919353040651766,0.10606060606060606,10.113705583756346,0.3333333333333333,2.023809523809524,1,0.07666,-0.01614,44.74626,4.51556,107.0,62.0,86635.0,0.0,0.91411,5e-05,0.3167384070100485,0.16241202693656576,0.5080293036806123
YIL149C,2,0.0,0.17128321254816756,1.7654558524595325e-05,0.0,1.0,0.2,0.0,0,0.04467,-0.95569,50.01185,5.80231,315.0,293.0,83710.0,0.0,0.42898,3e-05,0.0,0.0,0.5
YMR047C,23,0.01779173942460266,0.21869823699149143,5.385262996408442e-05,0.03162055335968379,19.363453815261042,0.25,9.35,1,0.07817,-0.72686,36.17951,9.36505,58.0,75.0,21360.0,0.0,0.18377,8e-05,0.6832615929899515,0.18303056670342058,0.5047261859493053
YER011W,2,0.0005992831895528238,0.16738512313215967,1.7407427605936612e-05,0.0,1.6887417218543046,0.0,0.0,0,0.03937,0.02283,60.09488,4.65912,20.0,13.0,12950.0,0.0,0.51995,0.00019,0.0,0.0,0.5
YBR143C,1,0.0,0.16372848326308764,1.477922003703642e-09,0.0,1.0,0.0,0.0,1,0.09611,-0.34005,25.55744,4.93524,71.0,54.0,36830.0,0.0,0.75156,0.0001,0.6832615929899515,0.0,0.5
YJL034W,4,0.006578947368421053,0.147982523273597,4.473396760837534e-09,0.0,4.0,1.0,0.0,1,0.06452,-0.31833,26.89663,4.78778,114.0,80.0,32445.0,0.0,0.4357,6e-05,0.6832615929899515,0.40591527534130006,0.5507394094176625
YPL187W,4,0.0027726518216993046,0.16344338391412205,3.363903962845677e-08,0.5,3.2199798183652875,0.0,0.0,0,0.11515,-0.37091,46.87394,4.95856,22.0,14.0,51450.0,0.0,2.75991,0.00027,0.0,0.0,0.5
YMR297W,3,0.004750455120239023,0.16979302351660885,2.3234342123392874e-07,0.0,2.8647830474268416,0.0,0.0,0,0.12406,-0.2844,39.48722,4.55511,75.0,40.0,106240.0,0.0,1.77655,8e-05,0.0,0.0,0.5
YMR214W,1,0.0,0.12752327165713348,1.572906431033014e-10,0.0,1.0,1.0,0.0,0,0.08488,-0.52759,36.41621,7.09772,50.0,50.0,28850.0,0.0,0.69446,0.00017,0.0,0.0,0.5
YOR254C,4,0.0011901613329806928,0.12757279205257344,1.6600205386373826e-10,0.5,3.8284561049445007,0.6666666666666666,4.05,1,0.09653,-0.3641,39.26275,5.11176,99.0,75.0,76165.0,0.0,1.0109,7e-05,0.6832615929899515,0.337431063763222,0.5440688171045537
YPL253C,1,0.0,0.14408824634534445,5.172157052130985e-10,0.0,1.0,0.3333333333333333,0.0,0,0.07264,-0.75549,46.6008,7.62225,94.0,95.0,35590.0,0.0,0.46996,0.0001,0.0,0.0,0.5
YDL108W,11,0.0009475919119465301,0.18011030793168056,4.982062283090935e-07,0.6545454545454545,10.161224489795918,1.0,17.76904761904762,1,0.10458,-0.19804,37.84935,6.40131,38.0,36.0,47370.0,0.0,1.34396,0.00018,0.6832615929899515,0.40591527534130006,0.5199737381921307
YGR040W,7,0.0029510972338376205,0.19652315154579383,1.6800306770036184e-07,0.38095238095238093,6.440082644628099,0.5,15.6,0,0.09511,-0.28397,40.02337,5.40082,54.0,42.0,56100.0,0.0,1.31407,0.00013,0.0,0.0,0.5
YDL056W,2,0.00019547941180621706,0.16370128809935322,7.230640175090479e-09,0.0,0.0,1.0,0.0,0,0.05882,-0.694,54.77971,9.27399,88.0,103.0,47915.0,0.0,0.51024,0.0001,0.0,0.0,0.0
YHR206W,5,0.005190636467046254,0.19017146261498427,4.7317585925271807e-07,0.1,1.9989270386266094,1.0,6.181818181818182,0,0.05466,-0.64116,44.74293,6.55621,57.0,53.0,28015.0,0.0,0.40483,9e-05,0.0,0.0,0.5
YMR042W,4,0.0002359596557677891,0.1738820756884538,1.799232659865553e-07,0.6666666666666666,0.0,1.0,7.119047619047619,0,0.03955,-0.85819,64.19379,5.15265,28.0,23.0,4595.0,0.0,0.23579,0.00026,0.0,0.0,0.0
YML099C,7,0.009576007274670596,0.2029579087730964,5.428824516962203e-06,0.19047619047619047,2.970528455284553,0.5,8.666666666666666,0,0.08977,-0.51125,48.75274,6.64471,110.0,106.0,132055.0,0.0,1.31685,7e-05,0.0,0.0,0.5
YIL150C,6,0.0029161288926588817,0.18783373451537186,1.7750060284096926e-05,0.4,3.666092943201377,1.0,8.0,1,0.08231,-0.83065,48.48862,9.66779,74.0,105.0,51505.0,0.0,0.78258,0.00015,0.6832615929899515,0.40591527534130006,0.5553607452988956
YEL032W,20,0.00041164159740136446,0.1806716049499828,1.8518248838280937e-06,0.8842105263157894,7.943169398907104,1.0,41.65440305308727,1,0.0587,-0.47322,46.15396,5.26373,146.0,114.0,49530.0,0.0,0.46067,5e-05,0.3167384070100485,0.24054770888719992,0.5151417964798974
YBR202W,20,0.00041164159740136446,0.1806716049499828,1.8518248838280937e-06,0.8842105263157894,14.513061650992686,0.5,41.65440305308727,1,0.06509,-0.33479,43.15609,5.13861,120.0,97.0,44250.0,0.0,0.46607,5e-05,0.6832615929899515,0.2887195853553551,0.5099468875795621
YPR019W,20,0.00041164159740136446,0.1806716049499828,1.8518248838280937e-06,0.8842105263157894,10.211076280041798,1.0,50.983874458874446,1,0.05359,-0.51854,53.55458,5.85529,131.0,118.0,48845.0,0.0,0.46518,6e-05,0.3167384070100485,0.24054770888719992,0.5117787636822069
YIL046W,8,0.002683095037514429,0.17911196819666628,7.289992458156468e-08,0.10714285714285714,5.306760847628658,0.5,2.5955882352941178,1,0.07969,-0.55953,39.11219,7.74176,78.0,80.0,99705.0,0.0,1.36892,0.00011,0.6832615929899515,0.2887195853553551,0.5272029957299065
YJL187C,4,0.0019004566432243397,0.19624922441301396,1.3688003207994452e-06,0.0,3.6274309109518934,0.5,1.4545454545454546,0,0.0757,-0.70134,54.08023,5.86273,111.0,95.0,79800.0,0.0,0.86301,6e-05,0.0,0.0,0.5
YBL105C,12,0.0224203737978965,0.21864971824784385,3.54444070417424e-05,0.10606060606060606,8.450221238938052,0.0,2.378787878787879,1,0.07819,-0.67924,47.59863,6.69427,159.0,154.0,117710.0,0.0,0.8953,5e-05,0.3167384070100485,0.0,0.5
YPL140C,2,6.571971192034295e-05,0.1718207121691346,9.263175723095726e-09,0.0,1.0,0.0,0.0,0,0.083,-0.49723,43.77551,8.8172,57.0,64.0,55070.0,0.0,0.97028,0.00016,0.0,0.0,0.5
YMR167W,5,0.002785292939124571,0.16035854295511814,5.965344482344413e-09,0.1,4.652218782249742,1.0,3.720238095238095,0,0.07412,-0.32133,38.28012,6.52032,108.0,105.0,51895.0,0.0,0.59607,7e-05,0.0,0.0,0.5
YLR035C,2,0.0,0.14045369887447,4.915040877815335e-09,1.0,1.9091847265221877,1.0,3.4285714285714284,0,0.06619,-0.44763,46.06578,8.30829,90.0,94.0,60945.0,0.0,0.77888,0.00011,0.0,0.0,0.5
YPL164C,2,0.0008358148973842473,0.13880200056364425,3.390489607683838e-10,0.0,2.0,1.0,0.0,0,0.08671,-0.27399,47.51722,9.03705,81.0,99.0,75230.0,0.0,0.91744,0.00011,0.0,0.0,0.5
YBR088C,12,0.0061879526589633475,0.15502376799090148,8.625235902960718e-08,0.16666666666666666,9.373119358074222,1.0,8.458333333333334,1,0.0814,0.00039,27.4186,4.44147,46.0,26.0,6460.0,0.0,0.22341,0.00015,0.6832615929899515,0.40591527534130006,0.5216531583475268
YOL090W,9,0.002643695105333808,0.17423558826167349,8.503796777169789e-08,0.16666666666666666,8.716432865731463,1.0,4.289473684210527,0,0.0695,-0.24056,36.80717,5.74176,136.0,114.0,80355.0,0.0,0.73799,5e-05,0.0,0.0,0.5
YOR033C,2,0.0002177075839936309,0.15161350742283766,3.229389425695498e-09,0.0,1.9091847265221877,1.0,0.0,0,0.07692,-0.58818,45.92721,8.6153,97.0,106.0,44290.0,0.0,0.55251,0.00011,0.0,0.0,0.5
YML095C,3,0.0,0.16290307520696795,4.151884989456428e-08,1.0,2.872745490981964,1.0,11.5,0,0.1,-0.64857,43.28619,8.86847,23.0,26.0,26025.0,0.0,1.0705,0.00036,0.0,0.0,0.5
YMR201C,9,0.003962823776671455,0.18490874390284354,1.0692406629820733e-06,0.16666666666666666,8.65388496468214,1.0,37.8,0,0.06739,-1.10701,51.59164,6.90704,66.0,65.0,32400.0,0.0,0.75283,0.00016,0.0,0.0,0.5
YPL022W,17,0.008744781882927224,0.18111983919914657,1.4155370227121357e-07,0.022058823529411766,14.624248496993989,1.0,8.68421052631579,0,0.07364,-0.51227,48.3812,5.29706,174.0,138.0,110460.0,0.0,0.87411,4e-05,0.0,0.0,0.5
YER171W,12,0.0020006423184181555,0.18623650888173773,4.0902430930730155e-07,0.5757575757575758,11.373360242179617,1.0,25.25016278441201,1,0.08997,-0.32018,45.20387,5.41156,119.0,99.0,72795.0,0.0,0.81077,6e-05,0.3167384070100485,0.24054770888719992,0.510575050106788
YHR165C,10,0.0034038786891697963,0.2080784556111382,2.0197003328524417e-05,0.1111111111111111,8.346192893401016,1.0,3.333333333333333,1,0.10568,-0.46763,41.19574,6.85809,313.0,306.0,419290.0,0.0,1.50014,2e-05,0.3167384070100485,0.24054770888719992,0.5144106248177772
YKR082W,6,0.00011362570276463438,0.19460235067670176,3.2162338285550426e-06,0.3333333333333333,5.471408647140865,0.25,2.023809523809524,0,0.10631,-0.27511,32.85317,4.99835,157.0,110.0,126445.0,0.0,0.94844,4e-05,0.0,0.0,0.5
YML103C,4,0.00018084081272726207,0.18851637433094035,1.0081801327298178e-06,0.3333333333333333,1.8203677510608203,0.25,2.017857142857143,0,0.09728,0.02097,37.86733,5.38654,186.0,151.0,139020.0,0.0,0.73721,3e-05,0.0,0.0,0.5
YDL116W,14,0.00634220108170016,0.21009669686679944,4.290165850026719e-06,0.31868131868131866,11.653648509763618,0.25,33.430952380952384,0,0.08953,-0.21956,42.98912,4.7547,114.0,69.0,92095.0,0.0,1.10116,6e-05,0.0,0.0,0.5
YMR228W,1,0.0,0.00043122035360068997,1.526654176624869e-14,0.0,0.0,0.0,0.0,0,0.13196,-0.30528,41.06487,6.11981,45.0,42.0,73965.0,0.0,1.86186,0.00015,0.0,0.0,0.0
YFL036W,1,0.0,0.00043122035360068997,1.526654176624869e-14,0.0,0.0,0.0,0.0,0,0.07846,-0.42235,42.28942,8.92279,165.0,181.0,151690.0,0.0,0.99114,6e-05,0.0,0.0,0.0
YKL013C,7,0.0006642526643986444,0.1883722486624916,1.2710160831207403e-06,0.6190476190476191,2.905683192261185,0.0,9.122077922077922,1,0.09357,-0.17778,65.15971,5.30695,25.0,19.0,8940.0,0.0,0.44889,0.00027,0.6832615929899515,0.0,0.5
YBR234C,2,0.0,0.18242732161076466,9.748933605615367e-07,0.0,1.9864724245577523,0.0,0.0,1,0.10156,-0.22057,28.72109,6.59625,40.0,38.0,78600.0,0.0,1.85052,0.00016,0.6832615929899515,0.0,0.5
YOR047C,3,0.010137819107498527,0.19489096401070913,0.00012054452237382568,0.0,2.6467941507311585,0.3333333333333333,0.0,0,0.07432,-0.64212,52.28673,9.04681,47.0,54.0,52745.0,0.0,1.04944,0.00018,0.0,0.0,0.5
YDR043C,2,0.00010767303893272683,0.18126974526432887,2.887260150896375e-07,0.0,1.7530487804878048,1.0,0.0,0,0.08658,-1.02554,51.4455,8.98615,25.0,32.0,24255.0,0.0,0.90698,0.00034,0.0,0.0,0.5
YNL112W,1,0.0,0.16372848326308764,1.477922003703642e-09,0.0,1.0,0.5,0.0,1,0.08608,-0.72601,36.15789,8.89508,68.0,75.0,76375.0,0.0,1.25208,0.00015,0.6832615929899515,0.2887195853553551,0.6443597926776775
YHR170W,1,0.0,0.16372848326308764,1.477922003703642e-09,0.0,1.0,0.5,0.0,1,0.07529,-0.36371,37.1979,5.26605,77.0,58.0,52965.0,0.0,0.89628,9e-05,0.6832615929899515,0.2887195853553551,0.6443597926776775
YLR363C,1,0.0,0.16372848326308764,1.477922003703642e-09,0.0,0.0,0.0,0.0,0,0.1055,-0.41193,46.08628,5.58954,32.0,29.0,30200.0,0.0,1.19435,0.00022,0.0,0.0,0.0
YJL039C,1,0.0,0.15983840496304835,2.499190459887854e-07,0.0,0.0,0.3333333333333333,0.0,1,0.1123,0.01272,35.4639,5.18829,203.0,160.0,166715.0,0.0,0.87042,3e-05,0.3167384070100485,0.16241202693656576,0.5
YMR129W,2,0.0,0.1633756493994457,2.6405432222069273e-07,1.0,0.0,0.3333333333333333,1.1428571428571428,0,0.1077,-0.32438,36.27839,6.28864,164.0,153.0,123245.0,0.0,0.81269,4e-05,0.0,0.0,0.0
YHR077C,7,0.003552824751393323,0.1866951326012798,1.843808076685145e-07,0.047619047619047616,1.504258943781942,0.0,0.0,0,0.08999,-0.65601,46.40095,4.99469,209.0,161.0,81305.0,0.0,0.64148,4e-05,0.0,0.0,0.5
YNR023W,11,0.002059809461485547,0.1996280342317513,9.285426893184672e-07,0.6545454545454545,4.5725725725725725,1.0,17.22222222222222,0,0.0636,-0.62615,41.19772,5.47186,79.0,64.0,38640.0,0.0,0.60498,9e-05,0.0,0.0,0.5
YKL023W,2,0.00039689387402933567,0.15529246119942583,5.7391055447352194e-09,0.0,0.0,0.0,0.0,0,0.02527,-1.52383,70.32563,9.01862,56.0,62.0,8730.0,0.0,0.27034,0.00028,0.0,0.0,0.0
YDR159W,2,0.0005434090538105008,0.19249289160198363,2.9911860032918617e-07,0.0,1.0,0.5,0.0,0,0.08224,-0.65388,51.83583,8.9715,156.0,177.0,104195.0,0.0,0.69664,6e-05,0.0,0.0,0.5
YDR395W,7,0.0015373762295947098,0.2048350005200366,1.977092960776627e-05,0.047619047619047616,2.7753201396973224,0.3333333333333333,3.333333333333333,1,0.10381,0.01102,48.74779,4.61188,138.0,79.0,95575.0,0.0,0.88166,4e-05,0.3167384070100485,0.16241202693656576,0.5292600526716673
YOR185C,2,2.4016647089673524e-06,0.1756954461185767,4.808240998745681e-07,0.0,1.9102844638949672,1.0,0.0,0,0.10909,-0.38364,35.86777,6.22113,28.0,26.0,30285.0,0.0,1.21187,0.00025,0.0,0.0,0.5
YNL189W,11,0.007877935142550647,0.20289523520373776,3.5641540322483605e-06,0.03636363636363636,9.007135575942915,0.3333333333333333,8.641666666666666,1,0.06458,-0.35738,43.3598,4.80072,76.0,56.0,57380.0,0.0,0.94936,8e-05,0.6832615929899515,0.2240360033604539,0.5124365843875399
YPL124W,7,0.0013119681419057536,0.17116422455751235,1.1866524285994572e-08,0.14285714285714285,5.032820512820513,0.3333333333333333,16.583333333333336,1,0.07115,-1.14269,66.87708,9.49188,37.0,44.0,11920.0,0.0,0.4071,0.00032,0.6832615929899515,0.2240360033604539,0.5222574998243777
YKL042W,6,0.0005804714419168046,0.1740509677708002,4.567004694740933e-09,0.26666666666666666,3.262564102564103,0.3333333333333333,21.25,1,0.06061,-1.16612,55.9595,7.66791,58.0,59.0,22600.0,0.0,0.53465,0.00018,0.6832615929899515,0.2240360033604539,0.5343343450607423
YNL225C,3,1.4859339263459197e-05,0.16002006900505863,1.4137486183097851e-09,0.6666666666666666,1.0,0.0,1.0,1,0.06024,-0.85009,51.20964,5.73895,100.0,88.0,31245.0,0.0,0.46358,9e-05,0.6832615929899515,0.0,0.5
YOR373W,2,0.0,0.15619074564218005,1.0738145559285317e-09,1.0,1.0,0.3333333333333333,0.0,1,0.06228,-0.59589,35.71974,6.55353,88.0,83.0,61725.0,0.0,0.65593,7e-05,0.6832615929899515,0.2240360033604539,0.6120180016802269
YBR017C,6,0.005608960982070953,0.1971127210004312,2.551685022709288e-06,0.0,5.831653225806452,0.3333333333333333,0.0,0,0.08715,-0.03072,43.24467,4.49969,134.0,67.0,99290.0,0.0,0.95766,4e-05,0.0,0.0,0.5
YGL016W,7,0.0028694763562427746,0.2135334427477318,1.8986001995599304e-05,0.09523809523809523,6.173626373626374,1.0,8.0,0,0.10176,-0.01166,42.51221,4.90448,116.0,77.0,132110.0,0.0,1.06946,4e-05,0.0,0.0,0.5
YPL174C,7,0.009196314628475637,0.20705117752146138,3.388024962868714e-07,0.14285714285714285,3.952178533475027,0.0,52.66666666666667,0,0.06567,-0.48445,43.6324,5.62201,133.0,116.0,57270.0,0.0,0.57105,6e-05,0.0,0.0,0.5
YBL079W,3,0.0001749420923923371,0.19290734096734313,9.475092526891878e-07,0.3333333333333333,2.0,0.25,0.0,0,0.09987,-0.18855,42.11567,5.78668,173.0,151.0,138575.0,0.0,0.81768,3e-05,0.0,0.0,0.5
YOR194C,4,8.11835844676342e-05,0.1943720747465055,7.776643231803369e-07,0.6666666666666666,2.7656903765690375,0.5,14.25,1,0.04895,-0.94685,41.97448,4.28986,61.0,29.0,28210.0,0.0,0.87607,0.00013,0.6832615929899515,0.2887195853553551,0.5521966572616717
YKL058W,4,8.11835844676342e-05,0.1943720747465055,7.776643231803369e-07,0.6666666666666666,3.0,0.5,16.5,1,0.06557,-0.28443,28.87213,4.96271,18.0,14.0,11835.0,0.0,0.87941,0.00037,0.6832615929899515,0.2887195853553551,0.5481199308925592
YJL143W,4,0.0012903282358732028,0.15263490862663096,2.0262321360337905e-09,0.3333333333333333,0.0,0.0,3.666666666666667,1,0.09494,0.14241,48.91266,9.61322,9.0,15.0,29490.0,0.0,1.77822,0.00058,0.6832615929899515,0.0,0.0
YNR017W,9,0.0027615047792589453,0.15916724886985725,1.3613422718283446e-08,0.1388888888888889,1.0,0.0,3.4000000000000004,1,0.05856,-0.0982,37.92973,6.8952,19.0,19.0,24325.0,0.0,1.04654,0.0003,0.6832615929899515,0.0,0.5
YER107C,2,0.0,0.18004450219257512,5.149235927747126e-07,1.0,1.7255343082114736,0.25,2.571428571428571,0,0.09589,-0.48301,43.78219,8.76556,32.0,38.0,63005.0,0.0,1.55483,0.00022,0.0,0.0,0.5
YDR392W,15,0.0016408668681218467,0.1986622868377658,1.7333017351405277e-06,0.7714285714285715,5.30787037037037,1.0,50.59114116877274,0,0.06231,-0.82047,43.74896,7.7619,54.0,55.0,32220.0,0.0,0.83042,0.0002,0.0,0.0,0.5
YHR166C,13,0.003530113890606143,0.17088228955390655,2.432185587799905e-06,0.5769230769230769,12.886868686868686,0.5,28.4,1,0.1278,-0.40479,45.59281,5.29071,91.0,75.0,110390.0,0.0,1.50985,7e-05,0.3167384070100485,0.19390444008233815,0.507523334209183
YER161C,2,0.0008091541348322065,0.17510235497950716,4.9806922910648906e-08,0.0,1.9434156378600822,1.0,1.1111111111111112,0,0.05405,-1.47988,67.49009,9.41339,65.0,78.0,22920.0,0.0,0.59454,0.00024,0.0,0.0,0.5
YER047C,5,0.003319765388780266,0.21131295132979333,3.5278103946225973e-07,0.0,4.690601900739177,0.0,0.0,0,0.05909,-0.73835,52.50435,8.9903,115.0,126.0,63510.0,0.0,0.63301,9e-05,0.0,0.0,0.5
YML065W,24,0.01199945215395951,0.19784474656271325,1.7152679095848767e-06,0.6485507246376812,15.59915164369035,1.0,113.412987012987,1,0.07659,-0.62123,45.81229,5.5163,152.0,135.0,90940.0,0.0,0.87108,5e-05,0.3167384070100485,0.24054770888719992,0.5077102817634477
YKR101W,4,0.002880513657154326,0.2038815897811659,3.63402010258314e-07,0.3333333333333333,2.4340425531914893,0.5,2.1022727272727275,0,0.09939,-0.42446,42.28518,9.12262,87.0,106.0,87220.0,0.0,1.13372,0.00012,0.0,0.0,0.5
YML109W,22,0.029560950697444206,0.2262023422084361,7.414499675203154e-07,0.06493506493506493,14.426751592356688,0.0,37.90714285714286,0,0.04671,-0.84055,49.46688,5.22443,152.0,113.0,49070.0,0.0,0.46514,5e-05,0.0,0.0,0.5
YLR045C,1,0.0,0.1748073084430926,3.775138476374502e-09,0.0,0.0,0.0,0.0,1,0.06194,-0.56137,49.12928,8.68085,124.0,132.0,73520.0,0.0,0.72852,9e-05,0.3167384070100485,0.0,0.0
YER149C,4,0.0015683766135723863,0.19822276850405393,2.694847681680138e-07,0.16666666666666666,1.0,0.0,0.1666666666666666,0,0.07143,-0.91452,45.33786,5.39435,69.0,55.0,31985.0,0.0,0.66408,0.00011,0.0,0.0,0.5
YPR159W,4,0.0012158314625749557,0.19876244932986914,1.0338751028921108e-06,0.0,2.7679671457905544,0.0,0.0,0,0.12222,-0.55042,49.82321,4.49188,92.0,46.0,138840.0,0.0,1.73286,6e-05,0.0,0.0,0.5
YGR178C,2,0.0002206421014641622,0.19475617132737005,1.0031107617849363e-07,0.0,1.7729918509895226,0.3333333333333333,0.0,0,0.06648,-0.84557,50.09698,6.42572,90.0,84.0,44475.0,0.0,0.56454,8e-05,0.0,0.0,0.5
YMR061W,6,0.0013985361988948328,0.19874240875219926,3.182415265427876e-07,0.5333333333333333,4.382863340563992,0.5,2.083333333333333,1,0.12851,-0.63944,46.04124,5.62347,92.0,84.0,126600.0,0.0,1.5833,7e-05,0.3167384070100485,0.19390444008233815,0.5221207490418109
YGL044C,5,0.00013351179575933844,0.19307740327204545,9.607793304060672e-08,0.8,4.48,1.0,2.083333333333333,1,0.06757,-0.52264,41.30777,4.92328,32.0,25.0,20440.0,0.0,0.62335,0.00015,0.6832615929899515,0.40591527534130006,0.545303044122913
YAL059W,1,0.0,0.175226883278897,5.9320482382411274e-08,0.0,1.0,0.3333333333333333,0.0,0,0.04245,-0.80519,34.81981,9.69427,32.0,43.0,13980.0,0.0,0.58516,0.00041,0.0,0.0,0.5
YGL094C,1,0.0,0.16184639215077692,5.461844214400143e-09,0.0,0.0,0.0,0.0,0,0.10135,-0.39399,38.64791,6.2486,133.0,123.0,134075.0,0.0,1.0554,5e-05,0.0,0.0,0.0
YER118C,19,0.03225893111973467,0.2328561382166937,2.9413298318294447e-06,0.029239766081871343,16.286868686868686,0.0,20.545454545454547,0,0.11717,-0.4139,37.00332,5.41046,37.0,30.0,67060.0,0.0,1.63063,0.00013,0.0,0.0,0.5
YGL153W,5,0.00039689387402933567,0.14990700509577246,3.4672302790628278e-09,0.6,1.885427135678392,0.0,9.0,0,0.05572,-0.73402,38.71261,4.78644,65.0,48.0,30940.0,0.0,0.80531,0.00012,0.0,0.0,0.5
YLR191W,11,0.008967227071128564,0.17304250812082453,2.4147351982441607e-08,0.10909090909090909,8.760084925690022,0.0,2.0,0,0.11658,-0.52979,37.28837,8.96857,37.0,42.0,53290.0,0.0,1.24785,0.00021,0.0,0.0,0.5
YNL214W,4,0.0,0.14989560532352184,3.4616364034739304e-09,1.0,1.8628719275549805,0.0,2.0,0,0.11055,-0.42563,54.69749,9.39252,19.0,23.0,25440.0,0.0,1.09801,0.00041,0.0,0.0,0.5
YDR244W,7,0.0014212969238952859,0.16174015016036042,2.195037060174698e-07,0.2857142857142857,1.7339449541284404,0.0,2.0,0,0.08333,-0.71569,44.36194,4.94843,88.0,62.0,71570.0,0.0,1.03241,7e-05,0.0,0.0,0.5
YDR142C,4,0.0,0.14989560532352184,3.4616364034739304e-09,1.0,3.577889447236181,0.0,5.0,0,0.11733,-0.27653,28.9584,8.58954,33.0,37.0,76275.0,0.0,1.80224,0.0002,0.0,0.0,0.5
YDL065C,2,0.0001935278349989943,0.15732518237722978,1.5745245771173644e-08,0.0,0.0,0.2,0.0,0,0.04386,-1.11696,39.64298,4.25482,84.0,37.0,14690.0,0.0,0.37953,0.00011,0.0,0.0,0.0
YML042W,2,4.243617326015945e-05,0.1447867790512937,3.0373781939960902e-09,0.0,0.0,0.0,5.0,0,0.11493,-0.54448,45.26575,8.35443,75.0,79.0,104585.0,0.0,1.35401,0.00011,0.0,0.0,0.0
YGR077C,2,0.001316003793095492,0.18583267747754428,1.7474047995895123e-05,0.0,0.0,0.0,0.0,0,0.11036,0.15416,42.88443,7.30145,50.0,50.0,104125.0,0.0,1.52756,0.00011,0.0,0.0,0.0
YOL001W,3,0.0008171531345129904,0.17585219109682507,4.810017963975985e-07,0.0,1.557919621749409,0.5,0.0,0,0.08532,-0.42355,47.27611,9.10626,30.0,38.0,22975.0,0.0,0.69147,0.00027,0.0,0.0,0.5
YPL089C,2,0.0009078477561862122,0.17635565983755142,8.175832762925487e-08,0.0,1.4327323162274619,1.0,0.0,0,0.05917,-1.03565,52.37132,9.32709,50.0,61.0,27975.0,0.0,0.3807,0.00013,0.0,0.0,0.5
YNL233W,2,0.0001671287721880308,0.1597088972617333,1.2144538209130787e-08,0.0,1.0,0.0,0.0,0,0.06054,-0.92309,54.87413,4.92743,157.0,113.0,28685.0,0.0,0.28517,5e-05,0.0,0.0,0.5
YBL061C,4,0.0009407687603786053,0.17652939369553217,5.344011875892615e-07,0.0,3.9772481040086674,0.0,0.0,0,0.07615,-0.68463,40.95376,9.2995,72.0,90.0,66740.0,0.0,0.86602,0.00012,0.0,0.0,0.5
YBR023C,1,0.0,0.14817163121132917,1.1575040979305664e-08,0.0,1.0,0.0,0.0,0,0.103,-0.26704,38.99815,6.26263,138.0,129.0,190340.0,0.0,1.44636,5e-05,0.0,0.0,0.5
YMR284W,2,0.00021768777913899236,0.16792700715661205,1.4350719100550927e-08,0.0,1.9505549949545913,0.5,0.0,0,0.12458,-0.59086,41.85821,6.00726,95.0,89.0,63650.0,0.0,0.90096,9e-05,0.0,0.0,0.5
YJR052W,4,0.001164574544055438,0.18406267718781513,7.392053708812067e-08,0.0,3.73391494002181,0.0,7.25,0,0.06195,-0.39186,49.18602,5.32794,84.0,71.0,34265.0,0.0,0.53727,8e-05,0.0,0.0,0.5
YDR169C,1,0.0,0.16018912718442196,1.2408621293635434e-09,0.0,1.0,0.0,0.0,0,0.04094,-0.80585,59.24327,6.98981,59.0,58.0,24200.0,0.0,0.43012,0.00012,0.0,0.0,0.5
YMR019W,1,0.0,0.16018912718442196,1.2408621293635434e-09,0.0,1.0,1.0,0.0,0,0.10748,-0.50516,51.55588,6.97711,107.0,105.0,140045.0,0.0,1.27518,6e-05,0.0,0.0,0.5
YKL072W,1,0.0,0.16018912718442196,1.2408621293635434e-09,0.0,1.0,0.0,0.0,0,0.10836,-0.63251,40.64598,8.81818,98.0,112.0,111210.0,0.0,1.25187,0.0001,0.0,0.0,0.5
YLR026C,17,0.005725406695028446,0.19543200575097286,3.4135159853316017e-07,0.11029411764705882,2.895947426067908,0.0,17.36111111111111,1,0.07059,-0.68206,43.85647,6.48749,42.0,41.0,23950.0,0.0,0.61716,0.00017,0.6832615929899515,0.0,0.5
YHL031C,2,0.0,0.16461727158880177,1.4051962598678827e-08,1.0,0.0,0.0,2.0,0,0.06278,-0.51345,55.27758,9.47736,21.0,27.0,19730.0,0.0,0.77694,0.00037,0.0,0.0,0.0
YFL005W,4,0.000371018450228628,0.14079480071459374,6.487205629239182e-10,0.16666666666666666,0.0,0.0,0.0,1,0.07442,-0.22558,23.58512,6.61053,26.0,26.0,17335.0,0.0,0.73749,0.00028,0.6832615929899515,0.0,0.0
YNL272C,2,0.00035021302354417945,0.14170576635545018,2.2790185759807044e-10,0.0,0.0,0.0,0.0,1,0.04875,-0.79802,55.9996,5.0202,130.0,100.0,58995.0,0.0,0.69692,6e-05,0.3167384070100485,0.0,0.0
YGR009C,9,0.006653224616825731,0.19693547906926887,3.1527618322794083e-07,0.05555555555555555,3.511500547645126,0.0,5.5,1,0.06298,-1.26851,52.16605,5.02606,103.0,81.0,48250.0,0.0,0.65537,7e-05,0.6832615929899515,0.0,0.5
YPL232W,4,0.0005596466884936187,0.16973453974031794,6.633838437141777e-09,0.16666666666666666,1.0,0.0,0.4285714285714285,0,0.05862,-0.58241,39.85483,5.16913,49.0,36.0,16055.0,0.0,0.48496,0.00016,0.0,0.0,0.5
YAL030W,2,0.00013649892159104226,0.16475486542998263,5.223150462281482e-09,0.0,0.0,0.0,0.0,0,0.05128,-0.21966,52.72564,7.87848,16.0,17.0,8605.0,0.0,0.65184,0.0006,0.0,0.0,0.0
YBL050W,29,0.0511301662633197,0.21344095397989304,6.936702609009293e-07,0.007389162561576354,12.516129032258064,0.0,6.211111111111111,1,0.09932,-0.51301,30.01062,4.96381,48.0,37.0,33765.0,0.0,1.02935,0.00015,0.6832615929899515,0.0,0.5
YBR080C,2,0.0009336792055077543,0.18435533202434645,2.0693234708597135e-08,0.0,1.988235294117647,0.0,0.0,1,0.07388,-0.24195,37.34327,8.02765,90.0,92.0,37985.0,0.0,0.45191,0.0001,0.6832615929899515,0.0,0.5
YDR164C,3,0.00039689387402933567,0.16378290070663168,5.364756463132897e-09,0.3333333333333333,3.0,0.0,2.761904761904762,1,0.09669,-0.42749,44.48413,6.83331,96.0,94.0,54375.0,0.0,0.65136,8e-05,0.6832615929899515,0.0,0.5
YNR049C,1,0.0,0.13908602949508272,1.5710255453794693e-10,0.0,1.0,0.0,0.0,0,0.08095,-1.11286,51.30624,10.02924,19.0,31.0,16960.0,0.0,0.72632,0.00043,0.0,0.0,0.5
YJL025W,4,4.152818746274991e-05,0.18602559550814574,5.137718277336046e-07,0.6666666666666666,1.5155172413793103,0.5,16.25,1,0.107,-0.42957,49.85043,8.37445,60.0,64.0,81580.0,0.0,1.35163,0.00014,0.6832615929899515,0.2887195853553551,0.5952544707088202
YMR270C,5,0.010470038407889152,0.2015055418119313,5.170484511239058e-07,0.2,3.259500542888165,0.5,7.25,1,0.07123,-0.83178,38.3603,5.2099,70.0,54.0,37610.0,0.0,0.87848,0.00012,0.6832615929899515,0.2887195853553551,0.5442889303984481
YLR075W,81,0.00039689387402933567,0.1998304146395288,0.11097838181205547,0.9753086419753086,30.426988922457202,0.0,19.066666666666663,1,0.09502,-0.60995,37.77919,10.03387,23.0,44.0,24910.0,0.0,0.98222,0.0004,0.6832615929899515,0.0,0.5
YIR012W,1,0.0,0.16424691359089344,0.0013871670419174026,0.0,1.0,0.0,0.0,1,0.07657,-0.12274,36.96241,4.35138,65.0,23.0,52825.0,0.0,1.11997,9e-05,0.6832615929899515,0.0,0.5
YLR119W,2,6.182751039997337e-05,0.15923153808904694,1.3386248347181497e-08,0.0,1.0,0.0,0.0,0,0.07512,-0.88169,40.24742,9.05548,34.0,39.0,21555.0,0.0,0.85875,0.00036,0.0,0.0,0.5
YMR235C,2,0.00019565610037677926,0.17360641271836466,4.6259073596650883e-07,0.0,1.5232722143864599,0.0,1.3333333333333333,1,0.06634,-0.27666,35.6027,4.5307,82.0,41.0,19535.0,0.0,0.42639,0.0001,0.6832615929899515,0.0,0.5
YBR126C,5,0.0015834027441688767,0.186589095986777,2.524504151926534e-07,0.3,4.050383351588171,0.0,2.033333333333333,0,0.11111,-0.22364,34.57293,5.71381,59.0,47.0,86790.0,0.0,1.54576,0.0001,0.0,0.0,0.5
YFL033C,2,0.0004080260458332143,0.17616652158408366,8.438367164110823e-08,0.0,1.990238611713666,0.5,0.0,0,0.06723,-0.59153,47.48188,6.01495,205.0,180.0,126445.0,0.0,0.64339,3e-05,0.0,0.0,0.5
YGR032W,3,0.00019844693701466783,0.1718656561168639,2.3250468773773296e-08,0.6666666666666666,2.405005688282139,0.0,0.0,0,0.13456,-0.14433,38.71396,6.58807,193.0,184.0,359480.0,0.0,1.65669,3e-05,0.0,0.0,0.5
YDL135C,1,0.0,0.1718207121691346,2.2642271993634378e-08,0.0,1.0,0.0,0.0,0,0.09406,-0.64455,25.49411,5.76532,34.0,31.0,24410.0,0.0,1.05498,0.00025,0.0,0.0,0.5
YPL075W,2,0.0001799506451287705,0.17066036450253785,4.4041206113837135e-08,0.0,1.0,1.0,0.0,1,0.07643,-0.5721,52.10969,8.50873,81.0,86.0,69175.0,0.0,0.78852,0.0001,0.6832615929899515,0.40591527534130006,0.70295763767065
YDR171W,1,0.0,0.15310915100235453,4.480998902287838e-09,0.0,1.0,0.0,0.0,0,0.088,-1.12667,57.55576,4.98615,66.0,43.0,35885.0,0.0,0.83811,0.00012,0.0,0.0,0.5
YDR217C,3,0.0009630346269209848,0.1683860592862047,5.391550555901094e-09,0.0,1.9445026178010472,1.0,2.4,0,0.06646,-0.74469,50.15662,5.19781,207.0,165.0,106950.0,0.0,0.72071,4e-05,0.0,0.0,0.5
YGR184C,6,0.0047616510374155815,0.18588525179218335,1.6136658243190843e-05,0.2,4.146022155085599,0.0,10.666666666666666,0,0.10308,-0.37297,39.9675,5.33209,280.0,215.0,207645.0,0.0,0.92354,2e-05,0.0,0.0,0.5
YMR153W,2,0.006574633304572908,0.18371956473150453,1.764316406933208e-05,0.0,1.885471898197243,0.25,0.5333333333333333,0,0.07579,-0.77284,48.02295,9.53033,50.0,65.0,47565.0,0.0,0.90397,0.00018,0.0,0.0,0.5
YKR072C,1,0.0,0.15210488540815745,6.992571695200018e-10,0.0,1.0,0.5,0.0,0,0.03737,-0.8468,48.79591,4.5589,103.0,63.0,47815.0,0.0,0.76532,7e-05,0.0,0.0,0.5
YJR043C,20,0.005558469437363688,0.17472982980270474,1.5755728583821891e-06,0.8105263157894737,19.51991614255765,1.0,33.85051834130782,0,0.06,-1.04743,53.48714,8.50507,60.0,64.0,15525.0,0.0,0.38515,0.00021,0.0,0.0,0.5
YNL102W,9,0.011098347746321659,0.17431262911251436,2.0827121934004543e-07,0.16666666666666666,9.0,1.0,2.761904761904762,1,0.06948,-0.55668,45.49054,5.8924,214.0,197.0,115135.0,0.0,0.69023,4e-05,0.3167384070100485,0.24054770888719992,0.5133637616048445
YOR217W,5,0.0,0.13511977035949493,6.186082694123459e-09,1.0,4.821627647714604,1.0,14.85,1,0.05923,-0.52416,38.17851,9.24847,109.0,130.0,64580.0,0.0,0.68049,0.0001,0.3167384070100485,0.24054770888719992,0.5249446583666842
YJR068W,5,0.0,0.13511977035949493,6.186082694123459e-09,1.0,4.640922768304915,1.0,15.125,1,0.07649,-0.33626,29.68473,8.61334,43.0,47.0,33515.0,0.0,0.84333,0.00022,0.6832615929899515,0.40591527534130006,0.543732173061949
YNL290W,5,0.0,0.13511977035949493,6.186082694123459e-09,1.0,4.724210526315789,1.0,22.25,1,0.06471,-0.35676,38.49503,6.06683,49.0,46.0,28015.0,0.0,0.73332,0.00016,0.6832615929899515,0.40591527534130006,0.5429611755318889
YOL094C,5,0.0,0.13511977035949493,6.186082694123459e-09,1.0,4.576730190571715,1.0,22.25,1,0.04644,-0.18266,40.23034,9.16498,35.0,42.0,21805.0,0.0,0.6032,0.00025,0.6832615929899515,0.40591527534130006,0.5443455544066707
YBR087W,6,0.0014828019936381311,0.14434147700675984,9.757945735642066e-09,0.6666666666666666,4.821627647714604,1.0,18.375,1,0.05085,-0.05706,39.85819,8.47931,41.0,45.0,24045.0,0.0,0.60201,0.00021,0.6832615929899515,0.40591527534130006,0.5420931794197857
YNL262W,21,0.0025576820246465495,0.17843099574584162,1.5820587595569962e-06,0.7476190476190476,20.67400419287212,1.0,36.61242310321258,1,0.10441,-0.37583,39.19849,6.53339,292.0,282.0,303225.0,0.0,1.18601,3e-05,0.3167384070100485,0.24054770888719992,0.5058176371312272
YIR008C,4,1.5241769550570403e-05,0.16310527182493273,1.0032354596137024e-07,0.8333333333333334,4.0,0.0,7.0,1,0.10513,-0.60489,43.27873,7.98431,59.0,61.0,61850.0,0.0,1.29692,0.00017,0.6832615929899515,0.0,0.5
YKL045W,5,0.004225652147882595,0.18475276127137613,1.4088147916541526e-07,0.5,4.762054507337526,0.0,1.2857142857142856,1,0.11364,-0.65473,45.1468,8.38373,68.0,72.0,62770.0,0.0,1.00816,0.00013,0.6832615929899515,0.0,0.5
YMR203W,9,0.0004640735397334249,0.13883132906073475,3.698430186761835e-09,0.8055555555555556,0.0,0.0,34.83333333333333,1,0.09044,-0.19587,35.04832,5.34003,35.0,29.0,33390.0,0.0,0.79428,0.00013,0.6832615929899515,0.0,0.0
YNL131W,9,0.0004640735397334249,0.13883132906073475,3.698430186761835e-09,0.8055555555555556,0.0,0.0,24.516666666666666,1,0.06579,-0.33092,41.5625,3.97443,31.0,11.0,5500.0,0.0,0.32757,0.00024,0.6832615929899515,0.0,0.0
YJL124C,32,0.05416532230056009,0.22097838677178389,2.2351308198416556e-06,0.0,19.813576494427558,0.5,0.0,0,0.10465,-0.83256,44.31802,5.72491,31.0,28.0,16055.0,0.0,0.79063,0.00028,0.0,0.0,0.5
YAL019W,1,0.0,0.17826962195933005,3.3879953290799055e-08,0.0,1.0,0.5,0.0,0,0.06808,-0.76684,45.65704,5.24017,189.0,152.0,81555.0,0.0,0.63464,4e-05,0.0,0.0,0.5
YBR214W,1,0.0,0.17826962195933005,3.3879953290799055e-08,0.0,1.0,0.0,0.0,0,0.04744,-0.28102,54.41008,9.05829,40.0,48.0,30660.0,0.0,0.53614,0.00016,0.0,0.0,0.5
YBR274W,8,0.005663008371431562,0.1960735312846227,6.388647954503056e-08,0.0,6.122098890010091,1.0,0.0,0,0.09298,-0.2649,38.24786,5.85919,66.0,57.0,67600.0,0.0,1.12636,0.0001,0.0,0.0,0.5
YCR024CA,4,0.005789473684210527,0.1783664111848984,3.398724785830068e-08,0.5,0.0,0.0,0.0,0,0.0,0.0,0.0,0.0,0.0,0.0,0.0,0.0,0.0,0.0,0.0,0.0,0.0
YDL175C,3,0.003754235772212853,0.20657380109037018,1.7561893749174082e-05,0.0,2.9482200647249193,1.0,2.1333333333333333,0,0.0843,-1.18081,48.51221,9.05634,39.0,53.0,42675.0,0.0,1.08469,0.00023,0.0,0.0,0.5
YEL060C,2,0.00039689387402933567,0.17830187336086045,3.390777131529431e-08,0.0,1.6784492588369442,0.0,0.0,0,0.07087,-0.66031,32.36315,5.94061,94.0,78.0,41870.0,0.0,0.6014,9e-05,0.0,0.0,0.5
YER028C,1,0.0,0.17826962195933005,3.3879953290799055e-08,0.0,0.0,0.5,0.0,0,0.0533,-0.69797,61.23528,9.95819,31.0,51.0,11180.0,0.0,0.25928,0.00023,0.0,0.0,0.0
YGL207W,4,0.007821816973772468,0.19260574653159196,1.0091096243175382e-06,0.0,3.734549138804458,0.5,0.0,1,0.09565,-0.64812,47.96427,4.99261,176.0,138.0,110795.0,0.0,0.93396,4e-05,0.3167384070100485,0.19390444008233815,0.5259608901738019
YGR158C,1,0.0,0.17826962195933005,3.3879953290799055e-08,0.0,1.0,0.3333333333333333,0.0,1,0.064,-0.358,35.24,4.84479,34.0,23.0,16555.0,0.0,0.60033,0.00018,0.6832615929899515,0.2240360033604539,0.6120180016802269
YIL042C,1,0.0,0.17826962195933005,3.3879953290799055e-08,0.0,1.0,0.0,0.0,0,0.09391,-0.2533,43.88553,8.52582,40.0,44.0,51060.0,0.0,1.1236,0.00019,0.0,0.0,0.5
YIL048W,3,0.0031277728508392858,0.20405043581825177,2.182883177297458e-05,0.0,2.9064327485380117,0.0,0.0,1,0.09383,-0.12467,38.95814,6.02264,133.0,117.0,133685.0,0.0,1.02664,5e-05,0.3167384070100485,0.0,0.5
YJR143C,1,0.0,0.17826962195933005,3.3879953290799055e-08,0.0,1.0,0.5,0.0,0,0.15879,0.01352,34.01054,6.45697,76.0,69.0,185985.0,0.0,2.1143,7e-05,0.0,0.0,0.5
YKR026C,6,0.0021118712077025942,0.18660676039044893,4.363719360069414e-06,0.4,5.693239152371342,0.0,3.5,0,0.08197,0.02754,41.2797,5.19025,41.0,31.0,24785.0,0.0,0.72844,0.00015,0.0,0.0,0.5
YLR003C,1,0.0,0.17826962195933005,3.3879953290799055e-08,0.0,0.0,1.0,0.0,0,0.0756,-0.69072,48.21718,8.21906,51.0,53.0,12170.0,0.0,0.36444,0.00025,0.0,0.0,0.0
YML088W,1,0.0,0.17826962195933005,3.3879953290799055e-08,0.0,1.0,0.0,2.6666666666666665,0,0.08383,-0.58204,44.06557,5.19476,102.0,75.0,92205.0,0.0,1.19966,7e-05,0.0,0.0,0.5
YMR056C,1,0.0,0.17826962195933005,3.3879953290799055e-08,0.0,1.0,0.0,0.0,0,0.12298,0.00647,18.74434,9.71991,23.0,39.0,39225.0,0.0,1.14962,0.00028,0.0,0.0,0.5
YMR250W,2,0.004357834764336719,0.19441041621504215,1.7796858648466345e-05,0.0,1.9049630411826821,0.0,0.0,0,0.08889,-0.40547,38.46051,6.15204,73.0,62.0,75830.0,0.0,1.14913,9e-05,0.0,0.0,0.5
YNL032W,1,0.0,0.17826962195933005,3.3879953290799055e-08,0.0,1.0,0.0,2.6666666666666665,0,0.08185,-0.60605,44.1331,5.36481,48.0,36.0,27305.0,0.0,0.83362,0.00016,0.0,0.0,0.5
YNL163C,1,0.0,0.17826962195933005,3.3879953290799055e-08,0.0,1.0,0.0,0.0,1,0.06577,-0.3009,48.98236,5.01056,173.0,125.0,84405.0,0.0,0.67816,4e-05,0.3167384070100485,0.0,0.5
YNL276C,1,0.0,0.17826962195933005,3.3879953290799055e-08,0.0,0.0,0.0,0.0,0,0.08397,0.22901,53.37099,8.19,7.0,9.0,21845.0,0.0,1.54751,0.00058,0.0,0.0,0.0
YOR109W,1,0.0,0.17826962195933005,3.3879953290799055e-08,0.0,1.0,0.0,0.0,0,0.09756,-0.42593,42.70453,6.75433,133.0,130.0,118705.0,0.0,0.95288,5e-05,0.0,0.0,0.5
YOR147W,1,0.0,0.17826962195933005,3.3879953290799055e-08,0.0,1.0,0.0,0.0,0,0.09325,-0.24984,39.514,9.30646,60.0,75.0,80620.0,0.0,1.1193,0.00013,0.0,0.0,0.5
YOR320C,3,0.00140381844431434,0.18614857021478065,4.363861952431987e-06,0.0,2.0,0.0,0.0,0,0.12424,-0.25988,38.49819,8.46991,60.0,64.0,71210.0,0.0,1.23678,0.00015,0.0,0.0,0.5
YPL152W,2,0.0006909327075401323,0.1859729417873679,4.357588232393394e-06,0.0,2.0,0.0,0.0,0,0.11732,-0.38659,42.7157,6.22076,48.0,41.0,60110.0,0.0,1.45011,0.00015,0.0,0.0,0.5
YBL026W,36,0.03622612420674483,0.2313529589206939,0.001397402699539986,0.0031746031746031746,20.012048192771083,0.5,0.0,1,0.09474,-0.29368,42.91895,7.84467,13.0,14.0,4595.0,0.0,0.41164,0.0007,0.6832615929899515,0.2887195853553551,0.5072136440651699
YAR003W,3,0.005865003147897029,0.18876912564684087,1.7485526456497136e-05,0.0,1.7079556898288015,0.5,0.0,0,0.0939,-0.2885,43.61765,4.68256,67.0,36.0,84100.0,0.0,1.72852,0.0001,0.0,0.0,0.5
YBL066C,2,0.0,0.18655377721032673,1.7702637805311455e-05,1.0,2.0,1.0,0.0,0,0.07491,-0.52186,44.94139,7.39667,107.0,107.0,103190.0,0.0,0.80623,6e-05,0.0,0.0,0.5
YCR020CA,2,0.0005787735608761529,0.20007381343933336,1.779660372298113e-05,0.0,0.0,0.0,0.0,0,0.0,0.0,0.0,0.0,0.0,0.0,0.0,0.0,0.0,0.0,0.0,0.0,0.0
YCR066W,3,0.005605286491531533,0.19313415735883913,3.70181050776139e-05,0.0,1.5824847250509164,1.0,0.0,0,0.05955,-0.75585,48.70413,7.53351,65.0,66.0,35420.0,0.0,0.64132,0.00014,0.0,0.0,0.5
YDR440W,2,0.0006065173581957705,0.19204279130985114,1.7698338964400126e-05,0.0,1.7769696969696969,1.0,0.0,0,0.08419,-0.61443,44.69057,9.15363,68.0,85.0,49500.0,0.0,0.74773,0.00014,0.0,0.0,0.5
YEL015W,9,0.0030333639513288983,0.20631434059078,1.843471440965078e-05,0.05555555555555555,8.7882096069869,0.0,0.0,0,0.05626,-0.53575,47.80889,5.98785,67.0,62.0,38805.0,0.0,0.63263,0.0001,0.0,0.0,0.5
YER025W,4,0.0016573256996340803,0.1928884636465713,2.1803380302364413e-05,0.16666666666666666,3.897810218978102,0.0,2.1818181818181817,1,0.04554,-0.22694,45.78387,6.37421,71.0,68.0,22680.0,0.0,0.39195,0.00011,0.6832615929899515,0.0,0.5
YGL185C,1,0.0,0.18496079665987727,1.7471243540640822e-05,0.0,1.0,0.0,0.0,0,0.08971,-0.33008,38.12823,8.19708,49.0,52.0,35755.0,0.0,0.83182,0.00019,0.0,0.0,0.5
YIL066C,5,0.0009516517726398267,0.1873695066544023,1.748593125421921e-05,0.4,4.557013118062563,0.0,20.133333333333333,0,0.09206,-0.34465,46.55801,5.67767,107.0,90.0,122755.0,0.0,1.25885,6e-05,0.0,0.0,0.5
YIL132C,1,0.0,0.18496079665987727,1.7471243540640822e-05,0.0,1.0,0.5,0.0,0,0.0892,-0.43803,46.47934,8.42499,27.0,29.0,23170.0,0.0,0.92857,0.00034,0.0,0.0,0.5
YLR039C,1,0.0,0.18496079665987727,1.7471243540640822e-05,0.0,0.0,0.0,0.0,0,0.08807,-0.24044,36.3898,5.9433,144.0,128.0,132765.0,0.0,1.09139,5e-05,0.0,0.0,0.0
YLR120C,1,0.0,0.18496079665987727,1.7471243540640822e-05,0.0,0.0,0.0,0.0,0,0.08612,-0.02953,35.44712,4.67926,50.0,32.0,49780.0,0.0,0.82954,8e-05,0.0,0.0,0.0
YLR126C,1,0.0,0.18496079665987727,1.7471243540640822e-05,0.0,1.0,0.0,0.0,0,0.11155,-0.46056,29.27932,5.16083,35.0,27.0,41535.0,0.0,1.44092,0.00018,0.0,0.0,0.5
YMR066W,1,0.0,0.18496079665987727,1.7471243540640822e-05,0.0,1.0,0.0,0.0,0,0.10245,-0.42027,48.91822,8.6955,116.0,126.0,85245.0,0.0,0.81382,8e-05,0.0,0.0,0.5
YMR207C,1,0.0,0.18496079665987727,1.7471243540640822e-05,0.0,1.0,0.0,0.0,0,0.09151,-0.33894,43.44467,8.81146,274.0,299.0,279850.0,0.0,1.07983,3e-05,0.0,0.0,0.5
YMR237W,1,0.0,0.18496079665987727,1.7471243540640822e-05,0.0,0.0,0.0,0.0,0,0.08564,-0.14254,45.02765,5.18976,93.0,70.0,87540.0,0.0,1.06694,6e-05,0.0,0.0,0.0
YOL102C,1,0.0,0.18496079665987727,1.7471243540640822e-05,0.0,1.0,0.0,0.0,1,0.04348,-0.31696,49.88261,9.29962,25.0,32.0,11835.0,0.0,0.45178,0.00036,0.6832615929899515,0.0,0.5
YOL163W,1,0.0,0.18496079665987727,1.7471243540640822e-05,0.0,0.0,0.0,0.0,0,0.0,0.0,0.0,0.0,0.0,0.0,0.0,0.0,0.0,0.0,0.0,0.0,0.0
YOR043W,1,0.0,0.18496079665987727,1.7471243540640822e-05,0.0,1.0,0.0,0.0,0,0.08025,-0.63251,53.78128,5.7348,64.0,54.0,57380.0,0.0,1.03676,0.0001,0.0,0.0,0.5
YPL042C,13,0.009195745783123066,0.2081004233534958,1.816218758313956e-05,0.28205128205128205,8.75975975975976,1.0,12.402380952380952,0,0.08649,-0.50523,34.38236,9.58563,51.0,75.0,73855.0,0.0,1.17517,0.00015,0.0,0.0,0.5
YPL115C,6,0.0066550322067005325,0.20876161936076174,1.7529925989039547e-05,0.06666666666666667,2.5082644628099175,0.0,8.149999999999999,1,0.06028,-0.53085,55.00541,6.37799,130.0,122.0,52105.0,0.0,0.41713,5e-05,0.3167384070100485,0.0,0.5
YPL119C,1,0.0,0.18496079665987727,1.7471243540640822e-05,0.0,0.0,0.0,0.0,0,0.08914,-0.56062,35.22951,8.95819,69.0,76.0,53330.0,0.0,0.78523,0.00013,0.0,0.0,0.0
YPL249CA,86,0.019186335024559853,0.2224497472073482,0.11108227058976937,0.8648426812585499,0.0,0.0,19.066666666666663,0,0.0,0.0,0.0,0.0,0.0,0.0,0.0,0.0,0.0,0.0,0.0,0.0,0.0
YPR184W,3,0.003324867004815676,0.20233291008050835,2.186064821496377e-05,0.0,2.752046783625731,0.0,0.0,0,0.11393,-0.40488,40.59306,5.48199,204.0,161.0,267220.0,0.0,1.52724,3e-05,0.0,0.0,0.5
YDR166C,7,0.0006212969886522068,0.19818290870745148,1.797815677268912e-05,0.7142857142857143,0.0,0.0,1.875,1,0.09681,-0.40844,44.25091,5.63116,118.0,105.0,104430.0,0.0,0.93141,5e-05,0.3167384070100485,0.0,0.0
YLR128W,1,0.0,0.18496079665987727,1.7471243540640822e-05,0.0,1.0,0.0,0.0,0,0.14498,-0.53309,47.86807,4.76422,46.0,30.0,57465.0,0.0,1.78445,0.00015,0.0,0.0,0.5
YNL264C,1,0.0,0.18496079665987727,1.7471243540640822e-05,0.0,0.0,0.0,0.0,0,0.10857,-0.52914,39.41286,6.72797,52.0,51.0,59860.0,0.0,1.47158,0.00017,0.0,0.0,0.0
YNL287W,15,0.011621307469638397,0.21573024077972117,3.5810834708472397e-05,0.42857142857142855,7.839831401475237,0.0,48.51190476190476,1,0.07914,-0.15444,40.85851,4.99579,128.0,94.0,46645.0,0.0,0.44496,5e-05,0.3167384070100485,0.0,0.5
YPR032W,3,0.001476793737138673,0.19560655056111068,1.7479854356818005e-05,0.0,2.1485355648535567,0.0,0.0,0,0.08809,-0.22633,35.92479,8.56598,104.0,111.0,106090.0,0.0,0.92646,7e-05,0.0,0.0,0.5
YER112W,21,0.012533479621473036,0.2192333678127363,1.3708469549987704e-06,0.0,13.818273092369479,0.5,18.0,1,0.06952,-1.15936,43.47326,9.45306,14.0,19.0,17420.0,0.0,0.81877,0.00044,0.6832615929899515,0.2887195853553551,0.5104470212531401
YDL145C,11,0.00271203811153052,0.19874240875219926,8.140723591940798e-07,0.8,9.961693548387096,0.0,46.46428571428572,1,0.09076,-0.29459,32.11133,5.66119,161.0,134.0,162495.0,0.0,1.19829,4e-05,0.3167384070100485,0.0,0.5
YDR082W,2,0.0020537827517211247,0.1776270352351367,2.2944543139668726e-08,0.0,0.0,0.0,0.0,1,0.11134,-0.35223,34.72551,5.44257,66.0,53.0,82250.0,0.0,1.43019,9e-05,0.6832615929899515,0.0,0.0
YDR289C,1,0.0,0.17713220794431275,2.2894671223988762e-08,0.0,1.0,1.0,0.0,0,0.05623,-0.95061,54.59584,4.75629,85.0,54.0,24535.0,0.0,0.52777,0.0001,0.0,0.0,0.5
YDR452W,1,0.0,0.17713220794431275,2.2894671223988762e-08,0.0,1.0,0.0,0.0,0,0.10831,-0.62374,41.65358,6.42389,105.0,101.0,101355.0,0.0,1.29373,8e-05,0.0,0.0,0.5
YER124C,5,0.0019472022815845735,0.20373407855341727,2.8818666611914944e-07,0.2,3.8799102132435466,0.0,4.4,0,0.08202,-0.28778,34.05654,5.71857,64.0,55.0,64215.0,0.0,1.00339,9e-05,0.0,0.0,0.5
YIL029C,1,0.0,0.17713220794431275,2.2894671223988762e-08,0.0,0.0,0.0,0.0,0,0.16901,0.28239,32.29155,9.98175,3.0,16.0,38430.0,0.0,2.31694,0.0006,0.0,0.0,0.0
YBR108W,1,0.0,0.17454416098506262,1.9540689572848336e-05,0.0,0.0,0.0,0.0,0,0.0528,-1.15576,69.42735,9.25409,88.0,104.0,48835.0,0.0,0.47019,9e-05,0.0,0.0,0.0
YLR438CA,17,0.023443742737846256,0.2152825698999904,0.0015116306794414431,0.03676470588235294,0.0,0.0,6.815789473684211,0,0.0,0.0,0.0,0.0,0.0,0.0,0.0,0.0,0.0,0.0,0.0,0.0,0.0
YDL240W,2,0.001351380259887266,0.19146451772747083,1.9563331844782334e-05,0.0,1.0,0.0,0.0,0,0.09145,-0.36096,43.40817,8.54144,115.0,128.0,110330.0,0.0,0.94582,7e-05,0.0,0.0,0.5
YJR138W,3,0.0014226496692582493,0.1951804346969316,2.3887292523115285e-05,0.0,2.0,0.0,0.0,0,0.09343,-0.4988,34.35369,8.88727,195.0,216.0,205520.0,0.0,1.12956,5e-05,0.0,0.0,0.5
YLR281C,1,0.0,0.17454416098506262,1.9540689572848336e-05,0.0,0.0,0.0,0.0,0,0.03871,-1.17355,70.83806,10.52362,21.0,38.0,8855.0,0.0,0.48663,0.00058,0.0,0.0,0.0
YMR142C,81,0.007474020708834576,0.2095383448500385,0.11098054526386456,0.9753086419753086,4.902298850574713,0.0,19.066666666666663,0,0.0603,-0.72161,38.80603,11.07745,21.0,46.0,9970.0,0.0,0.44263,0.00049,0.0,0.0,0.5
YOR096W,57,0.012852326004087547,0.18756563041243812,0.006719605156408118,0.9649122807017544,0.0,0.3333333333333333,54.327777777777776,0,0.06316,-0.34947,56.83158,9.83331,22.0,32.0,4470.0,0.0,0.20673,0.00045,0.0,0.0,0.0
YJL110C,3,0.0005421754443145772,0.17930748749243267,2.3468314572236923e-08,0.3333333333333333,2.9837962962962963,1.0,0.8571428571428571,0,0.03811,-0.7775,48.76515,9.33698,57.0,74.0,21190.0,0.0,0.35014,0.00015,0.0,0.0,0.5
YJL155C,1,0.0,0.17713220794431275,2.2894671223988762e-08,0.0,1.0,0.0,0.0,0,0.10619,-0.55442,37.33854,6.39655,66.0,64.0,73395.0,0.0,1.39549,0.00012,0.0,0.0,0.5
YKL209C,2,0.0007662555885306295,0.18588525179218335,4.346602950326584e-06,0.0,1.9929824561403509,0.0,0.0,0,0.09225,0.07837,35.24661,8.26813,119.0,126.0,149820.0,0.0,1.03493,6e-05,0.0,0.0,0.5
YLL032C,1,0.0,0.17713220794431275,2.2894671223988762e-08,0.0,0.0,0.0,0.0,0,0.10061,-0.29794,38.64378,6.784,90.0,88.0,65765.0,0.0,0.69522,7e-05,0.0,0.0,0.0
YLR386W,2,0.0011176741661351806,0.1867128170885964,5.368357350315347e-06,0.0,1.8995157384987893,0.0,0.0,0,0.07614,-0.1625,43.06967,5.31854,115.0,93.0,70845.0,0.0,0.71007,5e-05,0.0,0.0,0.5
YOR195W,3,0.0007945953148347669,0.18703171173776567,3.37028117304149e-08,0.3333333333333333,1.7378048780487805,0.0,8.25,0,0.03776,-1.16541,42.53471,4.81708,175.0,119.0,32110.0,0.0,0.33666,5e-05,0.0,0.0,0.5
YOR219C,1,0.0,0.17713220794431275,2.2894671223988762e-08,0.0,0.0,0.0,0.0,0,0.12997,-0.49882,38.81657,5.62323,118.0,97.0,155050.0,0.0,1.44638,5e-05,0.0,0.0,0.0
YER146W,22,0.021070347772297045,0.19516110990141705,0.0002424037726203974,0.004329004329004329,19.996954314720814,1.0,0.0,1,0.04301,-0.05699,49.00215,4.53656,16.0,8.0,5500.0,0.0,0.52769,0.00044,0.6832615929899515,0.40591527534130006,0.5101494274816262
YCR024C,1,0.0,0.16107928495581533,4.32370827916223e-06,0.0,1.0,0.0,0.0,0,0.11789,-0.38801,41.92994,8.67828,51.0,57.0,74800.0,0.0,1.31727,0.00015,0.0,0.0,0.5
YDL112W,1,0.0,0.16107928495581533,4.32370827916223e-06,0.0,1.0,0.0,0.0,0,0.10724,-0.10884,37.77543,5.73822,183.0,157.0,195285.0,0.0,1.18321,3e-05,0.0,0.0,0.5
YER131W,57,0.0047018147109168,0.18237668486346337,0.006704564744094818,0.9655388471177945,11.848888888888888,0.0,54.327777777777776,0,0.04202,-0.82269,55.88824,10.8996,8.0,31.0,6460.0,0.0,0.48042,0.00081,0.0,0.0,0.5
YFL066C,2,0.00020545060202032195,0.16166056015782107,4.329948526830921e-06,0.0,2.0,0.0,0.0,0,0.08673,-0.07423,35.76355,7.0014,49.0,49.0,46505.0,0.0,1.06107,0.00016,0.0,0.0,0.5
YGR210C,1,0.0,0.16107928495581533,4.32370827916223e-06,0.0,1.0,0.0,0.0,0,0.07543,-0.2219,29.9382,8.40143,51.0,54.0,47035.0,0.0,1.04029,0.00019,0.0,0.0,0.5
YHL008C,1,0.0,0.16107928495581533,4.32370827916223e-06,0.0,1.0,0.0,0.0,0,0.08293,-0.19633,48.46592,7.32135,68.0,68.0,49195.0,0.0,0.70311,0.0001,0.0,0.0,0.5
YIL038C,14,0.0032504020643764754,0.1837880848488869,4.645383867275236e-06,0.7472527472527473,8.509454949944383,0.5,69.22619047619048,0,0.06459,-0.81974,51.77837,5.45831,130.0,111.0,73270.0,0.0,0.77615,6e-05,0.0,0.0,0.5
YJL084C,2,0.0013292837970473534,0.18001161735199198,2.170778293042005e-05,0.0,1.9333333333333333,0.0,0.0,0,0.06883,-0.73107,56.17964,6.4212,124.0,114.0,65250.0,0.0,0.55667,5e-05,0.0,0.0,0.5
YLR058C,1,0.0,0.16107928495581533,4.32370827916223e-06,0.0,1.0,0.0,0.0,0,0.08742,-0.3435,27.27228,6.97589,55.0,54.0,51395.0,0.0,0.98424,0.00013,0.0,0.0,0.5
YOR201C,1,0.0,0.16107928495581533,4.32370827916223e-06,0.0,1.0,0.0,0.0,0,0.08738,-0.36456,38.21289,9.2254,42.0,53.0,37860.0,0.0,0.81618,0.0002,0.0,0.0,0.5
YPR010C,15,0.0037246074022617387,0.17899811205996297,5.072494632169322e-06,0.7523809523809524,12.263265306122449,0.5,25.261507936507936,1,0.09227,-0.39061,38.80184,7.56122,138.0,139.0,130260.0,0.0,0.95963,6e-05,0.3167384070100485,0.19390444008233815,0.5079059057780284
YDR378C,6,0.0015885512962734705,0.16005905075146667,4.12538193959097e-07,0.0,1.3238709677419356,0.3333333333333333,0.0,1,0.0814,-0.15233,36.77907,5.69989,9.0,8.0,4470.0,0.0,0.47566,0.00061,0.6832615929899515,0.2240360033604539,0.5846139876239531
YGL251C,1,0.0,0.1363913098536059,6.273720098227822e-09,0.0,0.0,1.0,0.0,0,0.08509,-0.41853,44.02243,7.68304,148.0,150.0,107420.0,0.0,0.79529,6e-05,0.0,0.0,0.0
YJL139C,1,0.0,0.1363913098536059,6.273720098227822e-09,0.0,0.0,0.0,0.0,0,0.17056,-0.54042,51.8568,5.13202,66.0,50.0,99545.0,0.0,1.95818,0.0001,0.0,0.0,0.0
YLR053C,1,0.0,0.1363913098536059,6.273720098227822e-09,0.0,1.0,0.0,0.0,0,0.09259,-0.98981,42.82231,5.13544,19.0,13.0,4595.0,0.0,0.36201,0.0004,0.0,0.0,0.5
YMR221C,1,0.0,0.1363913098536059,6.273720098227822e-09,0.0,0.0,0.0,0.0,0,0.12302,0.48353,39.58062,6.65289,36.0,35.0,65665.0,0.0,1.16889,0.00012,0.0,0.0,0.0
YDL077C,1,0.0,0.13699799902726664,6.2402477283258905e-09,0.0,0.0,0.0,0.0,0,0.10582,-0.43956,39.76163,6.60834,144.0,138.0,148125.0,0.0,1.20544,5e-05,0.0,0.0,0.0
YNL147W,4,0.001348213586181906,0.16089520937101562,4.116455726798834e-07,0.0,2.8416243654822333,0.5,0.0,1,0.04348,-0.62087,39.23478,9.30035,15.0,19.0,5960.0,0.0,0.45825,0.00072,0.6832615929899515,0.2887195853553551,0.5508018563013621
YIL112W,2,0.0005977143100913215,0.1406641839723337,6.268105111874138e-09,0.0,2.0,0.0,0.0,0,0.05725,-1.03296,52.6856,5.47382,205.0,176.0,81500.0,0.0,0.65963,4e-05,0.0,0.0,0.5
YBR034C,3,0.0039146241290405216,0.1893857811303144,0.00012002973455809534,0.0,1.8487309644670051,1.0,0.0,0,0.1092,-0.37787,38.34371,5.25873,53.0,38.0,46215.0,0.0,1.1616,0.00013,0.0,0.0,0.5
YBR044C,4,0.0015875754961173427,0.18466621791308904,3.2569100490119074e-07,0.5,3.450381679389313,0.0,7.0,0,0.07343,-0.30629,40.65769,9.04889,61.0,76.0,51240.0,0.0,0.79749,0.00014,0.0,0.0,0.5
YCR107W,1,0.0,0.18452791705713462,3.253601823999421e-07,0.0,0.0,0.0,0.0,0,0.10744,-0.35289,46.85733,6.35358,46.0,44.0,65110.0,0.0,1.59151,0.00016,0.0,0.0,0.0
YDR127W,1,0.0,0.18452791705713462,3.253601823999421e-07,0.0,1.0,0.0,0.0,0,0.07746,-0.1216,32.40668,5.888,191.0,165.0,163425.0,0.0,0.93518,3e-05,0.0,0.0,0.5
YDR135C,1,0.0,0.18452791705713462,3.253601823999421e-07,0.0,1.0,0.0,0.0,0,0.10231,0.06416,36.15291,8.64386,143.0,156.0,213470.0,0.0,1.24749,5e-05,0.0,0.0,0.5
YEL023C,2,0.001615643223062135,0.2011764860179947,3.410719185293833e-07,0.0,1.0,0.0,0.0,0,0.1129,-0.56393,42.92331,6.14606,91.0,83.0,107855.0,0.0,1.37713,8e-05,0.0,0.0,0.5
YGL028C,1,0.0,0.18452791705713462,3.253601823999421e-07,0.0,1.0,0.0,0.0,0,0.06089,-0.20554,43.35076,4.34064,46.0,21.0,39600.0,0.0,0.70156,8e-05,0.0,0.0,0.5
YJL004C,4,0.003563265790194314,0.2001957353244274,7.373792455973584e-07,0.16666666666666666,2.956923076923077,0.0,0.0,0,0.15764,0.33793,47.81833,5.90692,18.0,16.0,54680.0,0.0,2.30568,0.00025,0.0,0.0,0.5
YJL021C,1,0.0,0.18452791705713462,3.253601823999421e-07,0.0,0.0,0.0,0.0,0,0.0,0.0,0.0,0.0,0.0,0.0,0.0,0.0,0.0,0.0,0.0,0.0,0.0
YKR021W,1,0.0,0.18452791705713462,3.253601823999421e-07,0.0,1.0,0.0,0.0,0,0.08415,-0.59104,47.13893,5.65399,121.0,98.0,69260.0,0.0,0.67545,6e-05,0.0,0.0,0.5
YKR104W,1,0.0,0.18452791705713462,3.253601823999421e-07,0.0,0.0,0.0,0.0,0,0.0,0.0,0.0,0.0,0.0,0.0,0.0,0.0,0.0,0.0,0.0,0.0,0.0
YLL015W,2,0.0016687654747179388,0.18555278264184433,3.261336652569899e-07,0.0,1.9439809296781883,0.0,0.0,0,0.10071,0.03688,37.67366,7.68646,166.0,168.0,203015.0,0.0,1.14781,4e-05,0.0,0.0,0.5
YLR133W,1,0.0,0.18452791705713462,3.253601823999421e-07,0.0,0.0,0.0,0.0,0,0.09278,-0.52027,56.01976,5.46783,78.0,67.0,102510.0,0.0,1.54578,8e-05,0.0,0.0,0.0
YLR143W,1,0.0,0.18452791705713462,3.253601823999421e-07,0.0,1.0,0.0,0.0,0,0.08467,-0.35182,43.6139,5.56891,90.0,71.0,67655.0,0.0,0.86804,7e-05,0.0,0.0,0.5
YLR430W,1,0.0,0.18452791705713462,3.253601823999421e-07,0.0,1.0,1.0,0.0,1,0.08247,-0.44092,43.88658,8.78217,271.0,298.0,202245.0,0.0,0.80099,3e-05,0.3167384070100485,0.24054770888719992,0.6202738544436
YMR205C,2,0.005004314063848146,0.1845624728468457,3.25453617392552e-07,0.0,1.9618163054695563,0.0,0.0,0,0.07299,-0.22972,32.74683,6.22919,110.0,102.0,107035.0,0.0,1.02312,6e-05,0.0,0.0,0.5
YNL242W,1,0.0,0.18452791705713462,3.253601823999421e-07,0.0,0.0,0.0,0.0,0,0.08166,-0.27217,44.18846,5.62067,202.0,172.0,118425.0,0.0,0.66377,3e-05,0.0,0.0,0.0
YNL329C,1,0.0,0.18452791705713462,3.253601823999421e-07,0.0,1.0,0.0,0.0,0,0.09417,-0.09767,46.5412,5.44916,121.0,102.0,84795.0,0.0,0.73371,5e-05,0.0,0.0,0.5
YOL031C,1,0.0,0.18452791705713462,3.253601823999421e-07,0.0,1.0,1.0,0.0,0,0.07363,-0.45463,40.26033,5.34393,62.0,48.0,35910.0,0.0,0.74388,0.00011,0.0,0.0,0.5
YOL140W,1,0.0,0.18452791705713462,3.253601823999421e-07,0.0,1.0,0.0,0.0,0,0.07801,-0.24232,32.58842,7.18829,52.0,52.0,29630.0,0.0,0.63474,0.00015,0.0,0.0,0.5
YPR178W,1,0.0,0.18452791705713462,3.253601823999421e-07,0.0,1.0,1.0,0.0,1,0.06237,-0.4643,44.62,5.33527,68.0,51.0,67420.0,0.0,1.28562,0.0001,0.6832615929899515,0.40591527534130006,0.70295763767065
YDR141C,1,0.0,0.16254038179304958,7.106121310745867e-09,0.0,1.0,0.0,0.0,1,0.09658,-0.06702,42.71458,5.49884,219.0,186.0,225265.0,0.0,1.15707,3e-05,0.3167384070100485,0.0,0.5
YER115C,2,0.0,0.18276561984277348,2.2817857440187098e-08,1.0,1.5469107551487413,0.0,20.0,0,0.08377,-0.4466,59.88115,9.58368,13.0,27.0,21065.0,0.0,0.97924,0.00045,0.0,0.0,0.5
YGL143C,1,0.0,0.16254038179304958,7.106121310745867e-09,0.0,1.0,0.0,0.0,0,0.07022,-0.58523,41.85956,8.85089,57.0,62.0,32110.0,0.0,0.68656,0.00019,0.0,0.0,0.5
YMR002W,1,0.0,0.16254038179304958,7.106121310745867e-09,0.0,0.0,0.0,0.0,0,0.05128,-0.73974,58.20641,8.85724,9.0,12.0,6460.0,0.0,0.38754,0.00053,0.0,0.0,0.0
YNR027W,1,0.0,0.16254038179304958,7.106121310745867e-09,0.0,1.0,0.5,0.0,0,0.08833,0.02461,29.26628,6.31757,35.0,33.0,33640.0,0.0,0.95119,0.00018,0.0,0.0,0.5
YGR116W,2,0.0003437285119609122,0.18792327295302813,2.500491286130799e-07,0.0,1.9809203142536476,1.0,0.0,1,0.08959,-0.78498,47.34144,4.89105,277.0,190.0,152265.0,0.0,0.90478,3e-05,0.3167384070100485,0.24054770888719992,0.560716149750282
YJR140C,2,0.0006864546849223805,0.17170097648121185,2.3234778364823846e-07,0.0,1.3771043771043772,1.0,0.0,0,0.11044,-0.39242,45.21477,5.84882,226.0,198.0,221145.0,0.0,1.15373,3e-05,0.0,0.0,0.5
YLR082C,1,0.0,0.16860210503843231,2.3139426473026857e-07,0.0,1.0,0.5,0.0,0,0.06633,-0.72551,41.13112,7.67609,60.0,61.0,34295.0,0.0,0.75976,0.00017,0.0,0.0,0.5
YAR009C,2,0.000953948151177422,0.19033673329512477,4.484691091560033e-08,0.0,0.0,0.0,0.0,0,0.0,0.0,0.0,0.0,0.0,0.0,0.0,0.0,0.0,0.0,0.0,0.0,0.0
YBL034C,2,0.0021586688465235256,0.17960156810973232,1.8847711494386766e-08,0.0,1.8958810068649885,0.25,0.0,1,0.09187,-0.44468,43.9739,5.93622,193.0,175.0,121280.0,0.0,0.69631,3e-05,0.3167384070100485,0.13971984388753125,0.5368482629926681
YBL037W,4,0.0005681851865312771,0.1827825676932782,3.173026957674092e-08,0.5,1.9439359267734553,0.0,1.6,0,0.07707,-0.08859,39.85718,8.8067,101.0,113.0,89170.0,0.0,0.77532,8e-05,0.0,0.0,0.5
YBL054W,1,0.0,0.1783502723492863,1.8654863942446226e-08,0.0,1.0,0.5,0.0,0,0.05714,-0.94038,55.35429,9.36859,57.0,70.0,37275.0,0.0,0.62938,0.00016,0.0,0.0,0.5
YCR076C,2,0.0015088609747314623,0.18017616179198465,1.9428346799494012e-08,0.0,1.9646799116997793,0.0,0.0,0,0.08,-0.518,52.3696,4.88715,31.0,22.0,27180.0,0.0,1.01586,0.00018,0.0,0.0,0.5
YGL014W,1,0.0,0.1783502723492863,1.8654863942446226e-08,0.0,1.0,0.0,0.0,1,0.06419,-0.55214,50.92038,6.13275,86.0,73.0,46645.0,0.0,0.47696,6e-05,0.6832615929899515,0.0,0.5
YHR186C,1,0.0,0.1783502723492863,1.8654863942446226e-08,0.0,1.0,0.0,0.0,1,0.09313,-0.40559,45.80022,7.90594,164.0,167.0,206925.0,0.0,1.16507,4e-05,0.3167384070100485,0.0,0.5
YIR014W,2,0.0016730776281381377,0.19870233971817663,2.6371448584032486e-07,0.0,1.919908466819222,0.0,0.0,0,0.07851,0.25083,36.88554,5.08759,31.0,23.0,25285.0,0.0,0.91612,0.00018,0.0,0.0,0.5
YIR024C,1,0.0,0.1783502723492863,1.8654863942446226e-08,0.0,1.0,0.0,0.0,0,0.04167,-0.3963,26.35972,8.84137,37.0,40.0,8480.0,0.0,0.34476,0.00036,0.0,0.0,0.5
YJR023C,1,0.0,0.1783502723492863,1.8654863942446226e-08,0.0,1.0,0.0,0.0,1,0.12782,1.1594,39.5,10.69659,1.0,11.0,7700.0,0.0,0.50387,0.0007,0.6832615929899515,0.0,0.5
YKL133C,1,0.0,0.1783502723492863,1.8654863942446226e-08,0.0,1.0,0.0,0.0,0,0.10799,-0.53045,41.39315,9.11945,60.0,72.0,75915.0,0.0,1.39326,0.00017,0.0,0.0,0.5
YKR031C,1,0.0,0.1783502723492863,1.8654863942446226e-08,0.0,1.0,0.0,0.0,0,0.08972,-0.72989,41.63506,7.26105,237.0,235.0,235540.0,0.0,1.20665,4e-05,0.0,0.0,0.5
YKR054C,6,0.006248730600532718,0.19572308708214797,3.562578873048251e-08,0.06666666666666667,4.561025641025641,0.0,0.0,0,0.09555,-0.19765,40.9783,5.90216,544.0,485.0,476425.0,0.0,1.01078,1e-05,0.0,0.0,0.5
YLR451W,1,0.0,0.1783502723492863,1.8654863942446226e-08,0.0,1.0,1.0,0.0,0,0.08014,-0.42856,48.72032,5.78058,111.0,98.0,100990.0,0.0,1.00837,6e-05,0.0,0.0,0.5
YML112W,3,0.0007937877480586713,0.17841484522124476,1.8708740045418746e-08,0.3333333333333333,1.9307774227902024,0.3333333333333333,8.833333333333332,0,0.09797,-0.66689,38.73044,5.88055,43.0,36.0,41870.0,0.0,1.20286,0.00017,0.0,0.0,0.5
YOL151W,1,0.0,0.1783502723492863,1.8654863942446226e-08,0.0,1.0,0.5,0.0,0,0.09064,-0.26579,35.33684,5.77899,49.0,42.0,25940.0,0.0,0.67961,0.00015,0.0,0.0,0.5
YOR093C,1,0.0,0.1783502723492863,1.8654863942446226e-08,0.0,1.0,0.0,0.0,0,0.08738,-0.20085,40.6031,8.74738,170.0,192.0,161460.0,0.0,0.86386,5e-05,0.0,0.0,0.5
YOR124C,1,0.0,0.1783502723492863,1.8654863942446226e-08,0.0,1.0,0.0,0.0,0,0.09591,-0.53939,38.49634,5.07892,196.0,147.0,131015.0,0.0,0.8952,3e-05,0.0,0.0,0.5
YJR065C,7,0.0007050672266699976,0.19189322527300545,1.6995328917407049e-06,0.6666666666666666,2.9528415961305927,0.0,10.889754689754689,1,0.10468,-0.25679,32.20403,5.56769,51.0,44.0,50475.0,0.0,1.01885,0.00011,0.6832615929899515,0.0,0.5
YPL090C,57,0.0047018147109168,0.18237668486346337,0.006704564744094818,0.9655388471177945,8.044167610419025,0.3333333333333333,54.327777777777776,0,0.05932,-0.77119,37.35763,10.44452,29.0,56.0,7575.0,0.0,0.2806,0.00039,0.0,0.0,0.5
YBR217W,3,0.0,0.00129366106080207,2.52852098003494e-13,0.0,2.356812933025404,0.0,2.4,0,0.06452,-0.61882,65.34624,6.31891,22.0,21.0,11835.0,0.0,0.56075,0.0003,0.0,0.0,0.5
YDR022C,1,0.0,0.000776196636481242,1.4598630563975314e-13,0.0,1.0,0.0,0.0,0,0.06122,-0.67245,35.2602,4.03241,43.0,15.0,10555.0,0.0,0.47565,0.00018,0.0,0.0,0.5
YGL078C,1,0.0,0.000776196636481242,1.4598630563975314e-13,0.0,1.0,0.5,0.0,0,0.06119,-0.59656,27.0417,9.15363,76.0,89.0,30745.0,0.0,0.52264,0.00016,0.0,0.0,0.5
YLR424W,1,0.0,0.000776196636481242,1.4598630563975314e-13,0.0,1.0,0.5,0.0,1,0.10734,-0.49054,40.8414,5.14056,120.0,90.0,120180.0,0.0,1.44712,6e-05,0.3167384070100485,0.19390444008233815,0.5969522200411691
YHR171W,3,0.0007937877480586713,0.14093573645104476,1.8233230385453614e-10,0.0,3.0,0.0,2.6666666666666665,0,0.09048,-0.1373,37.53208,5.88739,81.0,72.0,79100.0,0.0,1.10742,8e-05,0.0,0.0,0.5
YNL255C,1,0.0,0.12225561061863872,1.1381087616880853e-11,0.0,1.0,0.0,0.0,0,0.05882,-0.8085,56.33203,8.18976,17.0,21.0,11565.0,0.0,0.67618,0.00048,0.0,0.0,0.5
YKL134C,1,0.0,0.12225561061863872,1.1381087616880853e-11,0.0,1.0,0.0,0.0,0,0.09974,-0.38135,34.8614,7.49445,94.0,95.0,89335.0,0.0,1.01308,8e-05,0.0,0.0,0.5
YDL137W,1,0.0,0.00043122035360068997,1.526654176624869e-14,0.0,1.0,0.0,0.0,0,0.09945,-0.27403,41.16575,6.75055,21.0,21.0,36565.0,0.0,1.77007,0.00033,0.0,0.0,0.5
YDR007W,1,0.0,0.00043122035360068997,1.526654176624869e-14,0.0,1.0,0.0,0.0,0,0.06696,-0.08437,38.15491,5.26007,27.0,22.0,22960.0,0.0,0.95095,0.00022,0.0,0.0,0.5
YPL051W,3,0.0,0.00129366106080207,2.52852098003494e-13,0.0,0.0,0.0,2.0,0,0.08081,-0.34141,52.59949,5.99176,29.0,27.0,31190.0,0.0,1.36906,0.00026,0.0,0.0,0.0
YER044C,1,0.0,0.000776196636481242,1.4598630563975314e-13,0.0,0.0,0.5,0.0,0,0.16892,0.33108,33.00209,9.41998,8.0,14.0,35660.0,0.0,2.08112,0.00055,0.0,0.0,0.0
YGL183C,1,0.0,0.000776196636481242,1.4598630563975314e-13,0.0,0.0,1.0,0.0,0,0.09132,-0.78128,53.13384,9.45673,32.0,46.0,23420.0,0.0,0.8979,0.00036,0.0,0.0,0.0
YGR242W,1,0.0,0.000776196636481242,1.4598630563975314e-13,0.0,0.0,0.0,0.0,0,0.12745,0.57157,39.07843,6.0921,8.0,8.0,14815.0,0.0,1.28264,0.00053,0.0,0.0,0.0
YJL115W,6,0.001351524030859492,0.17627680289789951,4.655420861242233e-07,0.2,1.2375757575757576,1.0,3.825,0,0.05735,-1.07814,75.08172,3.87701,93.0,23.0,21680.0,0.0,0.68601,0.00012,0.0,0.0,0.5
YMR200W,2,0.0007592463029727239,0.1778193243125225,1.776962559306574e-05,0.0,1.2172949002217295,0.5,0.0,1,0.12891,-0.4543,40.2934,5.43781,25.0,21.0,50685.0,0.0,1.75332,0.00019,0.6832615929899515,0.2887195853553551,0.618590649358165
YLR399C,4,0.001190681622088007,0.15356241897821069,9.203284184030106e-07,0.0,1.651190476190476,1.0,0.0,0,0.05539,-0.94125,55.892,5.74701,108.0,98.0,41050.0,0.0,0.53328,7e-05,0.0,0.0,0.5
YIL002C,1,0.0,0.13164544246338825,2.6172679635510684e-08,0.0,1.0,0.0,0.0,0,0.11205,-0.35846,39.29622,6.29181,129.0,122.0,139800.0,0.0,1.28933,6e-05,0.0,0.0,0.5
YDR410C,1,0.0,0.13164544246338825,2.6172679635510684e-08,0.0,0.0,0.0,0.0,0,0.16736,0.33305,35.73054,7.77228,20.0,21.0,41745.0,0.0,1.49692,0.00028,0.0,0.0,0.0
YNL244C,14,0.0036186215198680833,0.18413145352679236,3.233843804871585e-05,0.32967032967032966,12.62211055276382,0.0,54.595238095238095,1,0.06481,-0.54167,50.84259,7.76288,15.0,16.0,3230.0,0.0,0.26235,0.00063,0.6832615929899515,0.0,0.5
YOR338W,1,0.0,0.13164544246338825,2.6172679635510684e-08,0.0,0.0,0.0,0.0,0,0.07163,-0.73609,63.26915,9.83234,40.0,60.0,37275.0,0.0,0.88521,0.00023,0.0,0.0,0.0
YGL233W,11,0.0027862364921530064,0.20713821038296681,1.0009428321084375e-06,0.3090909090909091,2.855472901168969,0.0,3.0416666666666665,1,0.0989,-0.23714,40.4054,4.80035,134.0,93.0,78115.0,0.0,0.74351,5e-05,0.3167384070100485,0.0,0.5
YEL043W,8,0.006657127641661651,0.2081004233534958,3.088459364696823e-07,0.14285714285714285,2.826219512195122,0.0,5.041666666666666,0,0.05858,-0.684,53.99196,7.67609,93.0,94.0,88405.0,0.0,0.83297,7e-05,0.0,0.0,0.5
YGR134W,1,0.0,0.1769890643803818,2.4115035611780045e-07,0.0,1.0,0.5,0.0,0,0.09893,-0.30392,46.8552,4.97711,165.0,115.0,125985.0,0.0,0.97831,4e-05,0.0,0.0,0.5
YGR261C,5,0.003997502982079425,0.1763241085968613,2.2148967050273767e-07,0.4,1.0,0.0,0.0,0,0.08529,-0.27763,40.49717,5.57074,106.0,90.0,85160.0,0.0,0.92963,6e-05,0.0,0.0,0.5
YPL161C,15,0.004244694846305286,0.2052188662159617,5.395150319978942e-07,0.05714285714285714,11.133264462809917,0.0,32.666666666666664,0,0.07109,0.01485,41.78611,4.91693,80.0,60.0,40935.0,0.0,0.57661,7e-05,0.0,0.0,0.5
YJR076C,11,0.0027551102449006847,0.2026866025711375,2.716345667985796e-07,0.07272727272727272,7.675619834710743,0.0,3.705882352941176,1,0.06265,-0.58145,56.18169,4.93683,73.0,51.0,29255.0,0.0,0.61398,0.0001,0.6832615929899515,0.0,0.5
YLL038C,2,0.0005030771180588884,0.1855003961984107,4.665962315897688e-07,0.0,1.0,0.0,0.0,0,0.05263,-0.75992,47.48138,9.37946,33.0,39.0,10095.0,0.0,0.35708,0.00033,0.0,0.0,0.5
YDR218C,1,0.0,0.16786980156739162,8.832458871926832e-09,0.0,1.0,0.0,0.8571428571428571,0,0.06856,-0.66336,37.05272,5.62238,67.0,58.0,31455.0,0.0,0.65269,0.00012,0.0,0.0,0.5
YDL064W,4,0.0005697353547991109,0.18082076965455574,1.5231440110457726e-08,0.3333333333333333,3.8413793103448275,1.0,5.843137254901961,1,0.11465,-0.79172,65.43516,9.2431,17.0,23.0,39670.0,0.0,2.21481,0.00052,0.6832615929899515,0.40591527534130006,0.5528345735408334
YER158C,3,0.0006282416607876162,0.17984737317557592,2.357303732380023e-08,0.0,1.3257575757575757,0.0,0.0,0,0.06457,-0.91065,66.37175,9.86127,48.0,73.0,39350.0,0.0,0.61763,0.00015,0.0,0.0,0.5
YER114C,10,0.009368871719247086,0.21679797734319314,3.875450492041668e-07,0.08888888888888889,5.9937106918239,0.0,27.25,0,0.06827,-0.87183,53.98192,8.79584,135.0,143.0,74510.0,0.0,0.64407,8e-05,0.0,0.0,0.5
YOR370C,4,0.001317034038171973,0.19846226439833992,2.5530477432695516e-07,0.16666666666666666,1.0,0.0,0.6,1,0.10448,-0.27181,36.3005,4.64325,87.0,53.0,68270.0,0.0,1.01331,7e-05,0.6832615929899515,0.0,0.5
YOR188W,2,1.8446597866063134e-05,0.1871560206992321,2.5598772760512306e-07,0.0,1.3743218806509945,0.0,0.0,0,0.08619,-0.87687,58.17785,8.96368,131.0,148.0,123870.0,0.0,0.95307,7e-05,0.0,0.0,0.5
YIR039C,2,0.001312164125208561,0.17961793420852126,7.333512097004341e-09,0.0,1.647764449291167,0.0,0.0,0,0.12663,-0.02104,34.39963,4.10699,56.0,24.0,63440.0,0.0,1.08979,7e-05,0.0,0.0,0.5
YKL092C,4,0.0013430433102619437,0.18902255561989953,2.5546660396339247e-07,0.0,1.0,0.0,0.0,0,0.08424,-0.4269,41.92945,8.90167,134.0,150.0,121250.0,0.0,0.95728,7e-05,0.0,0.0,0.5
YIL117C,1,0.0,0.15687442976556404,3.4433868629354552e-09,0.0,0.0,0.0,0.0,0,0.06289,-0.43522,51.79374,6.61127,31.0,30.0,24410.0,0.0,0.70447,0.00019,0.0,0.0,0.0
YPL095C,1,0.0,0.15687442976556404,3.4433868629354552e-09,0.0,0.0,0.0,0.0,0,0.11623,-0.39978,25.50618,7.26605,51.0,51.0,77070.0,0.0,1.49005,0.00014,0.0,0.0,0.0
YOR299W,4,0.0008023084910487845,0.1775310465643801,2.6657684911513174e-07,0.0,1.71900826446281,0.0,0.0,0,0.08713,-0.16488,44.97803,5.04059,91.0,68.0,95865.0,0.0,1.1301,6e-05,0.0,0.0,0.5
YGL095C,1,0.0,0.14887667749277284,3.728682986129094e-09,0.0,1.0,0.0,0.0,0,0.08666,-0.45615,40.51128,5.90106,84.0,76.0,45435.0,0.0,0.67797,9e-05,0.0,0.0,0.5
YKL082C,5,0.0004858877839244496,0.1913901553553075,7.054574082938827e-08,0.3,0.0,0.5,4.688636363636364,1,0.03226,-1.45853,56.94954,9.57111,91.0,116.0,22460.0,0.0,0.44492,0.00019,0.6832615929899515,0.2887195853553551,0.5
YMR293C,1,0.0,0.14887667749277284,3.728682986129094e-09,0.0,0.0,0.0,0.0,0,0.08405,-0.13254,41.69052,8.74847,50.0,56.0,26080.0,0.0,0.5122,0.00017,0.0,0.0,0.0
YKL007W,2,6.084715477020276e-05,0.19039188737605645,2.7416102631839664e-07,0.0,0.0,0.0,0.0,0,0.10448,-0.53172,46.09179,5.17731,40.0,30.0,34630.0,0.0,1.12805,0.00017,0.0,0.0,0.0
YOR284W,7,0.001171296339274434,0.20936029846036242,1.9133470124738707e-05,0.3333333333333333,3.618101545253863,0.0,0.0,0,0.09053,-0.41358,58.4716,9.04877,27.0,33.0,22265.0,0.0,0.7836,0.00032,0.0,0.0,0.5
YBR130C,2,0.00020586160314122202,0.18128641681268393,7.530430209913166e-09,0.0,1.9793939393939395,0.5,0.0,0,0.03294,-0.908,51.90896,8.74249,51.0,55.0,17545.0,0.0,0.37002,0.00018,0.0,0.0,0.5
YJL008C,8,0.007652034827860186,0.16784121338592578,9.864346554466154e-09,0.75,7.5965665236051505,0.0,7.0,1,0.04049,-0.08944,32.64806,5.51996,75.0,63.0,22640.0,0.0,0.36717,9e-05,0.6832615929899515,0.0,0.5
YLR206W,2,0.0006457396825599141,0.18004450219257512,7.016997517968784e-08,0.0,1.0,0.0,0.0,0,0.07667,-1.37259,77.32073,5.32037,71.0,59.0,52510.0,0.0,0.73127,7e-05,0.0,0.0,0.5
YGR221C,2,0.0005664948848690438,0.18567513281879353,4.557835699208527e-07,0.0,0.0,0.0,0.0,0,0.07717,-0.69855,61.0095,6.04816,69.0,61.0,45575.0,0.0,0.65604,9e-05,0.0,0.0,0.0
YIL079C,2,0.0007132081129248012,0.17409708620423178,3.200858535399612e-07,0.0,1.864516129032258,0.5,0.0,0,0.10833,-1.22167,51.94389,9.16937,41.0,58.0,46810.0,0.0,1.12442,0.00022,0.0,0.0,0.5
YER059W,1,0.0,0.16951558393569938,1.0399576122979214e-08,0.0,1.0,0.5,33.0,0,0.06429,-0.71095,45.0155,5.8266,51.0,45.0,24005.0,0.0,0.51067,0.00012,0.0,0.0,0.5
YIL050W,1,0.0,0.16951558393569938,1.0399576122979214e-08,0.0,1.0,0.0,0.0,0,0.08421,-0.22667,45.02814,5.02863,36.0,25.0,19535.0,0.0,0.60977,0.00016,0.0,0.0,0.5
YNL309W,5,0.001103640441111425,0.1860431533746401,3.38380870661324e-08,0.3,3.232941176470588,0.5,25.04,0,0.0381,-0.90381,55.79452,9.48431,38.0,47.0,10430.0,0.0,0.22831,0.00021,0.0,0.0,0.5
YKL014C,1,0.0,0.16951558393569938,1.0399576122979214e-08,0.0,1.0,0.5,0.0,1,0.10601,-0.17387,39.67271,6.96503,205.0,203.0,240695.0,0.0,1.18403,3e-05,0.3167384070100485,0.19390444008233815,0.5969522200411691
YKR077W,2,0.00025541633005912387,0.1793564340313296,3.214819712108485e-08,0.0,0.0,0.0,0.0,0,0.05785,-0.60028,59.00716,10.0788,22.0,39.0,14440.0,0.0,0.36225,0.00025,0.0,0.0,0.0
YBL103C,5,0.0008841617501040228,0.16476863746587914,2.1604407758168216e-08,0.1,3.557651991614256,1.0,0.0,0,0.06173,-0.82449,54.65947,5.52606,63.0,46.0,29340.0,0.0,0.54194,0.0001,0.0,0.0,0.5
YDL126C,2,0.00030574455524326444,0.1680272108093353,4.814971857188809e-07,0.0,1.0,0.5,0.0,1,0.05868,-0.36647,30.8278,4.82318,142.0,100.0,43820.0,0.0,0.47633,5e-05,0.3167384070100485,0.19390444008233815,0.5969522200411691
YDR274C,1,0.0,0.15607943701039767,4.223488242918344e-09,0.0,1.0,0.0,0.0,0,0.13821,0.12846,51.15854,10.90668,4.0,16.0,8980.0,0.0,0.64479,0.00078,0.0,0.0,0.5
YIL084C,2,0.0017101608711461284,0.1820734537229182,2.1208032396353216e-08,0.0,1.929881337648328,1.0,0.0,0,0.07645,-1.25657,48.88963,8.86237,50.0,54.0,24995.0,0.0,0.66432,0.00024,0.0,0.0,0.5
YJL036W,1,0.0,0.1617003453654071,1.7757951930107324e-09,0.0,1.0,0.0,0.0,0,0.08983,-0.76241,38.34449,6.07086,71.0,65.0,40715.0,0.0,0.83089,0.00012,0.0,0.0,0.5
YNL234W,2,0.00045515945735652305,0.16503074430712594,1.8661248159746175e-09,0.0,1.9814126394052045,0.0,0.0,0,0.06808,-0.48944,39.95073,8.61176,46.0,50.0,30870.0,0.0,0.64552,0.00018,0.0,0.0,0.5
YNL087W,1,0.0,0.1367888417768433,9.032968259881379e-11,0.0,1.0,0.0,0.0,0,0.09083,-0.28039,30.54127,8.65131,142.0,152.0,147110.0,0.0,1.1102,7e-05,0.0,0.0,0.5
YPR120C,13,0.010004769287889273,0.20237445687929284,1.2709785381622823e-06,0.01282051282051282,5.592378752886836,0.0,1.625,1,0.09425,-0.58299,56.83356,6.58344,60.0,58.0,56560.0,0.0,1.12154,0.00013,0.6832615929899515,0.0,0.5
YMR232W,1,0.0,0.16596170834422094,2.1748621057740572e-08,0.0,0.0,0.0,0.0,0,0.09453,-0.51581,44.67566,8.98553,85.0,100.0,73450.0,0.0,0.92932,0.00011,0.0,0.0,0.0
YPL269W,2,0.0008499644891884169,0.1698661849366005,2.519280762507089e-08,0.0,0.0,0.3333333333333333,0.0,0,0.07143,-0.57174,52.03573,8.64374,88.0,93.0,54235.0,0.0,0.7305,0.00012,0.0,0.0,0.0
YDR122W,1,0.0,0.16596170834422094,2.1748621057740572e-08,0.0,1.0,0.0,0.0,0,0.06673,-0.70367,53.62134,8.80731,129.0,139.0,72950.0,0.0,0.60757,7e-05,0.0,0.0,0.5
YMR036C,1,0.0,0.16596170834422094,2.1748621057740572e-08,0.0,1.0,0.0,0.0,0,0.09025,-0.88267,66.9015,7.26422,70.0,70.0,23600.0,0.0,0.37249,0.00011,0.0,0.0,0.5
YDR130C,5,0.002029812745165806,0.190797329397378,2.406028156517508e-06,0.1,3.1787916152897657,0.2,6.461538461538462,1,0.03436,-0.86804,67.66564,9.82062,35.0,51.0,1740.0,0.0,0.05243,0.0003,0.6832615929899515,0.15471330315111406,0.5243352383350569
YJL048C,1,0.0,0.16596170834422094,2.1748621057740572e-08,0.0,0.0,0.0,0.0,0,0.09596,-0.68737,44.75429,8.64984,39.0,43.0,65820.0,0.0,1.46215,0.00019,0.0,0.0,0.0
YOR066W,1,0.0,0.16596170834422094,2.1748621057740572e-08,0.0,0.0,0.0,0.0,0,0.05405,-0.74913,63.28951,9.96893,39.0,68.0,23295.0,0.0,0.33913,0.00015,0.0,0.0,0.0
YOR264W,1,0.0,0.16596170834422094,2.1748621057740572e-08,0.0,1.0,0.0,0.0,0,0.04651,-0.55488,56.77953,6.63531,62.0,61.0,18670.0,0.0,0.38816,0.00014,0.0,0.0,0.5
YOR269W,6,0.0008681263238943314,0.17759502748034167,7.966315143279507e-09,0.06666666666666667,5.291397849462365,0.3333333333333333,0.0,0,0.09312,-0.36215,28.89838,7.31879,52.0,52.0,100140.0,0.0,1.75993,0.00013,0.0,0.0,0.5
YPL014W,1,0.0,0.16402822751138488,3.7725835967559496e-09,0.0,1.0,0.5,0.0,0,0.06562,-0.61181,57.70318,9.02753,30.0,35.0,23420.0,0.0,0.55136,0.00021,0.0,0.0,0.5
YML095CA,1,0.0,0.17209072900334488,1.7762978695235182e-05,0.0,0.0,0.0,0.0,0,0.0,0.0,0.0,0.0,0.0,0.0,0.0,0.0,0.0,0.0,0.0,0.0,0.0
YMR111C,1,0.0,0.17209072900334488,1.7762978695235182e-05,0.0,1.0,0.0,0.0,0,0.0671,-0.93615,38.9184,6.5545,67.0,65.0,32110.0,0.0,0.61314,0.00013,0.0,0.0,0.5
YDL186W,2,0.0005758900314599367,0.1850128787313978,4.462616430125992e-07,0.0,1.7490774907749078,0.0,0.0,0,0.09747,-0.9361,73.26498,5.45428,41.0,32.0,32930.0,0.0,1.02277,0.00017,0.0,0.0,0.5
YHR182W,1,0.0,0.1733163817817913,4.443063238437998e-07,0.0,1.0,0.0,0.0,0,0.0879,-0.55694,43.04385,5.99127,109.0,100.0,75550.0,0.0,0.83844,7e-05,0.0,0.0,0.5
YOR324C,3,0.00452352017067605,0.18639500803823283,5.013719741461029e-07,0.0,2.799081515499426,0.5,0.0,0,0.07143,-0.61844,54.90002,9.40399,64.0,79.0,22975.0,0.0,0.34142,0.00014,0.0,0.0,0.5
YHR039CA,15,0.0005842011742779727,0.17083785838137563,2.1633291864358162e-07,0.8666666666666667,0.0,0.0,61.35194805194806,0,0.0,0.0,0.0,0.0,0.0,0.0,0.0,0.0,0.0,0.0,0.0,0.0,0.0
YKL057C,10,0.0014211976350282567,0.1963665281932967,3.0982051902891756e-06,0.5111111111111111,7.703626943005181,0.25,24.1510989010989,0,0.12825,-0.11794,41.2771,5.03241,130.0,86.0,134730.0,0.0,1.11859,4e-05,0.0,0.0,0.5
YLR429W,3,0.0011710975490331567,0.1945639334719487,1.1201842464798021e-06,0.0,2.7955271565495208,0.0,0.0,0,0.0722,-0.72627,46.12998,5.63849,104.0,91.0,70360.0,0.0,0.96978,8e-05,0.0,0.0,0.5
YPL032C,2,5.2604371784621874e-05,0.16469980030116246,2.0559126249530943e-08,0.0,1.675,0.0,0.0,0,0.06424,-0.64242,57.50668,8.79547,73.0,79.0,37735.0,0.0,0.40953,0.0001,0.0,0.0,0.5
YNL094W,17,0.015550155133668734,0.22100316291112368,8.887728183560535e-05,0.022058823529411766,13.043043043043044,0.0,0.0,0,0.08518,-0.59046,52.27157,5.83295,71.0,64.0,55405.0,0.0,0.83777,9e-05,0.0,0.0,0.5
YNL027W,6,0.0018395327746952937,0.1872627028314946,4.585265280860926e-07,0.06666666666666667,1.8263473053892216,0.5,0.0,0,0.0649,-1.09425,49.39823,5.74945,90.0,78.0,41675.0,0.0,0.5462,8e-05,0.0,0.0,0.5
YHR207C,1,0.0,0.15566036563249722,5.958895203337177e-09,0.0,0.0,0.5,0.0,0,0.08555,-0.64202,30.03232,6.02972,85.0,75.0,73725.0,0.0,1.21766,0.0001,0.0,0.0,0.0
YNR018W,1,0.0,0.15566036563249722,5.958895203337177e-09,0.0,0.0,0.0,0.0,0,0.08929,-0.3933,43.35223,9.47589,25.0,33.0,43555.0,0.0,1.71857,0.00037,0.0,0.0,0.0
YGR005C,3,0.0017144816155646937,0.1785117922481717,5.431322283195681e-07,0.3333333333333333,2.693877551020408,1.0,0.25,1,0.065,-1.09125,45.58925,6.71698,73.0,72.0,39225.0,0.0,0.84165,0.00014,0.6832615929899515,0.40591527534130006,0.5753403351959232
YHR191C,2,0.0013788812029899623,0.15107896144740648,1.639238904986641e-08,0.0,1.0,1.0,0.0,0,0.06015,-0.39925,38.65865,7.95013,19.0,20.0,6990.0,0.0,0.46082,0.00052,0.0,0.0,0.5
YCR054C,2,0.0007109960838914784,0.18929484394548277,5.327682448446384e-06,0.0,1.5460358056265984,0.0,0.0,1,0.10124,-0.19751,38.75506,4.84125,84.0,57.0,52060.0,0.0,0.79841,7e-05,0.6832615929899515,0.0,0.5
YMR032W,13,0.011203387615349138,0.22152474825852014,2.205306821851656e-06,0.0641025641025641,10.814049586776859,0.0,2.0404040404040407,1,0.06876,-0.81001,56.45202,9.1236,84.0,96.0,67310.0,0.0,0.88327,0.00012,0.6832615929899515,0.0,0.5
YDL097C,36,0.0007786681526105329,0.1996280342317513,0.00018700769959773615,0.9444444444444444,28.124242424242425,0.0,270.85,1,0.09217,-0.37949,40.75071,5.89679,63.0,56.0,40520.0,0.0,0.81409,0.00012,0.6832615929899515,0.0,0.5
YCR027C,1,0.0,0.17171593431521145,1.7612634410216092e-05,0.0,1.0,0.0,0.0,0,0.06699,-0.16459,40.05694,5.80707,27.0,25.0,15065.0,0.0,0.64553,0.00025,0.0,0.0,0.5
YNL013C,1,0.0,0.17171593431521145,1.7612634410216092e-05,0.0,1.0,0.0,0.0,0,0.176,0.4096,26.2608,10.44684,5.0,16.0,7490.0,0.0,0.50024,0.0007,0.0,0.0,0.5
YDL101C,5,0.0014696002217152336,0.17283009294207033,2.4207903225750653e-07,0.0,2.6030927835051547,1.0,6.0,0,0.08382,-0.54172,48.57175,7.96149,66.0,68.0,46840.0,0.0,0.79888,0.00014,0.0,0.0,0.5
YBR205W,5,0.0032813617949579185,0.19113034131720277,1.78199608732157e-05,0.1,2.416176470588235,0.0,0.0,0,0.15842,-0.42723,38.71611,8.88959,48.0,56.0,89685.0,0.0,1.88883,0.00019,0.0,0.0,0.5
YDR051C,1,0.0,0.14555658026911183,3.4441866269652496e-09,0.0,0.0,0.5,6.0,0,0.10479,-0.74281,33.52907,6.87506,50.0,49.0,44975.0,0.0,1.14815,0.00018,0.0,0.0,0.0
YJR113C,1,0.0,0.00043122035360068997,1.526654176624869e-14,0.0,1.0,0.0,0.0,0,0.06073,-0.43279,43.21296,9.75568,24.0,36.0,35325.0,0.0,1.26996,0.00035,0.0,0.0,0.5
YKL048C,1,0.0,0.00043122035360068997,1.526654176624869e-14,0.0,1.0,0.0,0.6153846153846154,0,0.07187,-0.48656,49.15688,8.36261,78.0,83.0,70620.0,0.0,0.97881,0.00012,0.0,0.0,0.5
YBR102C,5,0.0016658829204177293,0.2008485031591922,3.0577778021186615e-07,0.0,2.83030303030303,0.0,0.0,1,0.0571,-0.62683,49.90173,7.99091,99.0,101.0,40630.0,0.0,0.475,9e-05,0.6832615929899515,0.0,0.5
YNR046W,1,0.0,0.16493408166716694,4.596694719285347e-09,0.0,0.0,0.5,0.0,1,0.07407,-0.08148,39.8163,4.60699,17.0,9.0,10595.0,0.0,0.70323,0.00031,0.6832615929899515,0.2887195853553551,0.5
YMR052W,1,0.0,0.00043122035360068997,1.526654176624869e-14,0.0,0.0,1.0,0.0,0,0.09314,-0.94167,50.59902,7.70563,33.0,34.0,24535.0,0.0,1.02094,0.00032,0.0,0.0,0.0
YJL184W,1,0.0,0.00043122035360068997,1.526654176624869e-14,0.0,0.0,0.5,0.0,1,0.04065,-1.00569,39.30163,4.71661,24.0,17.0,4470.0,0.0,0.32856,0.00035,0.6832615929899515,0.2887195853553551,0.5
YDR373W,1,0.0,0.1289498371061306,8.164534609604051e-11,0.0,0.0,0.0,0.0,1,0.13158,-0.37895,34.88789,4.8797,32.0,22.0,21680.0,0.0,0.98497,0.00022,0.6832615929899515,0.0,0.0
YML058W,3,0.0004775143185008304,0.18602559550814574,4.6684728539649535e-07,0.3333333333333333,2.8738647830474267,0.5,16.75,0,0.07692,-0.78846,48.60394,4.72467,14.0,9.0,8605.0,0.0,0.72714,0.0004,0.0,0.0,0.5
YFL034CB,2,0.00039689387402933567,0.16798425174742732,5.336779784859337e-06,0.0,0.0,0.0,0.0,0,0.0,0.0,0.0,0.0,0.0,0.0,0.0,0.0,0.0,0.0,0.0,0.0,0.0
YCL011C,1,0.0,0.14210418931614965,1.51542619154968e-07,0.0,0.0,0.5,0.0,0,0.09602,-0.96112,44.7007,5.95282,71.0,67.0,32610.0,0.0,0.66922,0.00012,0.0,0.0,0.0
YMR238W,2,0.0,0.17860884469049584,4.738227243941018e-08,1.0,0.0,0.0,3.5,0,0.12227,-0.1845,26.07402,4.5705,49.0,28.0,108510.0,0.0,2.14701,9e-05,0.0,0.0,0.0
YCR086W,5,0.005815004421226197,0.20947154197707887,3.127639871903878e-07,0.3,3.865641025641026,0.3333333333333333,6.428571428571429,0,0.08947,-0.63632,47.28742,5.10614,29.0,23.0,20525.0,0.0,0.94363,0.00023,0.0,0.0,0.5
YMR055C,5,0.0033018910942764048,0.186996225216233,5.063761898164853e-08,0.2,4.77116935483871,0.0,15.2,0,0.10131,-0.02157,40.6232,8.79547,27.0,32.0,36620.0,0.0,1.04547,0.00025,0.0,0.0,0.5
YJL030W,2,0.0005065060065297807,0.15236354719056291,1.1059070332135505e-09,0.0,0.0,1.0,0.0,0,0.10204,-0.35459,28.42041,5.23553,27.0,21.0,30160.0,0.0,1.35345,0.00023,0.0,0.0,0.0
YER122C,2,0.00024436942230497856,0.16569663836619974,7.356157864857135e-09,0.0,1.0,0.0,0.0,0,0.07911,-0.9929,29.70872,8.37006,66.0,69.0,30410.0,0.0,0.55198,0.00015,0.0,0.0,0.5
YBR128C,1,0.0,0.16565486259385764,7.597596016397992e-09,0.0,1.0,0.0,0.0,0,0.0843,-0.28227,39.73637,9.33466,34.0,49.0,47995.0,0.0,1.18643,0.00023,0.0,0.0,0.5
YJL080C,1,0.0,0.16565486259385764,7.597596016397992e-09,0.0,1.0,0.4,0.0,0,0.05401,-0.46227,41.2784,5.63763,186.0,164.0,62730.0,0.0,0.46533,4e-05,0.0,0.0,0.5
YBR116C,1,0.0,0.16565486259385764,7.597596016397992e-09,0.0,0.0,0.0,0.0,0,0.13143,0.20457,54.84863,9.03937,11.0,19.0,26690.0,0.0,1.32034,0.00045,0.0,0.0,0.0
YDR179C,1,0.0,0.16565486259385764,7.597596016397992e-09,0.0,1.0,0.5,0.0,0,0.09259,-0.58457,60.01667,5.0722,31.0,23.0,21805.0,0.0,1.11958,0.00026,0.0,0.0,0.5
YHL026C,1,0.0,0.16565486259385764,7.597596016397992e-09,0.0,1.0,0.0,0.0,0,0.13333,0.09333,48.96797,6.71002,28.0,27.0,58245.0,0.0,1.63074,0.00019,0.0,0.0,0.5
YMR069W,1,0.0,0.16565486259385764,7.597596016397992e-09,0.0,0.0,0.5,0.0,0,0.09474,-0.31965,43.23653,8.31989,33.0,36.0,34475.0,0.0,1.06623,0.00026,0.0,0.0,0.0
YGL181W,20,0.02259201511468614,0.2216492983250098,2.1358498493824677e-05,0.04736842105263158,15.975206611570249,1.0,0.0,0,0.09596,-0.86263,55.38997,7.04706,43.0,43.0,37985.0,0.0,0.8554,0.00016,0.0,0.0,0.5
YOR384W,1,0.0,0.1787060027202459,2.8565954524797225e-07,0.0,1.0,0.0,0.0,0,0.14265,0.02493,37.3196,8.82965,71.0,82.0,167660.0,0.0,2.08814,0.00011,0.0,0.0,0.5
YBR138C,1,0.0,0.1787060027202459,2.8565954524797225e-07,0.0,1.0,0.0,0.0,0,0.06489,-0.86718,53.47844,8.01312,71.0,73.0,45100.0,0.0,0.74585,0.00013,0.0,0.0,0.5
YBR272C,3,0.006300913989257597,0.20140259630165652,5.650844041839149e-06,0.0,2.793939393939394,0.0,0.0,0,0.1,-0.13333,39.43229,4.72711,81.0,55.0,50030.0,0.0,0.90076,9e-05,0.0,0.0,0.5
YAR018C,4,0.013105450476852694,0.19966847751259242,0.00012040908016061356,0.0,3.611587982832618,0.0,0.0,0,0.11034,-0.66598,49.70577,8.58246,56.0,61.0,67450.0,0.0,1.31731,0.00017,0.0,0.0,0.5
YLL019C,1,0.0,0.1787060027202459,2.8565954524797225e-07,0.0,1.0,0.0,0.0,0,0.08277,-0.55522,48.58848,8.742,80.0,89.0,80800.0,0.0,0.96372,0.0001,0.0,0.0,0.5
YHR086W,2,0.00022719780411499922,0.18130309142791687,2.9468388033811976e-07,0.0,1.9217391304347826,0.0,0.0,1,0.08987,-0.45239,32.44725,8.59113,29.0,33.0,56560.0,0.0,0.99278,0.00015,0.6832615929899515,0.0,0.5
YJL141C,3,0.002770239759673645,0.195257772164865,5.637554334748748e-06,0.0,2.8025751072961373,0.5,2.8,0,0.08922,-0.68327,54.83805,8.62225,71.0,79.0,92275.0,0.0,1.0113,9e-05,0.0,0.0,0.5
YAL004W,2,0.0009367424456871285,0.19758692963154695,3.0137128137741347e-07,0.0,1.4263233190271818,0.0,0.0,0,0.07907,-0.01814,24.21209,5.23712,21.0,14.0,27750.0,0.0,1.16895,0.00022,0.0,0.0,0.5
YGR241C,1,0.0,0.1787060027202459,2.8565954524797225e-07,0.0,1.0,0.0,0.0,0,0.06866,-0.65035,49.50775,6.28864,53.0,48.0,42415.0,0.0,0.65936,0.0001,0.0,0.0,0.5
YDR511W,1,0.0,0.1787060027202459,2.8565954524797225e-07,0.0,1.0,0.0,0.0,0,0.07519,-0.8188,53.08872,9.12531,17.0,20.0,18450.0,0.0,1.16899,0.00058,0.0,0.0,0.5
YER045C,2,0.0003731738931686413,0.18100341689663105,3.241892806294612e-07,0.0,1.8401442307692308,1.0,0.0,0,0.06135,-0.74376,62.88282,8.27423,44.0,47.0,34350.0,0.0,0.62922,0.00015,0.0,0.0,0.5
YFR024C,19,0.0037349598183825895,0.21056801730630406,5.8070623629891646e-06,0.09941520467836257,0.0,0.0,2.355555555555556,0,0.0,0.0,0.0,0.0,0.0,0.0,0.0,0.0,0.0,0.0,0.0,0.0,0.0
YPR171W,6,0.0023612891495632454,0.2118352724346386,1.839010851789171e-05,0.2,3.6826196473551636,0.0,2.0075757575757573,0,0.03819,-0.99514,59.8842,9.85248,69.0,104.0,19495.0,0.0,0.30148,0.00015,0.0,0.0,0.5
YMR106C,2,0.00014247078628156924,0.1602151678455915,5.137070430305554e-08,0.0,1.927346115035318,0.5,2.1538461538461537,0,0.06518,-0.42321,41.41781,5.14191,95.0,76.0,44695.0,0.0,0.62738,7e-05,0.0,0.0,0.5
YGR118W,57,0.002249225186655772,0.17880326650982512,0.006702421362179846,0.9649122807017544,0.0,0.0,54.327777777777776,0,0.0,0.0,0.0,0.0,0.0,0.0,0.0,0.0,0.0,0.0,0.0,0.0,0.0
YMR048W,1,0.0,0.15712452849775307,2.1419796702902144e-06,0.0,1.0,1.0,0.0,0,0.07256,-0.76751,43.17069,4.76947,62.0,41.0,28545.0,0.0,0.78519,0.00013,0.0,0.0,0.5
YDL125C,1,0.0,0.14214517992387052,1.5744074421902656e-10,0.0,0.0,0.0,0.0,0,0.07595,-0.19367,32.66456,6.43793,21.0,19.0,13200.0,0.0,0.74663,0.00036,0.0,0.0,0.0
YJL102W,1,0.0,0.14731892451452258,6.515009937700822e-09,0.0,1.0,0.0,0.0,0,0.06716,-0.28596,37.13065,6.06989,98.0,92.0,83655.0,0.0,0.91644,7e-05,0.0,0.0,0.5
YGL060W,1,0.0,0.14731892451452258,6.515009937700822e-09,0.0,1.0,0.0,0.0,0,0.0858,-0.1181,50.62215,5.1524,82.0,59.0,63730.0,0.0,0.8718,7e-05,0.0,0.0,0.5
YBR133C,4,0.009456750490902267,0.18929484394548277,1.3820724027270123e-06,0.0,2.738364779874214,0.0,7.0,0,0.09553,-0.3682,48.3803,5.92694,101.0,86.0,124690.0,0.0,1.31043,6e-05,0.0,0.0,0.5
YGL187C,8,0.007359792924935289,0.15723733328049716,1.905295750582909e-08,0.75,0.0,0.0,9.6,0,0.06452,-0.39742,35.74774,6.4129,19.0,18.0,18950.0,0.0,1.10545,0.00037,0.0,0.0,0.0
YNL106C,6,0.0016188298969390055,0.17994588369584738,4.7166216303049667e-07,0.0,4.834961997828447,0.0,0.0,0,0.08876,-0.50237,44.66738,8.79291,140.0,154.0,110850.0,0.0,0.8314,7e-05,0.0,0.0,0.5
YDL230W,1,0.0,0.15057117179774748,6.13698358748548e-09,0.0,1.0,0.0,0.0,0,0.10448,-0.53343,39.25406,8.16547,38.0,40.0,64455.0,0.0,1.65832,0.00021,0.0,0.0,0.5
YER104W,1,0.0,0.15057117179774748,6.13698358748548e-09,0.0,1.0,0.5,0.0,1,0.0625,-1.23173,78.70673,5.36053,37.0,29.0,18700.0,0.0,0.766,0.00022,0.6832615929899515,0.2887195853553551,0.6443597926776775
YPR173C,4,0.001235042007409127,0.16912288374125373,2.632424595758192e-07,0.16666666666666666,1.0,0.0,0.0,0,0.06865,-0.53684,34.68055,5.1225,70.0,58.0,40130.0,0.0,0.83306,0.00011,0.0,0.0,0.5
YPR188C,1,0.0,0.15057117179774748,6.13698358748548e-09,0.0,1.0,0.0,0.0,0,0.08589,-0.59202,36.94294,4.34711,35.0,16.0,8480.0,0.0,0.45788,0.00023,0.0,0.0,0.5
YOL065C,3,0.006188524590163935,0.15329967413317097,2.2116012615691728e-07,0.0,2.0,0.3333333333333333,0.0,0,0.11198,-0.27083,38.2737,7.54938,40.0,41.0,70455.0,0.0,1.60862,0.00017,0.0,0.0,0.5
YJL117W,1,0.0,0.13145229809965403,2.8003762848067595e-09,0.0,1.0,0.0,0.0,0,0.09325,0.00064,28.7981,9.61786,28.0,41.0,33015.0,0.0,0.9465,0.00028,0.0,0.0,0.5
YJR010CA,3,0.0007937877480586713,0.13148737309080863,2.802526839608222e-09,0.3333333333333333,0.0,0.0,0.0,0,0.0,0.0,0.0,0.0,0.0,0.0,0.0,0.0,0.0,0.0,0.0,0.0,0.0
YPL209C,5,0.0008303706067297763,0.18317323761772253,5.5558596874433e-07,0.2,1.4448484848484848,0.25,3.2857142857142856,1,0.08719,-0.66431,54.81717,9.72296,41.0,64.0,50225.0,0.0,1.16951,0.00023,0.6832615929899515,0.18303056670342058,0.5633390174204371
YOR084W,2,0.0001439565680258722,0.1735452729357556,1.6705452209691203e-08,0.0,1.0,0.0,0.0,0,0.0801,-0.30724,50.40594,8.39923,40.0,43.0,37775.0,0.0,0.86389,0.00019,0.0,0.0,0.5
YLR428C,1,0.0,0.17648197779607055,4.577637727774769e-07,0.0,0.0,0.0,0.0,0,0.15789,0.12544,47.90009,9.94513,5.0,13.0,17210.0,0.0,1.31052,0.00076,0.0,0.0,0.0
YAL032C,1,0.0,0.16240646041067086,3.4640486184523766e-08,0.0,1.0,1.0,0.0,1,0.05541,-0.82612,39.99815,9.14557,51.0,58.0,26025.0,0.0,0.61261,0.00022,0.6832615929899515,0.40591527534130006,0.70295763767065
YHR133C,1,0.0,0.17945440732013038,9.173353629753037e-07,0.0,1.0,0.5,0.0,0,0.13746,0.28488,33.29216,8.93781,21.0,26.0,34420.0,0.0,1.06848,0.00028,0.0,0.0,0.5
YJL151C,5,0.00015344468565189814,0.19662116808023064,1.8733852049564037e-05,0.2,2.930327868852459,0.0,1.8,0,0.08271,-0.36767,63.62406,4.93378,22.0,13.0,13075.0,0.0,0.86026,0.00032,0.0,0.0,0.5
YPL246C,5,0.00015344468565189814,0.19662116808023064,1.8733852049564037e-05,0.2,2.6296296296296298,0.0,0.0,0,0.14885,0.40153,28.96947,7.00446,19.0,19.0,61225.0,0.0,2.07548,0.00024,0.0,0.0,0.5
YDR460W,10,0.0009624824936068631,0.18449337420482145,1.7542658492819597e-05,0.7777777777777778,8.968051118210862,1.0,75.4,1,0.09346,-0.81059,41.67383,5.8609,60.0,56.0,24380.0,0.0,0.63943,0.00015,0.6832615929899515,0.40591527534130006,0.5226311865304287
YIL128W,4,0.001190681622088007,0.14492516800266983,1.4823716162062016e-08,0.0,2.500532481363152,1.0,2.0,0,0.09496,-0.00107,36.06348,5.64203,126.0,110.0,82305.0,0.0,0.6982,5e-05,0.0,0.0,0.5
YNL173C,1,0.0,0.12524635976644505,8.498514064712251e-10,0.0,1.0,0.0,0.0,0,0.06284,-0.90328,47.01861,5.69318,61.0,57.0,25440.0,0.0,0.63162,0.00014,0.0,0.0,0.5
YER068W,13,0.0015875754961173427,0.1718506721886933,3.3913879780683603e-07,0.8461538461538461,6.954819277108434,0.5,44.142857142857146,0,0.06814,-0.73356,43.80477,8.29413,58.0,62.0,46770.0,0.0,0.71565,0.00013,0.0,0.0,0.5
YPL064C,1,0.0,0.12524635976644505,8.498514064712251e-10,0.0,1.0,0.5,0.0,0,0.07641,-0.80631,56.19435,5.79694,56.0,53.0,35450.0,0.0,1.01212,0.00017,0.0,0.0,0.5
YPL191C,1,0.0,0.12524635976644505,8.498514064712251e-10,0.0,0.0,0.0,0.0,0,0.075,-0.40111,45.36639,5.54547,53.0,42.0,19075.0,0.0,0.46488,0.00014,0.0,0.0,0.0
YOR207C,13,0.0011738591191319673,0.1730728957770052,6.838960077554735e-07,0.8461538461538461,11.606122448979592,1.0,19.410714285714285,1,0.07485,-0.26118,41.20462,8.40448,137.0,145.0,95895.0,0.0,0.74076,6e-05,0.3167384070100485,0.24054770888719992,0.510362966182058
YDR095C,1,0.0,0.1499868520776375,3.1328436962958836e-09,0.0,0.0,0.0,0.0,0,0.07353,-0.45147,57.54485,10.3454,5.0,19.0,11960.0,0.0,0.78745,0.00068,0.0,0.0,0.0
YNL245C,1,0.0,0.1499868520776375,3.1328436962958836e-09,0.0,0.0,1.0,0.0,1,0.03911,-1.10503,41.05531,9.69672,26.0,38.0,20970.0,0.0,1.02925,0.00048,0.6832615929899515,0.40591527534130006,0.5
YOR087W,1,0.0,0.1499868520776375,3.1328436962958836e-09,0.0,1.0,0.0,0.0,0,0.11852,-0.09867,39.84861,5.22113,90.0,74.0,102775.0,0.0,1.31844,7e-05,0.0,0.0,0.5
YGR014W,2,0.0002342546504252359,0.1799623126088115,2.7450717463853034e-08,0.0,0.0,0.0,0.0,0,0.06049,-0.17167,61.0654,4.06317,88.0,27.0,82420.0,0.0,0.61917,3e-05,0.0,0.0,0.0
YNL293W,2,0.0013445283135467133,0.18392527852984158,2.159383531362564e-06,0.0,1.0,0.0,0.0,0,0.09637,-0.70348,42.63872,7.29742,85.0,85.0,95310.0,0.0,1.30565,0.0001,0.0,0.0,0.5
YOL112W,1,0.0,0.1710602455961392,8.850061612027818e-09,0.0,0.0,0.0,0.0,0,0.11992,-0.5061,46.1551,5.3869,76.0,66.0,88655.0,0.0,1.55284,9e-05,0.0,0.0,0.0
YPL093W,7,0.009079882413742146,0.20720353306047642,3.5240598002131234e-06,0.0,6.148958333333334,0.5,0.0,1,0.07264,-0.63292,48.86015,8.91376,98.0,108.0,45685.0,0.0,0.61397,0.00012,0.6832615929899515,0.2887195853553551,0.5234771134966238
YOR074C,1,0.0,0.16919546866989804,5.677025536173114e-08,0.0,1.0,0.5,0.0,1,0.10855,-0.51283,42.21385,6.66693,45.0,44.0,39015.0,0.0,1.11322,0.00019,0.6832615929899515,0.2887195853553551,0.6443597926776775
YLR359W,1,0.0,0.1830371631538966,2.480130624983862e-07,0.0,1.0,0.0,0.0,1,0.08091,-0.18859,41.71307,6.00909,65.0,58.0,53900.0,0.0,0.98881,0.00011,0.6832615929899515,0.0,0.5
YMR159C,2,0.0015948921835376476,0.1879949651887756,2.549341793237541e-07,0.0,1.804635761589404,0.0,1.5384615384615383,0,0.02,-0.924,48.74867,5.98907,28.0,26.0,5500.0,0.0,0.31935,0.00035,0.0,0.0,0.5
YHR129C,2,0.00039689387402933567,0.18307116281269734,2.48108553106991e-07,0.0,1.9473684210526316,0.0,0.0,0,0.08854,-0.17109,35.03802,5.39691,47.0,42.0,63215.0,0.0,1.47029,0.00013,0.0,0.0,0.5
YLL001W,1,0.0,0.1830371631538966,2.480130624983862e-07,0.0,1.0,0.0,0.0,0,0.05945,-0.36262,42.58099,5.35187,111.0,95.0,39530.0,0.0,0.46522,6e-05,0.0,0.0,0.5
YHR068W,1,0.0,0.1830371631538966,2.480130624983862e-07,0.0,1.0,0.0,0.0,1,0.07752,-0.23773,33.5491,5.50128,55.0,46.0,46255.0,0.0,1.07841,0.00013,0.6832615929899515,0.0,0.5
YOR326W,3,0.004350004273275845,0.18853440554799733,2.4916590239945006e-07,0.0,2.954314720812183,0.0,0.0,1,0.08577,-0.40388,43.33267,5.95331,216.0,196.0,176170.0,0.0,0.97505,3e-05,0.3167384070100485,0.0,0.5
YBL058W,1,0.0,0.1830371631538966,2.480130624983862e-07,0.0,1.0,0.5,0.0,0,0.07565,-0.96099,41.91586,4.888,67.0,48.0,34630.0,0.0,0.73702,0.0001,0.0,0.0,0.5
YMR096W,1,0.0,0.1830371631538966,2.480130624983862e-07,0.0,1.0,0.0,0.0,0,0.03704,0.02559,35.64545,5.40326,43.0,35.0,13115.0,0.0,0.41221,0.00017,0.0,0.0,0.5
YJR159W,1,0.0,0.1830371631538966,2.480130624983862e-07,0.0,1.0,0.0,0.0,0,0.08683,-0.02493,25.64426,6.46344,40.0,38.0,21610.0,0.0,0.56622,0.00017,0.0,0.0,0.5
YKL020C,2,0.00022349599858815578,0.18813851388797484,4.87288188500747e-07,0.0,2.0,0.0,15.6,0,0.07394,-0.52911,41.59797,6.22455,118.0,109.0,67320.0,0.0,0.55482,5e-05,0.0,0.0,0.5
YMR271C,1,0.0,0.1830371631538966,2.480130624983862e-07,0.0,0.0,0.0,0.0,0,0.08811,0.06608,33.15242,8.67975,22.0,25.0,12295.0,0.0,0.49556,0.00035,0.0,0.0,0.0
YOR229W,1,0.0,0.1830371631538966,2.480130624983862e-07,0.0,1.0,0.0,0.0,1,0.09422,-0.58051,37.23578,4.83539,71.0,46.0,58120.0,0.0,1.11876,9e-05,0.6832615929899515,0.0,0.5
YAL055W,1,0.0,0.1830371631538966,2.480130624983862e-07,0.0,1.0,0.0,0.0,0,0.06667,-0.29833,46.08611,8.55035,23.0,26.0,19075.0,0.0,0.95967,0.00043,0.0,0.0,0.5
YDR132C,1,0.0,0.1830371631538966,2.480130624983862e-07,0.0,1.0,0.5,0.0,0,0.11919,-0.43879,50.58404,7.05939,63.0,63.0,63815.0,0.0,1.11577,0.00012,0.0,0.0,0.5
YGL037C,1,0.0,0.1830371631538966,2.480130624983862e-07,0.0,1.0,0.3333333333333333,0.0,0,0.09259,-0.51389,27.12407,5.8056,33.0,25.0,42650.0,0.0,1.70648,0.00023,0.0,0.0,0.5
YKL061W,2,0.0014633273214799186,0.19970893718382088,2.7241314051059193e-07,0.0,1.7142857142857142,0.0,0.0,0,0.0885,-0.91947,52.82212,4.74042,25.0,18.0,13075.0,0.0,0.96701,0.00035,0.0,0.0,0.5
YKR064W,1,0.0,0.1830371631538966,2.480130624983862e-07,0.0,0.0,0.3333333333333333,0.0,0,0.12746,-0.3511,44.94458,6.43353,119.0,113.0,118840.0,0.0,1.16711,6e-05,0.0,0.0,0.0
YOL070C,1,0.0,0.1830371631538966,2.480130624983862e-07,0.0,1.0,0.0,0.0,0,0.03992,-0.90878,56.63713,5.64789,79.0,72.0,17880.0,0.0,0.31973,0.0001,0.0,0.0,0.5
YPR172W,1,0.0,0.1830371631538966,2.480130624983862e-07,0.0,1.0,0.5,0.0,0,0.08,-0.406,34.96105,6.10297,23.0,21.0,21680.0,0.0,0.96324,0.00027,0.0,0.0,0.5
YLL004W,22,0.0006207120419692236,0.17757902792831642,1.689734285419748e-06,0.7705627705627706,9.989395546129375,1.0,44.82269309637731,1,0.12013,-0.3388,48.26495,5.27032,91.0,70.0,58260.0,0.0,0.80831,7e-05,0.6832615929899515,0.40591527534130006,0.5203173091638453
YGL169W,1,0.0,0.14891041852416045,8.844445629770824e-08,0.0,0.0,0.3333333333333333,0.0,1,0.05634,-0.14061,37.27394,6.77142,50.0,49.0,23545.0,0.0,0.50593,0.00015,0.6832615929899515,0.2240360033604539,0.5
YAR020C,2,2.1570319240724764e-06,0.0008624407072013799,8.307145578275165e-14,0.0,0.0,0.0,0.0,0,0.0,0.0,0.0,0.0,0.0,0.0,0.0,0.0,0.0,0.0,0.0,0.0,0.0
YBR222C,1,0.0,0.0005749604714675866,5.874040484279281e-14,0.0,0.0,0.0,0.0,0,0.10129,-0.17127,31.37608,9.25079,49.0,62.0,38445.0,0.0,0.63558,0.00015,0.0,0.0,0.0
YDR455C,1,0.0,0.0005749604714675866,5.874040484279281e-14,0.0,0.0,0.0,0.0,0,0.05882,-0.01569,68.53824,6.23773,7.0,6.0,375.0,0.0,0.03508,0.00058,0.0,0.0,0.0
YDR113C,5,0.0030743514315794696,0.19343741020650757,2.758226454309348e-07,0.0,4.171772428884026,0.5,16.0,1,0.0429,-1.07131,59.79893,4.85675,68.0,49.0,13535.0,0.0,0.32351,0.00012,0.6832615929899515,0.2887195853553551,0.5346039471564116
YGR060W,3,0.0007937877480586713,0.15995514160547855,3.988572482807399e-09,0.0,2.842741935483871,0.5,0.0,1,0.18123,-0.10194,45.54178,8.17413,24.0,26.0,96425.0,0.0,2.64332,0.00022,0.6832615929899515,0.2887195853553551,0.5507818845164029
YMR257C,5,0.001192790340693515,0.1784633055685208,6.775060692593688e-07,0.0,3.982311320754717,0.0,0.0,0,0.12,-0.33825,37.89228,8.93951,96.0,112.0,117380.0,0.0,1.24183,9e-05,0.0,0.0,0.5
YKL143W,1,0.0,0.14953172583859142,9.024335149782424e-09,0.0,1.0,0.5,0.0,0,0.07775,-1.11857,50.80326,4.53485,113.0,66.0,29340.0,0.0,0.54954,8e-05,0.0,0.0,0.5
YMR233W,1,0.0,0.14953172583859142,9.024335149782424e-09,0.0,1.0,0.3333333333333333,0.0,0,0.03982,-0.88097,58.6646,9.46393,36.0,45.0,10095.0,0.0,0.38137,0.00036,0.0,0.0,0.5
YOR197W,4,0.001102008044424784,0.1901164361501073,3.5048748530533964e-05,0.0,1.9042735042735042,0.5,0.0,0,0.09028,-0.70833,42.01713,5.16449,41.0,31.0,50115.0,0.0,1.04446,0.00011,0.0,0.0,0.5
YGR123C,4,0.0008999066154363074,0.17368289805307183,2.1567325887593596e-06,0.0,3.8493150684931505,1.0,0.0,0,0.10721,-0.44795,31.24487,7.59369,65.0,66.0,35965.0,0.0,0.62015,0.00013,0.0,0.0,0.5
YMR008C,1,0.0,0.14616099733088478,3.8529735441123866e-08,0.0,1.0,0.0,0.0,0,0.1009,-0.18976,28.43494,4.51715,69.0,41.0,100935.0,0.0,1.4084,6e-05,0.0,0.0,0.5
YDL134C,1,0.0,0.15852720041855495,2.689992280919334e-07,0.0,1.0,0.0,2.0,0,0.09756,-0.45203,33.56046,4.61432,56.0,28.0,50975.0,0.0,1.2155,0.00011,0.0,0.0,0.5
YNL011C,1,0.0,0.14616099733088478,3.8529735441123866e-08,0.0,1.0,0.0,0.0,0,0.06306,-0.17095,39.47815,5.62701,59.0,43.0,33640.0,0.0,0.67398,0.00011,0.0,0.0,0.5
YOR362C,40,0.006426929391246565,0.1977653466443576,0.0001883423383248024,0.7692307692307693,33.68372569089048,0.5,359.99047619047616,1,0.07639,-0.46354,22.40174,5.0423,45.0,30.0,26275.0,0.0,0.83318,0.00016,0.6832615929899515,0.2887195853553551,0.5042857430321823
YMR154C,1,0.0,0.1628492407472168,5.33281049753724e-06,0.0,1.0,0.0,0.0,0,0.09904,-0.28817,46.81391,6.21991,85.0,79.0,95545.0,0.0,1.14944,7e-05,0.0,0.0,0.5
YFR026C,1,0.0,0.1628492407472168,5.33281049753724e-06,0.0,1.0,0.0,0.0,0,0.09467,-0.39349,55.24379,6.09686,15.0,14.0,25160.0,0.0,1.33766,0.00032,0.0,0.0,0.5
YGL165C,1,0.0,0.1628492407472168,5.33281049753724e-06,0.0,1.0,0.0,0.0,0,0.13542,0.23125,53.97083,7.51007,15.0,16.0,35380.0,0.0,1.61381,0.00034,0.0,0.0,0.5
YLR076C,1,0.0,0.1628492407472168,5.33281049753724e-06,0.0,1.0,0.0,0.0,1,0.08571,-0.17071,33.61214,4.33868,18.0,8.0,22000.0,0.0,1.38823,0.00027,0.6832615929899515,0.0,0.5
YPR103W,40,0.004717649348623611,0.20386050367197356,0.0001887960318210702,0.7730769230769231,38.962626262626266,0.5,389.2999999999999,1,0.10453,-0.23101,26.25819,5.81561,32.0,27.0,51505.0,0.0,1.62804,0.00018,0.6832615929899515,0.2887195853553551,0.5037050837308713
YOL145C,4,0.0009346755648649443,0.181553579258019,1.0829596109651201e-05,0.16666666666666666,4.0,1.0,0.2608695652173913,0,0.08449,-0.69935,42.13707,5.94635,173.0,157.0,118455.0,0.0,0.94986,5e-05,0.0,0.0,0.5
YDL123W,3,0.0,0.16881870589279824,1.603349169485174e-05,1.0,1.7992518703241895,0.0,4.0,0,0.12857,-0.02214,70.92007,6.02142,8.0,7.0,21150.0,0.0,1.34948,0.00038,0.0,0.0,0.5
YPL066W,1,0.0,0.16695978400849673,5.345752259447469e-06,0.0,1.0,0.0,0.0,0,0.10021,-0.48998,51.46058,9.42657,39.0,56.0,33070.0,0.0,0.60245,0.00017,0.0,0.0,0.5
YJL001W,36,0.0006406241233744107,0.19762655003051055,0.0001870071514471869,0.9444444444444444,34.09238578680203,0.5,380.1,1,0.09302,-0.17674,14.93074,5.59308,26.0,22.0,29380.0,0.0,1.2477,0.00024,0.6832615929899515,0.2887195853553551,0.5042343705008043
YPR180W,2,0.00037049198416780864,0.1687608912674925,5.299990552064025e-06,0.0,1.903765690376569,0.0,0.0,1,0.07493,-0.16167,43.75793,5.01923,51.0,41.0,27180.0,0.0,0.69208,0.00013,0.6832615929899515,0.0,0.5
YFR050C,42,0.008118190171888561,0.20635753873579482,0.00018820183891881344,0.6933797909407665,22.153299492385788,0.5,357.95714285714286,1,0.09023,-0.21955,27.24098,5.66974,28.0,25.0,35870.0,0.0,1.21829,0.00019,0.6832615929899515,0.2887195853553551,0.5065164014384085
YGR067C,2,0.0,0.16945729109390578,1.0674172556257021e-05,1.0,1.6453634085213034,1.0,2.023809523809524,0,0.1107,-0.12127,55.20996,7.0672,77.0,76.0,102020.0,0.0,1.10593,8e-05,0.0,0.0,0.5
YNL253W,1,0.0,0.16863095303313475,5.328709877165664e-06,0.0,0.0,1.0,0.0,0,0.08768,-0.32749,35.70976,8.87775,42.0,51.0,66110.0,0.0,1.40164,0.00019,0.0,0.0,0.0
YIL007C,5,0.002543548821536902,0.1888414648404208,1.0658466140398117e-05,0.1,4.965628356605801,0.0,29.666666666666668,0,0.04091,-0.34455,38.97182,5.5545,29.0,24.0,10095.0,0.0,0.4063,0.00022,0.0,0.0,0.5
YBL041W,38,0.0022140375371408456,0.20436777708702045,0.00018775229666521923,0.8506401137980085,33.78061224489796,0.5,436.4000000000001,1,0.11203,-0.43693,29.28427,5.72406,33.0,28.0,25120.0,0.0,0.93485,0.00021,0.6832615929899515,0.2887195853553551,0.5042734510443777
YML092C,36,0.0035937168921193765,0.20441016384987162,0.0001876874488668057,0.9444444444444444,25.89717741935484,0.5,380.1,1,0.084,-0.188,26.6324,5.51947,31.0,27.0,25900.0,0.0,0.95355,0.0002,0.6832615929899515,0.2887195853553551,0.5055743446608119
YGR135W,36,0.0002384048010826309,0.19768601043068018,0.00018775357791665458,0.9523809523809523,29.369543147208123,0.5,278.4095238095238,0,0.08527,-0.43566,30.45775,5.06049,39.0,31.0,29340.0,0.0,1.0218,0.00018,0.0,0.0,0.5
YPR025C,11,0.0033866348599382225,0.18840825941543798,5.332751526345227e-07,0.6363636363636364,6.899465240641711,0.0,19.21989962651727,1,0.08651,-0.60865,40.92499,6.44598,59.0,57.0,31455.0,0.0,0.69575,0.00014,0.6832615929899515,0.0,0.5
YKR086W,19,0.016395719097191338,0.20489887837882664,6.109752284516903e-06,0.0,9.604332953249715,1.0,0.0,1,0.07656,-0.42054,39.09936,8.4201,139.0,146.0,84950.0,0.0,0.69831,7e-05,0.3167384070100485,0.24054770888719992,0.5125228743140255
YPR082C,1,0.0,0.167655627286239,1.6259617593976348e-07,0.0,1.0,1.0,0.0,1,0.0979,-0.24406,39.91056,5.77838,21.0,18.0,13325.0,0.0,0.79428,0.00034,0.6832615929899515,0.40591527534130006,0.70295763767065
YPL023C,1,0.0,0.167655627286239,1.6259617593976348e-07,0.0,1.0,0.0,0.0,0,0.09741,-0.33699,48.51693,5.20819,94.0,69.0,99530.0,0.0,1.34608,7e-05,0.0,0.0,0.5
YBR173C,36,0.004495540134694148,0.20249919971279148,0.00018701908104781412,0.9444444444444444,20.752530933633295,0.0,367.50000000000006,0,0.0473,-0.69054,42.80405,5.00702,21.0,15.0,14105.0,0.0,0.84161,0.0003,0.0,0.0,0.5
YBL004W,1,0.0,0.167655627286239,1.6259617593976348e-07,0.0,1.0,0.3333333333333333,0.0,1,0.09868,-0.16899,42.78961,6.591,312.0,300.0,260455.0,0.0,0.90575,2e-05,0.3167384070100485,0.16241202693656576,0.5812060134682828
YGR173W,1,0.0,0.167655627286239,1.6259617593976348e-07,0.0,1.0,0.0,0.0,0,0.06522,-0.36196,34.7962,8.71539,48.0,53.0,32485.0,0.0,0.79221,0.00021,0.0,0.0,0.5
YHR194W,1,0.0,0.167655627286239,1.6259617593976348e-07,0.0,1.0,0.0,0.0,0,0.12263,-0.21278,40.63715,9.25604,62.0,74.0,99155.0,0.0,1.48654,0.00014,0.0,0.0,0.5
YJR070C,1,0.0,0.167655627286239,1.6259617593976348e-07,0.0,1.0,0.5,0.0,0,0.06462,-0.35138,42.77415,4.78094,56.0,34.0,19285.0,0.0,0.53326,0.00013,0.0,0.0,0.5
YKL075C,1,0.0,0.167655627286239,1.6259617593976348e-07,0.0,1.0,0.0,0.0,0,0.09111,-0.67644,37.83424,5.01324,82.0,61.0,63925.0,0.0,1.22727,0.0001,0.0,0.0,0.5
YLR118C,1,0.0,0.167655627286239,1.6259617593976348e-07,0.0,1.0,0.5,0.0,0,0.09692,-0.05198,29.93485,6.36823,21.0,19.0,28210.0,0.0,1.1421,0.00026,0.0,0.0,0.5
YLR462W,1,0.0,0.167655627286239,1.6259617593976348e-07,0.0,1.0,0.0,0.0,0,0.12871,-0.41733,33.72584,9.45905,24.0,33.0,15150.0,0.0,0.64485,0.0004,0.0,0.0,0.5
YOL063C,1,0.0,0.167655627286239,1.6259617593976348e-07,0.0,1.0,0.0,0.0,0,0.11808,-0.37106,40.03887,5.44281,124.0,99.0,142580.0,0.0,1.29957,5e-05,0.0,0.0,0.5
YPL067C,1,0.0,0.167655627286239,1.6259617593976348e-07,0.0,1.0,0.0,0.0,0,0.10101,-0.42576,49.43788,6.75909,24.0,23.0,36440.0,0.0,1.59996,0.0003,0.0,0.0,0.5
YPR177C,1,0.0,0.167655627286239,1.6259617593976348e-07,0.0,1.0,0.0,0.0,1,0.09756,0.31626,68.67073,10.12738,2.0,14.0,2490.0,0.0,0.18872,0.00077,0.6832615929899515,0.0,0.5
YJR127C,1,0.0,0.167655627286239,1.6259617593976348e-07,0.0,1.0,1.0,0.0,0,0.08696,-0.37442,47.85835,8.26715,133.0,140.0,134015.0,0.0,0.86427,5e-05,0.0,0.0,0.5
YDR235W,4,0.0015252280695729442,0.18840825941543798,1.1948578805227437e-06,0.0,1.960212201591512,1.0,0.0,1,0.15441,-0.31471,41.12191,8.2392,66.0,70.0,133840.0,0.0,2.05451,0.00013,0.3167384070100485,0.24054770888719992,0.5613575685050571
YJR131W,1,0.0,0.15645108421337506,1.569658682994495e-08,0.0,0.0,0.5,0.0,0,0.12933,-0.32149,36.81113,5.42706,71.0,52.0,118315.0,0.0,1.87633,9e-05,0.0,0.0,0.0
YER144C,1,0.0,0.16835729501232594,5.330034131527092e-06,0.0,0.0,0.0,0.0,0,0.09814,-0.37665,47.79144,8.63031,78.0,88.0,78710.0,0.0,0.85314,9e-05,0.0,0.0,0.0
YOR157C,38,0.0024330554808631747,0.20594788527889585,0.00018824010820550153,0.8549075391180654,21.15557830092119,0.5,393.6,1,0.06897,-0.17969,23.74674,6.12994,27.0,23.0,30410.0,0.0,1.07579,0.00022,0.6832615929899515,0.2887195853553551,0.5068237223593832
YDL103C,1,0.0,0.12679320789941542,2.739776462884781e-09,0.0,0.0,0.0,0.0,1,0.09015,-0.45702,38.07799,7.07672,64.0,64.0,53705.0,0.0,1.00429,0.00013,0.6832615929899515,0.0,0.0
YDR288W,2,0.005004314063848146,0.1470003139685519,2.1751390939167885e-07,0.0,1.0,0.5,0.0,1,0.06271,-0.32013,42.21815,5.22797,45.0,35.0,13535.0,0.0,0.39851,0.00015,0.6832615929899515,0.2887195853553551,0.6443597926776775
YDL105W,7,0.006536140002499601,0.17483831914176973,1.7381335913695024e-05,0.09523809523809523,6.157575757575757,1.0,4.117857142857143,1,0.06716,-0.84129,50.54729,9.30963,54.0,63.0,21555.0,0.0,0.46736,0.0002,0.6832615929899515,0.40591527534130006,0.5329606399760406
YNR031C,1,0.0,0.14697839161914192,2.1747740935644307e-07,0.0,1.0,0.0,0.0,0,0.09373,-0.46048,42.66024,5.61224,208.0,180.0,207345.0,0.0,1.14856,3e-05,0.0,0.0,0.5
YHR216W,1,0.0,0.14697839161914192,2.1747740935644307e-07,0.0,1.0,0.0,0.0,0,0.06119,-0.13499,31.9287,8.71185,51.0,57.0,25870.0,0.0,0.45764,0.00015,0.0,0.0,0.5
YER168C,1,0.0,0.15139225883289648,6.6250867131694905e-09,0.0,1.0,0.3333333333333333,0.0,1,0.08791,-0.34579,41.41634,8.31549,65.0,68.0,50475.0,0.0,0.8078,0.00013,0.6832615929899515,0.2240360033604539,0.6120180016802269
YLR289W,1,0.0,0.15139225883289648,6.6250867131694905e-09,0.0,1.0,0.0,0.0,0,0.08062,-0.31969,27.95398,9.2088,80.0,95.0,52885.0,0.0,0.7226,0.00013,0.0,0.0,0.5
YLR207W,4,0.0008845256839597293,0.16297041835504852,4.523915812699643e-07,0.3333333333333333,3.0719499478623566,0.5,2.2976190476190474,0,0.11645,-0.45258,42.83557,6.15253,92.0,82.0,145385.0,0.0,1.52268,6e-05,0.0,0.0,0.5
YOR171C,1,0.0,0.15139225883289648,6.6250867131694905e-09,0.0,1.0,0.2,0.0,0,0.07372,-0.39872,48.30098,6.02521,80.0,73.0,54330.0,0.0,0.78017,9e-05,0.0,0.0,0.5
YDR334W,1,0.0,0.15139225883289648,6.6250867131694905e-09,0.0,1.0,1.0,0.0,0,0.07926,-0.7531,44.02941,5.86005,252.0,222.0,126780.0,0.0,0.72642,3e-05,0.0,0.0,0.5
YBL089W,1,0.0,0.15139225883289648,6.6250867131694905e-09,0.0,1.0,0.0,0.0,0,0.11111,0.57298,42.71789,9.08795,23.0,33.0,32080.0,0.0,0.63036,0.00018,0.0,0.0,0.5
YDR320C,3,0.0010498946849946604,0.15572185258368718,6.7513840699949435e-09,0.3333333333333333,2.429441624365482,0.3333333333333333,0.0,0,0.07036,-0.71018,44.7337,5.14203,103.0,83.0,61100.0,0.0,0.81446,7e-05,0.0,0.0,0.5
YER066W,1,0.0,0.15139225883289648,6.6250867131694905e-09,0.0,1.0,0.0,0.0,0,0.08649,-0.06432,27.44757,5.82477,22.0,18.0,27555.0,0.0,1.33205,0.00028,0.0,0.0,0.5
YGL050W,1,0.0,0.15139225883289648,6.6250867131694905e-09,0.0,1.0,0.0,0.0,0,0.07692,-0.45421,38.23993,8.14642,38.0,40.0,25035.0,0.0,0.81267,0.00026,0.0,0.0,0.5
YHR112C,1,0.0,0.15139225883289648,6.6250867131694905e-09,0.0,1.0,0.0,0.0,0,0.09524,-0.22566,43.36722,5.57587,50.0,39.0,45185.0,0.0,1.06456,0.00013,0.0,0.0,0.5
YKL179C,2,0.0010776283629979526,0.16372848326308764,7.276091055325754e-09,0.0,1.0,0.0,0.0,0,0.05596,-0.87275,44.00959,5.82294,112.0,103.0,49405.0,0.0,0.63738,8e-05,0.0,0.0,0.5
YOR051C,1,0.0,0.15139225883289648,6.6250867131694905e-09,0.0,1.0,1.0,0.0,0,0.07767,-0.7284,43.18034,4.69757,91.0,54.0,35995.0,0.0,0.76017,0.0001,0.0,0.0,0.5
YNR063W,1,0.0,0.15176526101049526,1.7003218592840855e-08,0.0,0.0,1.0,0.0,0,0.09226,-0.23064,45.77086,6.1463,76.0,71.0,67445.0,0.0,0.96817,9e-05,0.0,0.0,0.0
YMR179W,4,0.0012003943022132594,0.16200601709577647,9.370771148813021e-09,0.0,0.0,0.0,0.0,1,0.05013,-0.80396,54.32902,5.70941,102.0,89.0,32860.0,0.0,0.38798,7e-05,0.6832615929899515,0.0,0.0
YNL201C,1,0.0,0.1463237480516897,3.3524622622871874e-09,0.0,1.0,1.0,0.0,0,0.08159,-0.43159,44.81669,4.95013,136.0,91.0,55710.0,0.0,0.56817,5e-05,0.0,0.0,0.5
YGL200C,8,0.0002992773078260332,0.17234652531295902,6.490299209059836e-08,0.75,6.379204892966361,0.3333333333333333,17.0,0,0.133,-0.2197,30.32167,6.3006,24.0,22.0,23295.0,0.0,0.99841,0.00027,0.0,0.0,0.5
YKL153W,1,0.0,0.14505314666305927,1.3489958915098717e-08,0.0,0.0,0.0,0.0,1,0.13609,-0.10533,56.80237,4.83539,16.0,10.0,60500.0,0.0,3.08427,0.00025,0.6832615929899515,0.0,0.0
YHR031C,2,0.0003913038440023645,0.14678138431784288,4.818512740719709e-09,0.0,0.0,0.5,0.0,0,0.06639,-0.38728,39.70888,9.69379,81.0,113.0,58830.0,0.0,0.72113,0.00012,0.0,0.0,0.0
YNL204C,2,0.0005423539593321278,0.17757902792831642,1.9637195416618533e-08,0.0,1.0,0.0,0.0,0,0.09667,-0.61867,46.241,8.52435,35.0,39.0,15565.0,0.0,0.45458,0.00025,0.0,0.0,0.5
YNR052C,15,0.0029925203650932406,0.18588525179218335,7.654650339641929e-07,0.6761904761904762,11.506369426751592,0.5,77.0309523809524,1,0.10393,-0.54988,55.70626,5.77142,35.0,29.0,49975.0,0.0,1.00591,0.00012,0.6832615929899515,0.2887195853553551,0.5125460766401303
YLL036C,4,0.0012006850492324772,0.16737091024915618,8.355410630799305e-09,0.16666666666666666,1.0,1.0,2.0,1,0.08549,-0.38668,42.2674,5.02496,70.0,55.0,66905.0,0.0,1.18271,9e-05,0.6832615929899515,0.40591527534130006,0.70295763767065
YBR188C,1,0.0,0.14166502874833348,1.7714680825788614e-10,0.0,0.0,1.0,0.0,0,0.03571,-0.99143,34.72714,5.9295,23.0,22.0,4595.0,0.0,0.28773,0.00037,0.0,0.0,0.0
YDL138W,12,0.0071467271631072745,0.17507125055549447,1.3863669187343987e-08,0.0,7.48335015136226,0.0,0.0,0,0.09961,0.06999,36.394,5.67938,61.0,50.0,94295.0,0.0,1.13392,7e-05,0.0,0.0,0.5
YMR035W,2,0.00039689387402933567,0.14716494027208543,7.787136751903057e-10,0.0,1.9231770833333333,0.0,0.0,0,0.09605,-0.1661,36.12034,10.00861,12.0,23.0,37720.0,0.0,1.89263,0.0005,0.0,0.0,0.5
YPL145C,1,0.0,0.1471429687969776,7.734829166827161e-10,0.0,0.0,0.0,0.0,0,0.10829,-0.53157,43.18459,5.72784,65.0,56.0,74745.0,0.0,1.51026,0.00012,0.0,0.0,0.0
YJL186W,1,0.0,0.1471429687969776,7.734829166827161e-10,0.0,0.0,0.0,0.0,0,0.12969,-0.37014,29.84512,6.39325,71.0,66.0,82585.0,0.0,1.22888,0.0001,0.0,0.0,0.0
YBR251W,14,0.0037135950203202365,0.15878260109588466,9.383717337245094e-08,0.8571428571428571,10.806451612903226,0.0,35.25,0,0.09772,-0.55407,35.94498,9.59076,34.0,49.0,37610.0,0.0,1.07819,0.00027,0.0,0.0,0.5
YEL026W,2,0.0006878720738089429,0.17258797040577112,1.54524673131016e-08,0.0,1.988120950323974,0.5,0.0,1,0.03968,0.23413,47.04127,7.69562,12.0,13.0,3355.0,0.0,0.24726,0.00057,0.6832615929899515,0.2887195853553551,0.5726111721996358
YPR023C,1,0.0,0.1471429687969776,7.734829166827161e-10,0.0,1.0,1.0,0.0,0,0.07481,-0.58504,51.76808,8.49774,51.0,55.0,57590.0,0.0,1.27403,0.00019,0.0,0.0,0.5
YPR077C,1,0.0,0.1471429687969776,7.734829166827161e-10,0.0,1.0,0.0,0.0,0,0.07317,0.12114,45.89756,10.08905,6.0,22.0,20230.0,0.0,1.42404,0.00071,0.0,0.0,0.5
YPR079W,1,0.0,0.1471429687969776,7.734829166827161e-10,0.0,1.0,0.0,0.0,0,0.08136,-0.49738,44.75698,8.83478,40.0,46.0,41785.0,0.0,0.97844,0.00021,0.0,0.0,0.5
YNL180C,1,0.0,0.00043122035360068997,1.526654176624869e-14,0.0,1.0,0.0,0.0,0,0.06344,-0.83082,42.60937,8.67841,40.0,45.0,29630.0,0.0,0.80478,0.00024,0.0,0.0,0.5
YLL033W,1,0.0,0.00043122035360068997,1.526654176624869e-14,0.0,1.0,0.0,0.0,0,0.1087,-0.51739,27.72309,9.79865,24.0,44.0,25370.0,0.0,0.92666,0.00036,0.0,0.0,0.5
YEL037C,16,0.01164244387632762,0.20777139348627724,3.356089754120128e-05,0.15833333333333333,14.427551020408163,0.5,12.88452380952381,0,0.04271,-0.45251,47.69497,4.25909,68.0,29.0,9440.0,0.0,0.22282,0.0001,0.0,0.0,0.5
YHR027C,41,0.0018048921322374348,0.20138201982062853,0.0001901540246569896,0.7451219512195122,34.37777777777778,0.0,291.2904761904762,1,0.06546,-0.28338,34.71975,4.52203,174.0,88.0,80190.0,0.0,0.73239,4e-05,0.3167384070100485,0.0,0.5
YKL171W,1,0.0,0.16529368637352723,5.384465569745823e-06,0.0,1.0,0.0,0.0,0,0.07974,-0.63513,57.46659,8.92047,98.0,110.0,88000.0,0.0,0.84652,9e-05,0.0,0.0,0.5
YFR004W,38,0.007009769400385376,0.20631434059078,0.0002047077659905992,0.8477951635846372,32.093939393939394,0.0,274.789393939394,1,0.06209,-0.38301,39.04085,5.81354,42.0,36.0,31525.0,0.0,0.91648,0.00017,0.6832615929899515,0.0,0.5
YER049W,2,0.00011003978782755315,0.17999517943606175,5.8416758180917e-06,0.0,1.686046511627907,1.0,0.0,0,0.10093,-0.62127,43.17981,5.22675,109.0,85.0,99530.0,0.0,1.34426,7e-05,0.0,0.0,0.5
YDL147W,37,0.0014131399818713302,0.20027709916727415,0.00018717787287203424,0.8933933933933934,30.513131313131314,0.0,506.9166666666666,1,0.06966,-0.44899,41.64876,5.79352,70.0,61.0,54570.0,0.0,1.05413,0.00011,0.6832615929899515,0.0,0.5
YPL026C,1,0.0,0.16454856081511915,5.300104091243458e-06,0.0,1.0,0.0,1.1428571428571428,0,0.09163,-0.46414,46.79902,5.01898,64.0,40.0,47800.0,0.0,0.82637,9e-05,0.0,0.0,0.5
YPR108W,36,9.444086078901812e-05,0.19729028225446024,0.00018730343088682047,0.9476190476190476,21.17979797979798,0.0,273.35,1,0.10023,-0.39814,31.61611,5.16351,66.0,54.0,55865.0,0.0,1.14108,0.00011,0.6832615929899515,0.0,0.5
YLR264W,66,0.03056433095847976,0.19103772145806475,0.006721388525268571,0.717948717948718,20.41247264770241,0.0,223.1500000000002,0,0.01493,-0.39851,34.50149,10.78046,9.0,14.0,0.0,0.0,0.0,0.00143,0.0,0.0,0.5
YAL018C,1,0.0,0.158259912485292,0.00012000490021620603,0.0,1.0,0.0,0.0,0,0.17231,0.44092,38.73969,8.70612,18.0,21.0,40925.0,0.0,1.10459,0.00023,0.0,0.0,0.5
YKL176C,1,0.0,0.158259912485292,0.00012000490021620603,0.0,1.0,0.0,0.0,0,0.08333,-0.44022,51.17405,8.83197,83.0,93.0,88460.0,0.0,0.94754,9e-05,0.0,0.0,0.5
YKL145W,43,0.011293680935619653,0.21514158589874613,0.00018978282835599444,0.6710963455149501,42.15911379657603,0.5,291.1326949620428,1,0.05996,-0.57366,37.35139,5.32074,78.0,69.0,33640.0,0.0,0.64714,0.0001,0.6832615929899515,0.2887195853553551,0.5034241657301962
YOR259C,40,0.0034488374740036937,0.20534714136934182,0.00018830895384515665,0.767948717948718,34.74141414141414,0.0,275.0402777777778,1,0.05721,-0.6,40.22517,5.53021,74.0,63.0,13660.0,0.0,0.27648,0.00011,0.6832615929899515,0.0,0.5
YMR216C,6,0.0021852126682124886,0.17710037825735062,1.0903968395577537e-05,0.06666666666666667,3.404301075268817,0.0,0.0,0,0.07143,-0.71644,46.66159,5.82001,103.0,86.0,79060.0,0.0,0.94982,7e-05,0.0,0.0,0.5
YGR146C,1,0.0,0.1679556245743279,5.332470761045378e-06,0.0,1.0,0.0,0.0,0,0.06161,-0.791,55.38199,5.58295,28.0,21.0,17920.0,0.0,0.74678,0.00023,0.0,0.0,0.5
YOR117W,38,0.004791227730990192,0.20090991845931222,0.00018853084327303727,0.8577524893314367,33.87171717171717,0.5,368.9809523809524,1,0.04608,-0.43018,39.19357,4.93207,73.0,57.0,14565.0,0.0,0.30183,0.0001,0.6832615929899515,0.2887195853553551,0.5042619567217637
YOR177C,2,4.269537666233839e-06,0.16834291656027947,5.649996916226002e-06,0.0,1.6554913294797688,0.0,0.0,0,0.07328,-1.06444,52.41489,7.89227,76.0,78.0,32415.0,0.0,0.59633,0.00015,0.0,0.0,0.5
YKL135C,5,0.0014058714435425796,0.1463237480516897,4.2378602011180467e-10,0.3,1.8206896551724139,0.0,4.75,0,0.05923,-0.08581,41.39065,5.08527,99.0,76.0,52060.0,0.0,0.6359,6e-05,0.0,0.0,0.5
YBL025W,3,0.004193714365242002,0.16628371941996897,1.1765769523322065e-08,0.3333333333333333,1.8,0.5,2.0,0,0.08276,-0.31172,44.3469,5.06293,24.0,16.0,14815.0,0.0,0.89763,0.00031,0.0,0.0,0.5
YJL047C,2,4.362757190656742e-05,0.17328590857180767,5.560224810729276e-06,0.0,0.0,0.5,0.0,0,0.12589,-0.47696,35.45479,7.30573,113.0,113.0,90215.0,0.0,0.90829,7e-05,0.0,0.0,0.0
YJR073C,2,9.127709179731714e-05,0.17324021884376095,1.7917358394065298e-05,0.0,1.0,0.3333333333333333,0.0,0,0.12136,0.22087,36.45194,9.11127,14.0,20.0,33390.0,0.0,1.44233,0.00039,0.0,0.0,0.5
YLR144C,3,1.1405414495524533e-05,0.19485243278018113,1.8312330958441408e-05,0.3333333333333333,1.0,0.0,1.6666666666666667,0,0.12067,-0.38383,42.92544,5.20624,85.0,60.0,130150.0,0.0,1.47225,6e-05,0.0,0.0,0.5
YJR083C,3,1.1405414495524533e-05,0.19485243278018113,1.8312330958441408e-05,0.3333333333333333,1.0,0.0,0.0,0,0.05502,-1.15469,59.55955,8.51678,41.0,43.0,8940.0,0.0,0.25169,0.00024,0.0,0.0,0.5
YMR192W,6,0.002269825450369252,0.2070076885112699,7.071805646458906e-05,0.06666666666666667,2.8840413318025258,0.0,0.7142857142857143,0,0.06806,-0.56694,50.70669,5.25372,116.0,92.0,48540.0,0.0,0.59101,6e-05,0.0,0.0,0.5
YNL086W,2,0.0012382731422298924,0.2072906940797468,1.7981662874445993e-05,0.0,1.8591954022988506,0.0,0.0,0,0.04902,-0.36569,40.33627,5.33905,15.0,13.0,5960.0,0.0,0.52003,0.00047,0.0,0.0,0.5
YMR190C,2,0.00013665841145855874,0.14057389887350677,1.650928001047149e-10,0.0,2.0,0.3333333333333333,0.0,0,0.06634,-0.7557,45.89848,5.92914,208.0,186.0,94850.0,0.0,0.57894,4e-05,0.0,0.0,0.5
YER101C,1,0.0,0.17333162240628844,1.9432237262977414e-08,0.0,0.0,0.0,0.0,0,0.1,-0.27233,24.1084,8.95404,47.0,55.0,60780.0,0.0,1.25656,0.00019,0.0,0.0,0.0
YLL009C,1,0.0,0.17333162240628844,1.9432237262977414e-08,0.0,1.0,0.0,0.0,0,0.07246,-1.31159,58.66812,4.87994,17.0,12.0,3855.0,0.0,0.47853,0.00061,0.0,0.0,0.5
YOL135C,22,0.014350410495097114,0.2104331386787992,2.7027831105758715e-05,0.8225108225108225,15.857291666666667,1.0,155.0666666666667,1,0.07207,-0.76036,55.69054,6.45563,28.0,27.0,23630.0,0.0,0.9236,0.00025,0.6832615929899515,0.40591527534130006,0.5127990101927231
YOR158W,14,0.011274156327041358,0.17429721549246724,1.1181518618081632e-07,0.8571428571428571,10.589285714285714,0.0,61.5,0,0.06289,-0.72201,39.26635,9.79865,35.0,55.0,10430.0,0.0,0.28974,0.00027,0.0,0.0,0.5
YBL030C,4,0.008516232185861677,0.17665596074603981,3.2616455233345965e-08,0.16666666666666666,1.663265306122449,0.0,0.0,1,0.11321,0.08585,26.28145,9.79913,22.0,42.0,36370.0,0.0,1.05648,0.00028,0.6832615929899515,0.0,0.5
YLR273C,2,0.0006123673579463078,0.17511791133655938,1.9508324514441823e-08,0.0,1.0,0.0,0.0,0,0.11728,-0.66852,47.15313,5.09003,94.0,69.0,78825.0,0.0,1.06311,7e-05,0.0,0.0,0.5
YOR307C,1,0.0,0.17333162240628844,1.9432237262977414e-08,0.0,1.0,0.0,0.0,0,0.12141,0.29934,40.23976,9.7027,24.0,44.0,46465.0,0.0,0.91283,0.00019,0.0,0.0,0.5
YKL173W,2,0.0056298403368947635,0.19902334511352104,3.4479241960328455e-07,0.0,1.9401015228426397,1.0,0.0,1,0.08631,-0.22629,40.84466,5.66766,133.0,116.0,110225.0,0.0,0.96655,5e-05,0.3167384070100485,0.24054770888719992,0.561993587978517
YDR160W,1,0.0,0.17333162240628844,1.9432237262977414e-08,0.0,1.0,0.0,0.0,1,0.12676,-0.04343,39.12655,8.89215,75.0,85.0,116965.0,0.0,1.22165,9e-05,0.3167384070100485,0.0,0.5
YAL028W,1,0.0,0.17333162240628844,1.9432237262977414e-08,0.0,0.0,0.5,0.0,0,0.06061,-0.6875,56.92481,8.88019,63.0,70.0,29380.0,0.0,0.50009,0.00015,0.0,0.0,0.0
YCR082W,2,0.004753681025196213,0.19675855560035058,4.383231527518309e-08,0.0,1.0,0.5,0.0,0,0.10156,-0.51016,24.72187,4.7558,22.0,14.0,17085.0,0.0,1.1302,0.00031,0.0,0.0,0.5
YDL133W,1,0.0,0.17333162240628844,1.9432237262977414e-08,0.0,1.0,0.0,0.0,0,0.09611,-0.42357,37.80231,8.87665,47.0,54.0,70080.0,0.0,1.41348,0.00018,0.0,0.0,0.5
YDL173W,1,0.0,0.17333162240628844,1.9432237262977414e-08,0.0,0.0,0.0,0.0,0,0.04746,-0.95831,42.92034,9.50275,33.0,42.0,4470.0,0.0,0.14019,0.0003,0.0,0.0,0.0
YKL090W,1,0.0,0.17333162240628844,1.9432237262977414e-08,0.0,0.0,0.0,0.0,0,0.08126,-0.63386,43.27384,6.68988,64.0,62.0,45755.0,0.0,0.8994,0.00013,0.0,0.0,0.0
YOL032W,1,0.0,0.17333162240628844,1.9432237262977414e-08,0.0,0.0,0.5,0.0,0,0.08943,-0.29146,32.32114,5.13519,28.0,22.0,26930.0,0.0,0.9913,0.00019,0.0,0.0,0.0
YOL036W,2,0.0008672932048315474,0.17619801644804794,2.1742284906193234e-08,0.0,0.0,0.0,0.0,0,0.03942,-0.78068,57.77728,9.24823,87.0,100.0,28015.0,0.0,0.33212,0.00011,0.0,0.0,0.0
YOR245C,1,0.0,0.17333162240628844,1.9432237262977414e-08,0.0,0.0,0.5,0.0,0,0.13158,-0.10981,39.83567,9.60297,32.0,53.0,65165.0,0.0,1.36583,0.0002,0.0,0.0,0.0
YPL192C,1,0.0,0.17333162240628844,1.9432237262977414e-08,0.0,1.0,0.25,0.0,0,0.03759,-0.76842,36.3512,10.32172,10.0,26.0,1490.0,0.0,0.10327,0.00072,0.0,0.0,0.5
YLR130C,1,0.0,0.17333162240628844,1.9432237262977414e-08,0.0,0.0,0.0,0.0,0,0.11374,0.21564,34.72512,5.02606,46.0,25.0,54610.0,0.0,1.17789,0.00011,0.0,0.0,0.0
YGL201C,20,0.0011983501629435657,0.17994588369584738,1.9220851188578786e-06,0.868421052631579,8.825136612021858,1.0,38.946069719753936,1,0.06588,-0.49764,48.06303,5.03192,154.0,115.0,63730.0,0.0,0.5641,4e-05,0.3167384070100485,0.24054770888719992,0.5136285544044451
YHR087W,1,0.0,0.14857369488236316,3.1166602233698825e-07,0.0,0.0,0.5,0.0,0,0.08108,-0.47748,22.52532,5.04877,17.0,14.0,5960.0,0.0,0.49628,0.00042,0.0,0.0,0.0
YBR098W,3,1.807055008274475e-05,0.18077102072673443,4.120190632570512e-07,0.3333333333333333,1.6306748466257668,1.0,0.0,0,0.07381,-0.7343,51.55978,7.20087,100.0,100.0,50155.0,0.0,0.63679,9e-05,0.0,0.0,0.5
YCR009C,9,0.003849144745354405,0.21425295760916438,0.0013934217130032137,0.0,5.761856710393542,0.0,3.333333333333333,0,0.08679,-0.5517,41.70755,6.24091,42.0,41.0,23755.0,0.0,0.78529,0.00021,0.0,0.0,0.5
YJR115W,2,3.56154092990587e-06,0.19322882168457134,3.537599334556932e-05,0.0,1.9777777777777779,0.0,0.0,0,0.06509,-0.24734,45.61183,8.5921,14.0,16.0,9190.0,0.0,0.48245,0.00045,0.0,0.0,0.5
YLR436C,1,0.0,0.19269989344064056,1.795726279643379e-05,0.0,1.0,0.0,0.0,0,0.10675,-0.35479,44.85215,7.24506,112.0,111.0,143560.0,0.0,0.98972,5e-05,0.0,0.0,0.5
YGR098C,2,0.0007487985008024149,0.19796396605446542,1.7961244268841614e-05,0.0,1.313758389261745,0.25,0.0,1,0.09693,-0.09337,45.44235,8.46515,173.0,186.0,169690.0,0.0,0.90528,5e-05,0.3167384070100485,0.13971984388753125,0.5531756238550247
YJL085W,7,0.000260568782149073,0.2017117488747761,1.845787379471792e-05,0.7619047619047619,1.0,0.0,3.0416666666666665,1,0.08347,-0.42135,44.67112,7.12091,80.0,80.0,55405.0,0.0,0.77715,0.0001,0.6832615929899515,0.0,0.5
YER127W,2,0.0006811863091686422,0.19918423706591676,1.827534160305029e-05,0.0,1.6156156156156156,0.5,0.0,1,0.05322,-1.10308,42.67678,6.45477,65.0,63.0,26025.0,0.0,0.63796,0.00016,0.6832615929899515,0.2887195853553551,0.5893528084789342
YMR287C,14,0.009619308933320676,0.19556773588692453,1.8103139410897515e-05,0.8571428571428571,3.7376847290640396,0.0,35.898809523809526,0,0.08359,-0.31445,39.89764,9.11273,103.0,124.0,105795.0,0.0,0.95465,8e-05,0.0,0.0,0.5
YPR055W,7,0.000260568782149073,0.2017117488747761,1.845787379471792e-05,0.7619047619047619,1.0,0.0,3.0416666666666665,1,0.08357,-0.36685,48.68361,6.29523,128.0,119.0,85105.0,0.0,0.69631,5e-05,0.3167384070100485,0.0,0.5
YDR515W,1,0.0,0.19269989344064056,1.795726279643379e-05,0.0,1.0,0.0,0.0,0,0.09396,-1.14049,47.41145,9.27448,47.0,58.0,54780.0,0.0,1.07533,0.00018,0.0,0.0,0.5
YIL147C,2,0.0007937877480586713,0.19277527726203542,1.7960127589235598e-05,0.0,1.9595015576323989,0.0,0.0,1,0.06803,-0.32566,43.87747,7.06781,137.0,136.0,73075.0,0.0,0.54358,5e-05,0.3167384070100485,0.0,0.5
YDR189W,5,0.0018041294575482055,0.18009385198760275,2.618913890566992e-07,0.3,1.0,0.0,4.646825396825397,1,0.07808,-0.33108,36.95872,5.08551,88.0,70.0,53540.0,0.0,0.71695,7e-05,0.6832615929899515,0.0,0.5
YNL239W,3,0.0014692611490510657,0.18433809127506892,3.7534744664271364e-08,0.0,1.9628055260361317,0.0,0.0,0,0.09938,-0.38385,34.45923,8.91632,56.0,63.0,70165.0,0.0,1.26464,0.00016,0.0,0.0,0.5
YOR075W,4,0.0004047832867800666,0.16664923993949207,1.9442407642270303e-08,0.3333333333333333,1.0,0.5,4.5,1,0.08092,-0.61936,50.12139,5.44562,55.0,45.0,24910.0,0.0,0.61448,0.00013,0.6832615929899515,0.2887195853553551,0.6443597926776775
YPR088C,6,0.0019844693701466785,0.1928884636465713,1.7972605094537285e-05,0.6666666666666666,1.2112676056338028,0.0,10.533333333333331,1,0.05176,-0.34325,48.4124,8.73309,57.0,62.0,7950.0,0.0,0.13334,0.00015,0.6832615929899515,0.0,0.5
YNL003C,1,0.0,0.1378025174779301,4.922121511813508e-10,0.0,0.0,0.0,0.0,0,0.10915,0.03627,28.02113,9.67255,17.0,30.0,44390.0,0.0,1.43071,0.00031,0.0,0.0,0.0
YOR213C,14,0.0022025931687985893,0.17891687483019988,1.2243178645221063e-07,0.45054945054945056,0.0,1.0,62.60000000000001,0,0.09677,-0.40927,53.8004,5.62091,38.0,30.0,28210.0,0.0,0.97215,0.00019,0.0,0.0,0.0
YPL138C,3,0.0007161635039209437,0.15737542594844808,1.4775128007493784e-08,0.0,0.0,1.0,0.0,0,0.09348,-0.74363,48.72581,6.34601,59.0,56.0,60120.0,0.0,1.4498,0.00015,0.0,0.0,0.0
YBL106C,13,0.015201857783739267,0.20603399289268448,3.951226923931539e-06,0.01282051282051282,1.9517396184062852,0.0,4.564102564102564,0,0.08416,-0.08287,35.13398,8.84076,94.0,107.0,91940.0,0.0,0.82367,8e-05,0.0,0.0,0.5
YCL017C,1,0.0,0.16841483339066235,6.17501439767149e-08,0.0,0.0,0.0,0.0,1,0.07042,-0.24728,34.03024,8.35101,55.0,58.0,42580.0,0.0,0.78177,0.00015,0.6832615929899515,0.0,0.0
YHR098C,2,0.0003711813718658264,0.1778514129752154,6.870942524818068e-08,0.0,0.0,0.25,0.0,1,0.08827,-0.22853,42.31565,5.86542,94.0,80.0,72850.0,0.0,0.70082,6e-05,0.6832615929899515,0.18303056670342058,0.5
YKR030W,5,0.00042806122576959067,0.19642523268603013,1.7878266830565453e-05,0.1,1.916851441241685,0.3333333333333333,0.0,0,0.17949,0.2641,35.17117,9.18378,14.0,21.0,53330.0,0.0,1.66693,0.00029,0.0,0.0,0.5
YHR070W,1,0.0,0.16512752031534825,2.35048304166924e-07,0.0,1.0,0.3333333333333333,0.0,1,0.08818,-0.27695,44.04449,9.00055,53.0,63.0,39390.0,0.0,0.697,0.00016,0.6832615929899515,0.2240360033604539,0.6120180016802269
YMR183C,3,0.0014837241408313423,0.16629774824975213,6.3850730015373366e-09,0.0,1.6916666666666667,0.0,0.0,0,0.05424,-0.70373,42.91492,4.8006,51.0,34.0,13785.0,0.0,0.40865,0.00014,0.0,0.0,0.5
YJR093C,3,0.0013970030077910805,0.1878516353763759,2.4811597485278157e-08,0.3333333333333333,1.0,1.0,1.4,1,0.0581,-0.84281,53.22477,4.23993,53.0,26.0,21430.0,0.0,0.599,0.00012,0.6832615929899515,0.40591527534130006,0.70295763767065
YDR362C,5,0.0033623848401247145,0.19502594340598714,1.7980152012671938e-05,0.6,3.3341772151898734,1.0,7.25,1,0.08631,-0.31592,38.02146,6.15497,87.0,80.0,68645.0,0.0,0.91885,8e-05,0.6832615929899515,0.40591527534130006,0.5608718806984866
YPR193C,1,0.0,0.18625410658644168,2.4400078071840608e-08,0.0,1.0,0.0,0.0,0,0.16026,-0.57564,26.35263,5.21332,24.0,20.0,42525.0,0.0,2.31954,0.00028,0.0,0.0,0.5
YCL036W,1,0.0,0.19269989344064056,1.795726279643379e-05,0.0,0.0,0.0,0.0,0,0.09364,-0.48869,32.47829,8.83356,72.0,82.0,87790.0,0.0,1.35243,0.00014,0.0,0.0,0.0
YPR051W,1,0.0,0.18625410658644168,2.4400078071840608e-08,0.0,1.0,0.5,0.0,0,0.10227,-0.22159,33.14148,6.90131,23.0,23.0,22390.0,0.0,1.09451,0.00034,0.0,0.0,0.5
YOL043C,2,0.002724757625563584,0.18786953964966757,2.473066012505653e-08,0.0,1.9602724177071509,0.3333333333333333,0.0,0,0.07632,-0.38421,42.44529,8.77557,51.0,59.0,65900.0,0.0,1.50307,0.0002,0.0,0.0,0.5
YDR229W,1,0.0,0.19269989344064056,1.795726279643379e-05,0.0,1.0,0.0,0.0,0,0.05298,-0.87417,47.72589,4.88995,72.0,49.0,27765.0,0.0,0.55558,0.0001,0.0,0.0,0.5
YPR182W,1,0.0,0.18625410658644168,2.4400078071840608e-08,0.0,1.0,1.0,0.0,1,0.09302,-0.22791,28.36047,6.05634,9.0,8.0,4595.0,0.0,0.47568,0.00063,0.6832615929899515,0.40591527534130006,0.70295763767065
YDR416W,1,0.0,0.18625410658644168,2.4400078071840608e-08,0.0,1.0,1.0,2.2857142857142856,1,0.11409,-0.36601,47.92935,5.16742,130.0,101.0,168830.0,0.0,1.68446,5e-05,0.3167384070100485,0.24054770888719992,0.6202738544436
YPL181W,6,0.0028641060247202718,0.2080784556111382,1.846122614570143e-05,0.4,5.707070707070707,1.0,12.0,0,0.04348,-1.19387,52.12075,4.80511,103.0,73.0,37775.0,0.0,0.66211,8e-05,0.0,0.0,0.5
YEL051W,18,0.008525009484754438,0.1993050768457343,5.576815795601502e-07,0.6470588235294118,9.207317073170731,0.0,154.33333333333334,0,0.06641,-0.61797,36.98676,5.79047,42.0,40.0,11920.0,0.0,0.40831,0.0002,0.0,0.0,0.5
YOR270C,17,0.003371546528027033,0.18975040527573278,2.371051819772351e-07,0.6838235294117647,7.705,0.0,66.39361471861471,0,0.12262,0.00048,30.76181,5.28424,103.0,76.0,135525.0,0.0,1.4187,6e-05,0.0,0.0,0.5
YPL120W,1,0.0,0.18625410658644168,2.4400078071840608e-08,0.0,1.0,0.0,0.0,0,0.05745,-0.64201,39.94542,4.94879,81.0,61.0,40630.0,0.0,0.64227,8e-05,0.0,0.0,0.5
YDL016C,1,0.0,0.18625410658644168,2.4400078071840608e-08,0.0,0.0,0.0,0.0,1,0.13,-0.068,51.3861,10.3454,3.0,15.0,6210.0,0.0,0.54612,0.00091,0.6832615929899515,0.0,0.0
YDL239C,4,0.0009954537292119914,0.18801289679552768,2.494283052698363e-08,0.3333333333333333,2.9590336134453783,0.0,2.0,0,0.06835,-0.82772,55.38735,8.58063,120.0,126.0,53330.0,0.0,0.58087,9e-05,0.0,0.0,0.5
YKR020W,3,0.003215596219458681,0.18740513500706524,2.4579754057062744e-08,0.0,1.0,0.0,0.0,0,0.03659,-1.04512,53.97201,4.88995,36.0,25.0,5960.0,0.0,0.31515,0.00026,0.0,0.0,0.5
YLL049W,1,0.0,0.18625410658644168,2.4400078071840608e-08,0.0,0.0,0.0,0.0,0,0.12291,-0.11285,45.05251,4.6579,25.0,17.0,19535.0,0.0,0.93708,0.00022,0.0,0.0,0.0
YCR079W,1,0.0,0.15349067201404082,9.180888095697103e-07,0.0,1.0,0.0,1.7777777777777777,0,0.0905,-0.41584,30.63104,6.56512,53.0,51.0,57505.0,0.0,1.16359,0.00013,0.0,0.0,0.5
YDR146C,4,0.0009691983860115596,0.16910837422823544,1.8908659405388008e-08,0.0,1.7140495867768595,0.3333333333333333,0.0,0,0.06206,-0.90874,56.71805,8.86139,86.0,96.0,41925.0,0.0,0.52555,0.00011,0.0,0.0,0.5
YPL121C,1,0.0,0.14290779453377164,5.850923600489174e-10,0.0,0.0,1.0,0.0,0,0.05856,-1.02703,40.29009,5.96686,43.0,40.0,24575.0,0.0,0.92873,0.00023,0.0,0.0,0.0
YCR087W,1,0.0,0.14290779453377164,5.850923600489174e-10,0.0,1.0,0.0,0.0,0,0.09357,1.1386,37.9152,10.2226,6.0,16.0,9230.0,0.0,0.46557,0.00052,0.0,0.0,0.5
YDR212W,8,0.003941689637297273,0.16056754724701142,8.22612097215274e-09,0.75,7.48590021691974,0.0,7.0,1,0.03578,-0.03506,40.3746,6.08392,73.0,68.0,12920.0,0.0,0.21362,0.0001,0.6832615929899515,0.0,0.5
YML064C,7,0.007953058089617614,0.19081579961319578,5.024763892326683e-07,0.047619047619047616,5.653225806451613,0.0,4.1,1,0.07347,-0.17837,40.88857,9.40448,20.0,27.0,19035.0,0.0,0.69735,0.00034,0.6832615929899515,0.0,0.5
YBL112C,1,0.0,0.15810758081369314,6.921116885002806e-09,0.0,1.0,0.0,0.0,0,0.05714,-0.14381,48.2239,9.38568,11.0,17.0,19980.0,0.0,1.66859,0.00078,0.0,0.0,0.5
YLR234W,1,0.0,0.14555658026911183,3.4441866269652496e-09,0.0,1.0,0.0,0.0,0,0.08994,-0.47942,35.57837,8.71271,79.0,87.0,94655.0,0.0,1.27276,0.00012,0.0,0.0,0.5
YGL135W,81,0.0026607784456060845,0.20447377697140168,0.11097840427683901,0.9753086419753086,0.0,0.0,19.066666666666663,0,0.0,0.0,0.0,0.0,0.0,0.0,0.0,0.0,0.0,0.0,0.0,0.0,0.0
YLR306W,1,0.0,0.15709948274522295,2.4098175946745503e-09,0.0,1.0,0.0,0.0,0,0.06383,-0.38777,59.57287,5.49774,26.0,23.0,13325.0,0.0,0.62845,0.00026,0.0,0.0,0.5
YER100W,1,0.0,0.15275319358371917,3.722726231998603e-09,0.0,1.0,0.5,2.0,0,0.092,-0.6352,39.1424,5.80548,34.0,30.0,31525.0,0.0,1.11071,0.0002,0.0,0.0,0.5
YBR235W,1,0.0,0.17953613352803643,4.1418295863062025e-08,0.0,1.0,0.0,0.0,0,0.09643,0.10643,39.51912,8.78302,88.0,100.0,130690.0,0.0,1.05398,7e-05,0.0,0.0,0.5
YDR499W,1,0.0,0.17953613352803643,4.1418295863062025e-08,0.0,1.0,0.3333333333333333,0.0,1,0.07631,-0.25489,42.71419,5.69891,107.0,91.0,61030.0,0.0,0.70617,7e-05,0.6832615929899515,0.2240360033604539,0.6120180016802269
YHR108W,1,0.0,0.17953613352803643,4.1418295863062025e-08,0.0,1.0,0.0,0.0,0,0.0547,-0.41863,45.79607,6.06476,65.0,59.0,31775.0,0.0,0.49381,9e-05,0.0,0.0,0.5
YHR082C,1,0.0,0.17953613352803643,4.1418295863062025e-08,0.0,1.0,1.0,0.0,1,0.09427,-0.97687,44.68882,6.11017,134.0,116.0,99770.0,0.0,0.85215,5e-05,0.3167384070100485,0.24054770888719992,0.6202738544436
YJR061W,1,0.0,0.17953613352803643,4.1418295863062025e-08,0.0,1.0,0.0,0.0,0,0.11872,-0.51027,40.52021,6.13153,127.0,115.0,128175.0,0.0,1.18214,6e-05,0.0,0.0,0.5
YLR131C,3,0.0017422187477041723,0.1923989468037396,8.393540238171824e-08,0.0,2.5248815165876777,1.0,0.0,0,0.05065,-0.90909,53.52221,8.47345,92.0,97.0,41800.0,0.0,0.4825,0.0001,0.0,0.0,0.5
YMR180C,1,0.0,0.17953613352803643,4.1418295863062025e-08,0.0,1.0,0.5,0.0,0,0.07813,-0.77969,46.79719,9.70831,35.0,55.0,26650.0,0.0,0.72078,0.00026,0.0,0.0,0.5
YML117W,1,0.0,0.17953613352803643,4.1418295863062025e-08,0.0,1.0,0.0,0.0,0,0.07848,-0.60988,52.81626,6.54181,122.0,116.0,80915.0,0.0,0.64148,5e-05,0.0,0.0,0.5
YNL196C,1,0.0,0.17953613352803643,4.1418295863062025e-08,0.0,1.0,0.3333333333333333,0.0,0,0.06376,-1.02483,38.33255,9.06976,46.0,54.0,25940.0,0.0,0.75588,0.00026,0.0,0.0,0.5
YOR371C,3,0.001583877131248778,0.18220809853986986,4.2069986305073846e-08,0.3333333333333333,1.6690476190476191,0.0,12.1,0,0.09142,-0.46689,48.28619,6.20477,110.0,100.0,89140.0,0.0,0.88311,6e-05,0.0,0.0,0.5
YDL189W,1,0.0,0.17953613352803643,4.1418295863062025e-08,0.0,1.0,0.0,0.0,0,0.09847,-1.11182,60.68864,8.09735,51.0,53.0,58720.0,0.0,1.13018,0.00016,0.0,0.0,0.5
YLL060C,1,0.0,0.17953613352803643,4.1418295863062025e-08,0.0,1.0,0.0,0.0,0,0.08584,-0.27167,44.62833,8.70538,28.0,31.0,31650.0,0.0,1.20163,0.00033,0.0,0.0,0.5
YOL069W,16,0.004493205327248901,0.19035511443788625,3.0622686086409664e-08,0.19166666666666668,14.067404426559357,0.5,29.666666666666668,1,0.06874,-0.53592,54.60931,4.52643,85.0,51.0,22850.0,0.0,0.43136,9e-05,0.6832615929899515,0.2887195853553551,0.5102620062877502
YFL008W,18,0.012236809066810163,0.19713243424385563,3.1117665000111494e-08,0.13071895424836602,17.675050301810867,0.5,11.475,1,0.06694,-0.73976,43.99454,6.11298,205.0,194.0,76850.0,0.0,0.54396,4e-05,0.3167384070100485,0.19390444008233815,0.5054852585076511
YFR031C,9,0.004092575344225774,0.19568422614953956,7.024283300296402e-07,0.16666666666666666,6.703589743589744,0.3333333333333333,2.5,1,0.0547,-0.62171,44.50838,6.83356,184.0,182.0,57855.0,0.0,0.43199,5e-05,0.3167384070100485,0.16241202693656576,0.5121138101486499
YIR017C,6,0.0037469741980712535,0.1662276277622122,3.306957054631802e-09,0.26666666666666666,2.0,0.5,0.0,0,0.03209,-0.97059,51.56791,10.09967,24.0,38.0,11000.0,0.0,0.50951,0.00047,0.0,0.0,0.5
YGR089W,10,0.0023066135097073435,0.18052268614381464,2.2614427789405385e-08,0.022222222222222223,4.459487179487179,0.5,0.0,0,0.09722,-0.42479,34.74615,8.74481,101.0,111.0,49500.0,0.0,0.46494,8e-05,0.0,0.0,0.5
YDL181W,19,0.015358430667597463,0.18219125704818487,1.846104643435265e-07,0.5321637426900585,9.11066398390342,0.0,63.66666666666666,0,0.05882,-1.11059,62.52129,10.07208,13.0,19.0,1490.0,0.0,0.15096,0.00102,0.0,0.0,0.5
YAL011W,5,0.0012382916007995758,0.17695728611224637,1.644643493348114e-08,0.1,4.105710814094775,1.0,0.0,0,0.0544,-1.10736,60.39984,9.18475,109.0,125.0,54235.0,0.0,0.74793,0.00013,0.0,0.0,0.5
YNL250W,9,0.009120094615835753,0.1830371631538966,2.0832327455010263e-08,0.25,9.0,0.0,3.9333333333333336,0,0.05488,-0.78117,43.28224,5.78326,229.0,208.0,70345.0,0.0,0.46108,4e-05,0.0,0.0,0.5
YHL010C,1,0.0,0.15097481694273224,1.4726996537210089e-09,0.0,1.0,0.0,0.0,0,0.08034,-0.71709,35.18619,6.11786,90.0,82.0,58840.0,0.0,0.87167,9e-05,0.0,0.0,0.5
YDR201W,8,0.007187856869545832,0.18387380690338734,1.0977390994130073e-08,0.17857142857142858,3.0,0.25,12.666666666666668,1,0.02424,-0.74061,47.38909,4.76495,35.0,26.0,4595.0,0.0,0.243,0.00025,0.6832615929899515,0.18303056670342058,0.5305050944505701
YDR295C,8,0.002321097102159493,0.18421749626208525,1.0753882978449171e-08,0.25,7.7152917505030185,1.0,5.916666666666666,0,0.06825,-0.70519,46.66068,8.81195,86.0,95.0,54500.0,0.0,0.70726,0.00011,0.0,0.0,0.5
YLR190W,1,0.0,0.16533528015469823,1.8033269698478707e-09,0.0,1.0,0.0,0.0,0,0.04073,-0.81242,49.55153,7.53546,67.0,68.0,16680.0,0.0,0.30429,0.00014,0.0,0.0,0.5
YGL075C,3,0.00015974172005866704,0.16903586399145118,2.8455071043792992e-09,0.0,1.6618985695708712,0.25,0.0,1,0.10078,-0.52558,46.72791,8.28314,52.0,54.0,42650.0,0.0,0.9566,0.00019,0.6832615929899515,0.18303056670342058,0.5550667080574846
YJL074C,12,0.004624354996336213,0.20052158799636952,1.136659061139173e-06,0.12121212121212122,3.0338461538461536,0.5,11.541666666666666,1,0.05447,-0.67317,38.45789,5.63458,209.0,188.0,47135.0,0.0,0.3335,4e-05,0.3167384070100485,0.19390444008233815,0.5319568676606288
YNL079C,3,0.0012586505955780852,0.195257772164865,3.542560593339436e-05,0.0,1.8483080513418904,0.0,0.0,0,0.02513,-1.47538,50.58492,4.58282,58.0,33.0,13980.0,0.0,0.59387,0.00019,0.0,0.0,0.5
YDL072C,1,0.0,0.16114512835221648,4.4824950991172967e-07,0.0,0.0,0.5,0.0,0,0.08867,0.21921,42.85222,6.61041,24.0,24.0,9190.0,0.0,0.40127,0.00029,0.0,0.0,0.0
YIR018W,1,0.0,0.14847297454084907,1.1153534444711324e-09,0.0,1.0,0.5,0.0,0,0.02857,-1.04163,56.25224,8.91217,36.0,43.0,12460.0,0.0,0.43895,0.00031,0.0,0.0,0.5
YHR158C,7,0.0040486752924515385,0.19341842900640882,1.0294100778614772e-08,0.047619047619047616,3.8881278538812785,0.0,2.6666666666666665,0,0.06529,-0.73969,42.52337,5.20721,180.0,132.0,93335.0,0.0,0.71198,4e-05,0.0,0.0,0.5
YMR124W,3,8.64822134234884e-05,0.1781246349181558,1.929911373439486e-08,0.3333333333333333,0.0,0.0,6.0,0,0.0562,-1.06957,59.43022,6.43524,114.0,110.0,38280.0,0.0,0.36143,6e-05,0.0,0.0,0.0
YER018C,2,0.00024341346585095245,0.16450736187650744,2.6608445060479735e-09,0.0,0.0,0.5,0.0,1,0.04977,-0.56878,57.36697,6.40594,28.0,25.0,19730.0,0.0,0.78157,0.00025,0.6832615929899515,0.2887195853553551,0.5
YDL074C,8,0.0012626837669018022,0.18749426519588244,3.468718927899344e-08,0.2857142857142857,3.6205128205128205,1.0,7.208333333333333,0,0.04857,-0.805,44.4033,6.06927,127.0,119.0,29015.0,0.0,0.35958,8e-05,0.0,0.0,0.5
YNL153C,6,0.0008456675865278613,0.15878260109588466,2.8160450641675906e-09,0.4,1.0,0.0,4.023809523809524,0,0.06202,-0.76589,47.68295,4.51959,30.0,19.0,4470.0,0.0,0.29447,0.0003,0.0,0.0,0.5
YNL103W,7,0.003219555315473441,0.16415116672254432,2.1319297397777707e-09,0.14285714285714285,1.0,1.0,0.0,1,0.04911,-1.0003,41.3244,5.48431,93.0,67.0,18910.0,0.0,0.25426,7e-05,0.6832615929899515,0.40591527534130006,0.70295763767065
YDL099W,1,0.0,0.00043122035360068997,1.526654176624869e-14,0.0,0.0,0.0,0.0,0,0.02639,-1.29179,46.78006,4.54083,76.0,46.0,16500.0,0.0,0.43088,0.00012,0.0,0.0,0.0
YKL050C,1,0.0,0.00043122035360068997,1.526654176624869e-14,0.0,0.0,0.0,0.0,0,0.04989,-0.86508,53.0538,5.81293,153.0,140.0,40060.0,0.0,0.38839,6e-05,0.0,0.0,0.0
YDL087C,1,0.0,0.16471356313230653,1.5179629999957657e-08,0.0,1.0,1.0,0.0,1,0.0613,-0.63716,53.71149,9.31158,33.0,43.0,12670.0,0.0,0.41961,0.00031,0.6832615929899515,0.40591527534130006,0.70295763767065
YEL061C,4,0.0005080198773926571,0.18235981219394135,5.6040026732317225e-09,0.0,1.0,0.0,1.3333333333333333,0,0.054,-0.6988,47.41702,8.21796,125.0,129.0,39405.0,0.0,0.34776,7e-05,0.0,0.0,0.5
YLR454W,2,5.447376756747746e-06,0.16386459472976242,1.0989924228570878e-09,0.0,0.0,0.0,0.0,1,0.1035,-0.32664,40.78487,8.18878,329.0,338.0,274290.0,0.0,0.90383,3e-05,0.3167384070100485,0.0,0.0
YGR130C,2,0.0,0.17162622638261316,3.4602431526329724e-09,1.0,2.0,0.0,0.0,0,0.03799,-1.25809,52.9136,4.96429,160.0,116.0,47455.0,0.0,0.51194,5e-05,0.0,0.0,0.5
YLR086W,4,0.00011527240688264108,0.17348417620175252,1.8987883036661442e-08,0.3333333333333333,3.1887179487179487,0.3333333333333333,1.0,1,0.05007,-0.74069,46.77765,5.91974,243.0,225.0,56825.0,0.0,0.35037,4e-05,0.3167384070100485,0.16241202693656576,0.5254666655296159
YJR035W,1,0.0,0.15906449402875342,1.2167776092191381e-09,0.0,1.0,1.0,0.0,0,0.07465,-0.73604,42.97015,7.10907,161.0,160.0,119845.0,0.0,0.96241,6e-05,0.0,0.0,0.5
YPL018W,1,0.0,0.1661715739339329,4.381349771194802e-09,0.0,1.0,0.5,0.0,0,0.07317,-0.46477,34.69054,8.7923,46.0,52.0,28265.0,0.0,0.66068,0.00021,0.0,0.0,0.5
YLR254C,2,0.0009611318733409206,0.16329444205155433,1.2196806375518765e-09,0.0,1.0,0.5,0.0,0,0.01587,-0.74709,52.56878,5.40546,29.0,25.0,3230.0,0.0,0.15002,0.00025,0.0,0.0,0.5
YLR314C,8,0.0045295857699388965,0.1942188599866304,4.602079699682239e-08,0.03571428571428571,6.54516129032258,0.0,0.3846153846153846,1,0.075,-0.87635,50.92788,5.32465,91.0,72.0,37735.0,0.0,0.62836,9e-05,0.6832615929899515,0.0,0.5
YGR059W,2,8.092044258011541e-05,0.17029176760296433,4.242965129925925e-09,0.0,1.0,0.0,0.0,0,0.08984,-0.6834,42.78652,7.07428,80.0,80.0,49610.0,0.0,0.82898,0.00012,0.0,0.0,0.5
YBR211C,1,0.0,0.14892166893353825,4.500279530744818e-10,0.0,1.0,0.5,0.0,1,0.06173,-0.74352,41.22531,4.72565,58.0,40.0,17545.0,0.0,0.46835,0.00013,0.6832615929899515,0.2887195853553551,0.6443597926776775
YPL155C,2,0.0,0.14617183611452075,5.923242878613898e-10,1.0,1.0,0.0,2.5,0,0.04816,-0.6398,55.82465,9.44257,81.0,100.0,35590.0,0.0,0.45409,0.00012,0.0,0.0,0.5
YBR057C,1,0.0,0.1617799745571497,1.0926036733025562e-09,0.0,1.0,0.3333333333333333,0.0,0,0.06011,-0.86721,44.16831,5.62604,45.0,35.0,23505.0,0.0,0.56731,0.00014,0.0,0.0,0.5
YJR112W,15,0.003630702946525994,0.18190542727983686,1.3678145520276101e-08,0.12380952380952381,12.124748490945674,0.5,8.32777777777778,1,0.06468,-0.75473,42.61891,4.78448,39.0,24.0,21930.0,0.0,0.92769,0.0002,0.6832615929899515,0.2887195853553551,0.5119062092533697
YDR150W,6,0.0003586498714570686,0.1778514129752154,2.0396914114660673e-08,0.3333333333333333,3.0,0.0,4.083333333333334,0,0.0655,-0.7056,39.72405,5.26105,476.0,353.0,217610.0,0.0,0.69517,2e-05,0.0,0.0,0.5
YLR200W,5,0.00038712199011518904,0.15256402554212944,1.3573565176922711e-09,0.6,1.5798045602605864,1.0,4.761904761904762,0,0.04386,-0.9,64.58158,4.69928,24.0,16.0,3105.0,0.0,0.23374,0.00035,0.0,0.0,0.5
YGL093W,1,0.0,0.151940739227959,9.743777848168629e-10,0.0,1.0,0.16666666666666666,0.0,1,0.06652,-0.7422,45.21104,5.117,158.0,123.0,47455.0,0.0,0.45271,5e-05,0.3167384070100485,0.10920393139476796,0.554601965697384
YKL101W,4,0.0034945808087168853,0.1757581105665905,5.8488243197994675e-08,0.0,3.4314159292035398,0.0,0.0,1,0.0527,-0.73887,54.83821,9.34576,178.0,215.0,85565.0,0.0,0.5045,6e-05,0.3167384070100485,0.0,0.5
YBL099W,16,0.0028968938740293357,0.15264672887820896,1.7295106576192921e-07,0.7666666666666667,10.616008105369808,0.0,45.95,0,0.05688,-0.08385,34.42572,9.06122,58.0,64.0,31985.0,0.0,0.54575,0.00015,0.0,0.0,0.5
YNL315C,2,0.0,0.130980610672092,2.4484729495426282e-08,1.0,1.7848101265822784,0.0,2.333333333333333,0,0.08491,-0.63711,49.52836,9.08466,38.0,44.0,32680.0,0.0,0.88682,0.00025,0.0,0.0,0.5
YJL180C,1,0.0,0.13097190764148256,1.2271150676919872e-08,0.0,1.0,0.0,0.0,0,0.05846,-0.25169,30.74372,8.89337,38.0,43.0,29950.0,0.0,0.81934,0.00024,0.0,0.0,0.5
YJR121W,15,0.0025,0.15263490862663096,1.7213833709862003e-07,0.8761904761904762,10.401209677419354,0.0,43.12142857142857,0,0.05871,-0.018,31.91098,5.51776,63.0,54.0,22015.0,0.0,0.40178,0.0001,0.0,0.0,0.5
YPR163C,2,0.0,0.11810936604975207,1.9034879475345747e-09,0.0,0.0,0.0,0.0,0,0.06651,-1.09908,46.01583,5.17145,79.0,69.0,67950.0,0.0,1.40041,0.00011,0.0,0.0,0.0
YLR155C,4,0.0007292029606372729,0.1354354273742141,1.3106579793311506e-08,0.0,0.0,0.0,0.0,0,0.0,0.0,0.0,0.0,0.0,0.0,0.0,0.0,0.0,0.0,0.0,0.0,0.0
YBR048W,58,0.005077123642824788,0.1785117922481717,0.00670452495356654,0.9316394434361767,0.0,0.0,54.327777777777776,0,0.0,0.0,0.0,0.0,0.0,0.0,0.0,0.0,0.0,0.0,0.0,0.0,0.0
YAR066W,2,0.00039689387402933567,0.16834291656027947,4.1810208802791757e-08,0.0,1.0,0.0,0.0,0,0.08374,0.08128,20.96995,4.4881,21.0,12.0,8940.0,0.0,0.43412,0.00022,0.0,0.0,0.5
YCL014W,2,0.0004121491852467905,0.17535158882700047,2.1884387832382745e-06,0.0,1.9797160243407708,0.0,0.0,0,0.07763,-0.65134,45.19929,5.84088,245.0,222.0,116155.0,0.0,0.62883,3e-05,0.0,0.0,0.5
YGR296W,1,0.0,0.15666247099064634,1.764996804246399e-08,0.0,1.0,0.0,0.0,0,0.09414,-0.37375,39.24377,6.93597,235.0,232.0,226165.0,0.0,1.0713,3e-05,0.0,0.0,0.5
YKL011C,19,0.019357769096451583,0.18871490761171011,7.32757836434176e-07,0.011695906432748537,16.46964856230032,0.0,45.0,0,0.08215,-0.4966,39.89518,9.3515,39.0,54.0,38930.0,0.0,0.94951,0.00023,0.0,0.0,0.5
YNL191W,1,0.0,0.17922596926753157,0.0013884689660974704,0.0,0.0,0.0,0.0,0,0.08964,-0.35658,38.41092,6.83575,44.0,43.0,35130.0,0.0,0.87431,0.00017,0.0,0.0,0.0
YOR128C,1,0.0,0.00043122035360068997,1.526654176624869e-14,0.0,0.0,0.0,0.0,0,0.05604,-0.00385,40.99179,6.92645,62.0,61.0,30465.0,0.0,0.4887,0.00011,0.0,0.0,0.0
YMR323W,1,0.0,0.00043122035360068997,1.526654176624869e-14,0.0,0.0,0.0,0.0,0,0.07094,-0.15561,34.70689,5.25934,57.0,43.0,49235.0,0.0,1.04064,0.00011,0.0,0.0,0.0
YOR285W,1,0.0,0.14956576447411127,0.00011970366345369526,0.0,0.0,0.0,0.0,0,0.09353,-0.51871,37.04971,5.91486,17.0,14.0,25565.0,0.0,1.65866,0.00038,0.0,0.0,0.0
YLR135W,1,0.0,0.158259912485292,0.00012000490021620603,0.0,1.0,0.5,0.0,0,0.05749,-0.76751,47.4206,4.87067,120.0,89.0,36620.0,0.0,0.43409,6e-05,0.0,0.0,0.5
YLR056W,1,0.0,0.158259912485292,0.00012000490021620603,0.0,1.0,0.5,0.0,0,0.15342,-0.04822,38.95263,7.31061,34.0,34.0,85300.0,0.0,1.99627,0.00017,0.0,0.0,0.5
YKL017C,1,0.0,0.158259912485292,0.00012000490021620603,0.0,1.0,0.5,0.0,0,0.06149,-0.42035,40.38537,7.2099,91.0,91.0,53580.0,0.0,0.68454,9e-05,0.0,0.0,0.5
YBL081W,1,0.0,0.158259912485292,0.00012000490021620603,0.0,1.0,0.0,0.0,0,0.09239,-0.96495,62.48995,8.56525,13.0,15.0,49280.0,0.0,1.20884,0.00021,0.0,0.0,0.5
YOL131W,1,0.0,0.17922596926753157,0.0013884689660974704,0.0,0.0,0.0,0.0,0,0.05556,-0.76944,70.62315,5.16888,18.0,14.0,7240.0,0.0,0.5828,0.00042,0.0,0.0,0.0
YNL034W,1,0.0,0.14645420982274404,0.0001197035208003858,0.0,0.0,0.0,0.0,0,0.08987,-0.65735,70.7551,6.38397,66.0,60.0,76915.0,0.0,1.10872,9e-05,0.0,0.0,0.0
YHR203C,58,0.0007937877480586713,0.17409708620423178,0.0067045164344624415,0.9316394434361767,8.332264957264957,0.0,317.1666666666667,0,0.0728,-0.44789,23.7295,10.08771,27.0,49.0,19035.0,0.0,0.64723,0.00034,0.0,0.0,0.5
YMR134W,1,0.0,0.15388611210901024,5.106128382358507e-08,0.0,0.0,0.0,0.0,1,0.10549,-0.31814,33.02025,5.29828,43.0,33.0,15400.0,0.0,0.55156,0.00019,0.6832615929899515,0.0,0.0
YEL054C,81,0.0020257125065615087,0.20434659029694302,0.11097844650840895,0.9753086419753086,30.227272727272727,0.0,19.066666666666663,0,0.03636,-0.33636,33.53818,9.43158,20.0,26.0,3105.0,0.0,0.17422,0.00053,0.0,0.0,0.5
YLR295C,17,0.002768874205074738,0.15369412943503408,1.7310808154764578e-07,0.6691176470588235,7.641315519013361,0.0,49.06666666666666,0,0.05645,-0.69435,62.13387,4.62994,23.0,13.0,15595.0,0.0,1.10386,0.00033,0.0,0.0,0.5
YAR060C,2,0.00039689387402933567,0.13175984024092996,1.2349573291830014e-08,0.0,0.0,0.0,0.0,0,0.0,0.0,0.0,0.0,0.0,0.0,0.0,0.0,0.0,0.0,0.0,0.0,0.0
YPR102C,83,0.009144947652809021,0.21000716066527939,0.11101294878957983,0.9285924184543051,0.0,0.5,19.066666666666663,0,0.07471,-0.62241,31.87764,9.91901,21.0,33.0,13075.0,0.0,0.66305,0.0005,0.0,0.0,0.0
YLR197W,3,0.002207136556105634,0.15418704709044995,5.1134030207069674e-08,0.3333333333333333,2.5861723446893787,0.5,5.333333333333333,1,0.06944,-0.64306,32.55419,8.95477,79.0,89.0,33850.0,0.0,0.59529,0.00016,0.6832615929899515,0.2887195853553551,0.555819865591756
YER175C,2,0.0,0.11810936604975207,1.9034879475345747e-09,0.0,0.0,0.0,0.0,0,0.12709,-0.64448,42.26495,5.86774,47.0,42.0,59735.0,0.0,1.71811,0.00017,0.0,0.0,0.0
YNL070W,10,0.0007937514747336578,0.13518463822812649,5.297219011771944e-09,0.6222222222222222,1.0,0.0,22.9,0,0.13333,0.21167,56.34667,8.24811,3.0,4.0,13980.0,0.0,2.03497,0.0012,0.0,0.0,0.5
YLR145W,1,0.0,0.1423607691755245,1.3369187330773496e-09,0.0,0.0,0.3333333333333333,0.0,1,0.0796,-0.42985,40.89851,9.7774,22.0,36.0,34085.0,0.0,1.44316,0.00041,0.6832615929899515,0.2240360033604539,0.5
YKR019C,1,0.0,0.11529082353654513,8.765704188640967e-10,0.0,0.0,0.0,0.0,0,0.0,0.0,0.0,0.0,0.0,0.0,0.0,0.0,0.0,0.0,0.0,0.0,0.0
YBR068C,1,0.0,0.15938604431182277,8.626340640016262e-09,0.0,0.0,0.0,0.0,0,0.13793,0.25123,34.05783,8.48175,47.0,52.0,99460.0,0.0,1.46764,0.00013,0.0,0.0,0.0
YDR385W,6,0.0031252129114435058,0.1926810566964137,5.595438465925831e-07,0.0,0.0,0.0,0.0,0,0.0,0.0,0.0,0.0,0.0,0.0,0.0,0.0,0.0,0.0,0.0,0.0,0.0
YOL006C,3,0.00041359755779896043,0.16707299627091982,4.485832507078532e-07,0.0,2.3797195253505934,0.3333333333333333,0.0,0,0.08713,-0.95761,45.09884,8.82782,135.0,147.0,94155.0,0.0,1.04623,0.0001,0.0,0.0,0.5
YJR091C,6,0.006139805251559128,0.17830187336086045,0.00012021717748505857,0.0,3.734279918864097,0.0,0.0,0,0.06141,-0.53538,42.78038,6.4798,89.0,81.0,75260.0,0.0,0.62522,5e-05,0.0,0.0,0.5
YDL153C,1,0.0,0.14645420982274404,0.0001197035208003858,0.0,1.0,0.5,0.0,1,0.06721,-1.29934,53.92756,4.59491,158.0,97.0,44935.0,0.0,0.63957,7e-05,0.3167384070100485,0.19390444008233815,0.5969522200411691
YDL094C,1,0.0,0.0005749604714675866,5.874040484279281e-14,0.0,0.0,0.0,0.0,0,0.13609,0.06686,39.30533,9.56244,14.0,23.0,10805.0,0.0,0.54867,0.00049,0.0,0.0,0.0
YER081W,1,0.0,0.158259912485292,0.00012000490021620603,0.0,1.0,0.0,0.0,0,0.06397,-0.05075,43.29832,5.35785,49.0,36.0,37985.0,0.0,0.742,0.0001,0.0,0.0,0.5
YDR459C,1,0.0,0.14646509213882541,0.00011974104561207742,0.0,1.0,0.0,0.0,0,0.12567,0.0738,51.08131,8.68402,32.0,39.0,84935.0,0.0,1.9788,0.0002,0.0,0.0,0.5
YHR114W,17,0.010179320161248796,0.21418311528896145,0.0013921919608083037,0.014705882352941176,12.991886409736308,0.0,0.0,0,0.07267,-0.81785,38.45311,5.69525,95.0,85.0,75790.0,0.0,1.06491,8e-05,0.0,0.0,0.5
YBL087C,81,0.002781164443498987,0.20612017254044884,0.11097844649909053,0.9753086419753086,0.0,0.0,19.066666666666663,0,0.0,0.0,0.0,0.0,0.0,0.0,0.0,0.0,0.0,0.0,0.0,0.0,0.0
YDL075W,81,0.00039689387402933567,0.1998304146395288,0.11097838181205547,0.9753086419753086,18.199566160520607,0.0,19.066666666666663,0,0.06195,-0.51593,43.24779,9.98859,15.0,24.0,9970.0,0.0,0.76971,0.00077,0.0,0.0,0.5
YJR067C,1,0.0,0.16424691359089344,0.0013871670419174022,0.0,0.0,0.5,0.0,1,0.08511,-0.66525,38.25532,5.07513,25.0,19.0,22585.0,0.0,1.4049,0.00032,0.6832615929899515,0.2887195853553551,0.5
YNL021W,1,0.0,0.15994216244760728,1.736158232467311e-05,0.0,1.0,1.0,0.0,0,0.09207,-0.34405,41.7816,5.29645,102.0,76.0,96980.0,0.0,1.2112,7e-05,0.0,0.0,0.5
YDL042C,4,0.0027912127614075958,0.19170659502084345,5.808511990544917e-08,0.0,3.3117033603707995,0.5,0.0,0,0.08363,-0.29964,38.78795,8.69879,60.0,68.0,50655.0,0.0,0.80073,0.00014,0.0,0.0,0.5
YDR296W,1,0.0,0.17074906531568884,3.962117574430893e-07,0.0,1.0,0.25,0.0,0,0.11504,-0.79513,39.2146,9.53082,25.0,37.0,55390.0,0.0,2.05954,0.00035,0.0,0.0,0.5
YIL075C,38,0.0014999935943664229,0.2028326003297296,0.00018882038569155416,0.8605974395448079,32.0959595959596,0.0,286.75178571428575,1,0.08148,-0.18921,33.49399,5.85138,118.0,108.0,79160.0,0.0,0.75947,6e-05,0.3167384070100485,0.0,0.5
YGR092W,15,0.0007135273280930533,0.18138651053688343,5.793212818334693e-07,0.6666666666666666,11.36226034308779,0.25,44.142857142857146,0,0.11014,-0.59441,52.32103,8.86163,74.0,82.0,64010.0,0.0,0.96769,0.00013,0.0,0.0,0.5
YAR019C,1,0.0,0.15157853045250017,1.8443843659755474e-08,0.0,1.0,0.0,0.0,1,0.09754,-0.10554,45.52642,8.02167,100.0,103.0,111295.0,0.0,1.00957,7e-05,0.3167384070100485,0.0,0.5
YCL024W,4,0.00016866013573672305,0.18183830350593286,8.365909181105257e-09,0.0,2.9168539325842695,0.0,0.0,0,0.05882,-0.6296,51.52161,8.76532,139.0,148.0,70750.0,0.0,0.60744,8e-05,0.0,0.0,0.5
YCR002C,3,9.814495254529767e-07,0.15569725197506415,1.365519108203197e-09,0.3333333333333333,2.7865168539325844,0.0,0.0,0,0.08696,-0.38043,41.30435,5.49786,47.0,38.0,26025.0,0.0,0.70291,0.00015,0.0,0.0,0.5
YKR048C,2,1.759955623739058e-05,0.1567372145359663,1.4366374283148e-08,0.0,1.6936936936936937,0.3333333333333333,0.0,0,0.08153,-0.8494,54.18492,4.23102,99.0,42.0,37400.0,0.0,0.78105,9e-05,0.0,0.0,0.5
YLR457C,2,0.0001825743328988394,0.17051273442943876,2.1666908204905165e-09,0.0,1.0,0.0,0.0,1,0.05643,-1.16458,75.10063,10.1662,43.0,72.0,20650.0,0.0,0.55283,0.00027,0.6832615929899515,0.0,0.5
YDR162C,2,0.00023191909736788687,0.1785603052816661,1.116308661493702e-06,0.0,1.567774936061381,0.0,0.0,0,0.08051,-0.84153,41.11275,4.02411,55.0,17.0,28880.0,0.0,1.08693,0.00015,0.0,0.0,0.5
YOR308C,2,0.0,0.18902255561989953,5.957083164419859e-07,1.0,1.9830148619957537,1.0,0.0,0,0.03918,-1.09455,47.10273,6.34955,105.0,100.0,21430.0,0.0,0.3226,0.0001,0.0,0.0,0.5
YDR088C,2,0.00012091821544888869,0.17997874452194232,2.7458336243448516e-07,0.0,1.0,1.0,0.0,1,0.06283,-1.4212,41.36754,8.89093,70.0,77.0,50225.0,0.0,1.12521,0.0002,0.6832615929899515,0.40591527534130006,0.70295763767065
YKL012W,2,0.00027021083151307433,0.17891687483019988,8.688037488197502e-08,0.0,1.0,1.0,0.0,1,0.09777,-0.93122,40.73911,8.91583,91.0,99.0,107385.0,0.0,1.55486,0.00013,0.3167384070100485,0.24054770888719992,0.6202738544436
YMR213W,1,0.0,0.1457395349356238,4.951115417834338e-10,0.0,1.0,0.5,0.0,1,0.05763,-0.9322,50.78576,8.30231,95.0,98.0,49195.0,0.0,0.72634,0.00012,0.6832615929899515,0.2887195853553551,0.6443597926776775
YGR129W,4,0.005687109594703259,0.1730880936076846,1.3438854226171128e-08,0.0,1.973623853211009,1.0,0.0,0,0.06047,-1.34977,45.17819,9.33795,38.0,46.0,17420.0,0.0,0.70235,0.00038,0.0,0.0,0.5
YPR185W,1,0.0,0.15394620509249549,2.2111126982407433e-07,0.0,1.0,0.0,0.0,0,0.06775,-0.84959,65.7668,6.53217,83.0,78.0,67310.0,0.0,0.80823,8e-05,0.0,0.0,0.5
YEL013W,4,0.001190681622088007,0.18478740133161267,1.7665213907071043e-05,0.0,1.6965352449223416,0.0,0.0,0,0.04325,-0.11782,44.84431,5.0025,74.0,53.0,29015.0,0.0,0.45905,8e-05,0.0,0.0,0.5
YGL180W,2,0.00039689387402933567,0.16298389366663735,2.6480039728191974e-09,0.0,1.0,0.0,0.0,1,0.08027,-0.47235,44.78953,6.18842,116.0,105.0,75190.0,0.0,0.73921,6e-05,0.3167384070100485,0.0,0.5
YLR423C,8,0.004549387053260287,0.1979242102625075,1.370577074504663e-07,0.10714285714285714,5.498374864572048,0.0,14.62179487179487,0,0.07914,-0.55588,27.16933,4.96881,72.0,57.0,40380.0,0.0,0.82991,0.0001,0.0,0.0,0.5
YPR049C,1,0.0,0.13850939568577839,8.100343572271272e-11,0.0,0.0,0.0,0.0,0,0.08234,-0.48455,39.61784,5.51678,166.0,142.0,97930.0,0.0,0.72528,4e-05,0.0,0.0,0.0
YBL078C,4,0.0028033136172042564,0.16667742347406664,1.621174513011533e-08,0.16666666666666666,2.514588859416446,0.0,2.2666666666666666,0,0.11966,-0.47778,38.94017,9.16107,17.0,21.0,9065.0,0.0,0.66524,0.00067,0.0,0.0,0.5
YER177W,1,0.0,0.1721057548244401,2.6450031026515226e-07,0.0,1.0,0.0,0.0,0,0.07116,-0.65768,57.98509,4.81793,45.0,28.0,29130.0,0.0,0.96806,0.00016,0.0,0.0,0.5
YNL314W,2,0.0,0.1553046966596527,5.525780849126764e-10,1.0,0.0,0.0,7.5,0,0.05882,-0.75412,52.44745,7.13617,34.0,34.0,18700.0,0.0,0.64309,0.00025,0.0,0.0,0.0
YIR023W,2,0.0,0.1553046966596527,5.525780849126764e-10,1.0,0.0,1.0,0.4,0,0.0701,-0.63361,52.49249,8.22809,82.0,86.0,100530.0,0.0,0.92083,8e-05,0.0,0.0,0.0
YNR001C,1,0.0,0.0005749604714675866,5.874040484279281e-14,0.0,1.0,0.0,0.0,0,0.09186,-0.29165,27.08896,8.23077,58.0,60.0,62925.0,0.0,1.17927,0.00015,0.0,0.0,0.5
YKL085W,2,2.1570319240724764e-06,0.0008624407072013799,8.307145578275165e-14,0.0,1.9643979057591623,0.0,0.0,0,0.0479,-0.1006,33.06228,8.4577,37.0,39.0,4595.0,0.0,0.12889,0.00024,0.0,0.0,0.5
YCR005C,1,0.0,0.0005749604714675866,5.874040484279281e-14,0.0,1.0,0.0,0.0,0,0.09565,-0.33304,31.67654,5.94135,58.0,50.0,65780.0,0.0,1.27945,0.00012,0.0,0.0,0.5
YGL162W,1,0.0,0.16607357064658454,2.3000719451296526e-07,0.0,1.0,0.5,0.0,0,0.05351,-0.38562,50.1709,9.48309,29.0,44.0,18420.0,0.0,0.55497,0.00029,0.0,0.0,0.5
YOR358W,5,0.0020752774972985044,0.18681899440852168,1.8169719290550755e-05,0.3,2.777129521586931,1.0,2.1142857142857143,0,0.06198,-0.90744,63.91736,4.50116,48.0,25.0,17210.0,0.0,0.62185,0.00016,0.0,0.0,0.5
YEL002C,9,0.002787963761863676,0.17695728611224637,4.7138597775281637e-07,0.8611111111111112,6.8074468085106385,0.5,4.583333333333334,1,0.13256,-0.33186,36.25326,5.62384,53.0,45.0,79800.0,0.0,1.61568,0.00011,0.6832615929899515,0.2887195853553551,0.5212061580117232
YMR149W,9,0.002787963761863676,0.17695728611224637,4.7138597775281637e-07,0.8611111111111112,2.501173708920188,0.5,4.583333333333334,1,0.1049,0.36573,35.76294,6.52911,26.0,25.0,16180.0,0.0,0.51118,0.00021,0.6832615929899515,0.2887195853553551,0.5577168199724925
YGL022W,9,0.002787963761863676,0.17695728611224637,4.7138597775281637e-07,0.8611111111111112,1.5553097345132743,0.5,4.583333333333334,1,0.1546,0.32368,31.91485,8.02448,62.0,64.0,171255.0,0.0,2.10057,0.0001,0.3167384070100485,0.19390444008233815,0.5623362780350049
YJL002C,9,0.002787963761863676,0.17695728611224637,4.7138597775281637e-07,0.8611111111111112,1.698008849557522,0.5,9.916666666666666,1,0.14286,-0.15861,35.51683,5.01312,53.0,34.0,81040.0,0.0,1.49876,9e-05,0.6832615929899515,0.2887195853553551,0.5850171026583847
YPL096W,1,0.0,0.16957391689644805,9.491808228437492e-07,0.0,1.0,0.5,0.0,0,0.12121,-0.69146,37.07052,6.22382,53.0,50.0,71080.0,0.0,1.67308,0.00015,0.0,0.0,0.5
YLR342W,3,0.00019844693701466783,0.1718656561168639,2.3250468773773296e-08,0.6666666666666666,2.470948012232416,0.0,0.0,0,0.1338,-0.10874,40.43761,6.84039,189.0,184.0,355135.0,0.0,1.65296,3e-05,0.0,0.0,0.5
YLR371W,3,0.0007937877480586713,0.1718806426582065,2.2685464379847108e-08,0.0,1.3979721166032952,0.0,0.0,1,0.08333,-0.55605,48.91911,9.2641,135.0,168.0,108915.0,0.0,0.71376,6e-05,0.3167384070100485,0.0,0.5
YOR008C,1,0.0,0.14488255861847205,5.377202213133188e-10,0.0,1.0,0.0,0.0,0,0.06614,-0.47143,48.3537,4.7005,36.0,19.0,27485.0,0.0,0.69991,0.00012,0.0,0.0,0.5
YLR332W,1,0.0,0.14488255861847205,5.377202213133188e-10,0.0,0.0,0.0,0.0,0,0.06383,-0.21197,66.41811,5.37665,28.0,23.0,24785.0,0.0,0.63314,0.00014,0.0,0.0,0.0
YNL090W,3,0.00026892369525095865,0.18178799317571817,1.7017570632974343e-08,0.3333333333333333,2.3897379912663754,0.0,14.583333333333332,0,0.08854,-0.12969,32.95052,5.3537,29.0,25.0,22180.0,0.0,1.03266,0.00025,0.0,0.0,0.5
YIL118W,4,0.0003100210899946088,0.15642625267870108,1.2425631202909469e-08,0.5,3.399574920297556,0.0,3.625,1,0.06926,-0.2658,42.99697,4.88824,30.0,21.0,20940.0,0.0,0.82727,0.00019,0.6832615929899515,0.0,0.5
YBR260C,3,0.0006155910758199341,0.18158702994051704,9.2675764021575e-07,0.0,2.2781456953642385,0.0,0.0,0,0.06156,-0.46562,46.86021,8.44403,77.0,81.0,44975.0,0.0,0.60273,0.00011,0.0,0.0,0.5
YAR064W,1,0.0,0.17209072900334488,1.7762978695235182e-05,0.0,1.0,0.0,0.0,0,0.11111,-0.29697,33.72323,8.5401,9.0,12.0,9355.0,0.0,0.83987,0.00077,0.0,0.0,0.5
YBR213W,1,0.0,0.17209072900334488,1.7762978695235182e-05,0.0,1.0,0.0,0.0,0,0.09489,-0.42226,33.75405,5.92499,43.0,39.0,32400.0,0.0,1.01512,0.00019,0.0,0.0,0.5
YBR229C,1,0.0,0.17209072900334488,1.7762978695235182e-05,0.0,1.0,1.0,0.0,0,0.12893,-0.33585,38.29635,5.7442,117.0,91.0,168860.0,0.0,1.53141,5e-05,0.0,0.0,0.5
YDR231C,1,0.0,0.17209072900334488,1.7762978695235182e-05,0.0,1.0,0.0,0.0,1,0.10732,-0.82683,48.09512,9.47174,21.0,29.0,59720.0,0.0,2.51371,0.0004,0.6832615929899515,0.0,0.5
YDR292C,2,0.00039689387402933567,0.17212078326967448,1.7765976125361994e-05,0.0,1.9738636363636364,0.3333333333333333,0.0,1,0.08052,-0.48293,35.20823,6.69464,75.0,73.0,50350.0,0.0,0.72679,0.0001,0.6832615929899515,0.2240360033604539,0.556750628369948
YER023W,1,0.0,0.17209072900334488,1.7762978695235182e-05,0.0,1.0,0.0,11.0,1,0.04895,0.10944,25.94269,5.36859,30.0,24.0,19785.0,0.0,0.65662,0.00018,0.6832615929899515,0.0,0.5
YFL003C,1,0.0,0.17209072900334488,1.7762978695235182e-05,0.0,1.0,0.0,0.0,0,0.06492,-0.20478,40.94864,6.95172,109.0,108.0,56905.0,0.0,0.5735,7e-05,0.0,0.0,0.5
YFL010WA,1,0.0,0.17209072900334488,1.7762978695235182e-05,0.0,0.0,0.0,0.0,0,0.0,0.0,0.0,0.0,0.0,0.0,0.0,0.0,0.0,0.0,0.0,0.0,0.0
YFR054C,1,0.0,0.17209072900334488,1.7762978695235182e-05,0.0,1.0,0.0,0.0,0,0.09375,0.16927,59.12349,5.87347,12.0,9.0,10930.0,0.0,0.53425,0.00029,0.0,0.0,0.5
YGL063W,1,0.0,0.17209072900334488,1.7762978695235182e-05,0.0,1.0,0.0,0.0,0,0.09189,-0.26838,44.9527,8.98053,35.0,44.0,49735.0,0.0,1.18725,0.00021,0.0,0.0,0.5
YGL229C,1,0.0,0.17209072900334488,1.7762978695235182e-05,0.0,1.0,0.0,0.0,0,0.10147,-0.41296,38.01813,4.62933,140.0,76.0,73325.0,0.0,0.77406,5e-05,0.0,0.0,0.5
YGR034W,81,0.006447165572743405,0.20768382783735245,0.11097879583239459,0.9753086419753086,31.496475327291037,0.0,19.066666666666663,0,0.03937,-0.55827,29.31969,10.4671,13.0,30.0,4470.0,0.0,0.31403,0.00074,0.0,0.0,0.5
YGR050C,1,0.0,0.17209072900334488,1.7762978695235182e-05,0.0,1.0,0.0,0.0,0,0.13559,-0.24237,15.48475,9.78961,8.0,16.0,10555.0,0.0,0.7813,0.00072,0.0,0.0,0.5
YGR144W,1,0.0,0.17209072900334488,1.7762978695235182e-05,0.0,1.0,0.3333333333333333,6.285714285714286,0,0.07055,0.02515,23.66626,5.81757,35.0,27.0,27680.0,0.0,0.79107,0.00017,0.0,0.0,0.5
YGR253C,36,0.003818002813597317,0.2052829837538338,0.00020439963600150547,0.946031746031746,19.830092118730807,0.5,383.76666666666665,1,0.06538,-0.29885,49.37196,4.66583,47.0,26.0,17795.0,0.0,0.62184,0.00016,0.6832615929899515,0.2887195853553551,0.5072798346983634
YHR028C,1,0.0,0.17209072900334488,1.7762978695235182e-05,0.0,1.0,0.0,0.0,0,0.12836,-0.43509,32.88571,5.28082,113.0,83.0,149675.0,0.0,1.60246,6e-05,0.0,0.0,0.5
YKL175W,1,0.0,0.17209072900334488,1.7762978695235182e-05,0.0,1.0,0.0,0.0,0,0.08549,-0.17674,49.67976,6.07367,50.0,35.0,37620.0,0.0,0.67904,0.00011,0.0,0.0,0.5
YKR025W,1,0.0,0.17209072900334488,1.7762978695235182e-05,0.0,1.0,1.0,0.0,1,0.07092,-0.85922,48.04897,4.39069,65.0,32.0,26930.0,0.0,0.83785,0.00014,0.6832615929899515,0.40591527534130006,0.70295763767065
YLL051C,1,0.0,0.17209072900334488,1.7762978695235182e-05,0.0,1.0,0.0,0.0,0,0.14185,0.15323,33.75213,9.05756,51.0,66.0,130315.0,0.0,1.58944,0.00011,0.0,0.0,0.5
YLR443W,1,0.0,0.17209072900334488,1.7762978695235182e-05,0.0,1.0,0.0,0.0,0,0.11161,-0.11384,42.18504,5.02435,49.0,35.0,73520.0,0.0,1.46084,0.0001,0.0,0.0,0.5
YNL066W,1,0.0,0.17209072900334488,1.7762978695235182e-05,0.0,1.0,0.0,0.0,0,0.08333,-0.21643,27.51857,4.18292,42.0,17.0,71165.0,0.0,1.63817,0.0001,0.0,0.0,0.5
YNL202W,1,0.0,0.17209072900334488,1.7762978695235182e-05,0.0,1.0,0.0,0.0,0,0.08219,0.07637,17.95856,9.13776,28.0,36.0,22055.0,0.0,0.70897,0.00029,0.0,0.0,0.5
YOR029W,1,0.0,0.17209072900334488,1.7762978695235182e-05,0.0,1.0,0.0,0.0,0,0.18919,0.31171,48.1064,9.72064,3.0,10.0,27305.0,0.0,2.11321,0.00075,0.0,0.0,0.5
YGR229C,2,0.00039689387402933567,0.1254616007895304,3.9842280782461845e-10,0.0,1.7448856799037304,1.0,0.0,0,0.07525,-0.9196,46.91467,4.59027,94.0,50.0,60515.0,0.0,1.0602,8e-05,0.0,0.0,0.5
YGR185C,1,0.0,0.11043966887070328,1.256609328655714e-11,0.0,1.0,0.5,0.0,1,0.08629,-0.31244,30.76574,8.56757,48.0,52.0,25370.0,0.0,0.57634,0.00019,0.6832615929899515,0.2887195853553551,0.6443597926776775
YMR273C,4,0.00012350962304945702,0.18651847180207345,2.6830149966381265e-07,0.16666666666666666,2.715374841168996,0.0,2.0090909090909093,0,0.04044,-1.17213,65.78361,5.95453,143.0,127.0,53860.0,0.0,0.52111,6e-05,0.0,0.0,0.5
YOR156C,6,0.002707403732220282,0.19985067525137504,9.431986975695269e-08,0.06666666666666667,3.202127659574468,1.0,5.843137254901961,0,0.07438,-0.62094,43.74121,6.83429,76.0,74.0,63270.0,0.0,0.77941,8e-05,0.0,0.0,0.5
YLR353W,2,8.520742990113137e-06,0.17746711173172883,2.664397004673966e-07,0.0,0.0,0.0,0.0,0,0.05307,-0.65887,59.42222,5.88055,77.0,66.0,32025.0,0.0,0.48312,9e-05,0.0,0.0,0.0
YER096W,1,0.0,0.1718207121691346,2.2642271993634378e-08,0.0,1.0,0.0,0.0,0,0.0918,-0.41191,54.3834,5.55353,67.0,54.0,53010.0,0.0,0.93694,0.0001,0.0,0.0,0.5
YDL020C,36,0.0010949447467525852,0.20015507818890255,0.00018715491366973455,0.946031746031746,32.077551020408166,1.0,350.2666666666667,0,0.07721,-0.9113,51.1648,5.19891,79.0,55.0,38570.0,0.0,0.64121,9e-05,0.0,0.0,0.5
YGR268C,2,0.0,0.17600921600181374,1.3298489496544684e-07,1.0,1.0,0.0,0.0,0,0.09091,-1.04192,67.84197,9.36407,14.0,24.0,35380.0,0.0,1.57701,0.00042,0.0,0.0,0.5
YHR149C,2,1.4591404503093864e-05,0.18168745598712435,1.9793648546782117e-08,0.0,1.3069196428571428,0.0,0.0,0,0.07493,-0.92125,65.17399,4.87189,95.0,58.0,62160.0,0.0,0.75946,6e-05,0.0,0.0,0.5
YKR034W,2,0.0,0.1592186760908168,1.0718717095839907e-09,1.0,1.9381107491856677,1.0,3.5,0,0.04833,-0.63829,37.70446,8.81049,31.0,37.0,17960.0,0.0,0.59537,0.00029,0.0,0.0,0.5
YFL021W,1,0.0,0.15529246119942583,5.173442781195363e-10,0.0,0.0,1.0,0.0,0,0.06471,-0.60863,45.2798,8.8111,41.0,47.0,37440.0,0.0,0.66469,0.00016,0.0,0.0,0.0
YER143W,2,0.00032753546714063016,0.18432085375016946,1.4301327990291516e-06,0.0,1.0,0.0,0.0,0,0.05841,-0.25234,37.54533,4.95746,55.0,43.0,15275.0,0.0,0.32257,0.0001,0.0,0.0,0.5
YAL014C,1,0.0,0.16069845181838516,5.074524058709959e-09,0.0,1.0,0.0,0.0,0,0.03922,-0.50745,46.73843,4.6546,40.0,25.0,7700.0,0.0,0.26507,0.00016,0.0,0.0,0.5
YOR329C,1,0.0,0.15210488540815745,6.992571695200018e-10,0.0,1.0,0.0,0.0,1,0.06078,-0.89128,67.55172,7.42181,68.0,68.0,49530.0,0.0,0.50902,8e-05,0.6832615929899515,0.0,0.5
YPL074W,1,0.0,0.15210488540815745,6.992571695200018e-10,0.0,1.0,0.0,0.0,0,0.05968,-0.71472,47.29219,9.63739,101.0,133.0,62925.0,0.0,0.7377,0.00011,0.0,0.0,0.5
YBL052C,4,0.0015289831256388984,0.1867658906579792,5.584511525127283e-07,0.0,2.4022556390977443,1.0,0.0,0,0.10108,-0.85331,56.64972,6.06036,134.0,124.0,119525.0,0.0,1.22488,6e-05,0.0,0.0,0.5
YLR258W,3,0.0005994550310958145,0.1623262134566674,1.248267177374248e-09,0.0,0.0,0.0,4.0,0,0.10355,-0.34028,37.5359,5.91351,96.0,81.0,88085.0,0.0,1.09999,7e-05,0.0,0.0,0.0
YNL167C,3,0.00019243671770396252,0.17833413643393758,1.759457663151605e-05,0.3333333333333333,2.713705583756345,1.0,12.6,0,0.04328,-0.81376,54.8175,9.32623,53.0,65.0,18255.0,0.0,0.26008,0.00013,0.0,0.0,0.5
YPL083C,3,0.0,0.00129366106080207,3.908234692159664e-12,1.0,1.0,0.25,2.2666666666666666,1,0.12848,-0.75846,47.18739,9.117,62.0,71.0,73800.0,0.0,1.35046,0.00017,0.6832615929899515,0.18303056670342058,0.5915152833517103
YLR105C,3,0.0,0.00129366106080207,3.908234692159664e-12,1.0,1.0,0.25,2.2666666666666666,1,0.11406,-0.56737,45.93156,8.57782,50.0,54.0,69955.0,0.0,1.58597,0.00019,0.6832615929899515,0.18303056670342058,0.5915152833517103
YAR008W,3,0.0,0.00129366106080207,3.908234692159664e-12,1.0,1.0,0.25,1.2,1,0.08727,-0.28182,36.864,7.06927,37.0,37.0,32555.0,0.0,1.03968,0.00023,0.6832615929899515,0.18303056670342058,0.5915152833517103
YMR059W,3,0.0,0.00129366106080207,3.908234692159664e-12,1.0,2.830238726790451,0.25,6.666666666666667,1,0.09375,-0.31406,49.94297,6.27765,15.0,14.0,18700.0,0.0,1.25588,0.00042,0.6832615929899515,0.18303056670342058,0.5323348283257683
YNL289W,1,0.0,0.15686194572690693,1.5904788169552538e-09,0.0,0.0,0.3333333333333333,0.0,0,0.0681,-0.37097,57.89749,9.39606,27.0,36.0,34545.0,0.0,1.07635,0.00029,0.0,0.0,0.0
YNL025C,9,0.0028482757388677005,0.1907788627569021,4.314665606808576e-07,0.3888888888888889,5.0972364380757424,1.0,13.57142857142857,0,0.11455,-0.13963,57.92542,6.66705,33.0,31.0,66195.0,0.0,1.75164,0.00018,0.0,0.0,0.5
YHR071W,1,0.0,0.15686194572690693,1.5904788169552538e-09,0.0,0.0,0.0,0.0,0,0.0917,-0.67642,43.32275,9.42023,22.0,33.0,33180.0,0.0,1.25365,0.00036,0.0,0.0,0.0
YEL020WA,6,0.0005300531427115285,0.15721225155561588,1.677359394178541e-08,0.5333333333333333,0.0,0.0,2.0,0,0.0,0.0,0.0,0.0,0.0,0.0,0.0,0.0,0.0,0.0,0.0,0.0,0.0
YBR156C,3,9.962885283107476e-05,0.17052748594206352,3.3099789097345696e-07,0.6666666666666666,1.0,0.25,1.0,0,0.04728,-1.0106,54.67479,9.92279,82.0,128.0,45380.0,0.0,0.57309,0.00013,0.0,0.0,0.5
YOR290C,12,0.0002447167315882622,0.19462156496883018,9.351529046905431e-07,0.6515151515151515,10.451451451451451,1.0,17.22222222222222,0,0.06283,-0.78855,47.17504,6.54193,237.0,228.0,127060.0,0.0,0.65478,3e-05,0.0,0.0,0.5
YJL176C,11,0.00017090067230124504,0.19460235067670176,9.287900276902257e-07,0.7454545454545455,9.64964964964965,1.0,17.22222222222222,0,0.05697,-0.94739,46.88656,4.77521,145.0,94.0,53080.0,0.0,0.57121,5e-05,0.0,0.0,0.5
YOR265W,1,0.0,0.13503646023184984,1.9284761157547008e-10,0.0,1.0,0.0,0.0,0,0.06604,-0.98962,39.69434,4.98688,24.0,19.0,7450.0,0.0,0.60183,0.0004,0.0,0.0,0.5
YOR349W,2,3.070680007467618e-05,0.1350549647142386,3.50093945926692e-10,0.0,1.6586956521739131,0.0,0.0,0,0.10059,-0.04625,44.78158,8.5257,95.0,104.0,101865.0,0.0,0.87328,7e-05,0.0,0.0,0.5
YML054C,2,0.0,0.1357525626724733,9.074376369025169e-10,1.0,0.0,0.0,2.1142857142857143,0,0.06768,-0.33993,38.09223,8.59296,75.0,81.0,62310.0,0.0,0.95074,0.00013,0.0,0.0,0.0
YGR191W,1,0.0,0.15308536890372104,6.198004670544322e-09,0.0,0.0,0.0,0.0,1,0.10945,0.29851,34.02489,7.06793,50.0,50.0,94975.0,0.0,1.43889,0.00011,0.6832615929899515,0.0,0.0
YIL026C,2,0.00039689387402933567,0.14025382168808254,1.1218964099514751e-10,0.0,0.0,0.5,0.0,1,0.08696,-0.43113,41.38934,4.99701,194.0,140.0,105545.0,0.0,0.79353,4e-05,0.3167384070100485,0.19390444008233815,0.5
YDL003W,2,0.00039689387402933567,0.14025382168808254,1.1218964099514751e-10,0.0,0.0,0.5,0.0,1,0.05654,-0.64611,50.00424,4.52435,100.0,58.0,36690.0,0.0,0.57972,7e-05,0.6832615929899515,0.2887195853553551,0.5
YER147C,1,0.0,0.14021391449739024,1.0999907115647713e-10,0.0,0.0,1.0,0.0,1,0.10256,-0.17772,40.42663,7.96906,70.0,73.0,98970.0,0.0,1.37192,0.00011,0.6832615929899515,0.40591527534130006,0.5
YMR197C,5,0.0005591321067908975,0.1625269797167144,9.139599567705179e-09,0.2,1.0,0.0,3.666666666666667,1,0.0553,-0.46728,46.01797,6.18036,31.0,30.0,11460.0,0.0,0.46457,0.00025,0.6832615929899515,0.0,0.5
YDR468C,3,0.00025779625443253035,0.16034549825138797,1.1038078240857632e-09,0.0,0.0,0.0,0.0,1,0.03571,-0.7058,46.79062,4.48175,45.0,24.0,10220.0,0.0,0.39587,0.00017,0.6832615929899515,0.0,0.0
YKL006CA,1,0.0,0.16126378221421192,6.959281331100707e-09,0.0,0.0,0.0,0.0,0,0.0,0.0,0.0,0.0,0.0,0.0,0.0,0.0,0.0,0.0,0.0,0.0,0.0
YBL047C,1,0.0,0.17240682323137516,4.623552073978698e-07,0.0,1.0,0.0,0.0,0,0.04924,-0.68494,48.11543,4.61102,192.0,109.0,65235.0,0.0,0.43265,3e-05,0.0,0.0,0.5
YJR042W,10,0.00026733534733569173,0.19552893661385898,3.7649450853938298e-06,0.5333333333333333,7.335351089588378,0.25,39.17857142857143,1,0.10349,-0.13804,43.68645,4.49799,119.0,70.0,108190.0,0.0,1.27437,5e-05,0.3167384070100485,0.13971984388753125,0.5095237325508417
YDR101C,2,1.8217991226726437e-05,0.184648918969959,1.1434436338957135e-06,0.0,2.0,0.5,0.0,0,0.05565,-0.23086,40.67403,6.74432,65.0,63.0,56475.0,0.0,0.86602,0.0001,0.0,0.0,0.5
YOR204W,1,0.0,0.17240682323137516,4.623552073978698e-07,0.0,1.0,0.0,0.0,1,0.08609,-0.52334,42.63098,7.6701,65.0,66.0,62840.0,0.0,0.95863,0.00012,0.6832615929899515,0.0,0.5
YAR002W,8,0.0006431691564454048,0.1972705374303755,1.8867907524307975e-05,0.10714285714285714,6.49949545913219,0.3333333333333333,0.0,0,0.0705,-0.83265,58.93321,9.3371,60.0,73.0,22350.0,0.0,0.37857,0.00016,0.0,0.0,0.5
YNL049C,3,0.0007695046590593979,0.18217441866952977,4.713736355290523e-07,0.0,1.0,0.25,0.0,0,0.08562,-0.2742,50.31419,5.16107,109.0,84.0,68785.0,0.0,0.6952,5e-05,0.0,0.0,0.5
YPL125W,4,5.069709171568512e-05,0.18902255561989953,2.680389948236616e-06,0.16666666666666666,2.7168539325842698,0.5,2.023809523809524,1,0.09787,-0.08062,43.37336,5.13641,132.0,100.0,145910.0,0.0,1.21977,4e-05,0.3167384070100485,0.19390444008233815,0.5356854738778496
YNL273W,2,0.00035104562056675946,0.18150342633557204,6.868114612641632e-07,0.0,1.585014409221902,1.0,0.0,0,0.09289,-0.41276,43.00519,5.77997,175.0,158.0,115015.0,0.0,0.81502,4e-05,0.0,0.0,0.5
YPL169C,4,0.001190681622088007,0.18080418363642564,6.815570179097219e-07,0.0,2.443914081145585,0.3333333333333333,0.0,1,0.08514,-0.37162,39.78698,9.21661,49.0,58.0,62465.0,0.0,0.92746,0.00014,0.6832615929899515,0.2240360033604539,0.5458354909218898
YOL144W,1,0.0,0.1767827094174271,6.804355042367432e-07,0.0,1.0,0.5,0.0,1,0.09298,-1.08988,45.1188,5.68427,92.0,81.0,63410.0,0.0,1.11314,0.0001,0.6832615929899515,0.2887195853553551,0.6443597926776775
YOL149W,5,0.004271335905793955,0.19347538378526818,2.3910791772889382e-05,0.0,3.786802030456853,0.0,0.0,1,0.09957,-0.55931,24.6771,5.62091,28.0,24.0,34630.0,0.0,1.31843,0.00021,0.6832615929899515,0.0,0.5
YCL008C,5,0.00041447454116166064,0.18160375990458008,5.203238112675111e-07,0.3,1.0,0.0,1.6,0,0.05974,-0.31195,52.89195,5.37006,42.0,27.0,39670.0,0.0,0.91553,0.00012,0.0,0.0,0.5
YPL065W,2,0.0,0.16562702377987668,4.880685697474507e-07,1.0,0.0,0.0,1.6666666666666667,0,0.08264,-0.41529,30.29756,5.20526,36.0,27.0,19035.0,0.0,0.68714,0.00019,0.0,0.0,0.0
YJL172W,2,0.0,0.16562702377987668,4.880685697474507e-07,1.0,0.0,0.0,0.0,0,0.10069,-0.26736,35.39988,5.2995,81.0,52.0,66280.0,0.0,1.02607,8e-05,0.0,0.0,0.0
YDR092W,1,0.0,0.13614637449953806,6.171964244005976e-09,0.0,1.0,0.0,0.0,0,0.07843,-0.52941,41.73529,5.30878,24.0,20.0,25565.0,0.0,1.46355,0.0003,0.0,0.0,0.5
YLR032W,2,0.00039672044432689763,0.15972183858717384,4.746630543089412e-07,0.0,1.598326359832636,0.5,0.0,0,0.0787,-0.53841,52.26145,5.98395,174.0,160.0,115220.0,0.0,0.85985,4e-05,0.0,0.0,0.5
YHR195W,1,0.0,0.15394620509249549,2.2111126982407433e-07,0.0,1.0,0.5,0.0,0,0.05919,-0.75607,43.37757,5.04999,56.0,41.0,25940.0,0.0,0.71223,0.00014,0.0,0.0,0.5
YEL005C,1,0.0,0.15394620509249549,2.2111126982407433e-07,0.0,0.0,0.0,0.0,0,0.05674,-0.41241,45.60358,5.85101,37.0,32.0,18045.0,0.0,0.57534,0.00019,0.0,0.0,0.0
YDR473C,2,0.0,0.190797329397378,1.9866049755188643e-05,1.0,1.0,1.0,3.0,1,0.08529,-1.17527,48.27874,8.68817,84.0,90.0,60445.0,0.0,1.0819,0.00016,0.6832615929899515,0.40591527534130006,0.70295763767065
YBR055C,1,0.0,0.18452791705713462,3.253601823999421e-07,0.0,1.0,1.0,4.0,1,0.08788,-0.54093,42.40369,8.19635,126.0,130.0,138085.0,0.0,1.32484,8e-05,0.3167384070100485,0.24054770888719992,0.6202738544436
YGR091W,1,0.0,0.18452791705713462,3.253601823999421e-07,0.0,1.0,1.0,0.0,1,0.0668,-0.48381,54.56822,8.12823,64.0,66.0,30410.0,0.0,0.54012,0.00014,0.6832615929899515,0.40591527534130006,0.70295763767065
YOL113W,1,0.0,0.1724219043040861,2.186003651809037e-08,0.0,1.0,0.0,6.857142857142857,0,0.08397,-0.56397,52.72615,8.89948,83.0,94.0,87415.0,0.0,1.16042,0.00012,0.0,0.0,0.5
YDR498C,2,0.0,0.16493408166716694,1.5120034609141028e-08,1.0,1.0,0.5,2.6944444444444446,1,0.08355,-0.3,46.98332,5.69916,56.0,48.0,48525.0,0.0,1.10582,0.00013,0.6832615929899515,0.2887195853553551,0.6443597926776775
YGL145W,1,0.0,0.141147669889317,7.166777249135822e-10,0.0,0.0,0.5,0.0,1,0.09986,-0.34593,32.8769,5.94232,83.0,75.0,81305.0,0.0,1.00172,7e-05,0.6832615929899515,0.2887195853553551,0.5
YBR155W,4,2.9253381604758473e-05,0.1747763087430672,2.48572078889479e-08,0.3333333333333333,3.9818365287588295,0.0,2.6,1,0.07792,-0.71532,42.14286,5.68707,67.0,62.0,29505.0,0.0,0.66887,0.00013,0.6832615929899515,0.0,0.5
YHR089C,3,0.00039689387402933567,0.10950706722246178,5.441925790379916e-12,0.3333333333333333,1.9062170706006323,0.5,1.5,1,0.09268,-0.68341,34.88639,11.45856,13.0,39.0,4845.0,0.0,0.22556,0.00053,0.6832615929899515,0.2887195853553551,0.5757310355174771
YHR072WA,4,0.0012810857199725518,0.12423592650978899,6.021797947303638e-11,0.16666666666666666,0.0,0.0,2.1666666666666665,0,0.0,0.0,0.0,0.0,0.0,0.0,0.0,0.0,0.0,0.0,0.0,0.0,0.0
YCL054W,1,0.0,0.11571043205191148,3.6091834148346384e-11,0.0,0.0,0.5,0.0,1,0.06064,-0.88918,42.94376,8.08441,155.0,158.0,70080.0,0.0,0.72634,8e-05,0.3167384070100485,0.19390444008233815,0.5
YOR310C,3,0.00039689387402933567,0.13230817626555996,1.1992389766665836e-09,0.3333333333333333,1.917917917917918,0.5,3.0416666666666665,1,0.04697,-0.64286,32.14814,8.95502,89.0,98.0,31985.0,0.0,0.56158,0.00016,0.6832615929899515,0.2887195853553551,0.5752690150756784
YKL148C,4,0.0001322979580097789,0.1539101436717664,4.992596281591239e-09,0.8333333333333334,2.2803738317757007,0.0,3.7857142857142856,0,0.07344,-0.36906,38.38359,7.13666,74.0,73.0,71165.0,0.0,1.01333,0.0001,0.0,0.0,0.5
YLL041C,4,0.0001322979580097789,0.1539101436717664,4.992596281591239e-09,0.8333333333333334,2.2803738317757007,0.0,3.7857142857142856,0,0.08271,-0.3203,55.34628,9.10345,23.0,36.0,40265.0,0.0,1.33191,0.0003,0.0,0.0,0.5
YKL141W,4,0.0001322979580097789,0.1539101436717664,4.992596281591239e-09,0.8333333333333334,3.157543391188251,0.0,0.5714285714285714,1,0.11616,0.25101,35.78742,10.23029,7.0,22.0,35410.0,0.0,1.60461,0.00046,0.6832615929899515,0.0,0.5
YOR069W,5,0.0015875754961173427,0.17958520499310424,9.181511333777901e-07,0.5,1.9360222531293463,0.0,9.114285714285714,0,0.07407,-0.74756,45.02609,5.08649,116.0,91.0,51130.0,0.0,0.66851,7e-05,0.0,0.0,0.5
YJL154C,4,0.0,0.15035295270818552,1.2529849681515055e-08,0.8333333333333334,1.0,0.0,4.285714285714286,0,0.08475,-0.23305,43.70541,5.8714,115.0,98.0,101380.0,0.0,0.92889,5e-05,0.0,0.0,0.5
YOR132W,3,0.0,0.15034148501291375,1.2335810623697604e-08,1.0,0.0,0.0,2.0,0,0.07985,-0.80744,51.71089,6.47845,80.0,78.0,58455.0,0.0,0.92488,0.0001,0.0,0.0,0.0
YHR012W,3,0.0,0.15034148501291375,1.2335810623697604e-08,1.0,3.0,0.0,4.8,0,0.07092,-0.51631,23.81454,4.56049,47.0,28.0,23545.0,0.0,0.75922,0.00015,0.0,0.0,0.5
YJL053W,4,0.0,0.15035295270818552,1.2529849681515055e-08,0.8333333333333334,1.0,0.0,4.257142857142857,0,0.08707,-0.42586,37.94248,8.43097,44.0,47.0,34310.0,0.0,0.80641,0.0002,0.0,0.0,0.5
YPR135W,1,0.0,0.14660670955777705,1.0322274406190313e-08,0.0,1.0,1.0,0.0,0,0.09169,-0.40227,39.31251,5.07916,135.0,95.0,109680.0,0.0,1.05034,5e-05,0.0,0.0,0.5
YML069W,1,0.0,0.14660670955777705,1.0322274406190313e-08,0.0,1.0,0.5,0.0,1,0.09239,-0.7433,41.92486,4.75262,101.0,68.0,52175.0,0.0,0.82827,8e-05,0.6832615929899515,0.2887195853553551,0.6443597926776775
YMR038C,1,0.0,0.00043122035360068997,1.526654176624869e-14,0.0,0.0,0.0,3.7142857142857135,0,0.07229,-0.34699,43.01807,6.22906,29.0,27.0,31815.0,0.0,1.16412,0.00023,0.0,0.0,0.0
YJR104C,1,0.0,0.00043122035360068997,1.526654176624869e-14,0.0,0.0,0.0,0.0,0,0.04545,-0.32273,24.79805,5.62262,19.0,14.0,1740.0,0.0,0.10975,0.00035,0.0,0.0,0.0
YAL038W,2,0.00039689387402933567,0.1356871487577829,3.9990241004244017e-10,0.0,1.0,0.0,0.0,1,0.062,-0.148,23.2306,7.55609,60.0,61.0,28725.0,0.0,0.52664,0.00014,0.6832615929899515,0.0,0.5
YNL307C,4,0.002390072039878996,0.15906449402875342,9.247239182904698e-09,0.0,3.6594427244582044,0.0,0.0,0,0.10667,-0.34133,41.76163,8.8299,41.0,47.0,34100.0,0.0,0.79054,0.0002,0.0,0.0,0.5
YHR056C,1,0.0,0.00043122035360068997,1.526654176624869e-14,0.0,1.0,1.0,0.0,0,0.10532,-0.33624,42.50723,8.32672,89.0,94.0,55710.0,0.0,0.54977,8e-05,0.0,0.0,0.5
YDR303C,1,0.0,0.00043122035360068997,1.526654176624869e-14,0.0,1.0,1.0,0.0,1,0.08927,-0.34056,50.21936,8.21906,94.0,98.0,66250.0,0.0,0.6513,8e-05,0.6832615929899515,0.40591527534130006,0.70295763767065
YOR361C,7,5.4705321884474626e-05,0.16303781720465774,1.079251126621578e-06,0.7619047619047619,6.159798994974874,0.0,45.833333333333336,1,0.11402,-0.49489,37.74866,5.71454,111.0,97.0,128520.0,0.0,1.45832,6e-05,0.3167384070100485,0.0,0.5
YIL071C,2,0.0,0.15270585760801922,6.750756686690264e-08,1.0,2.0,0.5,6.0,0,0.09685,-0.12117,42.33313,4.75214,66.0,40.0,37120.0,0.0,0.72377,9e-05,0.0,0.0,0.5
YBR079C,9,0.0035015721986810457,0.1829861873379421,1.552561130472129e-06,0.4444444444444444,7.657286432160804,0.0,24.069444444444446,1,0.06639,-0.66981,50.022,5.96869,168.0,155.0,79315.0,0.0,0.7188,5e-05,0.3167384070100485,0.0,0.5
YLR394W,6,0.0018748011275200338,0.1501124979060477,5.562125952817616e-10,0.06666666666666667,4.7002012072434605,0.5,4.6,0,0.04772,-0.61328,57.82033,10.16901,27.0,64.0,13170.0,0.0,0.24451,0.00019,0.0,0.0,0.5
YGL249W,1,0.0,0.12910186075480168,4.897083190618281e-11,0.0,1.0,0.5,0.0,0,0.10653,-0.53778,43.39645,8.48541,98.0,105.0,106365.0,0.0,1.28437,0.0001,0.0,0.0,0.5
YER095W,5,0.00029993066126785575,0.13119856296620822,1.4060538638150948e-10,0.7,4.858739837398374,0.5,13.209523809523809,0,0.055,-0.2185,37.36625,4.81537,57.0,37.0,12920.0,0.0,0.30072,0.00011,0.0,0.0,0.5
YDR004W,6,0.0010280336793992238,0.1384024160935481,2.894291517498135e-09,0.4666666666666667,5.862619808306709,1.0,20.22380952380952,0,0.08696,-0.35522,46.66522,6.19281,56.0,52.0,52425.0,0.0,1.00341,0.00012,0.0,0.0,0.5
YDL154W,2,6.525142257518039e-05,0.13833442417041983,2.8394704990791826e-09,0.0,2.0,0.0,0.0,0,0.07991,-0.19456,39.0606,5.11481,129.0,97.0,82135.0,0.0,0.80361,5e-05,0.0,0.0,0.5
YMR224C,3,0.0007043949299577403,0.15423530594712928,1.7821377254954627e-09,0.3333333333333333,3.0,1.0,0.0,0,0.06503,-0.59798,33.64496,5.57477,106.0,88.0,36745.0,0.0,0.47322,7e-05,0.0,0.0,0.5
YJL090C,2,0.00039689387402933567,0.14326093538805962,3.3478577898015874e-10,0.0,1.0,1.0,2.6,1,0.09031,-0.44777,44.23861,9.08417,79.0,96.0,79645.0,0.0,0.91295,0.0001,0.6832615929899515,0.40591527534130006,0.70295763767065
YKL108W,2,0.0007937877480586713,0.16957391689644805,1.0418160155833182e-08,0.0,2.0,1.0,16.88888888888889,1,0.0596,-1.05894,63.47638,9.05511,75.0,83.0,26150.0,0.0,0.50028,0.00017,0.6832615929899515,0.40591527534130006,0.6014788188353251
YGL236C,1,0.0,0.13904678400143286,1.1258535691392006e-08,0.0,1.0,0.0,0.0,1,0.06726,-0.20538,43.08117,8.52301,69.0,74.0,52925.0,0.0,0.71314,0.00011,0.6832615929899515,0.0,0.5
YMR023C,15,0.0007937877480586713,0.16372848326308764,3.692953900518203e-07,0.7428571428571429,4.388888888888889,0.0,35.898809523809526,0,0.06654,-0.14962,45.91407,7.58929,63.0,64.0,24130.0,0.0,0.41353,0.00013,0.0,0.0,0.5
YGL213C,2,0.00022967492333707276,0.17060128180753956,8.406363071753732e-09,0.0,1.0,0.3333333333333333,3.0,1,0.09824,-0.2665,35.15846,5.315,54.0,38.0,65065.0,0.0,1.47102,0.00012,0.6832615929899515,0.2240360033604539,0.6120180016802269
YIL106W,13,0.00039689387402933567,0.1718057360763804,3.391279695946438e-07,0.8461538461538461,9.12143611404435,0.2,60.742857142857154,1,0.1051,-0.49522,49.57519,6.11823,30.0,25.0,36285.0,0.0,1.01123,0.00017,0.6832615929899515,0.15471330315111406,0.5084807535357783
YDL028C,1,0.0,0.1448293321090604,1.4656523556480225e-08,0.0,1.0,0.0,0.0,1,0.06937,-0.72408,49.8639,9.00641,94.0,105.0,52885.0,0.0,0.60948,0.0001,0.6832615929899515,0.0,0.5
YOR297C,3,0.0,0.12477068046615471,2.719027383941654e-09,1.0,0.0,0.0,2.875,1,0.14583,-0.0276,35.09906,8.91144,16.0,20.0,32110.0,0.0,1.46139,0.00041,0.6832615929899515,0.0,0.0
YJL054W,5,0.0001322979580097789,0.14426752616587224,1.4697461861655132e-08,0.8,0.0,0.0,4.675,1,0.07741,-0.53703,47.85801,5.61298,72.0,65.0,61350.0,0.0,1.13229,0.0001,0.6832615929899515,0.0,0.0
YBR091C,5,0.0001322979580097789,0.14426752616587224,1.4697461861655132e-08,0.8,0.0,0.0,6.4,1,0.09174,-0.41193,51.07706,6.27191,14.0,13.0,3730.0,0.0,0.30365,0.00051,0.6832615929899515,0.0,0.0
YOL018C,2,0.0001315915713564549,0.17237666899906534,2.1181052302242163e-09,0.0,1.0,0.0,0.0,0,0.06801,-0.71637,44.75441,5.10468,71.0,53.0,19745.0,0.0,0.43041,0.00011,0.0,0.0,0.5
YOR327C,3,0.00010490388890608618,0.16992475948313035,5.374060287275779e-09,0.0,2.9691056910569107,0.0,0.0,0,0.06087,-0.16261,50.15391,8.85028,13.0,15.0,14105.0,0.0,1.08861,0.00068,0.0,0.0,0.5
YMR017W,3,0.00028311008677945476,0.16755586620233867,1.6213174698627906e-09,0.0,1.735645933014354,0.0,0.0,0,0.05793,-1.07179,50.89471,9.27948,59.0,72.0,28265.0,0.0,0.60627,0.0002,0.0,0.0,0.5
YDR510W,4,0.001404300938476115,0.17437431086379265,1.9681127454852841e-07,0.0,2.8849372384937237,0.0,0.7272727272727273,1,0.05941,-0.84851,54.48119,4.9173,21.0,15.0,2980.0,0.0,0.25697,0.00042,0.6832615929899515,0.0,0.5
YLR006C,1,0.0,0.13596793888420447,2.8647928614401573e-09,0.0,0.0,0.0,0.0,0,0.06882,-0.55548,50.54101,6.75299,77.0,75.0,65360.0,0.0,0.83231,9e-05,0.0,0.0,0.0
YDL235C,2,0.00039689387402933567,0.15947631148902203,2.2511931442309515e-07,0.0,1.0,0.5,0.0,1,0.07186,-0.3491,30.71976,4.57684,28.0,17.0,15595.0,0.0,0.81358,0.00024,0.6832615929899515,0.2887195853553551,0.6443597926776775
YBL017C,1,0.0,0.1381792646340212,4.3823949925914305e-10,0.0,0.0,0.0,0.0,0,0.11273,-0.47771,35.39814,4.74908,246.0,163.0,190505.0,0.0,1.07161,3e-05,0.0,0.0,0.0
YGL006W,1,0.0,0.14672675375943964,9.77123854017067e-10,0.0,0.0,0.0,0.0,0,0.08269,-0.1549,36.02689,7.15924,137.0,137.0,99875.0,0.0,0.76322,5e-05,0.0,0.0,0.0
YHR090C,2,0.0,0.15936027245568052,4.899531138846053e-08,1.0,0.0,1.0,0.0,0,0.05319,-0.88688,64.33227,8.25067,46.0,49.0,21065.0,0.0,0.65652,0.00026,0.0,0.0,0.0
YOR244W,2,0.0,0.15936027245568052,4.899531138846053e-08,1.0,0.0,0.0,0.0,1,0.11011,-0.72584,42.02274,7.5788,68.0,69.0,78115.0,0.0,1.48473,0.00014,0.6832615929899515,0.0,0.0
YKR010C,1,0.0,0.1414515400074856,5.723034766319519e-09,0.0,1.0,1.0,0.0,0,0.05188,-0.89987,49.28132,7.97235,112.0,114.0,26525.0,0.0,0.30713,9e-05,0.0,0.0,0.5
YFR037C,10,1.900847583817359e-05,0.17374413486155244,1.4318383426062873e-07,0.8444444444444444,1.0,1.0,29.24836601307189,1,0.07002,-0.66697,41.81382,5.24176,94.0,72.0,49235.0,0.0,0.77944,8e-05,0.6832615929899515,0.40591527534130006,0.70295763767065
YHR060W,2,0.0,0.15738799185598149,1.623396576056088e-08,1.0,0.0,0.0,1.0,0,0.07735,-0.9442,62.76409,5.44366,29.0,26.0,20525.0,0.0,0.97379,0.00026,0.0,0.0,0.0
YKL119C,2,0.0,0.15738799185598149,1.623396576056088e-08,1.0,0.0,0.5,1.0,0,0.11163,-0.21628,31.18609,9.07355,30.0,36.0,23170.0,0.0,0.91631,0.00036,0.0,0.0,0.0
YLR396C,4,0.00039689387402933567,0.14909062930219438,1.136968541849919e-09,0.6666666666666666,1.0,0.0,4.041666666666666,0,0.08538,-0.30304,42.23213,5.13287,94.0,69.0,77655.0,0.0,0.97962,6e-05,0.0,0.0,0.5
YLR148W,5,0.0007937877480586713,0.14910190695947897,1.143141412962287e-09,0.4,2.5642317380352644,0.0,4.4,0,0.09586,-0.25436,29.9244,6.50787,118.0,113.0,141760.0,0.0,1.31996,6e-05,0.0,0.0,0.5
YDR183W,1,0.0,0.16034549825138797,3.5806072514898735e-09,0.0,1.0,0.0,0.0,0,0.07826,-0.73826,33.62174,5.02875,44.0,31.0,12420.0,0.0,0.46653,0.00019,0.0,0.0,0.5
YOR281C,1,0.0,0.16034549825138797,3.5806072514898735e-09,0.0,0.0,0.0,0.0,1,0.07692,-0.85245,51.19301,4.62872,64.0,38.0,17670.0,0.0,0.53884,0.00014,0.6832615929899515,0.0,0.0
YGL003C,4,0.0006559137615607328,0.15747600942752354,4.673532106591819e-08,0.0,3.6971544715447155,0.3333333333333333,11.333333333333334,1,0.07244,-0.50124,47.5986,8.80963,59.0,65.0,72600.0,0.0,1.15567,0.00014,0.6832615929899515,0.2240360033604539,0.5302984369580384
YJL035C,1,0.0,0.00043122035360068997,1.526654176624869e-14,0.0,0.0,0.0,0.0,1,0.088,-0.2968,27.21764,6.70465,31.0,30.0,23795.0,0.0,0.84224,0.00024,0.6832615929899515,0.0,0.0
YLR316C,1,0.0,0.00043122035360068997,1.526654176624869e-14,0.0,0.0,0.0,0.0,1,0.07453,-0.50745,29.79317,5.94916,48.0,45.0,50515.0,0.0,1.36133,0.00016,0.6832615929899515,0.0,0.0
YHR172W,3,0.0001973684210526316,0.1748538286174321,3.979181054954147e-09,0.6666666666666666,0.0,0.3333333333333333,2.0404040404040407,1,0.10936,-0.43961,41.89296,5.99701,111.0,102.0,99685.0,0.0,1.02955,6e-05,0.3167384070100485,0.16241202693656576,0.5
YNL126W,3,0.00019836022216344882,0.1748538286174321,3.979181054954147e-09,0.6666666666666666,0.0,0.3333333333333333,1.2222222222222223,1,0.1182,-0.24279,40.03147,7.0285,93.0,92.0,95050.0,0.0,0.96767,7e-05,0.3167384070100485,0.16241202693656576,0.5
YNL188W,2,0.00018444030939766533,0.17535158882700047,3.842940885723995e-09,0.0,1.0,0.0,0.0,1,0.07852,-1.05473,53.50072,9.29901,61.0,74.0,40590.0,0.0,0.80134,0.00018,0.6832615929899515,0.0,0.5
YGL061C,13,0.007392223870561948,0.20447377697140168,1.1432057951295662e-05,0.02564102564102564,8.568353067814854,0.25,2.0,1,0.04049,-0.7919,48.93806,9.96271,22.0,36.0,17085.0,0.0,0.62189,0.00036,0.6832615929899515,0.18303056670342058,0.5106806153559974
YAL013W,1,0.0,0.16737091024915618,3.1807880667613326e-07,0.0,1.0,0.5,0.0,0,0.06173,-0.99827,58.74123,4.59406,88.0,48.0,35590.0,0.0,0.7576,0.0001,0.0,0.0,0.5
YIR004W,2,0.0003796232952848596,0.18470082552514172,5.837311467018419e-07,0.0,1.6454741379310345,0.0,0.0,1,0.06713,-0.76597,36.5669,5.11969,82.0,65.0,22140.0,0.0,0.4558,0.00011,0.6832615929899515,0.0,0.5
YMR012W,1,0.0,0.16737091024915618,3.1807880667613326e-07,0.0,1.0,0.0,0.0,0,0.0924,-0.47823,44.42269,5.99323,178.0,159.0,113500.0,0.0,0.78188,4e-05,0.0,0.0,0.5
YGR120C,5,0.0031395429854656795,0.19098219261741228,7.789716952512387e-07,0.1,1.4528985507246377,0.0,2.5142857142857142,1,0.0687,-0.42939,50.61374,4.50702,49.0,25.0,15400.0,0.0,0.50784,0.00015,0.6832615929899515,0.0,0.5
YGL036W,1,0.0,0.16737091024915618,3.1807880667613326e-07,0.0,1.0,0.0,0.0,0,0.08361,-0.3374,36.85646,5.69781,92.0,75.0,90730.0,0.0,0.88629,6e-05,0.0,0.0,0.5
YER069W,1,0.0,0.00043122035360068997,1.526654176624869e-14,0.0,0.0,0.0,0.0,0,0.08227,-0.16582,31.66085,8.41864,93.0,98.0,94170.0,0.0,0.99264,9e-05,0.0,0.0,0.0
YJL071W,1,0.0,0.00043122035360068997,1.526654176624869e-14,0.0,0.0,0.0,0.0,0,0.09408,-0.38153,45.27632,8.94513,67.0,76.0,57925.0,0.0,0.88288,0.00014,0.0,0.0,0.0
YOL115W,2,0.0,0.17164117119508115,1.1412310974713917e-08,1.0,1.8933333333333333,1.0,0.0,0,0.07705,-0.67997,41.59092,5.30707,103.0,79.0,51715.0,0.0,0.78321,8e-05,0.0,0.0,0.5
YDL127W,1,0.0,0.19269989344064056,1.795726279643379e-05,0.0,1.0,0.3333333333333333,0.0,0,0.07468,-0.46981,44.61494,9.71869,29.0,46.0,31775.0,0.0,0.90252,0.00028,0.0,0.0,0.5
YDL179W,1,0.0,0.19269989344064056,1.795726279643379e-05,0.0,1.0,0.0,0.0,0,0.07895,-0.37105,53.85987,9.65448,24.0,35.0,34295.0,0.0,0.98556,0.00028,0.0,0.0,0.5
YLR010C,2,0.0017269306145475888,0.15198760197427033,1.0565367665544377e-09,0.0,1.0,0.5,0.0,1,0.10625,-0.115,41.66375,6.94916,20.0,20.0,12085.0,0.0,0.64958,0.00037,0.6832615929899515,0.2887195853553551,0.6443597926776775
YDL220C,3,0.010461183525754276,0.14887667749277284,1.0401334518489054e-08,0.0,2.688193743693239,0.0,5.333333333333333,1,0.08983,-0.38593,48.70748,6.14484,117.0,107.0,66220.0,0.0,0.63125,6e-05,0.3167384070100485,0.0,0.5
YLR233C,3,0.005419678201187127,0.1282200748067594,5.397208539038426e-10,0.3333333333333333,1.0,0.5,0.0,0,0.11016,-0.27382,42.79887,9.39825,76.0,103.0,82875.0,0.0,1.01315,0.00011,0.0,0.0,0.5
YPL049C,2,2.8508119748040445e-05,0.16196608134793034,1.6082619407887965e-08,0.0,1.7421124828532235,1.0,2.0,0,0.05973,-0.98186,59.78075,8.61737,49.0,52.0,34965.0,0.0,0.70843,0.00017,0.0,0.0,0.5
YDR480W,2,2.8508119748040445e-05,0.16196608134793034,1.6082619407887965e-08,0.0,1.9254526091586794,1.0,0.0,0,0.0743,-0.97647,58.97337,6.8714,45.0,44.0,35215.0,0.0,0.95488,0.00019,0.0,0.0,0.5
YDR457W,2,0.00039689387402933567,0.1655018648198415,9.447995864981893e-08,0.0,1.0,0.5,0.0,0,0.09272,-0.2967,42.97989,5.05597,506.0,370.0,293870.0,0.0,0.78537,1e-05,0.0,0.0,0.5
YCL059C,1,0.0,0.14032371396058319,3.955119076812821e-09,0.0,1.0,0.5,0.0,1,0.07911,-0.76266,54.24241,9.42255,49.0,63.0,34420.0,0.0,0.9263,0.00025,0.6832615929899515,0.2887195853553551,0.6443597926776775
YJL089W,7,0.0005458233800200878,0.1859729417873679,3.088758469049234e-07,0.5238095238095238,2.22568093385214,1.0,17.25,0,0.11339,-0.40109,35.09099,6.11224,91.0,84.0,101115.0,0.0,1.05324,6e-05,0.0,0.0,0.5
YMR280C,1,0.0,0.1547681540518461,5.447465994532917e-09,0.0,0.0,1.0,2.2857142857142856,0,0.06909,-0.56846,38.27238,9.12982,143.0,170.0,80160.0,0.0,0.49949,6e-05,0.0,0.0,0.0
YNL068C,1,0.0,0.150089637554581,1.04756701728255e-08,0.0,0.0,1.0,0.0,0,0.06032,-0.7768,48.36265,9.31915,64.0,79.0,70500.0,0.0,0.74703,0.0001,0.0,0.0,0.0
YPL126W,1,0.0,0.12897514951281241,5.995367746870818e-09,0.0,1.0,0.5,2.333333333333333,1,0.0904,-0.32812,33.60939,5.90704,96.0,81.0,102510.0,0.0,1.01259,6e-05,0.3167384070100485,0.19390444008233815,0.5969522200411691
YJL076W,3,0.00039689387402933567,0.14994121481852365,1.5988899276829566e-07,0.3333333333333333,3.0,0.5,0.0,1,0.03112,-0.92532,55.92852,7.56207,165.0,166.0,27640.0,0.0,0.21505,6e-05,0.3167384070100485,0.19390444008233815,0.5323174066803896
YFL028C,13,5.924202845579506e-05,0.17228626955723383,3.5028068990330754e-07,0.9102564102564102,4.822188449848024,0.5,50.84761904761905,0,0.07612,-0.25502,27.1519,6.18976,40.0,37.0,47815.0,0.0,1.44502,0.00019,0.0,0.0,0.5
YDR443C,11,0.0008984231796631463,0.18261323049882455,4.285075535771931e-07,0.4727272727272727,4.075075075075075,1.0,45.0,0,0.08028,-0.45796,47.02868,5.47906,177.0,140.0,128965.0,0.0,0.80604,3e-05,0.0,0.0,0.5
YAL021C,15,0.0003410959062488594,0.1820734537229182,5.995811884562713e-07,0.7619047619047619,12.893037336024218,0.5,54.96666666666667,0,0.0908,-0.55998,44.19907,6.36664,85.0,77.0,94865.0,0.0,1.00207,7e-05,0.0,0.0,0.5
YKR036C,14,0.00019332317465396603,0.18153685853788104,5.88938882548829e-07,0.8351648351648352,11.072653884964682,0.0,110.01666666666668,0,0.07154,-0.45537,33.91712,5.26666,97.0,72.0,74215.0,0.0,1.019,7e-05,0.0,0.0,0.5
YCR093W,21,0.0031465198156741428,0.18960438726474724,9.280384555408984e-07,0.4380952380952381,14.064345991561181,0.5,62.10128205128205,1,0.08634,-0.08928,42.7455,6.0401,238.0,218.0,177645.0,0.0,0.73934,3e-05,0.3167384070100485,0.19390444008233815,0.5068934751818067
YNL236W,22,0.0032648954834027574,0.20746523629137062,2.7073631590873863e-05,0.8268398268398268,18.567103935418768,1.0,127.79285714285716,0,0.10575,-0.25565,46.18505,8.7569,95.0,107.0,126890.0,0.0,1.14012,8e-05,0.0,0.0,0.5
YOR140W,4,0.001341829223897889,0.18205663711132467,9.678069660081497e-07,0.3333333333333333,1.6899141630901287,1.0,4.321428571428571,0,0.06136,-0.74817,56.85444,8.78448,67.0,73.0,45185.0,0.0,0.54215,0.00011,0.0,0.0,0.5
YBL093C,23,0.009493023122019162,0.2152355547067386,2.7978001015402096e-05,0.7549407114624506,15.748738647830475,1.0,131.82380952380953,0,0.08636,-1.00091,52.33591,5.95831,27.0,25.0,24535.0,0.0,0.98704,0.00024,0.0,0.0,0.5
YFR021W,8,0.0021553667671361286,0.16533528015469823,3.7300077462543554e-08,0.0,3.337260677466863,0.0,0.0,0,0.076,-0.2526,45.89062,5.32733,59.0,46.0,27320.0,0.0,0.49581,0.0001,0.0,0.0,0.5
YHR103W,1,0.0,0.14020394124790614,9.535189776047937e-10,0.0,0.0,0.0,0.0,0,0.07394,-0.64507,49.54673,8.12677,105.0,108.0,78935.0,0.0,0.81885,8e-05,0.0,0.0,0.0
YCL063W,1,0.0,0.14020394124790614,9.535189776047937e-10,0.0,0.0,0.0,0.0,0,0.05674,-0.80804,62.59173,8.67828,51.0,55.0,13575.0,0.0,0.28374,0.00018,0.0,0.0,0.0
YML059C,1,0.0,0.14020394124790614,9.535189776047937e-10,0.0,1.0,0.5,0.0,0,0.08577,-0.32305,40.90977,8.15887,164.0,168.0,174180.0,0.0,0.93079,4e-05,0.0,0.0,0.5
YNR058W,1,0.0,0.14020394124790614,9.535189776047937e-10,0.0,1.0,0.0,0.0,0,0.08958,-0.13417,42.87062,5.97943,53.0,43.0,65330.0,0.0,1.21639,0.00011,0.0,0.0,0.5
YLR094C,1,0.0,0.14020394124790614,9.535189776047937e-10,0.0,0.0,0.5,0.0,0,0.05777,-0.64363,47.80602,8.76654,65.0,71.0,51170.0,0.0,0.90798,0.00016,0.0,0.0,0.0
YGR097W,1,0.0,0.16844361733073937,8.042486205672821e-08,0.0,1.0,0.0,0.0,0,0.07766,-0.68211,45.1818,9.32465,98.0,127.0,92445.0,0.0,0.7287,7e-05,0.0,0.0,0.5
YPR115W,2,0.0008088812153138419,0.18361688029849205,1.0661690902988232e-07,0.0,1.9244712990936557,0.0,0.0,0,0.06925,-0.71477,49.85837,9.31488,118.0,153.0,84715.0,0.0,0.70365,8e-05,0.0,0.0,0.5
YIL129C,1,0.0,0.16844361733073937,8.042486205672821e-08,0.0,1.0,0.0,0.0,1,0.09049,-0.16124,44.12589,5.9516,283.0,253.0,262620.0,0.0,0.97319,2e-05,0.3167384070100485,0.0,0.5
YLR228C,1,0.0,0.16844361733073937,8.042486205672821e-08,0.0,0.0,0.5,0.0,0,0.05897,-0.46523,50.51991,6.09271,76.0,65.0,47870.0,0.0,0.53615,7e-05,0.0,0.0,0.0
YDR259C,1,0.0,0.16844361733073937,8.042486205672821e-08,0.0,1.0,1.0,0.0,0,0.04961,-1.0705,56.86919,8.67377,44.0,47.0,19495.0,0.0,0.44717,0.0002,0.0,0.0,0.5
YOR250C,5,0.0011084776930802554,0.19170659502084345,1.1457351858850378e-07,0.6,4.7699680511182105,1.0,4.0,1,0.08539,-0.14022,39.63553,5.60455,53.0,44.0,61600.0,0.0,1.22648,0.00011,0.6832615929899515,0.40591527534130006,0.5425490559885556
YOR341W,14,0.0002597767659932516,0.17015946218959876,8.247128130195379e-07,0.8681318681318682,11.284693877551021,0.5,25.261507936507936,1,0.07392,-0.46016,37.64718,6.64862,216.0,209.0,127460.0,0.0,0.68369,4e-05,0.3167384070100485,0.19390444008233815,0.5085914798481188
YPR072W,16,0.002101652395021631,0.19223007704352568,1.1745403003639728e-06,0.6,8.107723577235772,0.5,81.1984126984127,0,0.09464,-1.04696,52.17073,5.19818,104.0,84.0,63550.0,0.0,0.96502,8e-05,0.0,0.0,0.5
YGR140W,5,0.0010724730642944717,0.16663515174607424,1.141996058556752e-08,0.4,2.721123829344433,0.25,2.5955882352941178,1,0.10983,-0.72354,41.88978,5.81818,143.0,124.0,112995.0,0.0,1.00964,5e-05,0.3167384070100485,0.13971984388753125,0.5256731873758924
YLR175W,2,0.0009978784042479795,0.13688383402807724,4.0256719683472465e-10,0.0,1.0,0.25,0.0,1,0.05176,-0.73789,44.02464,9.01508,79.0,92.0,54985.0,0.0,1.00513,0.00016,0.6832615929899515,0.18303056670342058,0.5915152833517103
YMR168C,4,0.0003805754802784669,0.1715366121316084,1.1031581134637514e-08,0.5,2.5558252427184467,0.5,0.0,1,0.12171,-0.24391,40.56436,5.92572,78.0,70.0,101450.0,0.0,1.42172,8e-05,0.6832615929899515,0.2887195853553551,0.5564826539251692
YBR066C,1,0.0,0.1714023660873315,5.8718820636307164e-08,0.0,1.0,1.0,0.0,0,0.06818,-0.86727,42.57045,9.86615,18.0,38.0,12460.0,0.0,0.49822,0.00039,0.0,0.0,0.5
YGR233C,1,0.0,0.14769423123065428,1.3667994403065199e-08,0.0,1.0,0.5,0.0,0,0.08489,-0.33981,41.02465,5.53253,155.0,125.0,90785.0,0.0,0.67736,4e-05,0.0,0.0,0.5
YCR073C,2,0.0,0.17002736220170034,1.0700448174486297e-05,1.0,1.8807733619763696,0.0,0.0,0,0.09842,-0.30323,37.42376,7.74652,163.0,165.0,180750.0,0.0,1.18357,5e-05,0.0,0.0,0.5
YDR394W,36,0.0006067315719530618,0.19860223778380978,0.00018716382345077803,0.946031746031746,35.381048387096776,0.5,345.94047619047626,1,0.05607,-0.29159,39.31638,5.38361,64.0,56.0,17880.0,0.0,0.37333,0.00011,0.6832615929899515,0.2887195853553551,0.5040801445762224
YDR073W,10,0.001037206896322044,0.1996280342317513,6.074566666026126e-06,0.8,4.522601984564498,1.0,17.22222222222222,0,0.0355,-0.38166,43.99112,7.91559,9.0,10.0,10095.0,0.0,0.5408,0.00042,0.0,0.0,0.5
YDR427W,39,0.003255085430055235,0.19972917316894437,0.00018878735013939515,0.815114709851552,32.775757575757574,0.0,389.0499999999999,1,0.10687,-0.30305,28.70545,5.5069,58.0,49.0,48485.0,0.0,1.05904,0.00012,0.6832615929899515,0.0,0.5
YMR314W,36,0.00039689387402933567,0.19729028225446024,0.0001870070126174305,0.9444444444444444,20.420304568527918,0.5,380.1,1,0.0812,-0.2188,26.32863,6.90289,26.0,26.0,18255.0,0.0,0.71298,0.00027,0.6832615929899515,0.2887195853553551,0.5070694240721643
YDL084W,1,0.0,0.1625269797167144,5.294850810352683e-06,0.0,0.0,1.0,0.0,1,0.07623,-0.4065,32.79621,5.34503,71.0,56.0,20120.0,0.0,0.39993,0.00011,0.6832615929899515,0.40591527534130006,0.5
YER008C,8,0.0007083163421081054,0.196915805195236,7.663769681939959e-07,0.5357142857142857,1.8845238095238095,0.0,3.0416666666666665,1,0.0741,-0.69461,53.13685,5.33636,210.0,167.0,127755.0,0.0,0.82586,3e-05,0.3167384070100485,0.0,0.5
YJR048W,1,0.0,0.0009856465225158628,5.36773993898455e-13,0.0,1.0,0.0,0.0,0,0.09174,-0.80826,29.61284,9.46698,11.0,19.0,13325.0,0.0,1.09384,0.00078,0.0,0.0,0.5
YKR066C,4,0.0,0.0017248814144027599,1.2571639334933151e-12,0.16666666666666666,3.284789644012945,0.0,1.6,0,0.12465,-0.61053,29.44989,5.94696,45.0,40.0,73465.0,0.0,1.82058,0.00015,0.0,0.0,0.5
YPR154W,20,0.021309473403579554,0.21677413504941295,0.0027909241197776784,0.005263157894736842,13.055837563451776,0.5,0.0,0,0.08837,-0.8014,63.42791,6.82172,15.0,15.0,24535.0,0.0,1.04233,0.00029,0.0,0.0,0.5
YCL034W,2,2.50939668462073e-05,0.18942218047321854,9.742862641651037e-07,0.0,1.8857142857142857,0.0,0.0,0,0.08192,-0.68277,47.22034,5.32111,51.0,42.0,33935.0,0.0,0.85111,0.00013,0.0,0.0,0.5
YKL152C,3,0.000367393096339833,0.19431459089159228,1.2405457005872454e-06,0.0,2.9551616266944736,0.0,0.0,1,0.08097,-0.48947,34.13887,8.81293,33.0,36.0,40910.0,0.0,1.48181,0.00032,0.6832615929899515,0.0,0.5
YGR021W,1,0.0,0.1697783987945144,2.6565234008534356e-07,0.0,1.0,0.0,0.0,0,0.05172,-0.42379,36.81793,5.34027,41.0,35.0,14690.0,0.0,0.46342,0.00017,0.0,0.0,0.5
YDR213W,1,0.0,0.1697783987945144,2.6565234008534356e-07,0.0,1.0,1.0,0.0,0,0.05586,-0.52859,55.11862,5.6734,99.0,83.0,55445.0,0.0,0.55258,6e-05,0.0,0.0,0.5
YMR131C,1,0.0,0.16902136940527457,0.00138760127959133,0.0,1.0,1.0,0.0,1,0.06458,-0.66321,52.81468,4.48004,94.0,49.0,82890.0,0.0,1.44759,8e-05,0.6832615929899515,0.40591527534130006,0.70295763767065
YOR063W,82,0.0029258609722655855,0.20694248923929787,0.11101292489497308,0.9518217404396266,32.12815338042381,0.0,19.066666666666663,1,0.08786,-0.55297,21.86592,10.29376,36.0,76.0,56630.0,0.0,1.29419,0.00024,0.6832615929899515,0.0,0.5
YAL017W,1,0.0,0.18310517510490593,2.4505962195751357e-07,0.0,1.0,0.0,0.0,0,0.07448,-0.47153,43.25938,5.46222,193.0,154.0,93180.0,0.0,0.6117,4e-05,0.0,0.0,0.5
YAL031C,1,0.0,0.18310517510490593,2.4505962195751357e-07,0.0,1.0,0.0,0.0,0,0.075,-0.45592,55.92291,9.71503,68.0,108.0,90520.0,0.0,1.04485,0.00011,0.0,0.0,0.5
YAR044W,1,0.0,0.1457072154054045,4.947069187916995e-10,0.0,0.0,0.0,0.0,0,0.0,0.0,0.0,0.0,0.0,0.0,0.0,0.0,0.0,0.0,0.0,0.0,0.0
YGL234W,1,0.0,0.17552334906538844,3.497181532713144e-05,0.0,1.0,0.0,0.0,0,0.06733,0.00561,33.8419,5.08099,93.0,66.0,60570.0,0.0,0.70375,6e-05,0.0,0.0,0.5
YGR070W,1,0.0,0.18310517510490593,2.4505962195751357e-07,0.0,1.0,0.0,0.0,0,0.09091,-0.35091,44.86833,9.17377,114.0,146.0,82860.0,0.0,0.63051,7e-05,0.0,0.0,0.5
YIL156W,4,0.0003946218754229136,0.19701421389348447,1.8405583030926012e-05,0.5,3.354761904761905,0.0,0.0,0,0.09524,-0.55686,53.10947,7.87347,125.0,127.0,115615.0,0.0,0.93895,6e-05,0.0,0.0,0.5
YKL105C,1,0.0,0.18310517510490593,2.4505962195751357e-07,0.0,1.0,0.0,0.0,0,0.03799,-1.09046,54.25194,5.51569,186.0,154.0,40395.0,0.0,0.32164,4e-05,0.0,0.0,0.5
YHL002W,14,0.018252068961000848,0.21415984463323687,1.6821195831836693e-06,0.04395604395604396,11.02920443101712,0.0,2.6666666666666665,0,0.06195,-0.73496,60.76571,5.99493,58.0,52.0,45060.0,0.0,0.88077,0.00012,0.0,0.0,0.5
YKL213C,1,0.0,0.17380541486679413,2.619204703278903e-08,0.0,1.0,0.2,0.0,0,0.09091,-0.24098,30.63762,4.86957,96.0,68.0,115250.0,0.0,1.4496,6e-05,0.0,0.0,0.5
YKR023W,1,0.0,0.18310517510490593,2.4505962195751357e-07,0.0,1.0,0.0,0.0,0,0.04528,-1.1017,44.3917,6.44989,94.0,90.0,34920.0,0.0,0.57436,0.00011,0.0,0.0,0.5
YLR096W,1,0.0,0.18592031786496058,4.0990593855717284e-08,0.0,1.0,0.0,0.0,0,0.0619,-0.6109,51.47377,9.42853,108.0,137.0,83380.0,0.0,0.6497,7e-05,0.0,0.0,0.5
YLR450W,4,0.0015362649593456215,0.17891687483019988,3.498908295280536e-05,0.16666666666666666,2.82312925170068,0.6666666666666666,1.7142857142857142,0,0.089,0.1266,41.78864,7.50372,95.0,96.0,103455.0,0.0,0.89424,6e-05,0.0,0.0,0.5
YNR033W,1,0.0,0.17552334906538844,3.497181532713144e-05,0.0,1.0,0.0,0.0,0,0.09276,-0.26633,40.06417,5.52057,97.0,79.0,104220.0,0.0,1.17705,6e-05,0.0,0.0,0.5
YJL020C,17,0.009588468321675675,0.21446275813342533,4.960986353750268e-06,0.07352941176470588,12.952380952380953,0.0,0.0,0,0.05532,-0.82939,63.28998,5.1673,184.0,127.0,60280.0,0.0,0.46985,4e-05,0.0,0.0,0.5
YOR081C,1,0.0,0.17400487376450496,6.569639527998408e-08,0.0,1.0,0.0,0.0,0,0.09212,-0.31081,47.09174,9.17792,63.0,77.0,73185.0,0.0,0.8639,0.00011,0.0,0.0,0.5
YPR112C,1,0.0,0.17552334906538844,3.497181532713144e-05,0.0,0.0,1.0,0.0,1,0.0699,-0.83732,40.99481,6.16718,157.0,149.0,37485.0,0.0,0.3707,6e-05,0.3167384070100485,0.24054770888719992,0.5
YNL020C,1,0.0,0.17564847709894066,4.6749284906519467e-07,0.0,1.0,0.0,0.0,1,0.06583,-0.54044,39.84718,8.83807,64.0,72.0,39030.0,0.0,0.54685,0.00012,0.6832615929899515,0.0,0.5
YDL129W,1,0.0,0.17400487376450496,6.569639527998408e-08,0.0,1.0,0.5,0.0,0,0.04811,-0.95189,51.65739,9.46735,42.0,51.0,21430.0,0.0,0.65106,0.00029,0.0,0.0,0.5
YIR003W,2,2.6754494272131184e-05,0.18637738369934873,5.331892442855438e-07,0.0,1.4766009852216748,0.0,0.0,0,0.02209,-1.09691,68.243,4.90643,124.0,84.0,7240.0,0.0,0.09684,7e-05,0.0,0.0,0.5
YJR056C,1,0.0,0.16955932989284406,1.1625964974399061e-08,0.0,1.0,0.0,0.0,0,0.05932,-1.10678,48.18729,6.4682,39.0,37.0,18825.0,0.0,0.68802,0.00024,0.0,0.0,0.5
YNL078W,2,5.3215987609994854e-05,0.1866420992334355,1.7416123588365718e-05,0.0,1.9528205128205127,0.0,0.0,0,0.06634,-0.76364,57.72555,9.92401,33.0,52.0,29130.0,0.0,0.63453,0.00022,0.0,0.0,0.5
YLR064W,3,6.880841614721265e-05,0.1882283432013285,1.7740482692932356e-05,0.0,1.7654320987654322,0.5,0.0,0,0.1978,0.43004,39.40264,10.09344,8.0,28.0,44725.0,0.0,1.3704,0.00031,0.0,0.0,0.5
YGL104C,3,2.6715077003751917e-05,0.18607827905261137,1.7537482518356764e-05,0.3333333333333333,1.973469387755102,0.0,0.0,0,0.10905,0.51646,34.57202,9.28937,25.0,39.0,80215.0,0.0,1.47642,0.00017,0.0,0.0,0.5
YDL146W,1,0.0,0.17382074162295524,1.7404497623450955e-05,0.0,1.0,0.0,0.0,0,0.09369,-0.20611,43.8811,5.67328,60.0,53.0,46395.0,0.0,0.82044,0.0001,0.0,0.0,0.5
YMR253C,3,2.6715077003751917e-05,0.18607827905261137,1.7537482518356764e-05,0.3333333333333333,2.0,0.0,0.0,0,0.10386,0.28164,34.79058,8.83832,34.0,38.0,70610.0,0.0,1.51335,0.00019,0.0,0.0,0.5
YNR037C,1,0.0,0.16450736187650744,4.731927773838357e-09,0.0,1.0,0.0,0.0,0,0.07692,-0.44066,48.37143,10.54095,6.0,15.0,8480.0,0.0,0.82531,0.00103,0.0,0.0,0.5
YNL054W,1,0.0,0.18310517510490593,2.4505962195751357e-07,0.0,1.0,0.0,0.0,0,0.04979,-0.89545,46.08742,5.5899,139.0,106.0,50240.0,0.0,0.39207,4e-05,0.0,0.0,0.5
YPR008W,1,0.0,0.18310517510490593,2.4505962195751357e-07,0.0,1.0,1.0,0.0,0,0.04467,-0.86427,54.81383,8.84198,70.0,79.0,28765.0,0.0,0.37518,0.00012,0.0,0.0,0.5
YNL058C,1,0.0,0.18310517510490593,2.4505962195751357e-07,0.0,1.0,0.0,0.0,0,0.07911,-0.53924,65.58829,6.67059,34.0,33.0,31400.0,0.0,0.89598,0.00019,0.0,0.0,0.5
YNL075W,1,0.0,0.18310517510490593,2.4505962195751357e-07,0.0,1.0,0.5,0.0,1,0.07241,-0.60552,41.86379,9.11017,40.0,45.0,16180.0,0.0,0.48325,0.00027,0.6832615929899515,0.2887195853553551,0.6443597926776775
YBL071C,1,0.0,0.18310517510490593,2.4505962195751357e-07,0.0,1.0,0.0,0.0,0,0.10784,0.08039,48.00882,9.65375,6.0,13.0,7700.0,0.0,0.66728,0.00084,0.0,0.0,0.5
YHL027W,2,0.00021160423695483417,0.18358267765710276,3.343494785106087e-08,0.0,1.0,0.5,0.0,0,0.0528,-0.61872,67.56816,6.82513,64.0,62.0,52560.0,0.0,0.77032,0.0001,0.0,0.0,0.5
YHR156C,1,0.0,0.17945440732013038,9.173353629753037e-07,0.0,1.0,1.0,0.0,0,0.09412,-1.08765,47.88353,5.01434,73.0,50.0,51465.0,0.0,1.27489,0.00012,0.0,0.0,0.5
YKR069W,2,0.0,0.18242732161076466,9.748933605615367e-07,0.0,2.0,0.0,0.0,0,0.07251,-0.17032,37.99224,6.15094,76.0,71.0,48775.0,0.0,0.73762,9e-05,0.0,0.0,0.5
YOR247W,2,0.0,0.18242732161076466,9.748933605615367e-07,0.0,2.0,0.0,0.0,0,0.08571,-0.04333,29.07,4.26837,12.0,4.0,27055.0,0.0,1.22711,0.00019,0.0,0.0,0.5
YGR192C,1,0.0,0.17997874452194232,4.835867395342558e-07,0.0,1.0,0.0,0.0,0,0.07229,-0.10723,27.0747,6.45758,39.0,37.0,33140.0,0.0,0.92709,0.00018,0.0,0.0,0.5
YML035C,1,0.0,0.1457072154054045,4.947069187916995e-10,0.0,1.0,0.0,0.0,0,0.10247,-0.65049,38.79063,6.13739,110.0,96.0,118580.0,0.0,1.27095,7e-05,0.0,0.0,0.5
YOR057W,1,0.0,0.1457072154054045,4.947069187916995e-10,0.0,1.0,0.0,0.0,1,0.09114,-0.75392,43.78937,6.08502,63.0,59.0,59485.0,0.0,1.32605,0.00014,0.6832615929899515,0.0,0.5
YLR025W,3,0.0006281069193316059,0.15377806288066098,4.1165787977867404e-09,0.3333333333333333,1.0,0.25,0.0,0,0.02083,-0.81125,50.27792,4.66156,49.0,30.0,11000.0,0.0,0.40761,0.00017,0.0,0.0,0.5
YER082C,1,0.0,0.18592031786496058,4.0990593855717284e-08,0.0,1.0,0.5,0.0,1,0.06859,-0.72274,40.40722,9.46002,62.0,80.0,58580.0,0.0,0.94005,0.00015,0.6832615929899515,0.2887195853553551,0.6443597926776775
YNL139C,1,0.0,0.18592031786496058,4.0990593855717284e-08,0.0,1.0,1.0,0.0,0,0.09831,-0.49092,43.16263,7.54803,201.0,202.0,185695.0,0.0,1.0096,4e-05,0.0,0.0,0.5
YNL152W,1,0.0,0.17397415798802404,5.6950901249434874e-08,0.0,1.0,0.0,0.0,1,0.06601,-0.86088,51.31812,6.80621,52.0,51.0,30995.0,0.0,0.67052,0.00015,0.6832615929899515,0.0,0.5
YAR014C,6,0.001393768670489697,0.17071948813479232,2.3141714778550285e-07,0.0,4.490196078431373,0.0,0.0,0,0.06488,-1.04429,56.72244,4.34247,151.0,69.0,53665.0,0.0,0.67947,5e-05,0.0,0.0,0.5
YIL045W,2,7.429236710945086e-05,0.1507900252451279,3.1907008482086006e-09,0.0,1.0,0.0,0.0,0,0.0855,-0.81952,40.98401,8.47821,67.0,70.0,48610.0,0.0,0.78482,0.00014,0.0,0.0,0.5
YMR071C,1,0.0,0.1440566549736397,3.1146135967441925e-09,0.0,1.0,0.0,0.0,1,0.13174,0.82814,29.35036,6.25775,11.0,10.0,20315.0,0.0,1.08677,0.00033,0.6832615929899515,0.0,0.5
YNL333W,1,0.0,0.1440566549736397,3.1146135967441925e-09,0.0,1.0,0.0,0.0,0,0.04362,-0.01074,37.00503,5.40021,41.0,33.0,16095.0,0.0,0.50246,0.00017,0.0,0.0,0.5
YGR136W,1,0.0,0.17828574620154777,1.1160972899016458e-06,0.0,1.0,0.5,0.0,0,0.09959,-0.65145,68.92946,5.1214,22.0,19.0,28880.0,0.0,1.10488,0.0002,0.0,0.0,0.5
YMR275C,1,0.0,0.17380541486679413,2.619204703278903e-08,0.0,1.0,0.0,0.0,0,0.06762,-0.54795,45.816,8.82001,113.0,125.0,68770.0,0.0,0.62992,8e-05,0.0,0.0,0.5
YIL108W,1,0.0,0.17552334906538844,3.497181532713144e-05,0.0,1.0,0.0,0.0,0,0.09626,-0.30187,37.95188,7.263,71.0,71.0,78990.0,0.0,1.02037,9e-05,0.0,0.0,0.5
YPL112C,1,0.0,0.17552334906538844,3.497181532713144e-05,0.0,0.0,0.0,0.0,0,0.09137,-0.26777,45.14876,9.09662,44.0,53.0,48860.0,0.0,1.08795,0.0002,0.0,0.0,0.0
YBR101C,2,0.001604203305812581,0.1808539508215719,3.4989258768681274e-05,0.0,1.835532994923858,0.0,0.0,0,0.05862,-0.24241,46.20693,4.92084,45.0,33.0,20190.0,0.0,0.61925,0.00015,0.0,0.0,0.5
YOL038W,36,0.00666715942945924,0.2075744745160396,0.00022139852170767525,0.9444444444444444,21.813715455475947,0.5,331.2404761904762,1,0.06299,-0.52795,54.92756,6.91644,35.0,35.0,19410.0,0.0,0.68252,0.00024,0.6832615929899515,0.2887195853553551,0.506617845225511
YKL150W,1,0.0,0.17552334906538844,3.497181532713144e-05,0.0,1.0,0.0,0.0,0,0.11589,-0.46523,30.24043,8.65509,35.0,38.0,30035.0,0.0,0.87983,0.00025,0.0,0.0,0.5
YDR369C,3,0.0011901613329806928,0.15295469930971614,1.7513183346699194e-09,0.3333333333333333,2.8782696177062372,0.0,0.6666666666666666,0,0.06792,-0.66347,51.67342,8.41156,115.0,120.0,64495.0,0.0,0.66929,9e-05,0.0,0.0,0.5
YGL090W,2,0.0007937877480586713,0.13123350266340295,1.5163242142625658e-10,0.0,1.575028636884307,0.5,6.0,0,0.05226,-0.76627,49.45392,4.86249,86.0,63.0,27680.0,0.0,0.57358,0.0001,0.0,0.0,0.5
YMR127C,4,2.4039533253311714e-05,0.15758931963577807,1.3367497753971462e-08,0.8333333333333334,0.0,0.5,16.40833333333333,0,0.13609,-0.33047,35.48908,9.29315,29.0,46.0,68520.0,0.0,1.74769,0.00024,0.0,0.0,0.0
YDR181C,4,2.4039533253311714e-05,0.15758931963577807,1.3367497753971462e-08,0.8333333333333334,0.0,1.0,22.2,0,0.04366,-0.84782,53.45967,9.47992,69.0,88.0,27555.0,0.0,0.4973,0.00017,0.0,0.0,0.0
YPR105C,2,0.0,0.16461727158880177,1.4051962598678827e-08,1.0,0.0,0.3333333333333333,2.0,1,0.08479,-0.26911,41.79351,5.75018,110.0,95.0,81290.0,0.0,0.82391,6e-05,0.3167384070100485,0.16241202693656576,0.5
YER157W,9,0.0016731185854610598,0.18242732161076466,4.773834820402804e-07,0.2222222222222222,1.6693333333333333,0.0,15.335714285714287,1,0.09613,-0.38502,38.02511,5.28058,121.0,102.0,68870.0,0.0,0.74419,6e-05,0.3167384070100485,0.0,0.5
YNL007C,1,0.0,0.16837167592075786,2.3351571369094916e-07,0.0,1.0,0.5,0.0,1,0.09943,-0.67017,47.40483,9.02252,36.0,41.0,24870.0,0.0,0.66162,0.00024,0.6832615929899515,0.2887195853553551,0.6443597926776775
YIL095W,2,0.0,0.17664012994034523,6.24127454042001e-08,1.0,1.9240506329113924,0.0,0.0,0,0.06667,-0.64815,49.22038,9.62579,77.0,108.0,44990.0,0.0,0.49423,0.00011,0.0,0.0,0.5
YNL039W,3,0.0003804713330015294,0.18053922055360985,4.976611514036968e-07,0.6666666666666666,1.9065520945220193,1.0,2.288235294117647,1,0.05387,-1.06061,44.99059,6.50116,106.0,103.0,29255.0,0.0,0.43221,0.0001,0.6832615929899515,0.40591527534130006,0.6064527102373944
YNL258C,1,0.0,0.1553659028930647,1.3010072051361527e-08,0.0,1.0,0.5,0.0,1,0.09814,-0.47414,37.29074,4.86322,127.0,86.0,118105.0,0.0,1.34102,6e-05,0.3167384070100485,0.19390444008233815,0.5969522200411691
YFR051C,11,0.0004026689025204036,0.186836702370077,7.92080824079946e-07,0.8,8.727822580645162,0.0,41.32539682539682,1,0.07509,-0.41099,52.61795,5.05634,77.0,53.0,34965.0,0.0,0.57672,8e-05,0.6832615929899515,0.0,0.5
YNL288W,2,9.946313872111975e-07,0.1543802639414405,3.095370621781236e-08,0.0,1.0,0.5,0.0,0,0.05898,-0.13914,36.91343,6.65778,32.0,31.0,23795.0,0.0,0.57818,0.00016,0.0,0.0,0.5
YJR134C,1,0.0,0.1356217978536062,1.138604327946201e-10,0.0,1.0,0.0,0.0,0,0.0396,-0.96945,51.12687,4.81,144.0,98.0,37610.0,0.0,0.46335,6e-05,0.0,0.0,0.5
YLR262C,8,0.002893693877469495,0.15900033959863774,1.443100691712834e-09,0.03571428571428571,4.041522491349481,0.0,1.818181818181818,0,0.08837,-0.55395,43.70279,5.66229,33.0,31.0,23295.0,0.0,0.95423,0.00023,0.0,0.0,0.5
YGR100W,1,0.0,0.1356217978536062,1.138604327946201e-10,0.0,1.0,0.0,0.0,0,0.10842,-0.34663,49.04296,5.25104,142.0,114.0,104390.0,0.0,0.95545,5e-05,0.0,0.0,0.5
YJL029C,1,0.0,0.1356217978536062,1.138604327946201e-10,0.0,1.0,0.0,0.0,0,0.10462,-0.41022,41.43286,5.41302,116.0,101.0,115585.0,0.0,1.21098,6e-05,0.0,0.0,0.5
YDR027C,2,4.070706400300878e-06,0.137744738644606,1.7967604485706637e-10,0.0,0.0,0.0,0.0,0,0.07649,-0.45467,45.35549,5.94733,122.0,109.0,72990.0,0.0,0.71898,6e-05,0.0,0.0,0.0
YDR484W,1,0.0,0.1356217978536062,1.138604327946201e-10,0.0,1.0,0.0,0.0,0,0.10608,-0.5092,45.02435,5.52582,82.0,71.0,55990.0,0.0,0.75324,7e-05,0.0,0.0,0.5
YLR109W,1,0.0,0.15666247099064634,1.764996804246399e-08,0.0,1.0,0.0,1.6,0,0.09659,-0.0483,34.32557,5.0069,21.0,15.0,31315.0,0.0,1.63829,0.00026,0.0,0.0,0.5
YHR183W,1,0.0,0.15666247099064634,1.764996804246399e-08,0.0,1.0,0.0,1.6,0,0.09202,-0.14335,33.62742,6.18829,58.0,54.0,67225.0,0.0,1.25554,0.00012,0.0,0.0,0.5
YNL014W,1,0.0,0.15666247099064634,1.764996804246399e-08,0.0,1.0,0.0,0.0,0,0.06609,-0.27615,33.96609,5.86823,145.0,128.0,96645.0,0.0,0.8341,5e-05,0.0,0.0,0.5
YKL073W,1,0.0,0.15666247099064634,1.764996804246399e-08,0.0,1.0,1.0,0.0,0,0.07264,-0.45346,42.58343,5.17645,136.0,107.0,42665.0,0.0,0.42849,5e-05,0.0,0.0,0.5
YEL024W,9,0.00775237273511648,0.15686194572690693,2.0664953559245e-08,0.7777777777777778,2.9689922480620154,0.0,20.666666666666668,0,0.07442,-0.08791,32.09442,8.24017,22.0,24.0,24575.0,0.0,1.0518,0.00035,0.0,0.0,0.5
YGL137W,11,0.0026885857088214636,0.19083427340539375,8.088158263510038e-07,0.8181818181818182,10.22983870967742,0.0,46.3095238095238,1,0.10799,-0.38223,27.9712,4.62714,138.0,81.0,159920.0,0.0,1.60815,5e-05,0.3167384070100485,0.0,0.5
YLL011W,1,0.0,0.15666247099064634,1.764996804246399e-08,0.0,1.0,0.5,0.0,1,0.08998,-0.93374,40.14315,9.41974,67.0,84.0,68675.0,0.0,1.20932,0.00017,0.6832615929899515,0.2887195853553551,0.6443597926776775
YDR214W,1,0.0,0.15666247099064634,1.764996804246399e-08,0.0,1.0,0.0,0.0,0,0.10571,-0.5,36.42371,7.02472,45.0,45.0,50795.0,0.0,1.28807,0.00018,0.0,0.0,0.5
YGL121C,4,0.0011028823682667748,0.16822797729831118,1.8681820421125482e-08,0.3333333333333333,1.8881278538812785,0.0,34.0,0,0.10317,-0.43413,66.20095,4.66388,23.0,13.0,19940.0,0.0,1.33631,0.00031,0.0,0.0,0.5
YHR033W,1,0.0,0.15666247099064634,1.764996804246399e-08,0.0,1.0,0.0,0.0,0,0.0591,-0.16903,33.28392,5.71014,51.0,42.0,33265.0,0.0,0.70983,0.00012,0.0,0.0,0.5
YKL056C,1,0.0,0.15666247099064634,1.764996804246399e-08,0.0,1.0,0.0,0.0,0,0.10778,-0.32575,22.18263,4.41449,32.0,17.0,21555.0,0.0,1.15016,0.00024,0.0,0.0,0.5
YDR155C,2,0.0018821054747132178,0.15723733328049716,1.7677825426012238e-08,0.0,1.877997914494265,0.25,0.0,0,0.11111,-0.23642,19.17346,6.89789,17.0,17.0,13200.0,0.0,0.75904,0.0004,0.0,0.0,0.5
YER164W,1,0.0,0.1648099673916649,2.2515280522019012e-07,0.0,0.0,1.0,0.0,0,0.07561,-0.84496,44.87657,6.10309,242.0,225.0,166800.0,0.0,0.99145,4e-05,0.0,0.0,0.0
YFL024C,1,0.0,0.1648099673916649,2.2515280522019012e-07,0.0,0.0,1.0,0.0,1,0.07933,-1.02151,56.26505,8.80182,121.0,130.0,62855.0,0.0,0.64975,9e-05,0.3167384070100485,0.24054770888719992,0.5
YAR002CA,1,0.0,0.1648099673916649,2.2515280522019012e-07,0.0,0.0,0.0,0.0,0,0.0,0.0,0.0,0.0,0.0,0.0,0.0,0.0,0.0,0.0,0.0,0.0,0.0
YHR174W,1,0.0,0.0005749604714675866,5.874040484279281e-14,0.0,1.0,0.0,0.0,0,0.06865,-0.18421,29.56247,5.66681,58.0,49.0,42525.0,0.0,0.90645,0.00012,0.0,0.0,0.5
YNL006W,2,0.0,0.0008624407072013799,8.307145578275165e-14,0.0,1.9795221843003412,0.0,2.0,1,0.07591,-0.45017,34.78581,6.02789,36.0,28.0,62295.0,0.0,1.8304,0.00018,0.6832615929899515,0.0,0.5
YCR012W,1,0.0,0.0005749604714675866,5.874040484279281e-14,0.0,1.0,0.0,0.0,1,0.06731,-0.10601,23.23365,7.10968,55.0,55.0,21555.0,0.0,0.48181,0.00016,0.6832615929899515,0.0,0.5
YGR292W,1,0.0,0.00043122035360068997,1.526654176624869e-14,0.0,0.0,0.0,0.0,0,0.14897,-0.66729,30.14781,5.47406,88.0,72.0,149365.0,0.0,2.19353,8e-05,0.0,0.0,0.0
YBR299W,1,0.0,0.00043122035360068997,1.526654176624869e-14,0.0,0.0,0.0,0.0,0,0.15068,-0.66969,30.29318,5.47406,88.0,72.0,149365.0,0.0,2.19199,8e-05,0.0,0.0,0.0
YJL138C,4,0.005545947729626119,0.1755702511805747,9.064031694725965e-07,0.0,2.714583333333333,0.0,0.0,0,0.0,0.0,0.0,0.0,0.0,0.0,0.0,0.0,0.0,0.0,0.0,0.0,0.5
YDR097C,3,0.0009918715239693528,0.15140388739567648,7.547360625827148e-09,0.0,2.411764705882353,1.0,0.0,0,0.08213,-0.54026,45.25106,5.58502,183.0,160.0,118410.0,0.0,0.84531,4e-05,0.0,0.0,0.5
YHL024W,3,0.005252965865092162,0.15846347857579487,1.2511176673347363e-09,0.0,2.4022346368715084,0.0,0.0,0,0.08976,-0.95764,54.2554,5.492,93.0,71.0,71795.0,0.0,0.89623,7e-05,0.0,0.0,0.5
YHR047C,1,0.0,0.12835366347622013,7.446941548168708e-11,0.0,0.0,0.0,0.0,0,0.11332,-0.28329,36.96954,5.14801,114.0,88.0,157720.0,0.0,1.61497,5e-05,0.0,0.0,0.0
YCR057C,1,0.0,0.1648099673916649,2.2515280522019012e-07,0.0,0.0,0.5,0.0,1,0.10401,-0.35926,35.77195,4.94,136.0,96.0,110780.0,0.0,1.06538,5e-05,0.3167384070100485,0.19390444008233815,0.5
YLR176C,1,0.0,0.1648099673916649,2.2515280522019012e-07,0.0,0.0,0.0,0.0,0,0.07891,-0.40592,52.85143,8.96942,68.0,82.0,54915.0,0.0,0.60624,0.0001,0.0,0.0,0.0
YMR234W,1,0.0,0.13523101056560868,6.409454801801682e-11,0.0,1.0,0.0,0.0,0,0.11494,-0.8727,39.42534,9.34601,36.0,51.0,53915.0,0.0,1.36734,0.00024,0.0,0.0,0.5
YBR169C,1,0.0,0.1331842709462373,6.445480262274303e-11,0.0,1.0,0.0,0.0,0,0.07648,-0.49986,31.99048,5.45721,110.0,96.0,53790.0,0.0,0.69299,7e-05,0.0,0.0,0.5
YBL032W,1,0.0,0.1648099673916649,2.2515280522019012e-07,0.0,0.0,0.3333333333333333,0.0,0,0.04987,-0.39738,45.71995,5.75519,55.0,48.0,9190.0,0.0,0.22048,0.00014,0.0,0.0,0.0
YBL051C,1,0.0,0.1474953015567429,1.7443441609465978e-08,0.0,1.0,0.0,0.0,0,0.05539,-0.79566,53.77801,5.82196,54.0,43.0,36915.0,0.0,0.50037,8e-05,0.0,0.0,0.5
YOR210W,28,0.0011086284219322723,0.18569262458825364,1.6359064797026127e-06,0.5052910052910053,25.506122448979593,0.5,106.49444444444444,1,0.08571,-0.27286,51.75429,7.65314,11.0,12.0,10470.0,0.0,1.26486,0.00092,0.6832615929899515,0.2887195853553551,0.5056598094424758
YHL021C,1,0.0,0.15457396565278483,7.52146800445977e-08,0.0,1.0,0.0,0.0,0,0.11398,-0.49763,46.53615,7.20135,52.0,52.0,45685.0,0.0,0.8598,0.00014,0.0,0.0,0.5
YAL035W,1,0.0,0.1648099673916649,2.2515280522019012e-07,0.0,0.0,0.0,0.0,1,0.04391,-0.74092,48.88184,5.61298,184.0,166.0,60695.0,0.0,0.54063,5e-05,0.3167384070100485,0.0,0.0
YPL178W,2,0.0002852883024201888,0.14579343269262665,2.2074261522218578e-07,0.0,1.4803695150115475,0.3333333333333333,0.0,0,0.12019,-0.70337,47.28659,5.01605,34.0,27.0,13910.0,0.0,0.58509,0.00021,0.0,0.0,0.5
YER173W,5,0.0016289535865121208,0.1516835098117978,2.2087069142930167e-07,0.0,3.7255297679112007,1.0,5.428571428571429,0,0.08346,-0.61684,50.50379,6.00421,92.0,84.0,71165.0,0.0,0.93977,8e-05,0.0,0.0,0.5
YHR079CA,1,0.0,0.13026217353980388,2.7904997268079283e-09,0.0,0.0,0.0,0.0,0,0.0,0.0,0.0,0.0,0.0,0.0,0.0,0.0,0.0,0.0,0.0,0.0,0.0
YHR119W,3,0.002237281147771389,0.1728755665676471,1.7398357567173765e-05,0.0,1.969532100108814,0.5,1.181818181818182,0,0.08241,-0.86148,54.8537,9.0567,147.0,170.0,93655.0,0.0,0.75583,7e-05,0.0,0.0,0.5
YBR258C,6,0.0062038825738020215,0.16143547993483312,4.374576255290781e-07,0.0,1.0,1.0,0.0,0,0.07042,-1.07465,48.88169,5.01178,29.0,23.0,12950.0,0.0,0.78823,0.00031,0.0,0.0,0.5
YKL018W,14,0.008425968488485357,0.18125307678200572,6.739278699470329e-07,0.04395604395604396,11.643312101910828,0.5,5.314285714285714,1,0.12766,-0.21185,26.42131,5.53278,35.0,28.0,38360.0,0.0,1.03336,0.00015,0.6832615929899515,0.2887195853553551,0.5123985161107196
YLR015W,2,0.0001463466859831889,0.1515319195882774,1.4282915915947362e-08,0.0,1.1862745098039216,0.5,0.0,0,0.10495,-0.79762,39.94695,5.78021,77.0,69.0,71585.0,0.0,1.22689,0.0001,0.0,0.0,0.5
YBR175W,2,0.00014708209646551647,0.1515319195882774,1.4282915915947362e-08,0.0,1.0,0.5,0.0,0,0.08889,0.07238,35.9219,5.59576,31.0,22.0,51920.0,0.0,1.49396,0.00016,0.0,0.0,0.5
YDR469W,1,0.0,0.13738950372930314,5.53114614403367e-09,0.0,0.0,1.0,0.0,0,0.02857,-0.932,59.42343,4.71259,28.0,16.0,4595.0,0.0,0.23629,0.00024,0.0,0.0,0.0
YDR301W,3,0.0,0.15556208744410954,9.115217469266193e-09,1.0,2.9492833517089307,1.0,6.6,1,0.08696,-0.26514,37.09434,5.6192,173.0,148.0,111520.0,0.0,0.72697,4e-05,0.3167384070100485,0.24054770888719992,0.5407807050393814
YLR115W,3,0.0,0.15556208744410954,9.115217469266193e-09,1.0,2.9492833517089307,1.0,7.75,1,0.06752,-0.36403,40.92631,7.50836,114.0,115.0,86510.0,0.0,0.89878,8e-05,0.3167384070100485,0.24054770888719992,0.5407807050393814
YLR277C,5,0.0007072292900564474,0.16710132333030792,1.0196197340791756e-08,0.5,2.9492833517089307,1.0,7.035714285714286,1,0.07574,-0.24031,38.89207,5.07306,115.0,78.0,51100.0,0.0,0.58285,6e-05,0.6832615929899515,0.40591527534130006,0.5688159167728148
YAL043C,3,0.00048541776627314257,0.16707299627091982,9.904776114063698e-09,0.6666666666666666,1.0,1.0,3.971428571428572,1,0.06879,-0.36255,50.59019,5.89105,99.0,90.0,65820.0,0.0,0.74396,7e-05,0.6832615929899515,0.40591527534130006,0.70295763767065
YKL059C,1,0.0,0.1514853373812106,8.751769831548621e-09,0.0,1.0,1.0,0.0,1,0.07256,-0.79002,48.6227,6.18024,62.0,59.0,33430.0,0.0,0.67336,0.00012,0.6832615929899515,0.40591527534130006,0.70295763767065
YNL317W,1,0.0,0.1514853373812106,8.751769831548621e-09,0.0,1.0,1.0,0.0,1,0.09892,-0.54301,41.97333,8.31293,49.0,52.0,85215.0,0.0,1.60351,0.00016,0.6832615929899515,0.40591527534130006,0.70295763767065
YOR179C,1,0.0,0.1514853373812106,8.751769831548621e-09,0.0,1.0,1.0,0.0,0,0.04255,-0.31117,22.42074,5.43781,25.0,21.0,12990.0,0.0,0.62256,0.00026,0.0,0.0,0.5
YJR050W,1,0.0,0.1457395349356238,4.951115417834338e-10,0.0,0.0,0.5,0.0,0,0.08511,-1.0966,50.58643,9.3548,35.0,43.0,50545.0,0.0,1.80367,0.00033,0.0,0.0,0.0
YMR312W,4,0.0065767903364969795,0.14739603753864594,2.169659101362319e-08,0.0,1.0,0.5,0.0,0,0.08791,-0.07509,45.35319,6.18304,23.0,19.0,16430.0,0.0,0.5374,0.0002,0.0,0.0,0.5
YGR200C,2,0.0026973684210526315,0.12712028956560764,1.0701205299005296e-09,0.0,0.0,0.5,0.0,0,0.09772,-0.29036,36.45445,5.35797,114.0,87.0,160695.0,0.0,1.79729,6e-05,0.0,0.0,0.0
YPL086C,2,0.0026973684210526315,0.12712028956560764,1.0701205299005296e-09,0.0,0.0,0.5,0.0,0,0.08977,-0.52657,26.17163,9.11407,68.0,84.0,68535.0,0.0,1.07664,0.00014,0.0,0.0,0.0
YPL101W,1,0.0,0.1270875054806133,1.0629209838543816e-09,0.0,0.0,0.5,0.0,0,0.05921,-0.50439,50.14386,9.45197,52.0,63.0,31400.0,0.0,0.61382,0.00018,0.0,0.0,0.0
YJR053W,3,0.00035290662309561736,0.15776590443447353,3.1776617903019307e-09,0.3333333333333333,2.8950617283950617,0.0,0.0,0,0.07317,-0.9899,47.43225,5.62421,96.0,84.0,48275.0,0.0,0.73049,9e-05,0.0,0.0,0.5
YDR016C,3,0.0007934408886537953,0.15335930988907742,6.64908285434945e-10,0.0,1.0,0.25,0.0,1,0.05319,-0.45745,63.28723,4.2077,16.0,7.0,8480.0,0.0,0.80642,0.0004,0.6832615929899515,0.18303056670342058,0.5915152833517103
YKL052C,1,0.0,0.13149614476346314,6.381325005898793e-11,0.0,0.0,0.25,0.0,1,0.03425,-0.90171,55.76199,4.59503,51.0,23.0,8730.0,0.0,0.27221,0.00014,0.6832615929899515,0.18303056670342058,0.5
YKR083C,1,0.0,0.13149614476346314,6.381325005898793e-11,0.0,1.0,0.25,0.0,1,0.03008,-0.91729,49.78872,4.16876,31.0,13.0,13980.0,0.0,0.92759,0.00028,0.6832615929899515,0.18303056670342058,0.5915152833517103
YCR033W,1,0.0,0.1204330182687305,2.7857443183175985e-11,0.0,1.0,1.0,0.0,0,0.06444,-0.99796,58.62816,9.16632,160.0,182.0,99630.0,0.0,0.71989,7e-05,0.0,0.0,0.5
YOL068C,7,0.0020629737142356416,0.13851912930458976,6.515923425539783e-10,0.047619047619047616,5.903023983315954,0.5,2.571428571428571,0,0.09145,-0.26441,45.20044,8.72467,58.0,66.0,41715.0,0.0,0.72295,0.00015,0.0,0.0,0.5
YGL194C,1,0.0,0.1204330182687305,2.7857443183175985e-11,0.0,1.0,1.0,0.0,0,0.10841,-0.38916,37.27923,4.99799,67.0,42.0,46270.0,0.0,0.89924,0.0001,0.0,0.0,0.5
YKR029C,1,0.0,0.1204330182687305,2.7857443183175985e-11,0.0,1.0,0.0,0.0,0,0.06924,-0.84008,47.32173,8.89532,102.0,116.0,77375.0,0.0,0.90519,0.0001,0.0,0.0,0.5
YDR310C,2,0.0,0.12044037700136333,3.0786174170215985e-11,1.0,1.0,1.0,2.321428571428571,0,0.04614,-0.81375,48.13241,5.84869,150.0,135.0,55725.0,0.0,0.47145,5e-05,0.0,0.0,0.5
YOR279C,2,0.0,0.12044037700136333,3.0786174170215985e-11,1.0,1.0,1.0,3.75,0,0.05484,-1.0129,72.91774,9.04193,50.0,54.0,22920.0,0.0,0.65124,0.00026,0.0,0.0,0.5
YOL108C,7,0.002867060652665785,0.17225615747656317,4.815618467390868e-07,0.047619047619047616,3.6666666666666665,1.0,0.0,0,0.03974,-0.83642,63.22517,9.39496,23.0,28.0,15470.0,0.0,0.89023,0.00054,0.0,0.0,0.5
YOL067C,2,0.0,0.1506287031945829,1.420300678116766e-08,1.0,1.0,1.0,0.0,0,0.0565,-0.70113,21.36045,5.89178,22.0,21.0,9065.0,0.0,0.47671,0.00031,0.0,0.0,0.5
YOR344C,1,0.0,0.14514927908721004,1.3657797307324207e-08,0.0,1.0,1.0,0.0,0,0.06186,-0.75498,61.99622,4.75299,47.0,32.0,23950.0,0.0,0.73267,0.00015,0.0,0.0,0.5
YLR422W,1,0.0,0.14514927908721004,1.3657797307324207e-08,0.0,1.0,0.0,0.0,0,0.10766,-0.22723,47.70871,7.88007,223.0,227.0,209585.0,0.0,0.94595,4e-05,0.0,0.0,0.5
YNR064C,1,0.0,0.14514927908721004,1.3657797307324207e-08,0.0,0.0,0.0,0.0,0,0.14138,-0.00138,31.60448,4.97101,34.0,23.0,46090.0,0.0,1.40707,0.00015,0.0,0.0,0.0
YER167W,2,0.0007937877480586713,0.14519204552182619,1.3670363340975835e-08,0.0,1.6684665226781858,0.0,0.0,0,0.0658,-0.8926,51.63175,7.72565,87.0,88.0,45770.0,0.0,0.48828,8e-05,0.0,0.0,0.5
YOR298CA,1,0.0,0.16893445406276245,2.150533469810171e-06,0.0,0.0,0.0,0.0,0,0.0,0.0,0.0,0.0,0.0,0.0,0.0,0.0,0.0,0.0,0.0,0.0,0.0
YCL051W,1,0.0,0.16893445406276245,2.150533469810171e-06,0.0,1.0,0.0,0.0,0,0.06003,-0.87479,62.65664,8.25372,69.0,72.0,28850.0,0.0,0.44528,0.00013,0.0,0.0,0.5
YGR214W,57,0.01158076437513993,0.18541315116210255,0.006702429760699313,0.9649122807017544,6.925207756232687,0.0,54.327777777777776,0,0.07937,-0.25556,38.30202,4.64508,40.0,22.0,36565.0,0.0,1.30477,0.00017,0.0,0.0,0.5
YLR177W,2,0.0002451939904558049,0.17630833720968803,2.1536294112932713e-06,0.0,1.0,0.0,0.0,0,0.09873,-0.54936,46.57616,8.81195,62.0,69.0,55740.0,0.0,0.78216,0.00012,0.0,0.0,0.5
YDL180W,1,0.0,0.16992475948313035,1.955319228434353e-09,0.0,0.0,0.0,0.0,0,0.12431,-0.02249,37.447,5.21466,53.0,36.0,71375.0,0.0,1.1459,8e-05,0.0,0.0,0.0
YDR319C,1,0.0,0.16992475948313035,1.955319228434353e-09,0.0,0.0,0.0,0.0,0,0.17153,0.62591,38.7062,8.74298,14.0,20.0,78600.0,0.0,2.45543,0.00027,0.0,0.0,0.0
YER188W,1,0.0,0.16992475948313035,1.955319228434353e-09,0.0,0.0,0.0,0.0,0,0.15481,-0.47238,42.50887,4.7984,29.0,15.0,59455.0,0.0,2.17688,0.00018,0.0,0.0,0.0
YGR018C,1,0.0,0.16992475948313035,1.955319228434353e-09,0.0,0.0,0.0,0.0,0,0.09174,-0.14862,65.54587,7.71063,7.0,8.0,18615.0,0.0,1.56464,0.00065,0.0,0.0,0.0
YJL057C,1,0.0,0.16992475948313035,1.955319228434353e-09,0.0,1.0,0.0,0.0,0,0.09295,-0.36357,42.80645,6.02606,82.0,73.0,54790.0,0.0,0.72737,8e-05,0.0,0.0,0.5
YLR417W,1,0.0,0.16992475948313035,1.955319228434353e-09,0.0,0.0,0.0,0.0,0,0.0742,-0.39982,42.59717,5.97235,71.0,64.0,48830.0,0.0,0.76277,9e-05,0.0,0.0,0.0
YML038C,1,0.0,0.16992475948313035,1.955319228434353e-09,0.0,0.0,0.0,0.0,0,0.12217,0.38303,29.91744,7.04279,33.0,33.0,61475.0,0.0,1.23906,0.00014,0.0,0.0,0.0
YMR004W,1,0.0,0.16992475948313035,1.955319228434353e-09,0.0,0.0,0.0,0.0,0,0.08611,-0.57965,42.44364,5.36334,80.0,66.0,81275.0,0.0,1.3624,9e-05,0.0,0.0,0.0
YDR311W,11,0.0009550713230301889,0.17857648215295455,4.048466135931254e-07,0.6545454545454545,10.004081632653062,1.0,19.21989962651727,1,0.05919,-0.65156,37.60625,6.43646,89.0,85.0,39475.0,0.0,0.54154,9e-05,0.6832615929899515,0.40591527534130006,0.5202874831616929
YNL312W,3,0.00045362081875249756,0.15731262649675276,3.2784874887222224e-08,0.3333333333333333,3.0,1.0,2.056140350877193,1,0.08425,-0.44725,46.23004,4.85052,35.0,21.0,16680.0,0.0,0.55719,0.00016,0.6832615929899515,0.40591527534130006,0.5676525458902167
YGR104C,22,0.0009320668011070774,0.20720353306047642,2.75562917868731e-05,0.8441558441558441,14.723840345199568,1.0,126.90000000000002,0,0.07492,-0.30195,39.65309,4.84406,35.0,24.0,31650.0,0.0,0.92306,0.00014,0.0,0.0,0.5
YML010W,5,0.005051497325871598,0.17362170439569385,7.042492629598739e-07,0.0,4.705050505050505,0.5,0.0,1,0.05738,-0.8317,36.39878,5.09344,168.0,133.0,117145.0,0.0,1.01294,4e-05,0.3167384070100485,0.19390444008233815,0.5206059892315924
YDR138W,2,0.0,0.17500907484722653,2.727790807690621e-07,1.0,2.0,1.0,0.0,0,0.10771,-0.72287,49.65977,5.18475,124.0,102.0,97595.0,0.0,1.11121,6e-05,0.0,0.0,0.5
YJR094C,2,0.00039689387402933567,0.15235177075315445,8.597285846733156e-09,0.0,1.0,1.0,0.0,0,0.13889,-1.05139,49.33503,5.09686,49.0,32.0,40145.0,0.0,0.95908,0.00012,0.0,0.0,0.5
YJL106W,1,0.0,0.13075470713129766,3.510015895426386e-10,0.0,1.0,0.0,0.0,0,0.08527,-0.48186,44.35457,5.18427,92.0,61.0,55195.0,0.0,0.75002,7e-05,0.0,0.0,0.5
YFR028C,3,9.7085936536354e-05,0.16590583368439626,8.194818836578769e-09,0.6666666666666666,2.9788306451612905,0.2,2.5,1,0.09619,-0.4971,38.83724,8.04034,59.0,61.0,54165.0,0.0,0.87496,0.00013,0.6832615929899515,0.15471330315111406,0.5259687980923697
YER070W,4,9.356525219641844e-05,0.16391910270306131,2.3060064721294896e-07,0.6666666666666666,3.5805739514348787,0.0,87.0,1,0.09459,-0.33232,42.11916,5.83099,108.0,95.0,120820.0,0.0,1.21354,6e-05,0.3167384070100485,0.0,0.5
YHR144C,1,0.0,0.12400146011602366,1.8584092488897836e-11,0.0,0.0,0.0,0.0,0,0.07051,-0.28942,38.48974,8.15729,38.0,41.0,19170.0,0.0,0.53779,0.00023,0.0,0.0,0.0
YDR238C,10,5.775028491067878e-06,0.18681899440852168,7.916759163314269e-07,0.9777777777777777,6.299395161290323,0.0,51.66666666666666,1,0.06269,-0.111,39.91955,5.43085,136.0,111.0,63020.0,0.0,0.57807,5e-05,0.3167384070100485,0.0,0.5
YIL076W,10,5.775028491067878e-06,0.18681899440852168,7.916759163314269e-07,0.9777777777777777,4.408602150537634,0.0,41.32539682539682,0,0.10135,-0.33682,34.34095,4.43634,46.0,22.0,31080.0,0.0,0.91875,0.00013,0.0,0.0,0.5
YPL010W,10,5.775028491067878e-06,0.18681899440852168,7.916759163314269e-07,0.9777777777777777,4.642771804062127,0.0,62.0,1,0.08995,-0.37619,46.32434,5.02716,28.0,20.0,18910.0,0.0,0.87193,0.00023,0.6832615929899515,0.0,0.5
YGL205W,1,0.0,0.13761010960655629,2.8044553139349297e-09,0.0,0.0,0.0,0.0,0,0.09893,-0.24519,28.27313,8.63776,84.0,91.0,96690.0,0.0,1.15051,0.0001,0.0,0.0,0.0
YOR294W,2,0.00039689387402933567,0.17108994097772,0.001387822099040552,0.0,0.0,1.0,0.0,1,0.04926,-0.85222,34.03251,9.46259,30.0,38.0,27960.0,0.0,1.21761,0.00041,0.6832615929899515,0.40591527534130006,0.5
YKL172W,1,0.0,0.1443203404601195,1.734727233235264e-05,0.0,0.0,0.5,0.0,1,0.04215,-1.48876,63.22485,6.05035,104.0,97.0,12950.0,0.0,0.26039,0.00012,0.6832615929899515,0.2887195853553551,0.5
YPL085W,8,2.6237351949172485e-06,0.16817056650493237,5.83610907955605e-08,0.75,1.221122112211221,0.25,7.75,1,0.05877,-0.76118,50.0693,5.2121,293.0,220.0,168835.0,0.0,0.69855,2e-05,0.3167384070100485,0.13971984388753125,0.5572096117539487
YDR328C,22,0.01735724340313124,0.1979242102625075,3.3149704934150744e-07,0.1038961038961039,16.195761856710394,0.3333333333333333,33.40158942364824,1,0.0567,-0.94742,57.29897,4.34943,48.0,23.0,21095.0,0.0,0.94469,0.00019,0.6832615929899515,0.2240360033604539,0.5069165009137137
YJL204C,1,0.0,0.16295694527152052,9.164173929154531e-09,0.0,1.0,0.0,0.0,0,0.10833,-0.31929,40.94492,5.60919,109.0,99.0,70930.0,0.0,0.72771,6e-05,0.0,0.0,0.5
YGL149W,1,0.0,0.16295694527152052,9.164173929154531e-09,0.0,1.0,0.0,0.0,0,0.20792,1.11584,48.14059,9.05731,2.0,5.0,8855.0,0.0,0.76042,0.00078,0.0,0.0,0.5
YBR280C,1,0.0,0.16295694527152052,9.164173929154531e-09,0.0,1.0,0.0,0.0,0,0.10047,-0.46829,43.02969,5.86188,70.0,58.0,96145.0,0.0,1.36386,8e-05,0.0,0.0,0.5
YMR258C,1,0.0,0.16295694527152052,9.164173929154531e-09,0.0,1.0,0.3333333333333333,0.0,0,0.12116,-0.2311,42.20508,5.96417,73.0,64.0,81470.0,0.0,1.26498,9e-05,0.0,0.0,0.5
YDR202C,6,0.0007521977353113949,0.17391275895573605,7.907327623218856e-08,0.7333333333333333,3.4559386973180075,0.0,50.333333333333336,0,0.07123,-0.20427,46.41339,5.94562,42.0,38.0,18085.0,0.0,0.45194,0.00015,0.0,0.0,0.5
YDL185W,16,0.0003051468440506708,0.1742047909857987,2.248332803772921e-07,0.8166666666666667,11.837948717948718,0.0,85.90476190476191,0,0.08777,-0.29393,33.01487,5.82611,142.0,126.0,120570.0,0.0,1.01631,5e-05,0.0,0.0,0.5
YBR127C,16,0.0003051468440506708,0.1742047909857987,2.248332803772921e-07,0.8166666666666667,12.294715447154472,0.0,81.34826839826837,0,0.07737,-0.37834,33.72168,4.95099,80.0,59.0,33935.0,0.0,0.58763,9e-05,0.0,0.0,0.5
YOR332W,16,0.0003051468440506708,0.1742047909857987,2.248332803772921e-07,0.8166666666666667,10.997905759162304,0.0,156.99999999999997,0,0.04292,-0.52918,40.60858,5.33356,41.0,37.0,7450.0,0.0,0.28144,0.0002,0.0,0.0,0.5
YDL225W,1,0.0,0.15566036563249722,5.865987383497586e-10,0.0,1.0,0.0,0.0,0,0.06897,-0.7363,42.83448,5.4007,84.0,70.0,29590.0,0.0,0.47246,9e-05,0.0,0.0,0.5
YNL166C,5,0.00016866013573672305,0.1827486751348333,8.952507859820087e-09,0.4,3.673697270471464,0.0,5.0,0,0.04241,-0.98147,48.14286,4.78973,83.0,55.0,21805.0,0.0,0.43879,0.0001,0.0,0.0,0.5
YGL223C,3,3.5999919351384263e-06,0.16798425174742732,2.9493244188190223e-08,0.6666666666666666,0.0,0.0,5.6,0,0.08153,-0.41175,37.01058,5.12445,55.0,40.0,33515.0,0.0,0.69337,0.00011,0.0,0.0,0.0
YNL041C,2,0.0,0.16461727158880177,1.4051962598678827e-08,1.0,0.0,0.0,4.5,0,0.07867,-0.40632,42.47045,5.15009,127.0,103.0,50365.0,0.0,0.51936,5e-05,0.0,0.0,0.0
YMR094W,4,0.0002105559879851341,0.1754452345353193,1.557733528031926e-08,0.6666666666666666,3.609725685785536,0.5,2.0723981900452486,1,0.11715,-0.36987,45.69205,9.17706,60.0,73.0,81540.0,0.0,1.44741,0.00016,0.6832615929899515,0.2887195853553551,0.5399919011148523
YOR064C,1,0.0,0.15531693404809013,1.5726573955704527e-08,0.0,0.0,1.0,0.0,0,0.07306,-0.77534,44.24886,8.48859,32.0,36.0,22555.0,0.0,0.88975,0.00033,0.0,0.0,0.0
YBR049C,1,0.0,0.15809489974368882,4.192537506162174e-08,0.0,1.0,1.0,0.0,1,0.04444,-1.19506,46.84852,4.95563,149.0,99.0,85090.0,0.0,0.92617,5e-05,0.3167384070100485,0.24054770888719992,0.6202738544436
YHR134W,1,0.0,0.15809489974368882,4.192537506162174e-08,0.0,0.0,0.2,0.0,0,0.0632,-0.59554,37.57888,8.8476,35.0,39.0,21805.0,0.0,0.71196,0.00029,0.0,0.0,0.0
YBR193C,22,0.0028440097468738932,0.21032087174608538,3.310092027116155e-05,0.8268398268398268,13.48091603053435,1.0,115.92738095238094,1,0.07175,-0.57623,48.84036,5.31586,31.0,24.0,22460.0,0.0,0.88887,0.00021,0.6832615929899515,0.40591527534130006,0.5150551815033155
YER012W,37,0.002084155731871237,0.20426188704707898,0.00018840517946004318,0.9024024024024024,33.29133064516129,0.5,386.0142857142857,1,0.09091,-0.36061,37.17732,5.82977,28.0,25.0,16515.0,0.0,0.73347,0.00026,0.6832615929899515,0.2887195853553551,0.5043362578148752
YOR123C,2,0.00029606697738344755,0.1751801644155983,5.3958777209585626e-06,0.0,1.9262626262626263,1.0,0.0,0,0.05819,-1.47651,70.42353,4.3277,133.0,62.0,26150.0,0.0,0.48498,8e-05,0.0,0.0,0.5
YFR027W,3,0.00039689387402933567,0.12177223759833893,1.7410059646116053e-11,0.0,0.0,1.0,1.5714285714285714,1,0.07117,-0.6032,39.96975,9.9361,24.0,45.0,51255.0,0.0,1.60951,0.00031,0.6832615929899515,0.40591527534130006,0.5
YMR076C,1,0.0,0.10757079294937306,2.1906294735991386e-12,0.0,0.0,1.0,0.0,1,0.0971,-0.32185,37.15197,5.89545,181.0,163.0,125000.0,0.0,0.85011,4e-05,0.3167384070100485,0.24054770888719992,0.5
YKL022C,12,0.0012564065853002486,0.1665647464935197,3.2909746706856327e-07,0.6818181818181818,11.920731707317072,1.0,21.6,1,0.09048,-0.48333,38.52821,6.32111,99.0,93.0,88640.0,0.0,0.93314,7e-05,0.3167384070100485,0.24054770888719992,0.5100894691195654
YGR225W,1,0.0,0.1410870524661307,6.432650761507351e-09,0.0,1.0,0.0,0.0,0,0.10287,-0.40658,46.57492,8.60651,62.0,70.0,84280.0,0.0,1.25742,0.00013,0.0,0.0,0.5
YDL155W,1,0.0,0.13451120581440645,1.0378975117564233e-09,0.0,1.0,0.0,0.0,1,0.09368,-0.51827,56.08735,5.17377,67.0,45.0,77405.0,0.0,1.56453,0.0001,0.6832615929899515,0.0,0.5
YJR089W,2,0.0,0.1634976119777963,9.788351796776271e-09,1.0,1.0,0.0,2.125,1,0.06394,-0.90294,45.53743,6.05682,151.0,140.0,64300.0,0.0,0.59172,6e-05,0.3167384070100485,0.0,0.5
YLR079W,2,0.0,0.16724310283423655,1.3387662112437948e-08,1.0,2.0,0.5,5.0,0,0.0493,-1.04965,65.74049,7.89459,42.0,43.0,8480.0,0.0,0.26317,0.00025,0.0,0.0,0.5
YML001W,4,0.0004039337041955011,0.13782178786213903,6.331587686253073e-10,0.16666666666666666,0.0,0.0,0.0,0,0.08654,-0.33413,41.48322,4.78485,31.0,22.0,20440.0,0.0,0.88706,0.00021,0.0,0.0,0.0
YGL198W,11,0.0014925247323544276,0.16195277380694373,3.0569387488087383e-09,0.18181818181818182,1.6674364896073903,0.0,0.0,0,0.10213,0.52128,49.68894,6.49835,17.0,16.0,43930.0,0.0,1.68993,0.00025,0.0,0.0,0.5
YKR014C,3,7.03983016616538e-06,0.1378025174779301,6.232254381742827e-10,0.3333333333333333,0.0,0.25,0.0,0,0.06838,-0.62906,40.38462,4.68988,40.0,27.0,21805.0,0.0,0.83443,0.00018,0.0,0.0,0.0
YNL093W,3,7.03983016616538e-06,0.1378025174779301,6.232254381742827e-10,0.3333333333333333,0.0,0.0,1.1428571428571428,0,0.07273,-0.44045,26.08095,5.12701,33.0,25.0,18950.0,0.0,0.76884,0.00021,0.0,0.0,0.0
YGL210W,3,7.03983016616538e-06,0.1378025174779301,6.232254381742827e-10,0.3333333333333333,0.0,0.0,0.0,0,0.08559,-0.45766,21.91982,5.32062,30.0,25.0,24785.0,0.0,1.0108,0.00022,0.0,0.0,0.0
YBR264C,3,7.03983016616538e-06,0.1378025174779301,6.232254381742827e-10,0.3333333333333333,0.0,0.0,2.6666666666666665,0,0.07035,-0.11307,37.48593,6.82672,22.0,22.0,20440.0,0.0,0.93616,0.00031,0.0,0.0,0.0
YNL304W,4,0.0029536480474722676,0.16235295362855712,4.453246953293661e-09,0.16666666666666666,1.0,0.25,0.0,0,0.06954,-0.53429,44.61535,6.32623,50.0,46.0,34795.0,0.0,0.7385,0.00013,0.0,0.0,0.5
YNL263C,12,0.004273632100044701,0.16196608134793034,3.097565640385593e-09,0.15151515151515152,1.9232736572890026,0.25,0.0,1,0.13694,0.0379,38.51691,8.98151,18.0,23.0,44725.0,0.0,1.25995,0.00025,0.6832615929899515,0.18303056670342058,0.5475830795086685
YOR089C,2,3.525559369239597e-06,0.1377928843064881,4.067662114395883e-10,0.0,2.0,0.0,0.0,0,0.06667,-0.34524,22.42667,5.25189,30.0,24.0,15720.0,0.0,0.68109,0.00023,0.0,0.0,0.5
YGL161C,10,0.0032245057253721464,0.1595021208936974,2.7672460404912064e-09,0.0,1.5537084398976981,0.0,0.0,0,0.11613,-0.17387,40.04587,4.78668,34.0,23.0,44140.0,0.0,1.26683,0.00014,0.0,0.0,0.5
YPL255W,3,2.7956252048228424e-05,0.15677461306007415,8.064523852302926e-10,0.0,1.7439613526570048,0.0,7.5,1,0.09091,-1.16442,53.98961,6.07782,67.0,62.0,36580.0,0.0,0.80602,0.00013,0.6832615929899515,0.0,0.5
YGL244W,1,0.0,0.14611765826570142,2.1592149381114137e-08,0.0,1.0,1.0,0.0,0,0.08781,-1.35197,47.29717,5.26288,124.0,104.0,43000.0,0.0,0.65282,8e-05,0.0,0.0,0.5
YKL110C,3,0.005004314063848144,0.11174824026329792,1.1918624937867623e-10,0.0,0.0,0.5,0.0,0,0.07668,-0.3246,37.86709,8.11566,33.0,35.0,30660.0,0.0,0.86802,0.00023,0.0,0.0,0.0
YHR187W,1,0.0,0.09967269468063876,7.199605681076844e-12,0.0,0.0,0.5,0.0,0,0.09709,-0.34434,47.82039,4.71759,45.0,26.0,28225.0,0.0,0.80141,0.00013,0.0,0.0,0.0
YIR011C,2,0.0004231003206123559,0.18217441866952977,5.576165396852045e-06,0.0,1.7042606516290726,0.5,0.0,1,0.07524,-0.48527,56.88589,7.11627,35.0,35.0,33515.0,0.0,0.91862,0.0002,0.6832615929899515,0.2887195853553551,0.5847052312917549
YKL214C,1,0.0,0.15117165503522603,9.040015140509867e-09,0.0,1.0,1.0,0.0,0,0.06897,-1.27192,47.17586,9.40143,34.0,41.0,12045.0,0.0,0.50658,0.0004,0.0,0.0,0.5
YDR381W,1,0.0,0.15117165503522603,9.040015140509867e-09,0.0,1.0,1.0,0.0,1,0.03097,-0.95133,44.6115,11.32709,22.0,51.0,2980.0,0.0,0.11941,0.00045,0.6832615929899515,0.40591527534130006,0.70295763767065
YOL127W,82,0.006735274642397755,0.20796868643219163,0.11099586494693592,0.9515206263173743,31.525354969574035,0.0,123.79999999999998,1,0.07042,-0.35352,26.36408,10.11127,11.0,29.0,11920.0,0.0,0.75647,0.00064,0.6832615929899515,0.0,0.5
YHL020C,2,0.00039689387402933567,0.1602151678455915,1.2459635397106216e-09,0.0,1.0,1.0,0.0,0,0.04703,-0.9797,71.03715,5.0274,69.0,51.0,23420.0,0.0,0.50842,0.00011,0.0,0.0,0.5
YDR123C,1,0.0,0.1365046544324316,5.999315579155684e-11,0.0,0.0,1.0,0.0,1,0.04605,-0.73651,54.12961,5.78448,39.0,25.0,13075.0,0.0,0.38193,0.00017,0.6832615929899515,0.40591527534130006,0.5
YCR092C,3,0.0002874984168399695,0.14873064287363708,7.635376890634017e-09,0.3333333333333333,3.0,1.0,0.0,0,0.08055,-0.33978,41.14323,6.69171,137.0,132.0,78045.0,0.0,0.66973,6e-05,0.0,0.0,0.5
YML021C,1,0.0,0.13271796458418478,4.584458824599413e-09,0.0,0.0,0.5,0.0,0,0.09471,-0.52256,31.39944,9.48053,36.0,48.0,57535.0,0.0,1.42165,0.00023,0.0,0.0,0.0
YCR014C,1,0.0,0.10217329514847151,1.5215852076790442e-12,0.0,1.0,1.0,0.0,0,0.10309,-0.5701,47.85997,8.27936,89.0,94.0,78320.0,0.0,1.15984,0.00012,0.0,0.0,0.5
YOR005C,2,0.00039689387402933567,0.1149010323523353,1.4397124139646578e-11,0.0,1.5346112886048988,1.0,0.0,0,0.09534,-0.35773,44.2962,8.64825,123.0,135.0,121445.0,0.0,1.11917,8e-05,0.0,0.0,0.5
YLR246W,1,0.0,0.00043122035360068997,1.526654176624869e-14,0.0,0.0,0.5,0.0,0,0.12256,0.01978,43.08443,9.48151,23.0,40.0,66235.0,0.0,1.61162,0.00023,0.0,0.0,0.0
YOL110W,1,0.0,0.00043122035360068997,1.526654176624869e-14,0.0,0.0,0.5,0.0,0,0.10127,-0.30549,50.35194,5.09894,34.0,22.0,27555.0,0.0,1.03819,0.00019,0.0,0.0,0.0
YGR181W,2,0.0,0.1357525626724733,9.074376369025169e-10,1.0,0.0,0.0,0.8333333333333334,0,0.05714,-0.27619,52.02,8.38409,9.0,11.0,10470.0,0.0,0.92772,0.00074,0.0,0.0,0.0
YJR135WA,2,0.0,0.1357525626724733,9.074376369025169e-10,1.0,0.0,0.0,2.033333333333333,0,0.0,0.0,0.0,0.0,0.0,0.0,0.0,0.0,0.0,0.0,0.0,0.0,0.0
YMR276W,4,0.0,0.16784121338592578,2.141483290510295e-05,1.0,3.485549132947977,1.0,9.25,1,0.0563,-0.47212,47.08123,4.78265,33.0,21.0,12950.0,0.0,0.32914,0.00012,0.6832615929899515,0.40591527534130006,0.5582283106418283
YPL122C,12,0.0026012261170837896,0.1953932603097058,2.233163743706282e-06,0.5757575757575758,7.190073917634636,1.0,25.533053221288515,1,0.08187,-0.24191,29.63238,6.35919,62.0,59.0,51590.0,0.0,0.88137,0.00011,0.6832615929899515,0.40591527534130006,0.5282274758223096
YFR022W,1,0.0,0.1631322693043377,2.392751260619958e-07,0.0,1.0,0.0,0.0,0,0.06412,-0.34584,61.68378,8.54083,67.0,73.0,47800.0,0.0,0.59969,0.00011,0.0,0.0,0.5
YOR018W,1,0.0,0.1631322693043377,2.392751260619958e-07,0.0,1.0,0.0,0.0,0,0.05974,-0.50538,52.83202,8.88422,83.0,91.0,52425.0,0.0,0.56769,0.0001,0.0,0.0,0.5
YPL177C,1,0.0,0.15470741778544167,4.582971909350278e-07,0.0,0.0,1.0,0.0,0,0.07516,-0.85882,51.22288,9.37189,29.0,39.0,32235.0,0.0,0.93022,0.00027,0.0,0.0,0.0
YHR005CA,20,0.005209157271369893,0.17094156708041905,3.744934119056243e-07,0.45263157894736844,0.0,0.0,37.898809523809526,0,0.0,0.0,0.0,0.0,0.0,0.0,0.0,0.0,0.0,0.0,0.0,0.0,0.0
YGR082W,9,0.0022803357346653534,0.15047921291734576,5.011569372720531e-09,0.7777777777777778,1.5796178343949046,0.0,19.542857142857144,1,0.0765,-0.33115,47.84377,5.60736,24.0,22.0,11920.0,0.0,0.5867,0.00028,0.6832615929899515,0.0,0.5
YOL034W,2,0.0007937877480586713,0.14425696794528045,1.168450637748453e-08,0.0,0.0,0.5,0.0,1,0.06221,-0.63614,37.43734,8.38116,172.0,178.0,59345.0,0.0,0.47086,7e-05,0.3167384070100485,0.19390444008233815,0.5
YLR007W,2,0.00039689387402933567,0.12476278308781014,6.828902440480072e-10,0.0,1.0,1.0,0.0,1,0.09226,-0.18869,33.60658,5.16302,44.0,31.0,50640.0,0.0,1.32102,0.00013,0.6832615929899515,0.40591527534130006,0.70295763767065
YLR383W,1,0.0,0.10989781500916103,4.9686093241903075e-11,0.0,1.0,0.5,0.0,1,0.06014,-0.7491,40.75791,7.21173,177.0,177.0,59595.0,0.0,0.46556,6e-05,0.3167384070100485,0.19390444008233815,0.5969522200411691
YBR060C,22,0.004483082287173758,0.18749426519588244,1.69805729162295e-06,0.7705627705627706,9.142099681866384,1.0,113.20129870129868,1,0.08387,-0.70661,42.97181,9.44696,72.0,93.0,50685.0,0.0,0.71149,0.00013,0.6832615929899515,0.40591527534130006,0.5222003308576062
YPL063W,2,0.0,0.1357525626724733,9.074376369025169e-10,1.0,0.0,0.0,0.7142857142857143,1,0.10294,-0.74664,45.4263,6.75763,73.0,72.0,64415.0,0.0,1.1691,0.00012,0.6832615929899515,0.0,0.0
YPL011C,12,0.00012424441965378915,0.1901531169211183,1.401453399989407e-06,0.8939393939393939,4.858501783590963,1.0,61.66666666666666,1,0.06516,-0.65949,46.59833,4.66486,62.0,39.0,28670.0,0.0,0.71149,0.00012,0.6832615929899515,0.40591527534130006,0.5417737085856624
YML015C,12,0.00012424441965378915,0.1901531169211183,1.401453399989407e-06,0.8939393939393939,4.561236623067776,1.0,62.16666666666666,1,0.09538,-0.87052,51.57488,5.5025,48.0,43.0,47455.0,0.0,1.16818,0.00014,0.6832615929899515,0.40591527534130006,0.5444961869867093
YIL065C,1,0.0,0.00043122035360068997,1.526654176624869e-14,0.0,0.0,0.0,0.0,0,0.10323,-0.36323,47.98516,9.16461,19.0,24.0,24660.0,0.0,1.39061,0.00052,0.0,0.0,0.0
YJL112W,1,0.0,0.00043122035360068997,1.526654176624869e-14,0.0,0.0,0.0,0.0,0,0.07563,-0.57927,42.00759,5.37518,99.0,82.0,69300.0,0.0,0.86591,7e-05,0.0,0.0,0.0
YDR363W,1,0.0,0.1587186738066118,2.3484580833949144e-09,0.0,1.0,0.5,0.0,0,0.0636,-0.91886,53.21425,4.96539,91.0,69.0,26610.0,0.0,0.50646,9e-05,0.0,0.0,0.5
YOL017W,2,7.05346815589406e-05,0.17789956768991988,4.793124968383463e-07,0.0,1.7339955849889626,0.5,0.0,0,0.08683,-0.64062,43.08139,6.47882,104.0,100.0,76705.0,0.0,0.93329,8e-05,0.0,0.0,0.5
YGR101W,1,0.0,0.0009856465225158628,5.36773993898455e-13,0.0,1.0,0.0,0.0,0,0.15318,0.20491,51.63295,10.28839,9.0,33.0,83225.0,0.0,2.14415,0.00027,0.0,0.0,0.5
YER017C,2,0.0,0.001149920942935173,9.358509372567998e-13,1.0,2.0,0.0,2.225,0,0.07884,-0.36294,36.35611,9.20233,87.0,100.0,40840.0,0.0,0.48307,0.00011,0.0,0.0,0.5
YMR089C,2,0.0,0.001149920942935173,9.358509372567998e-13,1.0,1.819848975188781,0.0,0.625,0,0.07758,-0.57079,40.19312,7.22015,125.0,125.0,70415.0,0.0,0.75492,8e-05,0.0,0.0,0.5
YMR239C,1,0.0,0.09788584247923286,1.0796307505318997e-12,0.0,1.0,0.0,0.0,1,0.06582,-0.7276,37.08219,8.5932,73.0,77.0,43445.0,0.0,0.8035,0.00016,0.6832615929899515,0.0,0.5
YLR378C,5,0.001319694746798399,0.15290723838370274,1.2512302521167696e-08,0.1,3.0,0.5,0.0,1,0.10833,0.43833,28.27067,9.38641,30.0,41.0,54695.0,0.0,1.03323,0.00018,0.6832615929899515,0.2887195853553551,0.5481199308925592
YIL162W,3,0.0009527877012135637,0.16963229001758282,2.3226590506993599e-07,0.0,2.7957317073170733,0.0,0.0,0,0.16165,-0.43759,26.60491,4.61298,62.0,39.0,134440.0,0.0,2.21707,8e-05,0.0,0.0,0.5
YBR283C,1,0.0,0.1432817627392827,3.3354872394464823e-09,0.0,1.0,0.5,0.0,0,0.10408,0.62,29.37349,8.19086,33.0,35.0,32360.0,0.0,0.607,0.00015,0.0,0.0,0.5
YER020W,4,0.0004936460844376683,0.1555129948721351,1.5469641039524998e-09,0.3333333333333333,1.3611825192802056,0.0,11.90952380952381,0,0.07572,-0.54365,50.09802,6.0556,49.0,46.0,41870.0,0.0,0.82998,0.00012,0.0,0.0,0.5
YDL035C,1,0.0,0.13307637118581636,7.108316532108979e-11,0.0,0.0,0.0,0.0,0,0.11759,-0.58418,38.22613,6.65582,107.0,104.0,172005.0,0.0,1.55368,6e-05,0.0,0.0,0.0
YAL056W,2,0.0,0.142299105544637,6.51690501646741e-10,1.0,0.0,0.0,12.142857142857142,0,0.08864,-0.47182,43.99752,6.75702,104.0,101.0,93305.0,0.0,0.94577,7e-05,0.0,0.0,0.0
YNR006W,1,0.0,0.1654879699441115,4.809519762450374e-07,0.0,0.0,0.0,0.0,0,0.05305,-0.85707,74.47862,5.18353,103.0,80.0,40560.0,0.0,0.57149,7e-05,0.0,0.0,0.0
YPR161C,1,0.0,0.14321929884504195,3.332600789623943e-10,0.0,0.0,1.0,0.0,1,0.08524,-0.77534,46.69043,9.5484,65.0,93.0,68815.0,0.0,0.92695,0.00013,0.6832615929899515,0.40591527534130006,0.5
YHR160C,2,0.0025010785159620364,0.14572876016592579,5.003194004783742e-10,0.0,1.5716064757160648,0.0,0.0,0,0.08481,-0.75901,46.33714,4.93134,44.0,29.0,17335.0,0.0,0.54109,0.00015,0.0,0.0,0.5
YGR239C,2,0.0025010785159620364,0.14572876016592579,5.003194004783742e-10,0.0,1.627388535031847,0.0,0.0,0,0.07639,-0.89062,63.17118,6.21564,39.0,35.0,22055.0,0.0,0.66734,0.00019,0.0,0.0,0.5
YIL160C,2,0.0,0.12586215503507517,5.2533899630596235e-11,0.0,1.7766497461928934,0.0,0.0,0,0.05516,-0.09017,34.40695,7.51898,45.0,46.0,14410.0,0.0,0.32216,0.00017,0.0,0.0,0.5
YMR219W,1,0.0,0.16540464966051122,1.3179738671598453e-08,0.0,0.0,0.5,0.0,0,0.04946,-1.19692,57.6918,4.39508,395.0,179.0,73425.0,0.0,0.39236,2e-05,0.0,0.0,0.0
YBR024W,1,0.0,0.00043122035360068997,1.526654176624869e-14,0.0,0.0,0.0,0.0,1,0.13289,-0.58339,50.62465,8.33759,41.0,44.0,42705.0,0.0,1.22406,0.00024,0.6832615929899515,0.0,0.0
YBR037C,1,0.0,0.00043122035360068997,1.526654176624869e-14,0.0,0.0,0.0,0.0,0,0.12203,-0.35729,29.37495,9.1452,32.0,40.0,36370.0,0.0,1.09662,0.00028,0.0,0.0,0.0
YDL201W,1,0.0,0.00043122035360068997,1.526654176624869e-14,0.0,0.0,1.0,0.0,0,0.1014,-0.69056,36.9993,9.17462,38.0,47.0,34880.0,0.0,1.04459,0.00027,0.0,0.0,0.0
YDR165W,1,0.0,0.00043122035360068997,1.526654176624869e-14,0.0,0.0,1.0,0.0,0,0.0991,-0.43559,41.4286,6.24811,59.0,54.0,47745.0,0.0,0.94568,0.00012,0.0,0.0,0.0
YDL014W,4,0.0010930934319092218,0.13299556102856167,1.2029438562516228e-09,0.16666666666666666,2.997997997997998,0.5,3.0416666666666665,1,0.0581,-0.41223,37.01223,10.24408,32.0,53.0,17795.0,0.0,0.51632,0.0003,0.6832615929899515,0.2887195853553551,0.5481520644023372
YGR159C,1,0.0,0.11623583028684467,3.665466860611926e-11,0.0,1.0,0.5,0.0,1,0.05797,-1.28865,75.47754,4.88031,84.0,62.0,20065.0,0.0,0.45055,0.00011,0.6832615929899515,0.2887195853553551,0.6443597926776775
YNL124W,2,0.0,0.10950098383447099,5.1963491536868996e-12,1.0,1.0,0.5,0.6666666666666666,1,0.06504,-1.0437,66.199,4.67609,78.0,47.0,24995.0,0.0,0.45488,9e-05,0.6832615929899515,0.2887195853553551,0.6443597926776775
YIR026C,1,0.0,0.00043122035360068997,1.526654176624869e-14,0.0,1.0,0.0,0.0,0,0.09341,-0.42005,41.61923,8.25739,44.0,47.0,38025.0,0.0,0.92328,0.0002,0.0,0.0,0.5
YGR103W,1,0.0,0.00043122035360068997,1.526654176624869e-14,0.0,1.0,0.5,0.0,1,0.07934,-0.81603,58.52005,5.48285,113.0,101.0,55280.0,0.0,0.79111,8e-05,0.6832615929899515,0.2887195853553551,0.6443597926776775
YDL217C,5,0.0001322979580097789,0.14426752616587224,1.4697461861655134e-08,0.8,0.0,0.0,6.6,1,0.10145,-0.07778,36.30483,5.8869,17.0,16.0,13660.0,0.0,0.62478,0.00027,0.6832615929899515,0.0,0.0
YGR284C,1,0.0,0.1408753008865289,5.8093077828884544e-09,0.0,0.0,0.5,0.0,0,0.16452,0.33161,35.48661,9.63873,14.0,29.0,54695.0,0.0,1.56216,0.00028,0.0,0.0,0.0
YPL195W,5,0.005080499059899608,0.15681202943550615,4.0887709112293755e-09,0.4,1.0,0.0,0.0,0,0.07618,-0.37028,39.0762,4.97174,157.0,123.0,63270.0,0.0,0.59173,5e-05,0.0,0.0,0.5
YDR080W,1,0.0,0.1340264642690088,1.2226454476708254e-10,0.0,0.0,0.0,0.0,0,0.09274,-0.38417,39.4621,4.76459,165.0,106.0,113690.0,0.0,1.00246,4e-05,0.0,0.0,0.0
YGR113W,2,0.0,0.1528361021946431,2.1678673699272923e-08,1.0,0.0,0.25,1.1428571428571428,1,0.04665,-0.8621,44.48659,9.19806,44.0,50.0,14565.0,0.0,0.37909,0.00024,0.6832615929899515,0.18303056670342058,0.5
YLR256W,3,0.00041642855054768686,0.1699540619075972,8.955445536046443e-09,0.0,0.0,0.0,0.0,0,0.0,0.0,0.0,0.0,0.0,0.0,0.0,0.0,0.0,0.0,0.0,0.0,0.0
YCL037C,1,0.0,0.143511263924595,2.715957139268635e-10,0.0,0.0,0.0,0.0,0,0.0576,-1.02235,68.31733,8.87885,46.0,50.0,33920.0,0.0,0.70579,0.00018,0.0,0.0,0.0
YPR018W,3,0.0,0.1498728109796466,6.854115611286468e-09,1.0,0.0,1.0,6.699999999999999,0,0.06106,-1.16584,67.68881,6.37799,118.0,116.0,46005.0,0.0,0.65526,9e-05,0.0,0.0,0.0
YBR131W,1,0.0,0.11990554230818858,7.238875281674792e-11,0.0,0.0,0.0,0.0,0,0.11222,-0.45739,42.50401,5.11346,89.0,67.0,108510.0,0.0,1.34409,6e-05,0.0,0.0,0.0
YMR022W,1,0.0,0.14985002356730365,4.3991532400806557e-07,0.0,1.0,0.3333333333333333,2.0,0,0.07879,-0.28606,75.24667,5.05548,21.0,16.0,22835.0,0.0,1.23298,0.00027,0.0,0.0,0.5
YOL013C,3,9.885740682796644e-05,0.1530497096051178,4.460925700580782e-07,0.6666666666666666,1.6176470588235294,0.5,0.5833333333333334,0,0.09982,-0.08512,41.46156,5.42328,63.0,48.0,69995.0,0.0,1.10169,9e-05,0.0,0.0,0.5
YML075C,2,0.0,0.13850939568577839,1.168642089723791e-08,1.0,1.886339937434828,0.6666666666666666,0.0,0,0.08349,0.10683,38.43466,8.23627,102.0,107.0,95295.0,0.0,0.82418,7e-05,0.0,0.0,0.5
YLR453C,1,0.0,0.1313296828572398,2.405512608801255e-10,0.0,1.0,0.5,0.0,0,0.0962,-0.28152,37.72813,9.19952,44.0,56.0,22975.0,0.0,0.50337,0.0002,0.0,0.0,0.5
YBR103W,1,0.0,0.16540464966051122,1.3179738671598453e-08,0.0,1.0,1.0,0.0,0,0.0785,-0.28991,28.79964,4.81085,75.0,45.0,88975.0,0.0,1.50396,8e-05,0.0,0.0,0.5
YGR222W,15,0.0007937877480586713,0.16372848326308764,3.6929539005182027e-07,0.7428571428571429,2.0,0.0,44.23452380952381,0,0.12628,-0.62969,45.02427,9.16449,37.0,44.0,43320.0,0.0,1.25069,0.00026,0.0,0.0,0.5
YER153C,1,0.0,0.13904678400143286,1.1258535691392006e-08,0.0,0.0,0.0,0.0,0,0.07087,-0.14252,62.19567,9.74689,26.0,33.0,31065.0,0.0,1.06552,0.00033,0.0,0.0,0.0
YNR045W,1,0.0,0.13904678400143286,1.1258535691392006e-08,0.0,0.0,0.0,0.0,0,0.10838,-0.56667,51.40049,9.13507,58.0,69.0,77405.0,0.0,1.34648,0.00016,0.0,0.0,0.0
YHR069C,7,0.002334755923451639,0.17386673811451991,2.467275502069762e-07,0.7142857142857143,4.855022831050229,0.3333333333333333,15.062626262626262,1,0.0585,-0.39081,40.87493,5.8642,41.0,36.0,38765.0,0.0,0.98321,0.00015,0.6832615929899515,0.2240360033604539,0.5230726003931058
YGL001C,1,0.0,0.1363158513142678,7.944159693811105e-11,0.0,1.0,0.5,0.0,1,0.09169,-0.16189,33.3135,6.20538,41.0,37.0,48525.0,0.0,1.25368,0.00016,0.6832615929899515,0.2887195853553551,0.6443597926776775
YLR100W,1,0.0,0.1363158513142678,7.944159693811105e-11,0.0,1.0,0.5,0.0,1,0.1268,-0.11902,23.02369,8.28326,37.0,39.0,54905.0,0.0,1.38215,0.00021,0.6832615929899515,0.2887195853553551,0.6443597926776775
YOR020C,1,0.0,0.00043122035360068997,1.526654176624869e-14,0.0,1.0,0.0,5.333333333333333,1,0.03774,0.01792,17.69434,8.96259,12.0,14.0,1490.0,0.0,0.13102,0.00079,0.6832615929899515,0.0,0.5
YLR259C,1,0.0,0.00043122035360068997,1.526654176624869e-14,0.0,1.0,0.0,0.0,1,0.03671,-0.11941,39.51556,5.22699,83.0,72.0,11055.0,0.0,0.18197,9e-05,0.6832615929899515,0.0,0.5
YHR015W,1,0.0,0.15117165503522603,9.040015140509867e-09,0.0,1.0,0.0,0.0,0,0.09408,-0.63414,39.72096,9.48163,72.0,102.0,51560.0,0.0,0.67915,0.00012,0.0,0.0,0.5
YCL052C,1,0.0,0.1494183755309515,6.787254002573319e-10,0.0,1.0,0.5,0.0,1,0.09856,-0.46226,40.58945,5.44354,62.0,50.0,51965.0,0.0,1.08435,0.00011,0.6832615929899515,0.2887195853553551,0.6443597926776775
MEL1,1,0.0,0.1495430703288303,6.142055359272964e-10,0.0,0.0,0.0,0.0,0,0.0,0.0,0.0,0.0,0.0,0.0,0.0,0.0,0.0,0.0,0.0,0.0,0.0
YFL035C,4,0.0012624179092736842,0.16248678674505912,4.4021827684096965e-08,0.0,0.0,0.0,0.0,1,0.0,0.0,0.0,0.0,0.0,0.0,0.0,0.0,0.0,0.0,0.6832615929899515,0.0,0.0
YDR490C,1,0.0,0.00043122035360068997,1.526654176624869e-14,0.0,0.0,0.0,0.0,0,0.08094,-0.54112,41.35537,9.258,92.0,111.0,67895.0,0.0,0.78717,0.00011,0.0,0.0,0.0
YLR466W,1,0.0,0.00043122035360068997,1.526654176624869e-14,0.0,0.0,0.0,0.0,0,0.09117,-0.38669,39.12115,6.82721,170.0,167.0,186595.0,0.0,1.19333,4e-05,0.0,0.0,0.0
YDR326C,1,0.0,0.00043122035360068997,1.526654176624869e-14,0.0,0.0,0.3333333333333333,0.0,0,0.07232,-0.70132,43.09347,7.01019,172.0,169.0,94950.0,0.0,0.59131,4e-05,0.0,0.0,0.0
YER007C,1,0.0,0.00043122035360068997,1.526654176624869e-14,0.0,0.0,0.0,0.0,0,0.0,0.0,0.0,0.0,0.0,0.0,0.0,0.0,0.0,0.0,0.0,0.0,0.0
YCRX16C,5,0.005959538270291037,0.16899238768898422,2.1601269989461656e-06,0.0,0.0,0.0,0.0,0,0.0,0.0,0.0,0.0,0.0,0.0,0.0,0.0,0.0,0.0,0.0,0.0,0.0
YER150W,1,0.0,0.14503180119228257,3.8494823603311176e-08,0.0,0.0,0.0,0.0,0,0.0473,0.28041,34.08453,4.18073,10.0,3.0,4845.0,0.0,0.32309,0.00028,0.0,0.0,0.0
YCL062W,7,0.0023325943078492954,0.17209072900334488,2.1528314568853905e-06,0.0,0.0,0.0,0.0,0,0.0,0.0,0.0,0.0,0.0,0.0,0.0,0.0,0.0,0.0,0.0,0.0,0.0
YIR016W,1,0.0,0.13815021096189462,2.3100477028507473e-09,0.0,0.0,0.0,0.0,0,0.04528,-0.60679,69.18943,5.09332,42.0,29.0,17585.0,0.0,0.60887,0.00018,0.0,0.0,0.0
YJL043W,1,0.0,0.14503180119228257,3.8494823603311176e-08,0.0,0.0,0.0,0.0,0,0.09339,-0.22918,46.96848,5.14227,33.0,23.0,47535.0,0.0,1.62579,0.00018,0.0,0.0,0.0
YJL173C,3,0.00030684667876394863,0.15142714988125622,3.9598689213642924e-08,0.3333333333333333,2.0,1.0,3.8,1,0.07377,-0.20902,54.41721,4.71466,17.0,12.0,10345.0,0.0,0.74879,0.00034,0.6832615929899515,0.40591527534130006,0.6014788188353251
YCL012W,2,0.0,0.0008624407072013799,8.307145578275165e-14,0.0,0.0,0.0,0.0,0,0.0,0.0,0.0,0.0,0.0,0.0,0.0,0.0,0.0,0.0,0.0,0.0,0.0
YIL104C,1,0.0,0.0005749604714675866,5.874040484279281e-14,0.0,0.0,1.0,0.0,1,0.10059,-0.52544,46.39961,4.71942,88.0,56.0,67645.0,0.0,1.14362,8e-05,0.6832615929899515,0.40591527534130006,0.5
YJR092W,1,0.0,0.0005749604714675866,5.874040484279281e-14,0.0,0.0,0.0,0.0,0,0.06773,-0.88777,56.33393,4.75128,271.0,166.0,122170.0,0.0,0.74275,3e-05,0.0,0.0,0.0
YCR048W,1,0.0,0.1536821464216679,3.09594154273535e-09,0.0,0.0,0.5,0.0,0,0.16721,0.03574,46.91693,8.5296,56.0,62.0,129730.0,0.0,1.81156,0.00012,0.0,0.0,0.0
YCLX08C,5,0.0024482500357849756,0.1844070736274967,1.331659271682192e-07,0.0,0.0,0.0,0.0,0,0.0,0.0,0.0,0.0,0.0,0.0,0.0,0.0,0.0,0.0,0.0,0.0,0.0
YCL067C,1,0.0,0.1711196466710923,6.158489576798584e-08,0.0,0.0,0.0,0.0,1,0.0,0.0,0.0,0.0,0.0,0.0,0.0,0.0,0.0,0.0,0.6832615929899515,0.0,0.0
YCR059C,2,0.00039689387402933567,0.14963388825660914,8.859377661331098e-09,0.0,1.0,0.5,0.0,0,0.08915,-0.28527,56.54612,4.51788,46.0,20.0,32680.0,0.0,1.12623,0.00016,0.0,0.0,0.5
YHRS03C,1,0.0,0.15376606677621593,4.4098154978076774e-07,0.0,0.0,0.0,0.0,0,0.0,0.0,0.0,0.0,0.0,0.0,0.0,0.0,0.0,0.0,0.0,0.0,0.0
YKL002W,1,0.0,0.13815021096189462,2.3100477028507473e-09,0.0,0.0,0.0,0.0,0,0.03448,-0.75259,41.33405,5.22723,38.0,33.0,6990.0,0.0,0.26588,0.0002,0.0,0.0,0.0
YHR055C,1,0.0,0.13291484895511207,1.9966227379130811e-10,0.0,0.0,0.0,0.0,0,0.0,0.0,0.0,0.0,0.0,0.0,0.0,0.0,0.0,0.0,0.0,0.0,0.0
YKR092C,1,0.0,0.14282495543832419,3.8632162486469064e-08,0.0,0.0,0.0,0.0,0,0.02217,-1.36133,110.82241,4.20599,81.0,37.0,15470.0,0.0,0.37718,0.0001,0.0,0.0,0.0
YLR160C,4,0.0007292029606372729,0.1354354273742141,1.3106579793311506e-08,0.0,0.0,0.0,0.0,0,0.0,0.0,0.0,0.0,0.0,0.0,0.0,0.0,0.0,0.0,0.0,0.0,0.0
YLR265C,1,0.0,0.14282495543832419,3.8632162486469064e-08,0.0,0.0,0.3333333333333333,0.0,0,0.07602,-0.43743,47.29216,8.08551,43.0,45.0,22180.0,0.0,0.56704,0.00021,0.0,0.0,0.0
YLR373C,1,0.0,0.14503180119228257,3.8494823603311176e-08,0.0,0.0,0.3333333333333333,0.0,0,0.08879,-0.26426,37.87081,5.05536,106.0,72.0,72865.0,0.0,0.71089,5e-05,0.0,0.0,0.0
SSR1,2,0.0,0.0008624407072013799,8.307145578275165e-14,0.0,0.0,0.0,0.0,0,0.0,0.0,0.0,0.0,0.0,0.0,0.0,0.0,0.0,0.0,0.0,0.0,0.0
YPL149W,1,0.0,0.0005749604714675866,5.874040484279281e-14,0.0,0.0,0.0,0.0,0,0.11224,-0.01973,45.32041,8.64764,28.0,31.0,54805.0,0.0,1.63307,0.00026,0.0,0.0,0.0
YOL117W,1,0.0,0.12874769497088911,3.127337364782429e-10,0.0,0.0,0.5,0.0,0,0.10698,-0.36636,44.62341,4.86639,113.0,84.0,62895.0,0.0,0.82337,6e-05,0.0,0.0,0.0
YOL132W,1,0.0,0.0005749604714675866,5.874040484279281e-14,0.0,0.0,0.0,0.0,0,0.11677,-0.37792,37.91106,4.76447,71.0,43.0,56365.0,0.0,1.04744,9e-05,0.0,0.0,0.0
YPL005W,1,0.0,0.14503180119228257,3.8494823603311176e-08,0.0,0.0,0.0,0.0,0,0.10396,-0.53432,32.62561,9.74493,64.0,103.0,54540.0,0.0,0.77572,0.00014,0.0,0.0,0.0
YLR337W,7,0.0008289623051377373,0.21000716066527939,1.9954669124787634e-05,0.42857142857142855,0.0,0.0,0.0,0,0.0,0.0,0.0,0.0,0.0,0.0,0.0,0.0,0.0,0.0,0.0,0.0,0.0
YPL249C,1,0.0,0.17552334906538844,3.497181532713144e-05,0.0,1.0,0.0,0.0,0,0.066,-0.75951,44.39586,4.72589,163.0,99.0,65000.0,0.0,0.63851,5e-05,0.0,0.0,0.5
YKL190W,2,0.0,0.17333162240628844,4.5004038308086214e-07,1.0,1.9075342465753424,0.0,1.6666666666666667,0,0.08571,-0.38971,25.56,4.36444,36.0,21.0,2980.0,0.0,0.15174,0.00022,0.0,0.0,0.5
YML057W,2,0.0,0.17333162240628844,4.5004038308086214e-07,1.0,1.9419354838709677,0.0,5.4,0,0.08775,-0.45215,41.66573,5.92438,81.0,68.0,61530.0,0.0,0.8979,9e-05,0.0,0.0,0.5
YJL164C,3,0.0,0.14803809312837493,1.2595592896773968e-09,1.0,2.8785714285714286,0.5,12.5,1,0.11839,-0.6801,42.48645,5.32428,60.0,48.0,60530.0,0.0,1.31372,0.00012,0.6832615929899515,0.2887195853553551,0.550149803907878
YKL166C,3,0.0,0.14803809312837493,1.2595592896773968e-09,1.0,2.6538860103626942,0.0,11.145454545454545,1,0.11558,-0.50427,34.40033,5.92596,52.0,45.0,59290.0,0.0,1.28957,0.00013,0.6832615929899515,0.0,0.5
YPL203W,3,0.0,0.14803809312837493,1.2595592896773968e-09,1.0,2.8295918367346937,0.0,5.940909090909091,1,0.11579,-0.45263,40.45426,6.67767,43.0,41.0,64415.0,0.0,1.45673,0.00015,0.6832615929899515,0.0,0.5
YER123W,3,0.0,0.1241420336317113,3.527441817963556e-11,1.0,2.4297635605006955,0.2,3.333333333333333,0,0.09924,-0.83397,51.37311,8.97467,55.0,68.0,66835.0,0.0,1.10911,0.00015,0.0,0.0,0.5
YHR135C,3,0.0,0.1241420336317113,3.527441817963556e-11,1.0,2.628691983122363,0.0,2.4,0,0.08364,-0.94535,58.26322,9.09625,53.0,63.0,58260.0,0.0,0.94402,0.00015,0.0,0.0,0.5
YNL154C,3,0.0,0.1241420336317113,3.527441817963556e-11,1.0,2.471676300578035,0.0,2.2666666666666666,0,0.08608,-0.9674,46.05112,9.10297,54.0,64.0,62605.0,0.0,1.00848,0.00015,0.0,0.0,0.5
YDL143W,7,0.0,0.1468469947108927,1.6327076816237748e-09,1.0,6.643167028199566,0.0,4.0,1,0.02841,-0.09337,41.79299,8.03766,69.0,71.0,12335.0,0.0,0.21414,0.00014,0.6832615929899515,0.0,0.5
YDR188W,7,0.0,0.1468469947108927,1.6327076816237748e-09,1.0,5.549891540130152,0.0,4.0,1,0.05128,-0.16758,37.4048,5.59515,75.0,66.0,22515.0,0.0,0.37573,9e-05,0.6832615929899515,0.0,0.5
YIL142W,7,0.0,0.1468469947108927,1.6327076816237748e-09,1.0,6.756503642039542,0.0,9.0,1,0.04364,-0.15332,34.99734,5.79474,72.0,65.0,8200.0,0.0,0.14335,0.0001,0.6832615929899515,0.0,0.5
YJL014W,7,0.0,0.1468469947108927,1.6327076816237748e-09,1.0,6.488033298647243,0.0,7.0,1,0.03371,-0.14382,46.14494,5.81622,74.0,67.0,35295.0,0.0,0.60012,0.0001,0.6832615929899515,0.0,0.5
YJL111W,7,0.0,0.1468469947108927,1.6327076816237748e-09,1.0,6.6073752711496745,0.0,4.0,1,0.05273,-0.08764,29.03745,5.40839,71.0,60.0,26565.0,0.0,0.44471,9e-05,0.6832615929899515,0.0,0.5
YJL006C,2,0.0,0.14950904202095816,5.096642534522525e-10,1.0,0.0,0.5,2.433333333333333,0,0.11765,-0.24923,37.88923,8.29608,39.0,42.0,37330.0,0.0,0.98485,0.00022,0.0,0.0,0.0
YKL139W,2,0.0,0.14950904202095816,5.096642534522525e-10,1.0,1.0,0.3333333333333333,2.2666666666666666,1,0.08902,-0.86326,43.07746,9.50189,51.0,74.0,61490.0,0.0,1.01636,0.00016,0.6832615929899515,0.2240360033604539,0.6120180016802269
YIL068C,6,0.0,0.18237668486346337,7.228261656828551e-07,1.0,0.0,0.0,3.0416666666666665,1,0.09814,-0.32174,35.29268,5.02863,132.0,100.0,84325.0,0.0,0.90258,5e-05,0.3167384070100485,0.0,0.0
YLR166C,6,0.0,0.18237668486346337,7.228261656828551e-07,1.0,0.0,0.0,13.333333333333332,1,0.0884,-0.24328,36.4278,5.90216,113.0,101.0,65250.0,0.0,0.65028,6e-05,0.3167384070100485,0.0,0.0
YKL182W,1,0.0,0.00043122035360068997,1.526654176624869e-14,0.0,1.0,0.0,0.0,1,0.09605,-0.18045,33.0652,5.63593,250.0,212.0,220755.0,0.0,0.96531,2e-05,0.3167384070100485,0.0,0.5
YPL231W,1,0.0,0.00043122035360068997,1.526654176624869e-14,0.0,1.0,0.0,0.0,1,0.07578,-0.29359,39.22163,5.31708,258.0,209.0,189190.0,0.0,0.91421,3e-05,0.3167384070100485,0.0,0.5
YEL003W,4,0.0,0.1375045141265652,4.697579307197799e-10,1.0,1.0,0.0,3.619047619047619,0,0.05405,-0.81441,37.55405,7.78558,19.0,20.0,10095.0,0.0,0.77691,0.0006,0.0,0.0,0.5
YGR078C,4,0.0,0.1375045141265652,4.697579307197799e-10,1.0,3.58957654723127,0.0,5.166666666666667,0,0.07035,-0.64623,40.37437,4.77826,37.0,26.0,18825.0,0.0,0.81441,0.00021,0.0,0.0,0.5
YML094W,4,0.0,0.1375045141265652,4.697579307197799e-10,1.0,1.0,0.0,3.619047619047619,0,0.06135,-0.62945,47.55528,8.83746,19.0,22.0,7575.0,0.0,0.41268,0.00048,0.0,0.0,0.5
YDL090C,1,0.0,0.0005749604714675866,5.874040484279281e-14,0.0,0.0,0.0,0.0,0,0.09281,-0.26009,47.13552,5.97345,52.0,46.0,68685.0,0.0,1.42531,0.00012,0.0,0.0,0.0
YKL019W,2,0.0,0.0008624407072013799,8.307145578275165e-14,0.0,0.0,0.0,0.0,1,0.13608,-0.32816,51.60924,4.96295,47.0,31.0,89310.0,0.0,2.38114,0.00013,0.6832615929899515,0.0,0.0
YGL155W,1,0.0,0.0005749604714675866,5.874040484279281e-14,0.0,0.0,0.0,0.0,1,0.1117,-0.23032,36.53726,5.90387,46.0,38.0,47965.0,0.0,1.12359,0.00014,0.6832615929899515,0.0,0.0
YJL031C,2,0.0,0.16660698250395672,4.561103162554487e-09,1.0,0.0,0.0,1.6666666666666667,1,0.11621,-0.57462,54.09208,6.73883,50.0,49.0,91580.0,0.0,2.3083,0.00017,0.6832615929899515,0.0,0.0
YCR034W,2,0.0,0.14488255861847205,1.1229254106474773e-09,1.0,1.8960244648318043,0.5,0.0,0,0.1585,0.3585,31.15824,9.54193,16.0,31.0,71905.0,0.0,1.79755,0.00024,0.0,0.0,0.5
YGR143W,1,0.0,0.16352473950591606,1.4069735179056968e-08,0.0,0.0,0.0,0.0,0,0.12322,-0.63632,54.75009,4.67902,93.0,52.0,144800.0,0.0,1.67903,5e-05,0.0,0.0,0.0
YAL044C,3,0.0,0.0019208906660394371,2.3079194515126458e-11,1.0,0.0,0.0,0.0,0,0.0,0.0,0.0,0.0,0.0,0.0,0.0,0.0,0.0,0.0,0.0,0.0,0.0
YDR019C,3,0.0,0.0019208906660394371,2.3079194515126458e-11,1.0,0.0,0.0,0.0,0,0.0,0.0,0.0,0.0,0.0,0.0,0.0,0.0,0.0,0.0,0.0,0.0,0.0
YFL018C,7,8.628127696289906e-06,0.00301854247520483,5.3051232637714196e-11,0.42857142857142855,4.0,0.0,2.638888888888889,0,0.05611,-0.18116,32.78377,8.07428,62.0,64.0,21025.0,0.0,0.38928,0.00015,0.0,0.0,0.5
YMR189W,3,0.0,0.0019208906660394371,2.307919451512646e-11,1.0,0.0,0.0,0.0,0,0.07157,-0.19555,44.44391,6.82526,109.0,105.0,80285.0,0.0,0.70149,6e-05,0.0,0.0,0.0
YEL017CA,3,0.0,0.14948636508450722,7.582019432637047e-10,1.0,0.0,0.0,0.0,0,0.0,0.0,0.0,0.0,0.0,0.0,0.0,0.0,0.0,0.0,0.0,0.0,0.0
YGL008C,3,0.0,0.14948636508450722,7.582019432637047e-10,1.0,1.0,0.0,0.0,1,0.0817,0.12288,33.90133,4.96051,113.0,81.0,116405.0,0.0,1.16851,5e-05,0.3167384070100485,0.0,0.5
YPL036W,3,0.0,0.14948636508450722,7.582019432637047e-10,1.0,1.0,0.0,0.0,0,0.0792,0.14477,34.65483,4.91351,114.0,80.0,117895.0,0.0,1.1539,5e-05,0.0,0.0,0.5
YDL184WB,14,0.0,0.16486510622317768,2.1151449112117514e-07,1.0,0.0,0.0,61.35194805194806,0,0.0,0.0,0.0,0.0,0.0,0.0,0.0,0.0,0.0,0.0,0.0,0.0,0.0
YEL027W,14,0.0,0.16486510622317768,2.1151449112117514e-07,1.0,7.267361111111111,0.0,61.35194805194806,0,0.0875,1.20187,22.78812,8.24554,5.0,7.0,9690.0,0.0,0.59265,0.0005,0.0,0.0,0.5
YHR026W,14,0.0,0.16486510622317768,2.1151449112117514e-07,1.0,10.856122448979592,0.0,61.35194805194806,0,0.11737,0.91878,12.70094,8.3902,11.0,13.0,30285.0,0.0,1.34031,0.00037,0.0,0.0,0.5
YKL080W,14,0.0,0.16486510622317768,2.1151449112117514e-07,1.0,8.031763417305585,0.0,172.5,0,0.09694,-0.2102,29.65255,6.22284,49.0,46.0,37485.0,0.0,0.84831,0.00014,0.0,0.0,0.5
YLR447C,14,0.0,0.16486510622317768,2.1151449112117514e-07,1.0,10.308163265306122,0.0,61.35194805194806,0,0.12174,-0.30899,42.13832,4.47882,52.0,27.0,54040.0,0.0,1.35812,0.00011,0.0,0.0,0.5
YMR054W,14,0.0,0.16486510622317768,2.1151449112117514e-07,1.0,10.86609071274298,0.0,69.2904761904762,0,0.11348,-0.05472,38.05022,5.22211,111.0,81.0,128075.0,0.0,1.25984,5e-05,0.0,0.0,0.5
YPL234C,14,0.0,0.16486510622317768,2.1151449112117514e-07,1.0,9.726315789473684,0.0,81.85000000000001,0,0.09756,1.0689,46.01646,7.617,6.0,7.0,11055.0,0.0,0.64887,0.00045,0.0,0.0,0.5
YPR036W,14,0.0,0.16486510622317768,2.1151449112117514e-07,1.0,8.801129943502826,0.0,104.0,0,0.06904,-0.12636,38.47176,5.94659,63.0,56.0,44765.0,0.0,0.82266,0.00011,0.0,0.0,0.5
YEL056W,1,0.0,0.00043122035360068997,1.526654176624869e-14,0.0,1.0,0.3333333333333333,0.0,0,0.0798,-0.51521,54.35536,4.71698,62.0,31.0,66140.0,0.0,1.46783,0.0001,0.0,0.0,0.5
YPL001W,1,0.0,0.00043122035360068997,1.526654176624869e-14,0.0,1.0,0.5,0.0,0,0.12834,-0.50455,39.55561,5.25861,63.0,52.0,61560.0,0.0,1.40317,0.00012,0.0,0.0,0.5
YOL148C,13,0.0,0.18432085375016946,1.0256033846359714e-06,1.0,3.383625730994152,1.0,111.2,0,0.0596,-0.94205,52.75864,9.61188,54.0,73.0,36580.0,0.0,0.53956,0.00014,0.0,0.0,0.5
YPL254W,13,0.0,0.18432085375016946,1.0256033846359714e-06,1.0,3.2223587223587224,1.0,111.16666666666669,0,0.06352,-0.5625,40.19223,5.46649,66.0,54.0,43235.0,0.0,0.7938,0.0001,0.0,0.0,0.5
YBR081C,13,0.0,0.18432085375016946,1.0256033846359714e-06,1.0,4.105140186915888,1.0,45.76175520386047,0,0.06682,-0.90541,44.32718,4.74152,264.0,175.0,95410.0,0.0,0.62517,3e-05,0.0,0.0,0.5
YLR055C,13,0.0,0.18432085375016946,1.0256033846359714e-06,1.0,3.5503685503685505,1.0,91.93333333333332,0,0.05814,-0.72508,46.24352,4.28693,123.0,50.0,66070.0,0.0,0.9982,6e-05,0.0,0.0,0.5
YMR263W,2,0.0,0.16201933338848531,1.5624769976095153e-09,1.0,1.9816303099885189,1.0,3.125,0,0.07463,-1.42786,36.08507,9.7193,19.0,30.0,12170.0,0.0,0.52854,0.00042,0.0,0.0,0.5
YNL037C,1,0.0,0.00043122035360068997,1.526654176624869e-14,0.0,1.0,0.0,0.0,0,0.06111,-0.20917,29.42278,8.98627,40.0,44.0,22920.0,0.0,0.58286,0.00023,0.0,0.0,0.5
YOR136W,1,0.0,0.00043122035360068997,1.526654176624869e-14,0.0,1.0,0.0,0.0,0,0.06233,-0.04444,32.43713,8.82416,34.0,38.0,19285.0,0.0,0.48529,0.00022,0.0,0.0,0.5
YLR170C,3,0.0,0.12630572920699168,3.060887952696968e-11,1.0,1.0,0.2,5.333333333333333,0,0.08974,-0.08013,25.39038,6.42169,21.0,20.0,17795.0,0.0,0.98033,0.00035,0.0,0.0,0.5
YPL259C,3,0.0,0.12630572920699168,3.060887952696968e-11,1.0,2.803370786516854,0.0,9.333333333333334,0,0.08421,-0.36189,33.996,8.73187,56.0,62.0,50935.0,0.0,0.94546,0.00016,0.0,0.0,0.5
YPR029C,3,0.0,0.12630572920699168,3.060887952696968e-11,1.0,1.0,0.0,3.416666666666666,0,0.07091,-0.13942,38.68846,5.2608,114.0,91.0,53385.0,0.0,0.57021,6e-05,0.0,0.0,0.5
YJR058C,3,0.0,0.16155456192150744,1.3531193784774428e-08,1.0,1.0,0.0,2.5,0,0.13605,0.13333,50.70551,4.99323,22.0,14.0,16305.0,0.0,0.93853,0.00029,0.0,0.0,0.5
YOL062C,3,0.0,0.16155456192150744,1.3531193784774428e-08,1.0,2.547878787878788,0.0,2.05,0,0.08961,-0.2664,40.48413,8.39703,54.0,57.0,58495.0,0.0,1.05612,0.00015,0.0,0.0,0.5
YBR288C,3,0.0,0.14806033275777905,3.1081395692415125e-09,1.0,2.922872340425532,0.0,0.0,0,0.09524,-0.32174,30.68946,6.10577,57.0,52.0,52675.0,0.0,0.96058,0.00011,0.0,0.0,0.5
YJL024C,3,0.0,0.14806033275777905,3.1081395692415125e-09,1.0,1.0,0.0,0.0,0,0.09794,-0.06649,35.86345,4.33014,27.0,13.0,18700.0,0.0,0.85242,0.0002,0.0,0.0,0.5
YDL195W,7,0.0,0.16815621992870775,5.1802921151587917e-08,1.0,3.180695847362514,0.3333333333333333,7.75,1,0.06834,-0.50628,47.56671,5.48749,134.0,109.0,142625.0,0.0,1.02818,4e-05,0.3167384070100485,0.16241202693656576,0.525530895554072
YLR208W,12,0.001223243672222378,0.1857276180160475,7.058425898217582e-07,0.4696969696969697,7.190621814475025,0.3333333333333333,15.63690476190476,1,0.09091,-0.34276,28.09529,5.44916,40.0,28.0,93305.0,0.0,2.82378,0.00016,0.6832615929899515,0.2240360033604539,0.5155783469872842
YML012W,7,0.0,0.16815621992870775,5.1802921151587903e-08,1.0,1.221122112211221,0.3333333333333333,27.0,0,0.08057,-0.25592,39.33839,5.35602,32.0,27.0,24200.0,0.0,1.0039,0.00022,0.0,0.0,0.5
YBR254C,9,0.0,0.0038809831824062097,5.963492877440896e-09,1.0,0.0,0.5,38.6,1,0.11429,-0.41371,43.05103,6.50323,17.0,16.0,19035.0,0.0,0.96625,0.00033,0.6832615929899515,0.2887195853553551,0.5
YDR108W,9,0.0,0.0038809831824062097,5.963492877440896e-09,1.0,0.0,0.0,19.93015873015873,0,0.10315,-0.35072,40.42837,5.99615,90.0,80.0,89740.0,0.0,1.11487,7e-05,0.0,0.0,0.0
YDR246W,9,0.0,0.0038809831824062097,5.963492877440896e-09,1.0,0.0,0.5,29.923809523809524,1,0.09589,-0.48219,40.81005,8.95331,20.0,24.0,19160.0,0.0,0.77062,0.00036,0.6832615929899515,0.2887195853553551,0.5
YDR407C,9,0.0,0.0038809831824062097,5.963492877440896e-09,1.0,0.0,0.0,21.97460317460317,1,0.09775,-0.18495,45.33175,7.45453,144.0,145.0,144240.0,0.0,0.97684,5e-05,0.3167384070100485,0.0,0.0
YDR472W,9,0.0,0.0038809831824062097,5.963492877440896e-09,1.0,0.0,0.5,34.266666666666666,1,0.09894,-0.34664,46.10389,7.01093,28.0,28.0,20900.0,0.0,0.65886,0.00022,0.6832615929899515,0.2887195853553551,0.5
YGR166W,9,0.0,0.0038809831824062097,5.963492877440896e-09,1.0,0.0,0.0,21.97460317460317,0,0.09107,-0.39464,37.91321,8.9588,48.0,57.0,58175.0,0.0,0.91807,0.00014,0.0,0.0,0.0
YKR068C,9,0.0,0.0038809831824062097,5.963492877440896e-09,1.0,0.0,0.5,25.387301587301582,1,0.08808,-0.16528,40.88912,4.95343,28.0,21.0,30200.0,0.0,1.36471,0.00022,0.6832615929899515,0.2887195853553551,0.5
YML077W,9,0.0,0.0038809831824062097,5.963492877440896e-09,1.0,0.0,0.5,34.266666666666666,1,0.13836,-0.32516,27.02264,8.9577,13.0,17.0,31775.0,0.0,1.72375,0.00049,0.6832615929899515,0.2887195853553551,0.5
YMR218C,9,0.0,0.0038809831824062097,5.963492877440896e-09,1.0,0.0,0.0,21.03809523809524,1,0.11343,-0.20154,38.08893,5.72845,152.0,136.0,129215.0,0.0,1.00848,4e-05,0.3167384070100485,0.0,0.0
YOR115C,9,0.0,0.0038809831824062097,5.963492877440896e-09,1.0,0.0,0.5,21.97460317460317,0,0.07463,-0.38619,55.72578,5.93195,34.0,29.0,16180.0,0.0,0.5262,0.00019,0.0,0.0,0.0
YKL041W,2,0.0,0.14475488066419273,3.6449859003085712e-09,1.0,0.0,0.0,0.0,0,0.0,0.0,0.0,0.0,0.0,0.0,0.0,0.0,0.0,0.0,0.0,0.0,0.0
YMR231W,3,0.0,0.12837038163492753,1.640995803659771e-10,1.0,1.0,0.0,2.0041666666666664,0,0.09135,-0.20875,37.81499,5.5694,141.0,118.0,68950.0,0.0,0.58693,5e-05,0.0,0.0,0.5
YPL045W,3,0.0,0.12837038163492753,1.640995803659771e-10,1.0,1.0,0.0,2.0041666666666664,1,0.10902,-0.2589,36.65405,6.6767,106.0,104.0,121975.0,0.0,1.31523,7e-05,0.3167384070100485,0.0,0.5
YIL062C,5,0.0,0.1699687169099174,3.092425482243548e-07,1.0,1.0,0.0,14.0,1,0.06494,-0.32078,42.36104,5.13422,19.0,16.0,19940.0,0.0,1.16375,0.0003,0.6832615929899515,0.0,0.5
YLR370C,5,0.0,0.1699687169099174,3.092425482243548e-07,1.0,1.0,0.0,10.014285714285714,0,0.13483,-0.22753,39.69944,7.75507,18.0,19.0,17670.0,0.0,0.85867,0.00038,0.0,0.0,0.5
YGR238C,1,0.0,0.1598902668725107,5.920407237750672e-10,0.0,1.0,0.0,0.0,0,0.06916,-0.72732,37.10374,8.23578,116.0,120.0,88335.0,0.0,0.88358,8e-05,0.0,0.0,0.5
YBR115C,1,0.0,0.00043122035360068997,1.526654176624869e-14,0.0,1.0,0.0,0.0,0,0.09339,-0.25675,28.57162,5.63214,172.0,147.0,176740.0,0.0,1.13774,4e-05,0.0,0.0,0.5
YGL154C,1,0.0,0.00043122035360068997,1.526654176624869e-14,0.0,1.0,0.0,0.0,0,0.12132,0.07316,27.60257,4.69403,35.0,23.0,27930.0,0.0,0.91028,0.00015,0.0,0.0,0.5
YHR117W,8,0.0,0.13277160245212935,3.5243093144248913e-09,1.0,3.6283084004602992,0.0,42.5,0,0.0939,-0.4698,43.79595,5.83551,84.0,77.0,40730.0,0.0,0.56683,8e-05,0.0,0.0,0.5
YMR060C,8,0.0,0.13277160245212935,3.5243093144248913e-09,1.0,0.0,0.0,19.93809523809524,0,0.0,0.0,0.0,0.0,0.0,0.0,0.0,0.0,0.0,0.0,0.0,0.0,0.0
YNL121C,8,0.0,0.13277160245212935,3.5243093144248913e-09,1.0,1.0,0.0,18.500000000000004,0,0.09724,-0.67147,41.24718,5.24017,101.0,88.0,46105.0,0.0,0.65749,7e-05,0.0,0.0,0.5
YOR045W,8,0.0,0.13277160245212935,3.5243093144248913e-09,1.0,1.0,0.0,22.9,0,0.11475,0.38852,57.45902,5.8764,3.0,3.0,1490.0,0.0,0.23254,0.00092,0.0,0.0,0.5
YPR133WA,8,0.0,0.13277160245212935,3.5243093144248913e-09,1.0,0.0,0.0,19.93809523809524,0,0.0,0.0,0.0,0.0,0.0,0.0,0.0,0.0,0.0,0.0,0.0,0.0,0.0
YAL009W,1,0.0,0.00043122035360068997,1.526654176624869e-14,0.0,0.0,0.6666666666666666,0.0,0,0.11969,-0.32085,51.829,10.02911,25.0,41.0,45170.0,0.0,1.50001,0.00033,0.0,0.0,0.0
YHR004C,1,0.0,0.00043122035360068997,1.526654176624869e-14,0.0,0.0,0.6666666666666666,0.0,0,0.08072,-0.47489,47.74664,8.9931,53.0,61.0,50350.0,0.0,0.99426,0.00018,0.0,0.0,0.0
YCL009C,1,0.0,0.00043122035360068997,1.526654176624869e-14,0.0,1.0,0.0,0.0,0,0.03883,-0.18479,57.10453,6.07465,36.0,31.0,13700.0,0.0,0.4031,0.00018,0.0,0.0,0.5
YMR108W,1,0.0,0.00043122035360068997,1.526654176624869e-14,0.0,1.0,0.0,0.0,1,0.06987,-0.25691,38.75432,8.591,71.0,75.0,59735.0,0.0,0.79715,0.00011,0.6832615929899515,0.0,0.5
YGR072W,2,0.0,0.16899238768898422,7.208455206332326e-09,1.0,0.0,1.0,0.0,0,0.07494,-1.25375,38.73592,9.88507,52.0,91.0,19410.0,0.0,0.43207,0.00022,0.0,0.0,0.0
YGL100W,5,0.0,0.1807212991660688,6.657108479530423e-07,1.0,4.3581011351909185,0.2,24.142857142857142,0,0.08596,-0.45673,54.09802,5.31378,50.0,37.0,80410.0,0.0,2.05535,0.00014,0.0,0.0,0.5
YBL002W,7,0.0,0.17431262911251436,4.901134838368918e-07,1.0,4.456521739130435,0.5,4.357142857142858,0,0.05344,-0.62061,36.91527,10.06757,11.0,25.0,7450.0,0.0,0.52328,0.00071,0.0,0.0,0.5
YBL003C,7,0.0,0.17431262911251436,4.901134838368918e-07,1.0,4.4411764705882355,0.5,12.6,1,0.0303,-0.31591,53.03106,10.6734,8.0,21.0,4470.0,0.0,0.31954,0.00076,0.6832615929899515,0.2887195853553551,0.5325048539804041
YNL030W,7,0.0,0.17431262911251436,4.901134838368918e-07,1.0,4.790575916230367,0.0,4.357142857142858,0,0.0,0.0,0.0,0.0,0.0,0.0,0.0,0.0,0.0,0.0,0.0,0.0,0.5
YNL031C,7,0.0,0.17431262911251436,4.901134838368918e-07,1.0,0.0,0.0,4.357142857142858,0,0.0,0.0,0.0,0.0,0.0,0.0,0.0,0.0,0.0,0.0,0.0,0.0,0.0
YFL022C,2,0.0,0.0008624407072013799,3.9126476768889723e-13,1.0,2.0,0.0,0.0,1,0.09344,-0.47416,29.64793,5.53033,73.0,60.0,55475.0,0.0,0.9646,0.0001,0.6832615929899515,0.0,0.5
YLR060W,2,0.0,0.0008624407072013799,3.9126476768889723e-13,1.0,2.0,0.0,0.0,1,0.08403,-0.32672,44.66271,5.52631,87.0,71.0,48455.0,0.0,0.7193,8e-05,0.6832615929899515,0.0,0.5
YPR047W,2,0.0,0.0008624407072013799,3.9126476768889723e-13,1.0,2.0,0.0,0.0,0,0.09382,-0.53006,34.02303,8.04779,66.0,68.0,78100.0,0.0,1.42445,0.00015,0.0,0.0,0.5
YGR240C,1,0.0,0.15379006085701116,4.738268040195791e-09,0.0,1.0,0.0,0.0,0,0.07396,-0.23252,34.31541,5.98016,126.0,112.0,98790.0,0.0,0.91499,6e-05,0.0,0.0,0.5
YMR150C,1,0.0,0.1269156660874581,5.943610592187504e-11,0.0,1.0,0.0,0.0,0,0.11053,-0.07737,23.44,7.00372,18.0,18.0,38305.0,0.0,1.78725,0.00033,0.0,0.0,0.5
YHR024C,1,0.0,0.00043122035360068997,1.526654176624869e-14,0.0,1.0,0.0,0.0,1,0.08714,-0.29793,39.76766,5.94061,54.0,47.0,47050.0,0.0,0.88213,0.00011,0.6832615929899515,0.0,0.5
YLR163C,1,0.0,0.00043122035360068997,1.526654176624869e-14,0.0,1.0,0.0,0.0,1,0.07143,-0.33442,36.95,6.53729,54.0,52.0,51465.0,0.0,1.00748,0.00013,0.6832615929899515,0.0,0.5
YDL007W,35,0.0,0.1972705374303755,0.00018686087333901467,1.0,21.257575757575758,0.5,270.85,1,0.04577,-0.49405,42.4032,5.78119,70.0,64.0,15400.0,0.0,0.3154,0.00012,0.6832615929899515,0.2887195853553551,0.5067909809812735
YDR069C,35,0.0,0.1972705374303755,0.00018686087333901467,1.0,32.536384976525824,0.0,272.252380952381,0,0.08747,-0.42527,48.68198,8.43817,92.0,100.0,84670.0,0.0,0.80492,8e-05,0.0,0.0,0.5
YER021W,35,0.0,0.1972705374303755,0.00018686087333901467,1.0,27.5989898989899,0.0,663.3333333333334,1,0.08987,-0.3434,42.93906,5.37433,75.0,59.0,51645.0,0.0,0.85516,9e-05,0.6832615929899515,0.0,0.5
YER094C,35,0.0,0.1972705374303755,0.00018686087333901467,1.0,22.51484135107472,0.5,379.9333333333333,1,0.10244,-0.01268,34.88146,5.05121,27.0,21.0,17920.0,0.0,0.79276,0.00022,0.6832615929899515,0.2887195853553551,0.5064117614877525
YFR052W,35,0.0,0.1972705374303755,0.00018686087333901467,1.0,21.257575757575758,0.0,425.6333333333336,1,0.10949,-0.43321,47.99051,4.80426,43.0,29.0,35995.0,0.0,1.1277,0.00015,0.6832615929899515,0.0,0.5
YGL011C,35,0.0,0.1972705374303755,0.00018686087333901467,1.0,18.772773797338793,0.5,433.0000000000001,1,0.09524,-0.25119,38.48929,5.89081,32.0,29.0,25245.0,0.0,0.90159,0.00021,0.6832615929899515,0.2887195853553551,0.507689848833002
YGR232W,35,0.0,0.1972705374303755,0.00018686087333901467,1.0,31.405050505050504,0.0,506.9166666666666,0,0.09211,-0.22807,27.00921,5.97614,28.0,23.0,35450.0,0.0,1.3839,0.00023,0.0,0.0,0.5
YGR270W,35,0.0,0.1972705374303755,0.00018686087333901467,1.0,18.526859504132233,0.0,270.85,0,0.06744,-0.80138,50.73446,5.06854,247.0,192.0,85230.0,0.0,0.54147,3e-05,0.0,0.0,0.5
YHR200W,35,0.0,0.1972705374303755,0.00018686087333901467,1.0,26.467676767676767,0.0,425.8333333333335,0,0.05224,-0.50709,50.24515,4.7265,40.0,23.0,3105.0,0.0,0.10438,0.00016,0.0,0.0,0.5
YOR261C,35,0.0,0.1972705374303755,0.00018686087333901467,1.0,29.03939393939394,0.0,674.6666666666666,1,0.04734,-0.53935,42.32751,5.42645,55.0,45.0,21805.0,0.0,0.56914,0.00014,0.6832615929899515,0.0,0.5
YDL040C,1,0.0,0.00043122035360068997,1.526654176624869e-14,0.0,1.0,0.0,0.0,0,0.11241,-0.57787,30.16341,8.85944,119.0,133.0,115030.0,0.0,1.16305,9e-05,0.0,0.0,0.5
YHR013C,1,0.0,0.00043122035360068997,1.526654176624869e-14,0.0,1.0,0.0,0.0,0,0.07143,-0.5521,48.55966,4.76813,42.0,25.0,23630.0,0.0,0.85607,0.00017,0.0,0.0,0.5
YOR347C,1,0.0,0.11828655844961067,2.0983921292637614e-11,0.0,0.0,0.0,0.0,0,0.0,0.0,0.0,0.0,0.0,0.0,0.0,0.0,0.0,0.0,0.0,0.0,0.0
YBR221C,4,0.0,0.002112979732643381,3.995253980227282e-11,1.0,4.0,0.0,12.27777777777778,0,0.09016,-0.06858,31.71366,5.22601,47.0,38.0,23505.0,0.0,0.58685,0.00013,0.0,0.0,0.5
YER178W,4,0.0,0.002112979732643381,3.995253980227282e-11,1.0,3.8343373493975905,0.0,12.27777777777778,0,0.09524,-0.2969,39.0805,8.2879,48.0,51.0,48665.0,0.0,1.05012,0.00018,0.0,0.0,0.5
YGR193C,4,0.0,0.002112979732643381,3.995253980227282e-11,1.0,4.0,0.0,16.75,0,0.06829,-0.41049,31.57463,5.5484,59.0,53.0,22140.0,0.0,0.48808,0.00012,0.0,0.0,0.5
YNL071W,4,0.0,0.002112979732643381,3.995253980227282e-11,1.0,3.8343373493975905,0.0,21.333333333333336,0,0.04979,-0.2583,43.21888,7.5965,56.0,57.0,24785.0,0.0,0.47831,0.00015,0.0,0.0,0.5
YGL032C,1,0.0,0.00043122035360068997,1.526654176624869e-14,0.0,0.0,0.0,0.0,0,0.10345,0.1954,28.22874,6.51752,4.0,4.0,6335.0,0.0,0.6694,0.00069,0.0,0.0,0.0
YNR044W,1,0.0,0.00043122035360068997,1.526654176624869e-14,0.0,0.0,0.0,0.0,0,0.0,0.0,0.0,0.0,0.0,0.0,0.0,0.0,0.0,0.0,0.0,0.0,0.0
YCR052W,9,0.0,0.17369820320799367,1.1402106657183047e-07,1.0,0.0,1.0,47.8,1,0.06211,-0.74431,43.41822,4.69183,78.0,49.0,44935.0,0.0,0.82961,9e-05,0.6832615929899515,0.40591527534130006,0.5
YIL126W,9,0.0,0.17369820320799367,1.1402106657183047e-07,1.0,0.0,1.0,23.32843137254902,1,0.06549,-0.72671,40.74247,6.29718,226.0,216.0,100450.0,0.0,0.64087,4e-05,0.3167384070100485,0.24054770888719992,0.5
YKR008W,9,0.0,0.17369820320799367,1.1402106657183047e-07,1.0,0.0,1.0,49.16666666666666,1,0.1008,-0.59776,39.17696,5.14728,92.0,69.0,60085.0,0.0,0.83117,7e-05,0.6832615929899515,0.40591527534130006,0.5
YMR033W,17,0.0034889667719182733,0.19908364912678642,9.728155839289744e-07,0.5367647058823529,2.985651214128035,1.0,46.248366013071895,1,0.08779,-0.36338,38.86747,5.02863,68.0,50.0,52870.0,0.0,0.99617,9e-05,0.6832615929899515,0.40591527534130006,0.5679776782734229
YPR034W,17,0.0034889667719182733,0.19908364912678642,9.728155839289744e-07,0.5367647058823529,2.985651214128035,1.0,51.45000000000002,1,0.09224,-0.374,32.95094,5.35028,57.0,49.0,67310.0,0.0,1.25089,0.0001,0.6832615929899515,0.40591527534130006,0.5679776782734229
YHR118C,21,0.00022381816793988794,0.17756303125883363,1.6853054772180757e-06,0.8476190476190476,8.97985153764581,1.0,44.82269309637731,1,0.06897,-0.68667,58.20943,8.15704,64.0,67.0,46755.0,0.0,0.92962,0.00016,0.6832615929899515,0.40591527534130006,0.522601446896956
YNL261W,21,0.00022381816793988794,0.17756303125883363,1.6853054772180757e-06,0.8476190476190476,8.97985153764581,1.0,44.82269309637731,1,0.11273,-0.18267,43.41482,5.65509,58.0,50.0,65625.0,0.0,1.18695,0.0001,0.6832615929899515,0.40591527534130006,0.522601446896956
YPR162C,21,0.00022381816793988794,0.17756303125883363,1.6853054772180757e-06,0.8476190476190476,8.97985153764581,1.0,173.7142857142857,1,0.08507,-0.2896,50.92762,6.38763,63.0,61.0,53580.0,0.0,0.88263,0.00011,0.6832615929899515,0.40591527534130006,0.522601446896956
YLR103C,19,5.771280876820025e-05,0.17645038134493887,1.619135007094513e-06,0.9649122807017544,15.585792349726775,1.0,38.946069719753936,1,0.08923,-0.444,45.85771,4.63141,107.0,67.0,88085.0,0.0,1.18636,6e-05,0.6832615929899515,0.40591527534130006,0.5130219646917218
YLR274W,19,5.771280876820025e-05,0.17645038134493887,1.619135007094513e-06,0.9649122807017544,7.943169398907104,0.5,66.50396445659604,1,0.06065,-0.31239,45.87459,5.49811,98.0,83.0,43415.0,0.0,0.50243,6e-05,0.6832615929899515,0.2887195853553551,0.5181740795679796
YBR278W,18,0.0,0.17227121220104108,1.5614054953979498e-06,1.0,17.58805031446541,1.0,85.22857142857144,0,0.0398,-0.75821,63.37264,4.52216,47.0,25.0,3230.0,0.0,0.14251,0.0002,0.0,0.0,0.5
YDL102W,18,0.0,0.17227121220104108,1.5614054953979498e-06,1.0,17.60691823899371,1.0,33.85051834130782,1,0.09298,-0.32662,38.26756,8.23383,134.0,140.0,125010.0,0.0,1.00315,7e-05,0.3167384070100485,0.24054770888719992,0.5068310565660055
YJR006W,18,0.0,0.17227121220104108,1.5614054953979498e-06,1.0,17.60691823899371,1.0,121.28571428571428,1,0.0924,-0.33552,36.98768,4.81793,72.0,52.0,58675.0,0.0,1.06112,9e-05,0.6832615929899515,0.40591527534130006,0.5115271528450199
YPR175W,18,0.0,0.17227121220104108,1.5614054953979498e-06,1.0,17.58805031446541,0.5,33.85051834130782,1,0.08708,-0.40798,41.78549,5.8161,83.0,73.0,75455.0,0.0,0.96318,7e-05,0.6832615929899515,0.2887195853553551,0.5082078337335064
YPL167C,1,0.0,0.14477614469366965,2.7777693392925987e-10,0.0,0.0,0.0,0.0,0,0.0,0.0,0.0,0.0,0.0,0.0,0.0,0.0,0.0,0.0,0.0,0.0,0.0
YAR007C,2,0.0,0.13900756064910524,1.7844442256356707e-09,1.0,2.0,1.0,0.7894736842105263,1,0.09501,-0.55894,28.62077,5.86749,79.0,72.0,68925.0,0.0,0.97979,8e-05,0.6832615929899515,0.40591527534130006,0.6014788188353251
YER176W,1,0.0,0.0005749604714675866,5.874040484279281e-14,0.0,0.0,0.0,0.0,0,0.07136,-0.7322,38.558,9.44647,129.0,177.0,82720.0,0.0,0.6515,7e-05,0.0,0.0,0.0
YBL035C,3,0.0,0.15804419579893458,2.1722192407815903e-08,1.0,3.0,1.0,2.761904761904762,1,0.08227,-0.43787,43.74597,6.56915,81.0,78.0,41300.0,0.0,0.52429,8e-05,0.6832615929899515,0.40591527534130006,0.5676525458902167
YIL009CA,2,0.0,0.11257794334366966,3.128436436519739e-11,1.0,0.0,0.0,0.0,0,0.0,0.0,0.0,0.0,0.0,0.0,0.0,0.0,0.0,0.0,0.0,0.0,0.0
YLR318W,2,0.0,0.11257794334366966,3.128436436519739e-11,1.0,0.0,0.5,0.0,0,0.11199,-0.1336,38.63215,9.32611,79.0,111.0,93930.0,0.0,0.91519,9e-05,0.0,0.0,0.0
YDR178W,3,0.0,0.13191856578800107,3.308225608836692e-10,1.0,3.0,0.0,0.0,0,0.12155,-0.03702,49.17956,8.9848,15.0,19.0,31650.0,0.0,1.56309,0.00044,0.0,0.0,0.5
YBL045C,8,0.0,0.13412678347879098,3.525043539667963e-09,1.0,2.826710816777042,0.0,15.514285714285714,0,0.07659,-0.23151,30.8698,6.77521,47.0,46.0,50545.0,0.0,1.00633,0.00013,0.0,0.0,0.5
YDR529C,8,0.0,0.13412678347879098,3.525043539667963e-09,1.0,1.9589041095890412,0.0,20.666666666666668,0,0.07874,-0.30394,53.34882,5.61981,19.0,16.0,14565.0,0.0,1.00003,0.00039,0.0,0.0,0.5
YFR033C,8,0.0,0.13412678347879098,3.525043539667963e-09,1.0,0.0,0.0,17.6,0,0.06122,-1.37891,62.79932,3.97906,58.0,12.0,11710.0,0.0,0.67857,0.00023,0.0,0.0,0.0
YGR183C,8,0.0,0.13412678347879098,3.525043539667963e-09,1.0,0.0,0.0,15.514285714285714,0,0.0,0.0,0.0,0.0,0.0,0.0,0.0,0.0,0.0,0.0,0.0,0.0,0.0
YHR001WA,8,0.0,0.13412678347879098,3.525043539667963e-09,1.0,0.0,0.0,15.514285714285714,0,0.0,0.0,0.0,0.0,0.0,0.0,0.0,0.0,0.0,0.0,0.0,0.0,0.0
YJL166W,8,0.0,0.13412678347879098,3.525043539667963e-09,1.0,0.0,0.0,20.666666666666668,0,0.20213,-0.52979,39.32872,9.69672,5.0,11.0,39420.0,0.0,3.592,0.00088,0.0,0.0,0.0
YOR065W,8,0.0,0.13412678347879098,3.525043539667963e-09,1.0,1.0,0.0,29.33333333333333,0,0.10356,-0.39612,31.83595,8.21844,33.0,35.0,54360.0,0.0,1.59628,0.00024,0.0,0.0,0.5
YPR191W,8,0.0,0.13412678347879098,3.525043539667963e-09,1.0,2.0993377483443707,0.0,16.409523809523808,0,0.08967,-0.14837,28.55571,7.66571,46.0,47.0,22475.0,0.0,0.55525,0.00019,0.0,0.0,0.5
YDL067C,7,0.0,0.13439198268250577,1.3787457775957888e-09,1.0,0.0,0.0,8.533333333333333,1,0.13559,-0.24576,46.2239,9.77313,6.0,10.0,19480.0,0.0,2.79759,0.0014,0.6832615929899515,0.0,0.0
YGL191W,7,0.0,0.13439198268250577,1.3787457775957888e-09,1.0,0.0,0.0,8.533333333333333,0,0.0,0.0,0.0,0.0,0.0,0.0,0.0,0.0,0.0,0.0,0.0,0.0,0.0
YHR051W,7,0.0,0.13439198268250577,1.3787457775957888e-09,1.0,1.0,0.0,15.66666666666667,0,0.11486,-0.57635,52.51014,5.79681,25.0,23.0,12045.0,0.0,0.69458,0.00033,0.0,0.0,0.5
YLR038C,7,0.0,0.13439198268250577,1.3787457775957888e-09,1.0,1.0,0.0,10.5,0,0.14458,-0.86024,38.77229,5.18341,13.0,9.0,26970.0,0.0,2.75547,0.00053,0.0,0.0,0.5
YLR395C,7,0.0,0.13439198268250577,1.3787457775957888e-09,1.0,0.0,0.0,12.083333333333334,0,0.14103,0.07308,49.37436,10.41559,2.0,13.0,4720.0,0.0,0.52995,0.00117,0.0,0.0,0.0
YMR256C,7,0.0,0.13439198268250577,1.3787457775957888e-09,1.0,0.0,0.0,8.533333333333333,0,0.0,0.0,0.0,0.0,0.0,0.0,0.0,0.0,0.0,0.0,0.0,0.0,0.0
YNL052W,7,0.0,0.13439198268250577,1.3787457775957888e-09,1.0,0.0,0.0,12.083333333333334,0,0.09804,-0.51569,50.25229,9.81708,13.0,20.0,38960.0,0.0,2.27301,0.00057,0.0,0.0,0.0
YBR039W,14,0.0,0.15262309020552164,1.7051668161798097e-07,1.0,9.275582573454914,0.0,54.95,0,0.05466,-0.30965,34.53768,9.33722,33.0,42.0,13660.0,0.0,0.39767,0.00027,0.0,0.0,0.5
YDL004W,14,0.0,0.15262309020552164,1.7051668161798097e-07,1.0,8.689969604863222,0.0,61.5,1,0.05625,0.03625,50.16875,6.13629,16.0,15.0,3105.0,0.0,0.18243,0.00036,0.6832615929899515,0.0,0.5
YDR298C,14,0.0,0.15262309020552164,1.7051668161798097e-07,1.0,5.588652482269503,0.0,76.66666666666667,0,0.05189,-0.09387,24.26745,9.58185,21.0,30.0,4595.0,0.0,0.20141,0.00042,0.0,0.0,0.5
YDR322CA,14,0.0,0.15262309020552164,1.7051668161798097e-07,1.0,0.0,0.0,43.47380952380952,0,0.0,0.0,0.0,0.0,0.0,0.0,0.0,0.0,0.0,0.0,0.0,0.0,0.0
YDR377W,14,0.0,0.15262309020552164,1.7051668161798097e-07,1.0,3.9793548387096775,0.0,61.5,0,0.12871,-0.29307,42.91792,10.10236,5.0,15.0,14440.0,0.0,1.27652,0.00089,0.0,0.0,0.5
YKL016C,14,0.0,0.15262309020552164,1.7051668161798097e-07,1.0,5.588652482269503,0.0,76.66666666666667,0,0.06322,-0.64023,52.74253,8.92291,26.0,29.0,16960.0,0.0,0.85616,0.00045,0.0,0.0,0.5
YML081CA,14,0.0,0.15262309020552164,1.7051668161798097e-07,1.0,0.0,0.0,43.47380952380952,0,0.0,0.0,0.0,0.0,0.0,0.0,0.0,0.0,0.0,0.0,0.0,0.0,0.0
YOL077WA,14,0.0,0.15262309020552164,1.7051668161798097e-07,1.0,0.0,0.0,43.47380952380952,0,0.0,0.0,0.0,0.0,0.0,0.0,0.0,0.0,0.0,0.0,0.0,0.0,0.0
YPL078C,14,0.0,0.15262309020552164,1.7051668161798097e-07,1.0,7.586693548387097,0.0,54.75000000000001,0,0.05738,-0.12705,48.44467,9.15887,27.0,32.0,14565.0,0.0,0.54095,0.00034,0.0,0.0,0.5
YPL271W,14,0.0,0.15262309020552164,1.7051668161798097e-07,1.0,3.459090909090909,0.0,61.5,0,0.09677,-0.37258,50.63403,9.77448,3.0,7.0,11460.0,0.0,1.69967,0.00145,0.0,0.0,0.5
YPR020W,14,0.0,0.15262309020552164,1.7051668161798097e-07,1.0,5.379978471474704,0.0,54.55,0,0.11304,-0.14348,31.09748,9.8172,5.0,16.0,15025.0,0.0,1.16284,0.00076,0.0,0.0,0.5
YGR180C,3,0.0,0.1557587680762001,2.2463101038733615e-07,1.0,2.9642857142857144,0.3333333333333333,16.6,0,0.13623,-0.41826,41.74409,5.10919,55.0,42.0,46090.0,0.0,1.15069,0.00013,0.0,0.0,0.5
YJL026W,3,0.0,0.1557587680762001,2.2463101038733615e-07,1.0,2.532412327311371,0.3333333333333333,18.8,1,0.11779,-0.40802,36.47947,5.14508,68.0,50.0,49640.0,0.0,1.0757,0.00011,0.6832615929899515,0.2240360033604539,0.5442337136303372
YCR035C,6,0.0,0.15766495040827966,1.6284771201415905e-08,1.0,4.0,0.3333333333333333,16.155555555555555,1,0.05584,-0.23376,53.35482,4.88165,63.0,45.0,28015.0,0.0,0.63655,0.00011,0.6832615929899515,0.2240360033604539,0.5280045004200568
YDL111C,6,0.0,0.15766495040827966,1.6284771201415905e-08,1.0,4.0,0.3333333333333333,15.707892107892109,1,0.06792,0.0766,34.87019,5.22687,32.0,23.0,16055.0,0.0,0.55258,0.00018,0.6832615929899515,0.2240360033604539,0.5280045004200568
YDR280W,6,0.0,0.15766495040827966,1.6284771201415905e-08,1.0,5.923248053392658,0.3333333333333333,17.944444444444443,1,0.0623,-0.12426,51.83246,4.97968,48.0,33.0,12710.0,0.0,0.37425,0.00015,0.6832615929899515,0.2240360033604539,0.5189115837578449
YGR095C,6,0.0,0.15766495040827966,1.6284771201415905e-08,1.0,5.872080088987764,0.3333333333333333,24.833333333333336,1,0.03139,0.18655,32.76009,4.75421,31.0,20.0,2490.0,0.0,0.10202,0.00019,0.6832615929899515,0.2240360033604539,0.5190763749783148
YGR195W,6,0.0,0.15766495040827966,1.6284771201415905e-08,1.0,5.872080088987764,0.3333333333333333,13.044488844488844,1,0.04472,-0.28333,46.50528,7.9422,32.0,33.0,12950.0,0.0,0.46988,0.00029,0.6832615929899515,0.2240360033604539,0.5190763749783148
YAL033W,8,0.0,0.0034497628288055198,2.567088140806853e-09,1.0,0.0,0.5,7.870707070707071,1,0.05202,-0.24277,48.95896,7.67694,23.0,24.0,4970.0,0.0,0.25392,0.00039,0.6832615929899515,0.2887195853553551,0.5
YBL018C,8,0.0,0.0034497628288055198,2.567088140806853e-09,1.0,0.0,1.0,7.870707070707071,1,0.11278,-0.46767,34.95038,4.70673,24.0,15.0,29700.0,0.0,1.91462,0.0003,0.6832615929899515,0.40591527534130006,0.5
YBR167C,8,0.0,0.0034497628288055198,2.567088140806853e-09,1.0,0.0,1.0,10.588888888888889,1,0.05,-0.53714,42.37571,9.34052,18.0,24.0,6085.0,0.0,0.38478,0.00059,0.6832615929899515,0.40591527534130006,0.5
YBR257W,8,0.0,0.0034497628288055198,2.567088140806853e-09,1.0,0.0,1.0,11.333333333333334,1,0.09677,-0.6129,36.9405,9.30878,37.0,50.0,31120.0,0.0,0.94645,0.00028,0.6832615929899515,0.40591527534130006,0.5
YGR030C,8,0.0,0.0034497628288055198,2.567088140806853e-09,1.0,0.0,1.0,10.123232323232322,1,0.07595,-0.43418,44.58418,9.30035,16.0,22.0,14690.0,0.0,0.80671,0.00051,0.6832615929899515,0.40591527534130006,0.5
YHR062C,8,0.0,0.0034497628288055198,2.567088140806853e-09,1.0,0.0,1.0,10.58888888888889,1,0.04778,-0.15666,42.15666,9.75934,25.0,39.0,14940.0,0.0,0.46363,0.0003,0.6832615929899515,0.40591527534130006,0.5
YNL221C,8,0.0,0.0034497628288055198,2.567088140806853e-09,1.0,0.0,0.5,9.866666666666664,1,0.08343,-0.58526,42.82401,9.83344,83.0,141.0,113855.0,0.0,1.13408,0.0001,0.3167384070100485,0.19390444008233815,0.5
YNL282W,8,0.0,0.0034497628288055198,2.567088140806853e-09,1.0,0.0,1.0,11.444444444444445,1,0.08718,-0.24154,39.3159,9.58673,16.0,28.0,32930.0,0.0,1.45634,0.00042,0.6832615929899515,0.40591527534130006,0.5
YIR015W,8,0.0,0.0034497628288055198,2.567088140806853e-09,1.0,0.0,0.0,7.870707070707071,1,0.0,0.0,0.0,0.0,0.0,0.0,0.0,0.0,0.0,0.0,0.6832615929899515,0.0,0.0
YPR101W,2,0.0,0.16321331539325265,7.87508056027147e-09,1.0,1.0,1.0,1.0,1,0.08,-0.89714,41.75771,8.52606,28.0,30.0,19035.0,0.0,0.91916,0.00041,0.6832615929899515,0.40591527534130006,0.70295763767065
YBR120C,13,0.0,0.16370128809935322,3.6809178186246214e-07,1.0,3.0663082437275984,0.0,59.083333333333336,0,0.07407,-0.67963,33.27963,9.89752,19.0,32.0,8940.0,0.0,0.47863,0.00053,0.0,0.0,0.5
YDL044C,13,0.0,0.16370128809935322,3.6809178186246214e-07,1.0,4.393034825870647,0.0,35.898809523809526,0,0.07727,-0.60455,40.81025,6.32208,68.0,65.0,40060.0,0.0,0.78255,0.00012,0.0,0.0,0.5
YDR194C,13,0.0,0.16370128809935322,3.6809178186246214e-07,1.0,5.081490104772992,0.0,35.898809523809526,0,0.08133,-0.60045,51.70979,9.07391,95.0,108.0,36175.0,0.0,0.47432,0.00012,0.0,0.0,0.5
YIR021W,13,0.0,0.16370128809935322,3.6809178186246214e-07,1.0,0.0,0.0,61.91666666666666,0,0.09091,-0.15234,35.88815,8.90656,42.0,50.0,35045.0,0.0,0.84876,0.00022,0.0,0.0,0.0
YJL133W,13,0.0,0.16370128809935322,3.6809178186246214e-07,1.0,6.0011641443539,0.0,81.16666666666667,0,0.10828,0.00064,31.81309,8.58331,19.0,23.0,54735.0,0.0,1.58647,0.00025,0.0,0.0,0.5
YKR052C,13,0.0,0.16370128809935322,3.6809178186246214e-07,1.0,6.0011641443539,0.0,78.08333333333333,0,0.09868,0.0852,32.24378,8.16205,22.0,24.0,43150.0,0.0,1.29552,0.00025,0.0,0.0,0.5
YLR382C,13,0.0,0.16370128809935322,3.6809178186246214e-07,1.0,0.0,0.0,35.898809523809526,0,0.0,0.0,0.0,0.0,0.0,0.0,0.0,0.0,0.0,0.0,0.0,0.0,0.0
YOR334W,13,0.0,0.16370128809935322,3.6809178186246214e-07,1.0,2.0,0.0,35.898809523809526,0,0.09362,-0.25745,45.72155,9.42426,47.0,65.0,57590.0,0.0,1.0625,0.00017,0.0,0.0,0.5
YPL029W,13,0.0,0.16370128809935322,3.6809178186246214e-07,1.0,0.0,0.0,45.1595238095238,0,0.09634,-0.31452,31.79864,9.08771,86.0,102.0,88210.0,0.0,1.04609,0.00011,0.0,0.0,0.0
YPR134W,13,0.0,0.16370128809935322,3.6809178186246214e-07,1.0,4.786683107274969,0.0,106.0,0,0.10075,-0.52948,46.32914,5.39606,38.0,31.0,31650.0,0.0,1.0224,0.00017,0.0,0.0,0.5
YDR054C,5,8.45296560823537e-05,0.18058884196099975,2.4309477038388913e-07,0.7,3.806896551724138,0.5,5.625816993464053,1,0.09153,-0.96373,62.11559,4.12567,73.0,28.0,33015.0,0.0,0.96919,0.00012,0.6832615929899515,0.2887195853553551,0.537920597714245
YDR028C,5,0.0,0.16809885809349415,6.295691693210825e-09,1.0,4.347781217750258,1.0,10.714285714285714,0,0.0572,-1.10819,49.92051,4.89459,169.0,108.0,93545.0,0.0,0.83067,4e-05,0.0,0.0,0.5
YKL193C,5,0.0,0.16809885809349415,6.295691693210825e-09,1.0,4.761856710393542,1.0,10.083333333333334,1,0.05325,-0.48047,37.48494,5.33807,54.0,42.0,21555.0,0.0,0.5543,0.00014,0.6832615929899515,0.40591527534130006,0.5426215339969516
YER027C,5,0.0,0.17654520465779777,7.006938572503791e-08,1.0,3.597639484978541,0.3333333333333333,8.85,0,0.07194,-0.81631,43.83118,4.6861,58.0,29.0,42985.0,0.0,0.92148,0.0001,0.0,0.0,0.5
YGL115W,5,0.0,0.17654520465779777,7.006938572503791e-08,1.0,3.6875642343268242,0.5,5.9071428571428575,0,0.07143,-0.00621,32.27019,5.51605,41.0,36.0,22390.0,0.0,0.6151,0.00015,0.0,0.0,0.5
YGL208W,5,0.0,0.17654520465779777,7.006938572503791e-08,1.0,3.7808080808080806,0.2,5.885714285714286,0,0.06024,-0.82602,49.65012,5.43573,59.0,49.0,34880.0,0.0,0.75166,0.00012,0.0,0.0,0.5
YLR212C,2,0.0,0.1470003139685519,3.5467283502784863e-10,1.0,0.0,0.0,0.8181818181818182,1,0.09091,-0.34123,49.76237,4.55524,64.0,34.0,44725.0,0.0,0.84985,9e-05,0.6832615929899515,0.0,0.0
YGR244C,1,0.0,0.00043122035360068997,1.526654176624869e-14,0.0,0.0,0.0,0.0,1,0.06557,-0.32506,37.82412,7.08881,56.0,56.0,22515.0,0.0,0.48006,0.00015,0.6832615929899515,0.0,0.0
YOR142W,1,0.0,0.00043122035360068997,1.526654176624869e-14,0.0,0.0,0.0,0.0,0,0.06383,-0.04498,28.66748,8.5899,32.0,35.0,9315.0,0.0,0.2659,0.00025,0.0,0.0,0.0
YIL072W,2,0.0,0.15693687977741339,6.330209523049097e-10,1.0,0.0,0.5,6.0,0,0.08099,-0.43008,42.80514,8.42609,75.0,80.0,45265.0,0.0,0.65721,0.00012,0.0,0.0,0.0
YDR074W,3,0.0,0.15521908890497774,4.2087420159056495e-09,1.0,1.0,0.0,2.033333333333333,0,0.0971,-0.51641,39.56073,8.32428,112.0,117.0,166045.0,0.0,1.61248,8e-05,0.0,0.0,0.5
YML100W,3,0.0,0.15521908890497774,4.2087420159056495e-09,1.0,1.0,0.0,2.4,0,0.07923,-0.39654,45.27169,6.17023,123.0,111.0,118565.0,0.0,0.96381,5e-05,0.0,0.0,0.5
YMR261C,3,0.0,0.15521908890497774,4.2087420159056495e-09,1.0,1.0,0.0,1.6666666666666667,0,0.09393,-0.35664,45.68682,5.94086,128.0,110.0,126765.0,0.0,1.06674,5e-05,0.0,0.0,0.5
YEL034W,1,0.0,0.00043122035360068997,1.526654176624869e-14,0.0,0.0,0.0,0.0,1,0.05096,-0.3828,29.47707,4.81403,28.0,17.0,3230.0,0.0,0.18873,0.00028,0.6832615929899515,0.0,0.0
YJR047C,1,0.0,0.00043122035360068997,1.526654176624869e-14,0.0,0.0,0.0,0.0,0,0.05732,-0.40828,29.38217,4.82709,28.0,17.0,4720.0,0.0,0.27552,0.00028,0.0,0.0,0.0
YGR162W,4,0.00011353825122249899,0.1778514129752154,6.243816139339925e-08,0.5,3.881048387096774,0.0,1.25,0,0.05777,-1.12668,57.07017,5.79889,159.0,145.0,73270.0,0.0,0.68413,5e-05,0.0,0.0,0.5
YOL139C,2,0.0,0.1752580430340813,6.064854670016897e-08,1.0,1.903225806451613,0.0,1.3333333333333333,1,0.0939,-0.58873,36.70516,5.29108,35.0,26.0,46980.0,0.0,1.93701,0.00022,0.6832615929899515,0.0,0.5
YJR007W,2,0.0,0.15954085066809487,3.0026787620836677e-07,1.0,1.9665587918015102,0.0,4.125,1,0.06579,-0.42138,52.55859,4.9433,57.0,43.0,30995.0,0.0,0.89278,0.00014,0.6832615929899515,0.0,0.5
YPL237W,2,0.0,0.15954085066809487,3.0026787620836677e-07,1.0,2.0,0.0,2.1022727272727275,1,0.05965,-0.67895,43.35614,9.52802,39.0,55.0,6585.0,0.0,0.20856,0.0003,0.6832615929899515,0.0,0.5
YDR211W,4,0.0,0.15661268155127223,8.270849500459264e-08,1.0,2.8950819672131147,0.0,3.416666666666666,1,0.08427,-0.39874,47.33385,4.65582,122.0,75.0,95490.0,0.0,1.17656,6e-05,0.3167384070100485,0.0,0.5
YGR083C,4,0.0,0.15661268155127223,8.270849500459264e-08,1.0,3.68,0.0,7.666666666666666,1,0.04147,-0.33579,49.69616,9.44098,66.0,86.0,27890.0,0.0,0.39364,0.00013,0.6832615929899515,0.0,0.5
YLR291C,4,0.0,0.15661268155127223,8.270849500459264e-08,1.0,3.830474268415742,0.0,7.666666666666666,1,0.07349,-0.21076,46.09318,7.74078,42.0,43.0,23295.0,0.0,0.54723,0.00018,0.6832615929899515,0.0,0.5
YDR429C,6,0.0,0.1630243329752967,1.0774432791452243e-06,1.0,4.958793969849246,0.0,21.58055555555556,1,0.05474,-0.68321,51.12117,6.41644,44.0,43.0,25940.0,0.0,0.85046,0.00021,0.6832615929899515,0.0,0.5
YMR146C,6,0.0,0.1630243329752967,1.0774432791452243e-06,1.0,4.8793969849246235,0.0,25.17651515151515,1,0.10663,-0.40432,28.51501,5.40765,49.0,36.0,52090.0,0.0,1.34409,0.00014,0.6832615929899515,0.0,0.5
YMR309C,6,0.0,0.1630243329752967,1.0774432791452243e-06,1.0,5.321608040201005,0.0,22.694444444444443,1,0.0936,-0.52315,51.96431,4.85748,133.0,97.0,80720.0,0.0,0.86606,5e-05,0.3167384070100485,0.0,0.5
YNL062C,6,0.0,0.1630243329752967,1.0774432791452243e-06,1.0,6.0,1.0,35.666666666666664,1,0.08577,-0.45042,40.96318,7.21771,62.0,62.0,45310.0,0.0,0.83308,0.00013,0.6832615929899515,0.40591527534130006,0.5338262729451083
YKR059W,1,0.0,0.1474953015567429,1.7443441609465978e-08,0.0,0.0,0.0,0.0,0,0.0,0.0,0.0,0.0,0.0,0.0,0.0,0.0,0.0,0.0,0.0,0.0,0.0
YOR276W,2,0.0,0.1579555421110916,3.0629779780457252e-09,1.0,2.0,0.0,6.0,0,0.06211,-0.88385,51.08758,5.61871,30.0,23.0,7115.0,0.0,0.39044,0.00031,0.0,0.0,0.5
YAL003W,5,0.0,0.16847241111147968,2.439562480968045e-07,1.0,1.9469122426868906,0.0,7.833333333333334,1,0.07767,-0.4165,42.12621,4.29535,44.0,20.0,21095.0,0.0,0.9323,0.00019,0.6832615929899515,0.0,0.5
YKL081W,5,0.0,0.16847241111147968,2.439562480968045e-07,1.0,3.8036093418259025,0.0,16.333333333333336,0,0.11893,-0.39563,35.82551,7.62738,55.0,56.0,84590.0,0.0,1.81838,0.00016,0.0,0.0,0.5
YPL048W,5,0.0,0.16847241111147968,2.439562480968045e-07,1.0,1.9469122426868906,0.5,3.5,0,0.12048,-0.46554,29.73157,8.42938,54.0,57.0,89060.0,0.0,1.89139,0.00018,0.0,0.0,0.5
YPR080W,5,0.0,0.16847241111147968,2.439562480968045e-07,1.0,0.0,0.0,7.833333333333334,0,0.0,0.0,0.0,0.0,0.0,0.0,0.0,0.0,0.0,0.0,0.0,0.0,0.0
YOR133W,1,0.0,0.15938604431182277,8.626340640016262e-09,0.0,0.0,0.0,0.0,0,0.0,0.0,0.0,0.0,0.0,0.0,0.0,0.0,0.0,0.0,0.0,0.0,0.0
YBL027W,80,0.0,0.19981015813525718,0.11096125706973209,1.0,18.28343949044586,0.0,19.066666666666663,0,0.03704,-0.95079,41.63757,11.35272,19.0,51.0,16960.0,0.0,0.78143,0.00052,0.0,0.0,0.5
YBL092W,80,0.0,0.19981015813525718,0.11096125706973209,1.0,19.588110403397028,0.0,291.9999999999999,1,0.06154,-0.67846,43.48154,11.16583,7.0,30.0,9970.0,0.0,0.67497,0.00076,0.6832615929899515,0.0,0.5
YBR031W,80,0.0,0.19981015813525718,0.11096125706973209,1.0,0.0,0.0,19.066666666666663,0,0.0,0.0,0.0,0.0,0.0,0.0,0.0,0.0,0.0,0.0,0.0,0.0,0.0
YBR084CA,80,0.0,0.19981015813525718,0.11096125706973209,1.0,0.0,0.0,19.066666666666663,0,0.0,0.0,0.0,0.0,0.0,0.0,0.0,0.0,0.0,0.0,0.0,0.0,0.0
YBR191W,80,0.0,0.19981015813525718,0.11096125706973209,1.0,0.0,0.0,19.066666666666663,0,0.0,0.0,0.0,0.0,0.0,0.0,0.0,0.0,0.0,0.0,0.0,0.0,0.0
YDL081C,80,0.0,0.19981015813525718,0.11096125706973209,1.0,30.318181818181817,0.0,177.56666666666655,0,0.0566,-0.02453,56.12642,3.82294,23.0,5.0,6990.0,0.0,0.64083,0.00035,0.0,0.0,0.5
YDL082W,80,0.0,0.19981015813525718,0.11096125706973209,1.0,18.35326688815061,0.0,19.066666666666663,0,0.0603,-0.73417,38.67085,11.18073,20.0,46.0,9970.0,0.0,0.44206,0.0005,0.0,0.0,0.5
YDL130W,80,0.0,0.19981015813525718,0.11096125706973209,1.0,29.314141414141414,0.0,19.066666666666663,0,0.06604,0.04906,38.98868,3.88422,22.0,5.0,6990.0,0.0,0.65526,0.00036,0.0,0.0,0.5
YDL133CA,80,0.0,0.19981015813525718,0.11096125706973209,1.0,0.0,0.0,19.066666666666663,0,0.0,0.0,0.0,0.0,0.0,0.0,0.0,0.0,0.0,0.0,0.0,0.0,0.0
YDL136W,80,0.0,0.19981015813525718,0.11096125706973209,1.0,0.0,0.0,19.066666666666663,0,0.0,0.0,0.0,0.0,0.0,0.0,0.0,0.0,0.0,0.0,0.0,0.0,0.0
YDL184C,80,0.0,0.19981015813525718,0.11096125706973209,1.0,0.0,0.0,19.066666666666663,0,0.0,0.0,0.0,0.0,0.0,0.0,0.0,0.0,0.0,0.0,0.0,0.0,0.0
YDL191W,80,0.0,0.19981015813525718,0.11096125706973209,1.0,31.959636730575177,0.0,19.066666666666663,0,0.05,-0.79,42.12583,10.58344,10.0,33.0,6085.0,0.0,0.43747,0.00076,0.0,0.0,0.5
YDR012W,80,0.0,0.19981015813525718,0.11096125706973209,1.0,16.945790080738178,0.5,19.066666666666663,0,0.05525,-0.2989,32.58066,10.64386,23.0,57.0,42065.0,0.0,1.07689,0.00027,0.0,0.0,0.5
YDR418W,80,0.0,0.19981015813525718,0.11096125706973209,1.0,0.0,0.0,19.066666666666663,0,0.0,0.0,0.0,0.0,0.0,0.0,0.0,0.0,0.0,0.0,0.0,0.0,0.0
YDR471W,80,0.0,0.19981015813525718,0.11096125706973209,1.0,0.0,0.0,19.066666666666663,0,0.0,0.0,0.0,0.0,0.0,0.0,0.0,0.0,0.0,0.0,0.0,0.0,0.0
YDR500C,80,0.0,0.19981015813525718,0.11096125706973209,1.0,14.578343949044585,0.0,19.066666666666663,0,0.07955,-1.17727,53.74318,11.79279,0.0,22.0,8980.0,0.0,0.90999,0.0012,0.0,0.0,0.5
YER056CA,80,0.0,0.19981015813525718,0.11096125706973209,1.0,0.0,0.0,19.066666666666663,0,0.0,0.0,0.0,0.0,0.0,0.0,0.0,0.0,0.0,0.0,0.0,0.0,0.0
YER117W,80,0.0,0.19981015813525718,0.11096125706973209,1.0,31.531722054380666,0.0,19.066666666666663,0,0.05109,-0.07737,32.02409,10.33331,9.0,21.0,14230.0,0.0,0.98323,0.00071,0.0,0.0,0.5
YFL034CA,80,0.0,0.19981015813525718,0.11096125706973209,1.0,0.0,0.0,19.066666666666663,0,0.0,0.0,0.0,0.0,0.0,0.0,0.0,0.0,0.0,0.0,0.0,0.0,0.0
YFR031CA,80,0.0,0.19981015813525718,0.11096125706973209,1.0,0.0,0.0,19.066666666666663,0,0.0,0.0,0.0,0.0,0.0,0.0,0.0,0.0,0.0,0.0,0.0,0.0,0.0
YFR032CA,80,0.0,0.19981015813525718,0.11096125706973209,1.0,0.0,0.0,19.066666666666663,0,0.0,0.0,0.0,0.0,0.0,0.0,0.0,0.0,0.0,0.0,0.0,0.0,0.0
YGL030W,80,0.0,0.19981015813525718,0.11096125706973209,1.0,17.33368869936034,0.0,19.066666666666663,1,0.07619,0.02095,26.59333,9.80194,7.0,15.0,8940.0,0.0,0.78316,0.00086,0.6832615929899515,0.0,0.5
YGL031C,80,0.0,0.19981015813525718,0.11096125706973209,1.0,0.0,0.0,19.066666666666663,0,0.0,0.0,0.0,0.0,0.0,0.0,0.0,0.0,0.0,0.0,0.0,0.0,0.0
YGL076C,80,0.0,0.19981015813525718,0.11096125706973209,1.0,0.0,0.0,19.066666666666663,0,0.0,0.0,0.0,0.0,0.0,0.0,0.0,0.0,0.0,0.0,0.0,0.0,0.0
YGL103W,80,0.0,0.19981015813525718,0.11096125706973209,1.0,0.0,0.0,19.066666666666663,1,0.0,0.0,0.0,0.0,0.0,0.0,0.0,0.0,0.0,0.0,0.0,0.0,0.0
YGL147C,80,0.0,0.19981015813525718,0.11096125706973209,1.0,30.36326942482341,0.0,19.066666666666663,0,0.06806,-0.25864,30.97068,9.73114,20.0,31.0,9065.0,0.0,0.42028,0.00045,0.0,0.0,0.5
YGR085C,80,0.0,0.19981015813525718,0.11096125706973209,1.0,30.59113796576032,0.5,219.91666666666663,0,0.07471,-0.63678,31.87764,9.91901,21.0,33.0,13075.0,0.0,0.66205,0.0005,0.0,0.0,0.5
YGR148C,80,0.0,0.19981015813525718,0.11096125706973209,1.0,0.0,0.0,19.066666666666663,0,0.05806,-1.01484,33.46968,11.36993,13.0,46.0,6990.0,0.0,0.39835,0.00065,0.0,0.0,0.0
YHL001W,80,0.0,0.19981015813525718,0.11096125706973209,1.0,19.637619553666312,0.0,19.066666666666663,0,0.05797,-0.07609,20.08841,10.93719,9.0,28.0,23615.0,0.0,1.55846,0.00072,0.0,0.0,0.5
YHL033C,80,0.0,0.19981015813525718,0.11096125706973209,1.0,18.934182590233547,0.0,19.066666666666663,0,0.06641,-0.47461,33.89727,10.03778,23.0,48.0,23045.0,0.0,0.8194,0.00036,0.0,0.0,0.5
YHR010W,80,0.0,0.19981015813525718,0.11096125706973209,1.0,0.0,0.0,19.066666666666663,0,0.0,0.0,0.0,0.0,0.0,0.0,0.0,0.0,0.0,0.0,0.0,0.0,0.0
YHR141C,80,0.0,0.19981015813525718,0.11096125706973209,1.0,0.0,0.0,19.066666666666663,0,0.0,0.0,0.0,0.0,0.0,0.0,0.0,0.0,0.0,0.0,0.0,0.0,0.0
YIL018W,80,0.0,0.19981015813525718,0.11096125706973209,1.0,32.27547931382442,0.0,19.066666666666663,0,0.05118,-0.49094,22.81496,11.10065,17.0,45.0,15930.0,0.0,0.58122,0.00041,0.0,0.0,0.5
YIL052C,80,0.0,0.19981015813525718,0.11096125706973209,1.0,18.884615384615383,0.0,19.066666666666663,0,0.04132,-0.79835,49.45041,10.83929,7.0,32.0,4970.0,0.0,0.36435,0.00079,0.0,0.0,0.5
YIL133C,80,0.0,0.19981015813525718,0.11096125706973209,1.0,0.0,0.0,19.066666666666663,0,0.0,0.0,0.0,0.0,0.0,0.0,0.0,0.0,0.0,0.0,0.0,0.0,0.0
YIL148W,80,0.0,0.19981015813525718,0.11096125706973209,1.0,27.906928645294727,0.5,19.066666666666663,0,0.03906,-0.70703,32.51797,9.87067,13.0,27.0,5095.0,0.0,0.35008,0.00068,0.0,0.0,0.5
YJL177W,80,0.0,0.19981015813525718,0.11096125706973209,1.0,0.0,0.0,19.066666666666663,0,0.0,0.0,0.0,0.0,0.0,0.0,0.0,0.0,0.0,0.0,0.0,0.0,0.0
YJL189W,80,0.0,0.19981015813525718,0.11096125706973209,1.0,32.086114101184066,0.0,19.066666666666663,0,0.07843,-1.42745,81.90588,12.55109,0.0,17.0,12490.0,0.0,1.96956,0.00198,0.0,0.0,0.5
YJR094WA,80,0.0,0.19981015813525718,0.11096125706973209,1.0,0.0,0.0,19.066666666666663,0,0.0,0.0,0.0,0.0,0.0,0.0,0.0,0.0,0.0,0.0,0.0,0.0,0.0
YKL006W,80,0.0,0.19981015813525718,0.11096125706973209,1.0,0.0,0.0,19.066666666666663,0,0.0,0.0,0.0,0.0,0.0,0.0,0.0,0.0,0.0,0.0,0.0,0.0,0.0
YKL180W,80,0.0,0.19981015813525718,0.11096125706973209,1.0,30.647959183673468,0.0,19.066666666666663,1,0.07065,-0.70163,42.79728,10.9212,13.0,36.0,19940.0,0.0,0.97035,0.00053,0.6832615929899515,0.0,0.5
YKR094C,80,0.0,0.19981015813525718,0.11096125706973209,1.0,0.0,0.0,19.066666666666663,0,0.0,0.0,0.0,0.0,0.0,0.0,0.0,0.0,0.0,0.0,0.0,0.0,0.0
YLL045C,80,0.0,0.19981015813525718,0.11096125706973209,1.0,0.0,0.0,19.066666666666663,0,0.0,0.0,0.0,0.0,0.0,0.0,0.0,0.0,0.0,0.0,0.0,0.0,0.0
YLR029C,80,0.0,0.19981015813525718,0.11096125706973209,1.0,0.0,0.0,19.066666666666663,1,0.0,0.0,0.0,0.0,0.0,0.0,0.0,0.0,0.0,0.0,0.0,0.0,0.0
YLR061W,80,0.0,0.19981015813525718,0.11096125706973209,1.0,0.0,0.0,19.066666666666663,0,0.0,0.0,0.0,0.0,0.0,0.0,0.0,0.0,0.0,0.0,0.0,0.0,0.0
YLR185W,80,0.0,0.19981015813525718,0.11096125706973209,1.0,0.0,0.0,19.066666666666663,0,0.09091,-1.15227,50.61705,11.63678,0.0,22.0,10470.0,0.0,1.06293,0.00118,0.0,0.0,0.0
YLR325C,80,0.0,0.19981015813525718,0.11096125706973209,1.0,8.595505617977528,0.0,19.066666666666663,0,0.05128,-0.46538,33.15769,10.93036,5.0,19.0,1490.0,0.0,0.16881,0.00124,0.0,0.0,0.5
YLR340W,80,0.0,0.19981015813525718,0.11096125706973209,1.0,29.001010101010102,0.0,165.73333333333335,1,0.08013,0.01987,45.17564,4.75006,44.0,28.0,18910.0,0.0,0.56085,0.00014,0.6832615929899515,0.0,0.5
YLR344W,80,0.0,0.19981015813525718,0.11096125706973209,1.0,5.543103448275862,0.0,19.066666666666663,0,0.03937,-0.55827,29.31969,10.57269,12.0,30.0,4470.0,0.0,0.31405,0.00074,0.0,0.0,0.5
YLR406C,80,0.0,0.19981015813525718,0.11096125706973209,1.0,18.07700650759219,0.0,19.066666666666663,0,0.06195,-0.51593,46.65664,9.98859,15.0,24.0,9970.0,0.0,0.76888,0.00077,0.0,0.0,0.5
YLR448W,80,0.0,0.19981015813525718,0.11096125706973209,1.0,18.79596174282678,0.0,19.066666666666663,0,0.07386,-0.47614,27.6983,10.0777,18.0,36.0,12950.0,0.0,0.64795,0.0005,0.0,0.0,0.5
YML073C,80,0.0,0.19981015813525718,0.11096125706973209,1.0,0.0,0.0,19.066666666666663,0,0.0,0.0,0.0,0.0,0.0,0.0,0.0,0.0,0.0,0.0,0.0,0.0,0.0
YMR121C,80,0.0,0.19981015813525718,0.11096125706973209,1.0,0.0,0.0,19.066666666666663,0,0.0,0.0,0.0,0.0,0.0,0.0,0.0,0.0,0.0,0.0,0.0,0.0,0.0
YMR194W,80,0.0,0.19981015813525718,0.11096125706973209,1.0,0.0,0.0,19.066666666666663,0,0.0,0.0,0.0,0.0,0.0,0.0,0.0,0.0,0.0,0.0,0.0,0.0,0.0
YMR242C,80,0.0,0.19981015813525718,0.11096125706973209,1.0,0.0,0.0,19.066666666666663,0,0.0,0.0,0.0,0.0,0.0,0.0,0.0,0.0,0.0,0.0,0.0,0.0,0.0
YNL067W,80,0.0,0.19981015813525718,0.11096125706973209,1.0,0.0,0.0,19.066666666666663,0,0.0,0.0,0.0,0.0,0.0,0.0,0.0,0.0,0.0,0.0,0.0,0.0,0.0
YNL069C,80,0.0,0.19981015813525718,0.11096125706973209,1.0,0.0,0.0,19.066666666666663,0,0.0,0.0,0.0,0.0,0.0,0.0,0.0,0.0,0.0,0.0,0.0,0.0,0.0
YNL162W,80,0.0,0.19981015813525718,0.11096125706973209,1.0,0.0,0.0,19.066666666666663,1,0.0,0.0,0.0,0.0,0.0,0.0,0.0,0.0,0.0,0.0,0.0,0.0,0.0
YNL301C,80,0.0,0.19981015813525718,0.11096125706973209,1.0,18.62788144895719,0.0,19.066666666666663,0,0.05914,-0.39892,40.13925,11.70551,11.0,41.0,3105.0,0.0,0.151,0.00057,0.0,0.0,0.5
YOL039W,80,0.0,0.19981015813525718,0.11096125706973209,1.0,29.312121212121212,0.0,219.91666666666663,0,0.03774,-0.10566,43.13208,3.98492,24.0,7.0,2980.0,0.0,0.27732,0.00037,0.0,0.0,0.5
YOL120C,80,0.0,0.19981015813525718,0.11096125706973209,1.0,0.0,0.0,19.066666666666663,1,0.0,0.0,0.0,0.0,0.0,0.0,0.0,0.0,0.0,0.0,0.0,0.0,0.0
YOR234C,80,0.0,0.19981015813525718,0.11096125706973209,1.0,0.0,0.0,19.066666666666663,0,0.0,0.0,0.0,0.0,0.0,0.0,0.0,0.0,0.0,0.0,0.0,0.0,0.0
YOR312C,80,0.0,0.19981015813525718,0.11096125706973209,1.0,18.581178903826267,0.0,19.066666666666663,0,0.12209,-0.61512,51.23203,10.30243,15.0,35.0,24410.0,0.0,1.19443,0.0005,0.0,0.0,0.5
YPL079W,80,0.0,0.19981015813525718,0.11096125706973209,1.0,0.0,0.0,19.066666666666663,0,0.0,0.0,0.0,0.0,0.0,0.0,0.0,0.0,0.0,0.0,0.0,0.0,0.0
YPL131W,80,0.0,0.19981015813525718,0.11096125706973209,1.0,31.462474645030426,0.5,165.73333333333332,1,0.11111,-0.63401,37.03502,6.3576,46.0,44.0,36455.0,0.0,1.08129,0.00019,0.6832615929899515,0.2887195853553551,0.5045883165360129
YPL143W,80,0.0,0.19981015813525718,0.11096125706973209,1.0,0.0,0.0,19.066666666666663,1,0.0,0.0,0.0,0.0,0.0,0.0,0.0,0.0,0.0,0.0,0.0,0.0,0.0
YPL198W,80,0.0,0.19981015813525718,0.11096125706973209,1.0,0.0,0.0,19.066666666666663,0,0.0,0.0,0.0,0.0,0.0,0.0,0.0,0.0,0.0,0.0,0.0,0.0,0.0
YPL220W,80,0.0,0.19981015813525718,0.11096125706973209,1.0,17.066897347174162,0.0,19.066666666666663,0,0.07373,-0.27005,31.48249,9.73285,21.0,37.0,13450.0,0.0,0.54931,0.0004,0.0,0.0,0.5
YPR043W,80,0.0,0.19981015813525718,0.11096125706973209,1.0,0.0,0.0,19.066666666666663,0,0.0,0.0,0.0,0.0,0.0,0.0,0.0,0.0,0.0,0.0,0.0,0.0,0.0
YBR181C,56,0.0,0.17406633786685907,0.0067003169622756684,1.0,0.0,0.0,54.327777777777776,0,0.0,0.0,0.0,0.0,0.0,0.0,0.0,0.0,0.0,0.0,0.0,0.0,0.0
YBR189W,56,0.0,0.17406633786685907,0.0067003169622756684,1.0,0.0,0.0,54.327777777777776,0,0.0,0.0,0.0,0.0,0.0,0.0,0.0,0.0,0.0,0.0,0.0,0.0,0.0
YCR031C,56,0.0,0.17406633786685907,0.0067003169622756684,1.0,0.0,0.0,54.327777777777776,0,0.0,0.0,0.0,0.0,0.0,0.0,0.0,0.0,0.0,0.0,0.0,0.0,0.0
YDL061C,56,0.0,0.17406633786685907,0.0067003169622756684,1.0,18.08020304568528,0.0,230.0,0,0.125,-0.90357,37.33036,10.06549,4.0,12.0,8980.0,0.0,1.33479,0.0015,0.0,0.0,0.5
YDL083C,56,0.0,0.17406633786685907,0.0067003169622756684,1.0,0.0,0.0,54.327777777777776,0,0.0,0.0,0.0,0.0,0.0,0.0,0.0,0.0,0.0,0.0,0.0,0.0,0.0
YDR025W,56,0.0,0.17406633786685907,0.0067003169622756684,1.0,0.0,0.0,54.327777777777776,0,0.0,0.0,0.0,0.0,0.0,0.0,0.0,0.0,0.0,0.0,0.0,0.0,0.0
YDR064W,56,0.0,0.17406633786685907,0.0067003169622756684,1.0,0.0,0.0,54.327777777777776,1,0.0,0.0,0.0,0.0,0.0,0.0,0.0,0.0,0.0,0.0,0.0,0.0,0.0
YDR447C,56,0.0,0.17406633786685907,0.0067003169622756684,1.0,0.0,0.0,54.327777777777776,0,0.0,0.0,0.0,0.0,0.0,0.0,0.0,0.0,0.0,0.0,0.0,0.0,0.0
YDR450W,56,0.0,0.17406633786685907,0.0067003169622756684,1.0,17.433943089430894,0.0,54.327777777777776,0,0.06164,-0.70137,36.65685,10.27008,15.0,27.0,17085.0,0.0,1.0028,0.0006,0.0,0.0,0.5
YER074W,56,0.0,0.17406633786685907,0.0067003169622756684,1.0,0.0,0.0,54.327777777777776,0,0.0,0.0,0.0,0.0,0.0,0.0,0.0,0.0,0.0,0.0,0.0,0.0,0.0
YER102W,56,0.0,0.17406633786685907,0.0067003169622756684,1.0,0.0,0.0,54.327777777777776,0,0.0,0.0,0.0,0.0,0.0,0.0,0.0,0.0,0.0,0.0,0.0,0.0,0.0
YGL123W,56,0.0,0.17406633786685907,0.0067003169622756684,1.0,0.0,0.0,54.327777777777776,1,0.0,0.0,0.0,0.0,0.0,0.0,0.0,0.0,0.0,0.0,0.0,0.0,0.0
YGL189C,56,0.0,0.17406633786685907,0.0067003169622756684,1.0,9.752222222222223,0.0,190.34999999999985,1,0.04202,-0.86723,55.17479,10.76141,9.0,31.0,6460.0,0.0,0.47835,0.0008,0.6832615929899515,0.0,0.5
YGR027C,56,0.0,0.17406633786685907,0.0067003169622756684,1.0,0.0,0.0,54.327777777777776,0,0.0,0.0,0.0,0.0,0.0,0.0,0.0,0.0,0.0,0.0,0.0,0.0,0.0
YHL015W,56,0.0,0.17406633786685907,0.0067003169622756684,1.0,17.42581300813008,0.0,201.90000000000012,1,0.03306,-0.64545,42.63223,9.52057,15.0,20.0,8480.0,0.0,0.60977,0.00068,0.6832615929899515,0.0,0.5
YHR021C,56,0.0,0.17406633786685907,0.0067003169622756684,1.0,0.0,0.0,54.327777777777776,0,0.0,0.0,0.0,0.0,0.0,0.0,0.0,0.0,0.0,0.0,0.0,0.0,0.0
YIL069C,56,0.0,0.17406633786685907,0.0067003169622756684,1.0,0.0,0.0,54.327777777777776,0,0.0,0.0,0.0,0.0,0.0,0.0,0.0,0.0,0.0,0.0,0.0,0.0,0.0
YJL136C,56,0.0,0.17406633786685907,0.0067003169622756684,1.0,0.0,0.0,54.327777777777776,0,0.0,0.0,0.0,0.0,0.0,0.0,0.0,0.0,0.0,0.0,0.0,0.0,0.0
YJL190C,56,0.0,0.17406633786685907,0.0067003169622756684,1.0,17.337728194726168,0.0,317.1666666666667,0,0.07692,-0.17385,35.25308,9.94489,11.0,20.0,11585.0,0.0,0.79209,0.00068,0.0,0.0,0.5
YJL191W,56,0.0,0.17406633786685907,0.0067003169622756684,1.0,0.0,0.3333333333333333,54.327777777777776,0,0.03623,-0.38043,40.71812,10.5379,13.0,24.0,3105.0,0.0,0.21195,0.00072,0.0,0.0,0.0
YJR123W,56,0.0,0.17406633786685907,0.0067003169622756684,1.0,17.58207452165156,0.0,202.15000000000012,1,0.04889,-0.332,36.32356,8.62372,30.0,32.0,10095.0,0.0,0.40318,0.00034,0.6832615929899515,0.0,0.5
YJR145C,56,0.0,0.17406633786685907,0.0067003169622756684,1.0,0.0,0.0,54.327777777777776,0,0.0,0.0,0.0,0.0,0.0,0.0,0.0,0.0,0.0,0.0,0.0,0.0,0.0
YKL156W,56,0.0,0.17406633786685907,0.0067003169622756684,1.0,0.0,0.0,54.327777777777776,0,0.0,0.0,0.0,0.0,0.0,0.0,0.0,0.0,0.0,0.0,0.0,0.0,0.0
YKR057W,56,0.0,0.17406633786685907,0.0067003169622756684,1.0,0.0,0.0,54.327777777777776,0,0.0,0.0,0.0,0.0,0.0,0.0,0.0,0.0,0.0,0.0,0.0,0.0,0.0
YLR048W,56,0.0,0.17406633786685907,0.0067003169622756684,1.0,0.0,0.0,54.327777777777776,0,0.0,0.0,0.0,0.0,0.0,0.0,0.0,0.0,0.0,0.0,0.0,0.0,0.0
YLR167W,56,0.0,0.17406633786685907,0.0067003169622756684,1.0,9.150452488687783,0.5,145.88333333333333,1,0.05921,-0.67434,27.41579,9.8819,15.0,33.0,9440.0,0.0,0.54833,0.00057,0.6832615929899515,0.2887195853553551,0.515776246350237
YLR287CA,56,0.0,0.17406633786685907,0.0067003169622756684,1.0,0.0,0.0,54.327777777777776,0,0.0,0.0,0.0,0.0,0.0,0.0,0.0,0.0,0.0,0.0,0.0,0.0,0.0
YLR333C,56,0.0,0.17406633786685907,0.0067003169622756684,1.0,8.892156862745098,0.0,471.5,0,0.0463,-0.53704,26.93056,10.31818,9.0,25.0,11460.0,0.0,0.95428,0.00086,0.0,0.0,0.5
YLR367W,56,0.0,0.17406633786685907,0.0067003169622756684,1.0,0.0,0.0,54.327777777777776,0,0.0,0.0,0.0,0.0,0.0,0.0,0.0,0.0,0.0,0.0,0.0,0.0,0.0
YLR388W,56,0.0,0.17406633786685907,0.0067003169622756684,1.0,0.0,0.0,54.327777777777776,0,0.125,-0.84821,31.74286,10.31,3.0,12.0,8980.0,0.0,1.34823,0.00155,0.0,0.0,0.0
YLR441C,56,0.0,0.17406633786685907,0.0067003169622756684,1.0,9.098017621145374,0.0,244.0,0,0.05882,-0.49412,33.51373,9.99738,29.0,49.0,14105.0,0.0,0.49073,0.00035,0.0,0.0,0.5
YML024W,56,0.0,0.17406633786685907,0.0067003169622756684,1.0,0.0,0.0,54.327777777777776,0,0.0,0.0,0.0,0.0,0.0,0.0,0.0,0.0,0.0,0.0,0.0,0.0,0.0
YML026C,56,0.0,0.17406633786685907,0.0067003169622756684,1.0,0.0,0.0,54.327777777777776,0,0.0,0.0,0.0,0.0,0.0,0.0,0.0,0.0,0.0,0.0,0.0,0.0,0.0
YML063W,56,0.0,0.17406633786685907,0.0067003169622756684,1.0,0.0,0.0,54.327777777777776,0,0.0,0.0,0.0,0.0,0.0,0.0,0.0,0.0,0.0,0.0,0.0,0.0,0.0
YMR116C,56,0.0,0.17406633786685907,0.0067003169622756684,1.0,18.076252723311548,0.0,54.327777777777776,0,0.08777,-0.13103,25.36489,5.79657,34.0,29.0,71180.0,0.0,2.04511,0.00017,0.0,0.0,0.5
YMR143W,56,0.0,0.17406633786685907,0.0067003169622756684,1.0,0.0,0.0,54.327777777777776,0,0.0,0.0,0.0,0.0,0.0,0.0,0.0,0.0,0.0,0.0,0.0,0.0,0.0
YMR230W,56,0.0,0.17406633786685907,0.0067003169622756684,1.0,8.332233223322332,0.0,54.327777777777776,0,0.14286,-0.9019,59.06857,9.04694,12.0,15.0,21890.0,0.0,1.71844,0.00071,0.0,0.0,0.5
YNL096C,56,0.0,0.17406633786685907,0.0067003169622756684,1.0,5.869085173501578,0.3333333333333333,54.327777777777776,0,0.05789,-0.35474,59.66947,9.91974,21.0,33.0,5960.0,0.0,0.27549,0.00046,0.0,0.0,0.5
YNL178W,56,0.0,0.17406633786685907,0.0067003169622756684,1.0,17.721095334685597,0.0,103.77222222222215,1,0.0625,-0.18542,35.14087,9.42218,31.0,38.0,10555.0,0.0,0.39827,0.00036,0.6832615929899515,0.0,0.5
YNL302C,56,0.0,0.17406633786685907,0.0067003169622756684,1.0,0.0,0.0,54.327777777777776,0,0.0,0.0,0.0,0.0,0.0,0.0,0.0,0.0,0.0,0.0,0.0,0.0,0.0
YOL040C,56,0.0,0.17406633786685907,0.0067003169622756684,1.0,0.0,0.0,54.327777777777776,1,0.0,0.0,0.0,0.0,0.0,0.0,0.0,0.0,0.0,0.0,0.0,0.0,0.0
YOL121C,56,0.0,0.17406633786685907,0.0067003169622756684,1.0,0.0,0.0,54.327777777777776,0,0.0,0.0,0.0,0.0,0.0,0.0,0.0,0.0,0.0,0.0,0.0,0.0,0.0
YOR167C,56,0.0,0.17406633786685907,0.0067003169622756684,1.0,14.01531728665208,0.0,201.95000000000016,0,0.01493,-0.43881,35.16119,10.78046,9.0,14.0,0.0,0.0,0.0,0.00142,0.0,0.0,0.5
YOR182C,56,0.0,0.17406633786685907,0.0067003169622756684,1.0,0.0,0.0,54.327777777777776,0,0.0,0.0,0.0,0.0,0.0,0.0,0.0,0.0,0.0,0.0,0.0,0.0,0.0
YOR293W,56,0.0,0.17406633786685907,0.0067003169622756684,1.0,8.332233223322332,0.0,54.327777777777776,1,0.14286,-0.90095,51.71238,8.73077,13.0,15.0,21890.0,0.0,1.7183,0.00069,0.6832615929899515,0.0,0.5
YOR369C,56,0.0,0.17406633786685907,0.0067003169622756684,1.0,0.0,0.0,54.327777777777776,0,0.0,0.0,0.0,0.0,0.0,0.0,0.0,0.0,0.0,0.0,0.0,0.0,0.0
YPL081W,56,0.0,0.17406633786685907,0.0067003169622756684,1.0,0.0,0.0,54.327777777777776,0,0.0,0.0,0.0,0.0,0.0,0.0,0.0,0.0,0.0,0.0,0.0,0.0,0.0
YPR132W,56,0.0,0.17406633786685907,0.0067003169622756684,1.0,17.761329305135952,0.0,54.327777777777776,0,0.06207,-0.61241,23.83586,10.73419,11.0,34.0,12740.0,0.0,0.79438,0.00067,0.0,0.0,0.5
YGL023C,1,0.0,0.13904678400143286,1.1258535691392006e-08,0.0,0.0,0.0,0.0,0,0.04882,-0.95921,46.93953,7.64752,80.0,81.0,44890.0,0.0,0.63569,0.00011,0.0,0.0,0.0
YBL038W,31,0.0,0.013367830961621389,6.556929760905628e-05,1.0,26.16012084592145,0.0,69.83333333333333,0,0.09483,-0.6194,30.57892,10.32172,19.0,46.0,23170.0,0.0,0.87376,0.00039,0.0,0.0,0.5
YBR122C,31,0.0,0.013367830961621389,6.556929760905628e-05,1.0,25.804435483870968,0.0,78.66666666666667,0,0.0678,-0.93164,53.20791,9.71893,24.0,34.0,12950.0,0.0,0.64458,0.00048,0.0,0.0,0.5
YBR268W,31,0.0,0.013367830961621389,6.556929760905628e-05,1.0,0.0,0.0,50.83333333333333,0,0.0,0.0,0.0,0.0,0.0,0.0,0.0,0.0,0.0,0.0,0.0,0.0,0.0
YBR282W,31,0.0,0.013367830961621389,6.556929760905628e-05,1.0,24.91532258064516,0.0,107.5,0,0.10959,-0.70411,20.79801,10.13129,10.0,27.0,23045.0,0.0,1.39736,0.00061,0.0,0.0,0.5
YCR003W,31,0.0,0.013367830961621389,6.556929760905628e-05,1.0,25.55,0.0,60.25,0,0.07104,-0.92022,59.28743,9.85822,19.0,37.0,25940.0,0.0,1.21008,0.00046,0.0,0.0,0.5
YDL202W,31,0.0,0.013367830961621389,6.556929760905628e-05,1.0,25.525888324873097,0.0,50.83333333333333,0,0.08032,-0.54418,37.20486,9.70587,24.0,37.0,20065.0,0.0,0.70367,0.00034,0.0,0.0,0.5
YDR237W,31,0.0,0.013367830961621389,6.556929760905628e-05,1.0,26.01510574018127,0.0,78.66666666666667,0,0.08904,-0.51815,41.5637,9.69501,26.0,41.0,31440.0,0.0,0.94989,0.00029,0.0,0.0,0.5
YDR322W,31,0.0,0.013367830961621389,6.556929760905628e-05,1.0,25.840886203423967,0.0,50.83333333333333,0,0.10627,-0.54578,52.15997,9.51813,41.0,54.0,55475.0,0.0,1.2954,0.00022,0.0,0.0,0.5
YDR405W,31,0.0,0.013367830961621389,6.556929760905628e-05,1.0,25.800403225806452,0.0,78.66666666666667,0,0.09125,-0.69392,46.15779,9.44989,34.0,44.0,31650.0,0.0,1.03547,0.00031,0.0,0.0,0.5
YDR462W,31,0.0,0.013367830961621389,6.556929760905628e-05,1.0,25.821752265861026,0.0,50.83333333333333,0,0.07483,-0.75306,63.34286,10.49493,12.0,28.0,15595.0,0.0,0.89926,0.00061,0.0,0.0,0.5
YGR076C,31,0.0,0.013367830961621389,6.556929760905628e-05,1.0,24.941473259334007,0.0,107.5,0,0.12102,-0.85096,51.94204,10.0423,15.0,36.0,18910.0,0.0,1.0174,0.00054,0.0,0.0,0.5
YGR220C,31,0.0,0.013367830961621389,6.556929760905628e-05,1.0,26.223790322580644,0.0,78.66666666666667,0,0.07807,-0.42379,31.30632,10.18085,19.0,42.0,21680.0,0.0,0.72776,0.00034,0.0,0.0,0.5
YHR147C,31,0.0,0.013367830961621389,6.556929760905628e-05,1.0,25.839717741935484,0.0,69.83333333333333,0,0.05607,-0.28178,36.35888,9.89728,19.0,32.0,11585.0,0.0,0.48496,0.00041,0.0,0.0,0.5
YJL063C,31,0.0,0.013367830961621389,6.556929760905628e-05,1.0,25.93353474320242,0.0,78.66666666666667,0,0.04622,-0.41891,40.64076,9.8078,24.0,37.0,18700.0,0.0,0.69401,0.00036,0.0,0.0,0.5
YJL096W,31,0.0,0.013367830961621389,6.556929760905628e-05,1.0,21.282387190684133,0.0,50.83333333333333,0,0.07453,-0.37888,37.78882,10.78705,10.0,29.0,12950.0,0.0,0.70429,0.00059,0.0,0.0,0.5
YKL138C,31,0.0,0.013367830961621389,6.556929760905628e-05,1.0,20.76124031007752,0.0,78.66666666666667,0,0.10687,-0.88244,35.40076,10.68597,8.0,32.0,28085.0,0.0,1.80958,0.00069,0.0,0.0,0.5
YKL167C,31,0.0,0.013367830961621389,6.556929760905628e-05,1.0,24.941473259334007,0.0,78.66666666666667,0,0.06569,-0.50146,54.54606,9.37921,16.0,21.0,10095.0,0.0,0.63013,0.00059,0.0,0.0,0.5
YKL170W,31,0.0,0.013367830961621389,6.556929760905628e-05,1.0,26.132930513595166,0.0,78.66666666666667,0,0.02174,-0.1058,21.13261,9.86591,10.0,24.0,2365.0,0.0,0.15868,0.00066,0.0,0.0,0.5
YKR006C,31,0.0,0.013367830961621389,6.556929760905628e-05,1.0,25.132189707366297,0.0,107.5,0,0.07955,-0.79697,53.1822,9.00531,36.0,42.0,28795.0,0.0,0.95124,0.0003,0.0,0.0,0.5
YKR085C,31,0.0,0.013367830961621389,6.556929760905628e-05,1.0,25.812688821752264,0.0,107.5,0,0.09231,-0.77795,60.82769,10.18439,15.0,36.0,30285.0,0.0,1.35252,0.00045,0.0,0.0,0.5
YLR312WA,31,0.0,0.013367830961621389,6.556929760905628e-05,1.0,0.0,0.0,50.83333333333333,0,0.0,0.0,0.0,0.0,0.0,0.0,0.0,0.0,0.0,0.0,0.0,0.0,0.0
YLR439W,31,0.0,0.013367830961621389,6.556929760905628e-05,1.0,25.840886203423967,0.0,50.83333333333333,0,0.08464,-0.61912,47.01223,7.21332,43.0,43.0,33835.0,0.0,0.91534,0.0002,0.0,0.0,0.5
YMR024W,31,0.0,0.013367830961621389,6.556929760905628e-05,1.0,25.73816717019134,0.0,50.83333333333333,0,0.09231,-0.25513,47.5341,9.46796,35.0,50.0,50475.0,0.0,1.14718,0.00022,0.0,0.0,0.5
YMR193W,31,0.0,0.013367830961621389,6.556929760905628e-05,1.0,25.92641129032258,0.0,107.5,0,0.10465,-0.73256,44.77674,10.13165,27.0,57.0,38390.0,0.0,1.27759,0.00034,0.0,0.0,0.5
YMR225C,31,0.0,0.013367830961621389,6.556929760905628e-05,1.0,25.804435483870968,0.0,50.83333333333333,0,0.08163,-0.53571,24.28878,9.55914,11.0,16.0,4470.0,0.0,0.3895,0.00083,0.0,0.0,0.5
YMR286W,31,0.0,0.013367830961621389,6.556929760905628e-05,1.0,0.0,0.0,50.83333333333333,0,0.0,0.0,0.0,0.0,0.0,0.0,0.0,0.0,0.0,0.0,0.0,0.0,0.0
YNL005C,31,0.0,0.013367830961621389,6.556929760905628e-05,1.0,25.845921450151057,0.0,78.66666666666667,0,0.08895,-0.78841,50.47011,9.81927,51.0,77.0,32110.0,0.0,0.74284,0.00023,0.0,0.0,0.5
YNL185C,31,0.0,0.013367830961621389,6.556929760905628e-05,1.0,26.11391129032258,0.0,50.83333333333333,0,0.0443,-0.00127,26.68354,9.88239,11.0,22.0,4595.0,0.0,0.27565,0.00059,0.0,0.0,0.5
YNL252C,31,0.0,0.013367830961621389,6.556929760905628e-05,1.0,24.944556451612904,0.0,107.5,0,0.09964,-0.5911,31.83384,9.04572,39.0,44.0,40910.0,0.0,1.27001,0.00028,0.0,0.0,0.5
YNL284C,31,0.0,0.013367830961621389,6.556929760905628e-05,1.0,26.139979859013092,0.0,78.66666666666667,0,0.09006,-0.51988,37.91929,10.36383,26.0,61.0,35410.0,0.0,0.97422,0.00029,0.0,0.0,0.5
YOR150W,31,0.0,0.013367830961621389,6.556929760905628e-05,1.0,25.860020140986908,0.0,60.25,0,0.07362,-0.57853,38.47791,10.11505,13.0,29.0,17210.0,0.0,0.93212,0.00055,0.0,0.0,0.5
YPL173W,31,0.0,0.013367830961621389,6.556929760905628e-05,1.0,0.0,0.0,50.83333333333333,0,0.0,0.0,0.0,0.0,0.0,0.0,0.0,0.0,0.0,0.0,0.0,0.0,0.0
YBR146W,13,0.0,0.14892166893353825,9.31178958031825e-08,1.0,9.571572580645162,0.0,44.333333333333336,0,0.08633,-0.55252,49.92198,10.25067,23.0,50.0,28880.0,0.0,0.90463,0.00032,0.0,0.0,0.5
YDL045WA,13,0.0,0.14892166893353825,9.31178958031825e-08,1.0,0.0,0.0,28.666666666666668,0,0.0,0.0,0.0,0.0,0.0,0.0,0.0,0.0,0.0,0.0,0.0,0.0,0.0
YDR337W,13,0.0,0.14892166893353825,9.31178958031825e-08,1.0,9.810483870967742,0.0,44.333333333333336,0,0.06643,-0.60559,55.53881,9.92438,38.0,57.0,14690.0,0.0,0.44439,0.0003,0.0,0.0,0.5
YDR347W,13,0.0,0.14892166893353825,9.31178958031825e-08,1.0,9.486895161290322,0.0,28.666666666666668,0,0.09969,-0.55545,37.34579,9.12823,37.0,44.0,45755.0,0.0,1.24577,0.00025,0.0,0.0,0.5
YFR049W,13,0.0,0.14892166893353825,9.31178958031825e-08,1.0,8.081290322580646,0.0,17.833333333333332,0,0.0813,-0.18537,26.37805,9.5528,10.0,16.0,10220.0,0.0,0.7466,0.0007,0.0,0.0,0.5
YGR084C,13,0.0,0.14892166893353825,9.31178958031825e-08,1.0,9.602822580645162,0.0,61.5,0,0.09145,-0.41003,38.1882,9.44904,37.0,48.0,45505.0,0.0,1.16717,0.00024,0.0,0.0,0.5
YHL004W,13,0.0,0.14892166893353825,9.31178958031825e-08,1.0,9.910282258064516,0.0,44.33333333333334,0,0.06853,-0.55482,53.49673,8.73688,45.0,48.0,37360.0,0.0,0.84618,0.0002,0.0,0.0,0.5
YHR075C,13,0.0,0.14892166893353825,9.31178958031825e-08,1.0,9.360576923076923,0.0,28.666666666666668,0,0.1,-0.27325,31.66925,6.56451,47.0,45.0,49430.0,0.0,1.1012,0.00015,0.0,0.0,0.5
YKL003C,13,0.0,0.14892166893353825,9.31178958031825e-08,1.0,9.319556451612904,0.0,35.25,0,0.05344,-0.21145,34.32977,9.83807,15.0,23.0,5960.0,0.0,0.39679,0.00065,0.0,0.0,0.5
YKL142W,13,0.0,0.14892166893353825,9.31178958031825e-08,1.0,5.052840158520476,0.0,28.666666666666668,0,0.07306,-0.61233,45.74114,4.66205,48.0,32.0,8480.0,0.0,0.33789,0.00019,0.0,0.0,0.5
YNL306W,13,0.0,0.14892166893353825,9.31178958031825e-08,1.0,9.725806451612904,0.0,44.33333333333334,1,0.10138,-0.46544,38.50783,9.89813,20.0,37.0,27180.0,0.0,1.10654,0.0004,0.6832615929899515,0.0,0.5
YPR166C,13,0.0,0.14892166893353825,9.31178958031825e-08,1.0,0.0,0.0,28.666666666666668,0,0.0,0.0,0.0,0.0,0.0,0.0,0.0,0.0,0.0,0.0,0.0,0.0,0.0
YDR156W,13,0.0,0.17013008890076922,8.189900829877043e-07,1.0,9.74703557312253,0.5,80.0,0,0.0365,-0.38321,33.52263,5.11639,16.0,12.0,0.0,0.0,0.0,0.00035,0.0,0.0,0.5
YHR143WA,27,0.0007117345479029361,0.18567513281879353,1.6320912565950687e-06,0.5441595441595442,0.0,0.0,76.75555555555556,0,0.0,0.0,0.0,0.0,0.0,0.0,0.0,0.0,0.0,0.0,0.0,0.0,0.0
YJL148W,13,0.0,0.17013008890076922,8.189900829877043e-07,1.0,0.0,0.0,25.261507936507936,0,0.0,0.0,0.0,0.0,0.0,0.0,0.0,0.0,0.0,0.0,0.0,0.0,0.0
YJR063W,13,0.0,0.17013008890076922,8.189900829877043e-07,1.0,10.074489795918367,0.5,26.93055555555556,0,0.072,-0.3216,37.30328,8.09564,13.0,15.0,6960.0,0.0,0.5095,0.00059,0.0,0.0,0.5
YNL248C,13,0.0,0.17013008890076922,8.189900829877043e-07,1.0,10.025510204081632,0.5,25.261507936507936,0,0.07229,-0.4294,40.22386,9.54803,51.0,68.0,20985.0,0.0,0.44984,0.0002,0.0,0.0,0.5
YOR224C,27,0.0007117345479029361,0.18567513281879353,1.6320912565950687e-06,0.5441595441595442,24.520408163265305,1.0,121.66666666666669,1,0.10274,-0.38699,45.7137,4.52594,21.0,14.0,19160.0,0.0,1.16042,0.00027,0.6832615929899515,0.40591527534130006,0.5082770905084161
YOR340C,13,0.0,0.17013008890076922,8.189900829877043e-07,1.0,8.268542199488492,0.5,80.0,1,0.06748,-0.65368,35.22454,4.80255,53.0,32.0,34170.0,0.0,0.94331,0.00013,0.6832615929899515,0.2887195853553551,0.517458917085361
YPR110C,19,7.060037951546315e-05,0.1723013295458315,1.0318054693494371e-06,0.7543859649122807,16.147959183673468,0.5,53.6904761904762,1,0.08955,-0.36746,36.81642,5.34198,49.0,41.0,25035.0,0.0,0.6643,0.00014,0.6832615929899515,0.2887195853553551,0.5089398165449683
YLR005W,9,0.0,0.17662430197171256,3.7355057867236675e-07,0.9722222222222222,5.665628245067498,1.0,35.092063492063495,1,0.06291,-0.40521,50.47833,8.00482,59.0,62.0,26910.0,0.0,0.51463,0.00015,0.6832615929899515,0.40591527534130006,0.535822618232558
YPR056W,8,0.0,0.17660847683937927,3.6621099824428024e-07,1.0,4.587513935340023,1.0,39.28571428571429,1,0.07101,-0.08373,43.4858,8.98944,35.0,44.0,21525.0,0.0,0.57466,0.00024,0.6832615929899515,0.40591527534130006,0.5442413125128975
YKL144C,12,0.0,0.16799856899380486,6.809315002837886e-07,1.0,10.638775510204082,1.0,31.5,1,0.10849,-0.24953,32.44717,4.74323,34.0,22.0,36940.0,0.0,1.51857,0.00019,0.6832615929899515,0.40591527534130006,0.5190771614154266
YNL151C,12,0.0,0.16799856899380486,6.809315002837886e-07,1.0,10.56326530612245,1.0,46.5,1,0.08765,-0.92789,38.94625,4.23529,56.0,27.0,17880.0,0.0,0.64494,0.00015,0.6832615929899515,0.40591527534130006,0.5192135321597022
YPR190C,12,0.0,0.16799856899380486,6.809315002837886e-07,1.0,10.56326530612245,0.5,19.410714285714285,1,0.06116,-0.35657,41.55933,6.26154,91.0,87.0,48290.0,0.0,0.65243,8e-05,0.6832615929899515,0.2887195853553551,0.5136662091213412
YAL001C,4,0.0,0.1691809467002242,2.451043836368769e-07,1.0,3.0,0.5,4.750000000000001,1,0.07931,-0.51155,31.93959,9.37933,152.0,189.0,135525.0,0.0,1.02588,7e-05,0.3167384070100485,0.19390444008233815,0.5323174066803896
YOR110W,4,0.0,0.1691809467002242,2.451043836368769e-07,1.0,3.843236409608091,1.0,3.880952380952381,1,0.08966,-0.57586,39.77979,4.8277,69.0,46.0,67310.0,0.0,1.36961,0.0001,0.6832615929899515,0.40591527534130006,0.5528090432228566
YBL021C,3,0.0,0.15537814992939558,2.4622960916672717e-07,1.0,2.4419778002018164,1.0,2.857142857142857,0,0.04861,-0.70278,55.80764,4.77679,23.0,15.0,11835.0,0.0,0.73265,0.0003,0.0,0.0,0.5
YGL237C,3,0.0,0.15537814992939558,2.4622960916672717e-07,1.0,2.22401614530777,1.0,5.6,0,0.05283,-1.05132,67.39362,8.63409,34.0,36.0,10430.0,0.0,0.34922,0.00029,0.0,0.0,0.5
YKL109W,3,0.0,0.15537814992939558,2.4622960916672717e-07,1.0,1.7375776397515528,1.0,2.1142857142857143,0,0.0704,-0.98502,53.59314,5.23004,83.0,60.0,33140.0,0.0,0.53099,8e-05,0.0,0.0,0.5
YGR258C,8,0.0,0.17660847683937927,3.6621099824428024e-07,1.0,7.6165489404641775,1.0,13.644607843137257,0,0.07856,-0.80698,45.20282,5.07953,183.0,148.0,89770.0,0.0,0.76182,4e-05,0.0,0.0,0.5
YDR076W,4,0.0,0.12036683011750807,9.691045662399862e-11,1.0,3.8780487804878048,1.0,29.5,0,0.08867,-0.35591,52.14975,6.36591,53.0,51.0,29295.0,0.0,0.63205,0.00014,0.0,0.0,0.5
YGL163C,4,0.0,0.12036683011750807,9.691045662399862e-11,1.0,3.9424920127795526,1.0,21.101190476190474,0,0.0657,-0.57617,40.18853,9.14935,111.0,134.0,76385.0,0.0,0.75069,9e-05,0.0,0.0,0.5
YML032C,4,0.0,0.12036683011750807,9.691045662399862e-11,1.0,3.8313008130081303,1.0,14.089285714285715,0,0.06369,-0.81146,36.49278,8.21967,64.0,66.0,26150.0,0.0,0.49902,0.00016,0.0,0.0,0.5
YNL082W,2,0.0,0.14678138431784288,3.2864619012153993e-09,1.0,2.0,1.0,0.0,0,0.07675,-0.5441,41.17617,5.91888,127.0,114.0,52520.0,0.0,0.52861,6e-05,0.0,0.0,0.5
YAL051W,1,0.0,0.1380341183476409,2.921966179624617e-09,0.0,0.0,1.0,0.0,0,0.08978,-0.27631,44.41809,6.53705,120.0,114.0,81440.0,0.0,0.685,5e-05,0.0,0.0,0.0
YDL160C,12,0.0,0.1717907625940659,3.3834081984315926e-07,1.0,10.26751592356688,0.0,42.72619047619048,0,0.08103,-0.38419,47.05555,8.05682,51.0,53.0,32735.0,0.0,0.56888,0.00014,0.0,0.0,0.5
YJR122W,12,0.0,0.1717907625940659,3.3834081984315926e-07,1.0,8.039473684210526,0.0,139.33333333333334,0,0.11268,-0.433,37.18111,7.69916,60.0,61.0,58580.0,0.0,1.02674,0.00013,0.0,0.0,0.5
YMR053C,3,0.0,0.16725729401818518,2.47194091012193e-09,1.0,2.0,0.0,50.0,0,0.10588,-0.57706,35.37294,6.21857,117.0,110.0,112715.0,0.0,1.15219,6e-05,0.0,0.0,0.5
YPL038W,2,0.0,0.14629116891823604,4.4790196786367425e-10,1.0,0.0,0.5,0.0,0,0.0226,-0.53164,40.25198,9.42206,20.0,28.0,2115.0,0.0,0.10814,0.00048,0.0,0.0,0.0
YDR253C,2,0.0,0.14629116891823604,4.4790196786367425e-10,1.0,0.0,0.5,0.0,0,0.03141,-0.97277,60.16073,9.91742,22.0,38.0,2115.0,0.0,0.09829,0.00046,0.0,0.0,0.0
YDR397C,1,0.0,0.00043122035360068997,1.526654176624869e-14,0.0,0.0,1.0,0.0,1,0.05479,-0.52055,68.85753,4.89069,28.0,19.0,1490.0,0.0,0.08949,0.00029,0.6832615929899515,0.40591527534130006,0.5
YER159C,1,0.0,0.00043122035360068997,1.526654176624869e-14,0.0,0.0,1.0,0.0,1,0.04225,-0.49789,40.6338,5.09955,22.0,17.0,125.0,0.0,0.00806,0.00033,0.6832615929899515,0.40591527534130006,0.5
YHR193C,1,0.0,0.00043122035360068997,1.526654176624869e-14,0.0,0.0,0.3333333333333333,0.0,0,0.03448,-0.47126,35.81782,4.83917,27.0,20.0,2980.0,0.0,0.15928,0.00026,0.0,0.0,0.0
YPL037C,1,0.0,0.00043122035360068997,1.526654176624869e-14,0.0,0.0,0.5,0.0,0,0.04459,-0.55732,42.9593,6.0976,22.0,20.0,1490.0,0.0,0.08754,0.00036,0.0,0.0,0.0
YHL025W,9,0.0,0.19452553143238055,9.207715260207758e-07,1.0,3.820820820820821,1.0,16.88888888888889,0,0.08133,-0.78886,48.95452,5.4444,47.0,37.0,24995.0,0.0,0.66465,0.00014,0.0,0.0,0.5
YER001W,1,0.0,0.14336513273723997,9.35643765514237e-10,0.0,0.0,0.0,0.0,0,0.12336,-0.5689,38.78416,6.79584,104.0,101.0,123410.0,0.0,1.39402,8e-05,0.0,0.0,0.0
YDR009W,2,0.0,0.17077865274686468,4.084853899468399e-07,1.0,1.0,0.0,2.011111111111111,0,0.10192,-0.24462,35.31425,6.51349,59.0,56.0,47800.0,0.0,0.82232,0.00011,0.0,0.0,0.5
YBL014C,3,0.0,0.1799294577822284,5.026913220437657e-07,1.0,1.0,0.3333333333333333,11.5,1,0.08389,-0.48501,50.64408,5.02679,132.0,95.0,107550.0,0.0,1.05392,5e-05,0.3167384070100485,0.16241202693656576,0.5812060134682828
YML043C,3,0.0,0.1799294577822284,5.026913220437657e-07,1.0,0.0,0.5,10.95,1,0.09665,-0.7572,58.48817,5.7066,79.0,68.0,78435.0,0.0,1.32372,0.0001,0.6832615929899515,0.2887195853553551,0.5
YLR141W,2,0.0,0.16565486259385764,1.1745335137898083e-08,1.0,2.0,0.5,2.0,1,0.07438,-0.71185,57.86669,6.38629,57.0,53.0,66515.0,0.0,1.59431,0.00015,0.6832615929899515,0.2887195853553551,0.5721798963388388
YDR404C,12,0.0,0.18083735871599194,9.619045254028343e-07,1.0,11.0,0.5,51.64285714285714,1,0.09942,-0.00936,37.39591,7.66681,18.0,19.0,9440.0,0.0,0.49533,0.0004,0.6832615929899515,0.2887195853553551,0.5131236175161525
YOL005C,12,0.0,0.18083735871599194,9.619045254028343e-07,1.0,11.0,1.0,90.83333333333331,1,0.1,-0.36417,14.41167,5.39105,19.0,16.0,8605.0,0.0,0.63201,0.0004,0.6832615929899515,0.40591527534130006,0.5184506943336955
YDL005C,20,0.0,0.20245760168491292,2.6992178360966996e-05,1.0,15.718466195761856,1.0,124.53809523809524,0,0.0464,-1.26288,41.47842,4.37006,66.0,35.0,14565.0,0.0,0.30524,9e-05,0.0,0.0,0.5
YGL025C,20,0.0,0.20245760168491292,2.6992178360966996e-05,1.0,10.203208556149733,1.0,121.99246031746031,0,0.03526,-0.67531,39.78942,8.75714,26.0,29.0,9190.0,0.0,0.21333,0.0002,0.0,0.0,0.5
YGL151W,20,0.0,0.20245760168491292,2.6992178360966996e-05,1.0,8.938331318016928,1.0,107.66865079365078,0,0.09629,-0.1917,36.59657,5.00433,147.0,106.0,96495.0,0.0,0.74923,4e-05,0.0,0.0,0.5
YHR058C,20,0.0,0.20245760168491292,2.6992178360966996e-05,1.0,8.343859649122807,1.0,155.0666666666667,1,0.08475,-0.47898,46.92441,5.19952,29.0,24.0,34380.0,0.0,1.04758,0.00016,0.6832615929899515,0.40591527534130006,0.5243241912262975
YLR071C,20,0.0,0.20245760168491292,2.6992178360966996e-05,1.0,12.020022246941046,1.0,107.66865079365078,1,0.07394,-0.25148,39.18384,8.86725,104.0,116.0,95325.0,0.0,0.77276,7e-05,0.3167384070100485,0.24054770888719992,0.5100061257768644
YMR112C,20,0.0,0.20245760168491292,2.6992178360966996e-05,1.0,6.764102564102564,1.0,227.66666666666663,1,0.05217,-0.69826,44.6027,5.47382,18.0,16.0,3105.0,0.0,0.23333,0.00041,0.6832615929899515,0.40591527534130006,0.5300051094357671
YNR010W,20,0.0,0.20245760168491292,2.6992178360966996e-05,1.0,9.902944383860415,1.0,128.41785714285714,0,0.04698,-1.01477,37.49,5.94965,22.0,19.0,10095.0,0.0,0.58097,0.00034,0.0,0.0,0.5
YOR174W,20,0.0,0.20245760168491292,2.6992178360966996e-05,1.0,15.971745711402624,1.0,145.31666666666666,1,0.05986,-0.73204,43.90317,4.53595,62.0,37.0,13200.0,0.0,0.40988,0.00014,0.6832615929899515,0.40591527534130006,0.5127072920730107
YPR168W,20,0.0,0.20245760168491292,2.6992178360966996e-05,1.0,9.920145190562613,1.0,139.63333333333335,1,0.05732,-0.71783,48.26688,4.87555,25.0,18.0,7450.0,0.0,0.41602,0.00027,0.6832615929899515,0.40591527534130006,0.5204591398383696
YCR042C,11,0.0,0.18801289679552768,1.3682568617300293e-06,1.0,4.10091743119266,1.0,36.36480186480186,1,0.08529,-0.41862,41.79752,5.46307,209.0,172.0,155780.0,0.0,0.96477,3e-05,0.3167384070100485,0.24054770888719992,0.5293285237904976
YML098W,11,0.0,0.18801289679552768,1.3682568617300293e-06,1.0,4.079667063020214,1.0,71.0,1,0.05389,-1.14311,47.0479,5.65582,32.0,30.0,6210.0,0.0,0.32459,0.0003,0.6832615929899515,0.40591527534130006,0.5497485786304334
YMR227C,11,0.0,0.18801289679552768,1.3682568617300293e-06,1.0,3.4686648501362396,1.0,36.36480186480186,1,0.03729,-1.10881,55.01593,4.49579,165.0,86.0,31525.0,0.0,0.46666,7e-05,0.6832615929899515,0.40591527534130006,0.5585117462883964
YDR086C,2,0.0,0.13117237040023372,2.5896217353586253e-10,1.0,1.0,0.5,0.0,1,0.075,0.00875,16.97875,9.47943,9.0,14.0,4595.0,0.0,0.51378,0.00106,0.6832615929899515,0.2887195853553551,0.6443597926776775
YER087CA,2,0.0,0.13117237040023372,2.5896217353586253e-10,1.0,0.0,0.0,0.0,0,0.0,0.0,0.0,0.0,0.0,0.0,0.0,0.0,0.0,0.0,0.0,0.0,0.0
YBR171W,3,0.0,0.11208502274561084,1.9046203551970737e-11,1.0,2.9002079002079,0.5,4.633333333333334,0,0.1068,-0.40485,41.51408,6.77374,31.0,31.0,27305.0,0.0,1.12688,0.00028,0.0,0.0,0.5
YLR292C,3,0.0,0.11208502274561084,1.9046203551970737e-11,1.0,1.9866666666666666,0.0,6.666666666666668,0,0.05181,-0.1,36.43109,5.56244,25.0,22.0,14355.0,0.0,0.66437,0.00026,0.0,0.0,0.5
YPL094C,3,0.0,0.11208502274561084,1.9046203551970737e-11,1.0,2.0,0.5,5.083333333333334,1,0.12044,-0.27445,43.47044,9.73102,24.0,43.0,39225.0,0.0,1.25135,0.00031,0.6832615929899515,0.2887195853553551,0.5721798963388388
YDL232W,8,0.0,0.14855130077657036,2.9755014987966566e-08,1.0,3.851063829787234,0.5,4.583333333333334,1,0.05556,0.66111,38.83889,4.5351,3.0,1.0,1490.0,0.0,0.37393,0.00114,0.6832615929899515,0.2887195853553551,0.5374856920212754
YGL226CA,8,0.0,0.14855130077657036,2.9755014987966566e-08,1.0,0.0,0.0,4.583333333333334,0,0.0,0.0,0.0,0.0,0.0,0.0,0.0,0.0,0.0,0.0,0.0,0.0,0.0
YML019W,8,0.0,0.14855130077657036,2.9755014987966566e-08,1.0,1.974074074074074,0.5,8.083333333333334,0,0.1506,0.39337,50.0362,8.68365,21.0,26.0,55195.0,0.0,1.45671,0.00023,0.0,0.0,0.5
YOR085W,8,0.0,0.14855130077657036,2.9755014987966566e-08,1.0,1.6305309734513274,0.5,4.583333333333334,0,0.13143,0.40343,35.58714,8.68768,24.0,28.0,36035.0,0.0,0.91267,0.00022,0.0,0.0,0.5
YOR103C,8,0.0,0.14855130077657036,2.9755014987966566e-08,1.0,1.345132743362832,0.5,17.0,1,0.14615,0.68385,30.50615,9.43231,6.0,13.0,3605.0,0.0,0.24528,0.00064,0.6832615929899515,0.2887195853553551,0.6073201090301155
YIR022W,2,0.0,0.11508887779554575,3.9397040440739264e-11,1.0,1.0,0.5,0.0,1,0.11976,0.09042,31.29521,9.1861,12.0,16.0,27055.0,0.0,1.44205,0.00049,0.6832615929899515,0.2887195853553551,0.6443597926776775
YML055W,2,0.0,0.11508887779554575,3.9397040440739264e-11,1.0,1.0,0.5,0.0,0,0.15169,-0.34157,27.15112,9.2215,22.0,28.0,30370.0,0.0,1.45998,0.00044,0.0,0.0,0.5
YDL092W,5,0.0,0.15957959925553045,2.3755746550222127e-07,1.0,0.0,0.5,12.0,1,0.07534,-0.82945,35.9137,9.72028,16.0,28.0,11710.0,0.0,0.71274,0.00059,0.6832615929899515,0.2887195853553551,0.5
YKL122C,5,0.0,0.15957959925553045,2.3755746550222127e-07,1.0,0.0,0.5,20.0,1,0.04192,-0.93533,24.92216,10.39069,11.0,37.0,4470.0,0.0,0.24261,0.00056,0.6832615929899515,0.2887195853553551,0.5
YML105C,5,0.0,0.15957959925553045,2.3755746550222127e-07,1.0,1.0,0.0,13.333333333333334,1,0.07326,-0.74029,43.74139,9.14032,39.0,46.0,9315.0,0.0,0.29885,0.00029,0.6832615929899515,0.0,0.5
YPL210C,5,0.0,0.15957959925553045,2.3755746550222127e-07,1.0,0.0,0.4,14.833333333333332,1,0.07969,-0.50141,37.21736,9.44171,76.0,103.0,58175.0,0.0,0.79107,0.00013,0.6832615929899515,0.2522979112013212,0.5
YPL243W,5,0.0,0.15957959925553045,2.3755746550222127e-07,1.0,0.0,0.5,11.7,1,0.0818,-0.50902,38.602,8.82233,79.0,87.0,61240.0,0.0,0.88747,0.00013,0.6832615929899515,0.2887195853553551,0.5
YKL154W,1,0.0,0.14505314666305927,2.2721346287119225e-07,0.0,1.0,0.5,0.0,1,0.06148,-0.11352,38.54426,7.61444,31.0,32.0,18825.0,0.0,0.6979,0.00028,0.6832615929899515,0.2887195853553551,0.6443597926776775
YBL084C,10,0.0,0.15791757811282744,3.2188061556243414e-07,1.0,9.772357723577235,0.5,16.795238095238098,1,0.08971,-0.43113,45.08524,8.88263,58.0,72.0,83140.0,0.0,0.9736,0.0001,0.6832615929899515,0.2887195853553551,0.5147722583189305
YDL008W,10,0.0,0.15791757811282744,3.2188061556243414e-07,1.0,9.772357723577235,0.0,16.795238095238098,1,0.07879,-0.51091,50.38242,4.72406,29.0,15.0,20605.0,0.0,1.09224,0.00025,0.6832615929899515,0.0,0.5
YDR118W,10,0.0,0.15791757811282744,3.2188061556243414e-07,1.0,9.772357723577235,0.5,24.6,1,0.1135,-0.24847,35.54344,5.56207,91.0,78.0,81680.0,0.0,1.08538,7e-05,0.6832615929899515,0.2887195853553551,0.5147722583189305
YFR036W,10,0.0,0.15791757811282744,3.2188061556243414e-07,1.0,9.772357723577235,1.0,16.795238095238098,0,0.04839,-1.23306,50.4525,4.51569,24.0,10.0,4470.0,0.0,0.31746,0.00032,0.0,0.0,0.5
YGL240W,10,0.0,0.15791757811282744,3.2188061556243414e-07,1.0,9.772357723577235,0.5,16.795238095238098,0,0.096,-0.3652,42.94684,5.383,34.0,23.0,32805.0,0.0,1.14,0.00019,0.0,0.0,0.5
YLR102C,10,0.0,0.15791757811282744,3.2188061556243414e-07,1.0,10.0,0.5,26.666666666666668,0,0.07925,-0.87434,55.23849,5.34467,47.0,35.0,25160.0,0.0,0.8154,0.00017,0.0,0.0,0.5
YNL172W,10,0.0,0.15791757811282744,3.2188061556243414e-07,1.0,9.772357723577235,0.3333333333333333,2.4,1,0.08982,-0.18621,42.75327,5.6629,210.0,180.0,196400.0,0.0,1.00123,3e-05,0.3167384070100485,0.16241202693656576,0.508309766769217
YOR249C,10,0.0,0.15791757811282744,3.2188061556243414e-07,1.0,9.772357723577235,1.0,17.0,1,0.10073,-0.16496,41.54352,5.08966,93.0,71.0,80230.0,0.0,1.01206,6e-05,0.6832615929899515,0.40591527534130006,0.5207685436218719
YER090W,1,0.0,0.00043122035360068997,1.526654176624869e-14,0.0,1.0,0.0,0.0,0,0.07692,-0.33669,40.08582,5.56146,67.0,55.0,44530.0,0.0,0.78444,0.0001,0.0,0.0,0.5
YKL211C,1,0.0,0.00043122035360068997,1.526654176624869e-14,0.0,1.0,0.0,0.0,0,0.07438,-0.13822,41.81944,6.44684,56.0,52.0,41465.0,0.0,0.77521,0.00012,0.0,0.0,0.5
YOR303W,1,0.0,0.13190091073369326,1.1585621110194168e-09,0.0,1.0,0.0,0.0,0,0.09489,-0.20365,31.98321,6.85895,38.0,37.0,44320.0,0.0,0.97705,0.00015,0.0,0.0,0.5
