protein,degree,betweenness,closeness,eigenvector,clustering,OS,P_Ci,GO_Nb,essential,phys_1,phys_2,phys_3,phys_4,phys_5,phys_6,phys_7,phys_8,phys_9,phys_10,N_c,Sim_Loc,Ortho_Sim_Loc
Q0045,1,0.0,0.1760272734595609,4.138306275741053e-06,0.0,0.0,0.0,0.0,0,0.0,0.0,0.0,0.0,0.0,0.0,0.0,0.0,0.0,0.0,0.0,0.0,0.0
YGL187C,4,0.0003213039506474227,0.2153107530712338,0.00012462530033093566,0.0,0.0,0.0,0.0,0,0.06452,-0.39742,35.74774,6.4129,19.0,18.0,18950.0,0.0,1.10545,0.00037,0.0,0.0,0.0
Q0085,1,0.0,0.15015102049920223,1.1019210255386665e-06,0.0,1.0,0.0,0.0,0,0.14672,1.0973,29.5749,7.85052,8.0,9.0,44015.0,0.0,1.51261,0.00027,0.0,0.0,0.5
YPL078C,3,0.000429137323943662,0.17782603828086763,3.648770311470142e-05,0.0,1.5607940446650124,0.0,0.0,0,0.05738,-0.12705,48.44467,9.15887,27.0,32.0,14565.0,0.0,0.54095,0.00034,0.0,0.0,0.5
Q0250,2,1.4232664014849951e-05,0.18668947023614993,8.050506089559784e-06,0.0,0.0,0.0,0.0,0,0.12351,0.35339,37.19291,4.44708,30.0,13.0,48860.0,0.0,1.71037,0.00016,0.0,0.0,0.0
YER154W,5,0.0042731179908230684,0.22469198673321106,0.0001899276366861458,0.0,2.0,0.0,0.0,0,0.08458,-0.1199,40.33607,10.13007,24.0,44.0,54555.0,0.0,1.21733,0.00023,0.0,0.0,0.5
Q0275,2,1.7197032354382704e-05,0.19013953193880542,1.02438799025522e-05,0.0,0.0,0.0,0.0,0,0.1487,0.69033,32.18818,6.54657,12.0,9.0,72100.0,0.0,2.37489,0.00022,0.0,0.0,0.0
YAL001C,4,4.909131342564935e-05,0.19883872621051543,2.918020544930162e-05,0.16666666666666666,1.0,0.5,4.5,1,0.07931,-0.51155,31.93959,9.37933,152.0,189.0,135525.0,0.0,1.02588,7e-05,0.05900181244167522,0.05277425862356333,0.5263871293117817
YDR362C,2,1.6087911703123373e-05,0.18846168064529067,1.620812655885514e-05,0.0,0.0,1.0,0.0,1,0.08631,-0.31592,38.02146,6.15497,87.0,80.0,68645.0,0.0,0.91885,8e-05,0.08971985818844534,0.08233295696528463,0.5
YER148W,14,0.001452584244224519,0.24305685655357123,0.0006585479064982717,0.15384615384615385,10.730612244897959,1.0,12.652614379084968,1,0.09167,-0.24708,36.18667,9.39252,29.0,37.0,14690.0,0.0,0.54402,0.00035,0.08971985818844534,0.08233295696528463,0.5038363587783368
YGR246C,5,0.00016671917964276062,0.1965193414963766,2.4068501281430435e-05,0.1,3.755924170616114,1.0,3.4333333333333336,1,0.0604,-0.62819,45.59096,6.47943,94.0,90.0,34015.0,0.0,0.5084,0.0001,0.08971985818844534,0.08233295696528463,0.5109604125676183
YAL002W,10,0.0003673077668796181,0.27778382646778116,0.02970478930684556,0.28888888888888886,5.4414019715224535,0.0,13.55768398268398,0,0.09655,-0.09035,42.48871,5.57721,149.0,120.0,154750.0,0.0,1.06753,4e-05,0.0,0.0,0.5
YOR089C,17,0.002264709918532826,0.2689330444110298,0.016855325607225864,0.16176470588235295,11.376387487386479,0.0,17.52012987012987,0,0.06667,-0.34524,22.42667,5.25189,30.0,24.0,15720.0,0.0,0.68109,0.00023,0.0,0.0,0.5
YAL003W,3,8.756057347855633e-05,0.1901309828838196,9.615444170544182e-05,0.0,1.9469122426868906,0.0,0.0,1,0.07767,-0.4165,42.12621,4.29535,44.0,20.0,21095.0,0.0,0.9323,0.00019,0.08971985818844534,0.0,0.5
YBR118W,2,2.816353930123116e-06,0.17840371220179016,3.407611744690191e-05,0.0,1.9142259414225942,0.0,0.0,0,0.0,0.0,0.0,0.0,0.0,0.0,0.0,0.0,0.0,0.0,0.0,0.0,0.5
YKL081W,3,0.00029721232427209083,0.23601625218055658,0.0032935107799548623,0.0,1.8613217768147345,0.0,0.0,0,0.11893,-0.39563,35.82551,7.62738,55.0,56.0,84590.0,0.0,1.81838,0.00016,0.0,0.0,0.5
YPR080W,2,2.816353930123116e-06,0.17840371220179016,3.407611744690191e-05,0.0,0.0,0.0,0.0,0,0.0,0.0,0.0,0.0,0.0,0.0,0.0,0.0,0.0,0.0,0.0,0.0,0.0
YAL004W,1,0.0,0.2058263903781471,0.00026425463372451574,0.0,1.0,0.0,0.0,0,0.07907,-0.01814,24.21209,5.23712,21.0,14.0,27750.0,0.0,1.16895,0.00022,0.0,0.0,0.5
YML109W,20,0.0014030203833402632,0.261644795837089,0.009271408971667066,0.09473684210526316,13.382165605095542,0.0,45.75833333333333,0,0.04671,-0.84055,49.46688,5.22443,152.0,113.0,49070.0,0.0,0.46514,5e-05,0.0,0.0,0.5
YAL005C,8,0.0020546801814163187,0.2601158387352545,0.008002801584424348,0.10714285714285714,6.288597376387488,0.0,4.3127828054298645,0,0.06075,-0.43847,32.08911,4.99786,100.0,79.0,20775.0,0.0,0.29825,7e-05,0.0,0.0,0.5
YAL040C,18,0.000997881047175211,0.24490086235704128,0.003777226033686651,0.12418300653594772,15.884964682139254,0.0,46.243500127323664,0,0.09828,-0.26103,52.87571,9.23309,40.0,56.0,60165.0,0.0,0.92576,0.00014,0.0,0.0,0.5
YER151C,7,0.0016647213807581616,0.24700369102330796,0.006109281095828284,0.09523809523809523,3.231818181818182,0.0,0.0,0,0.07456,-0.79452,48.38148,7.65985,109.0,110.0,81890.0,0.0,0.80351,8e-05,0.0,0.0,0.5
YJL061W,9,0.000537269048221358,0.25020431869824455,0.0011002794327545145,0.1111111111111111,4.732041049030787,0.25,16.94102564102564,1,0.08976,-0.34516,47.52344,5.21588,98.0,79.0,75955.0,0.0,0.92533,6e-05,0.05900181244167522,0.047735814213720786,0.5050438926584859
YLR310C,12,0.0018683278868104238,0.23228251526058952,0.0007995552122176542,0.06060606060606061,9.455186304128903,0.0,7.446428571428571,1,0.08496,-0.52624,46.51606,6.66473,187.0,181.0,140510.0,0.0,0.78458,4e-05,0.05900181244167522,0.0,0.5
YNL064C,11,0.0012015838185703252,0.252852379234575,0.004348064218301994,0.09090909090909091,8.676737160120846,0.0,7.769796380090497,0,0.07579,-0.53814,34.45064,5.95148,65.0,60.0,23265.0,0.0,0.52082,0.00013,0.0,0.0,0.5
YNL189W,145,0.05679812445910591,0.30093247867342954,0.017120974980185007,0.003544061302681992,119.65361445783132,0.3333333333333333,31.03333333333333,1,0.06458,-0.35738,43.3598,4.80072,76.0,56.0,57380.0,0.0,0.94936,8e-05,0.8512783293698793,0.23953794484495544,0.5010009640992892
YPL240C,10,0.00038460308916748765,0.23688886842860524,0.0009884264661747678,0.13333333333333333,9.350453172205437,0.0,10.521703296703295,0,0.08181,-0.57532,43.20145,4.84198,142.0,104.0,57300.0,0.0,0.70388,6e-05,0.0,0.0,0.5
YAL009W,5,9.824153215063531e-05,0.21950185259896351,0.00018879950669817774,0.2,1.6984126984126984,0.6666666666666666,3.892857142857143,0,0.11969,-0.32085,51.829,10.02911,25.0,41.0,45170.0,0.0,1.50001,0.00033,0.0,0.0,0.5
YDL116W,24,0.012492606895661345,0.25903235469029295,0.00129712604082909,0.0036231884057971015,16.291880781089414,0.25,2.017857142857143,0,0.08953,-0.21956,42.98912,4.7547,114.0,69.0,92095.0,0.0,1.10116,6e-05,0.0,0.0,0.5
YGL100W,2,2.1147965572080475e-05,0.21449166575293088,0.00038801667838934576,0.0,1.8703506907545164,0.2,0.0,0,0.08596,-0.45673,54.09802,5.31378,50.0,37.0,80410.0,0.0,2.05535,0.00014,0.0,0.0,0.5
YHR004C,8,0.0012109885283143349,0.2491869882332959,0.004404511175201754,0.14285714285714285,2.1439588688946016,0.6666666666666666,12.285714285714286,0,0.08072,-0.47489,47.74664,8.9931,53.0,61.0,50350.0,0.0,0.99426,0.00018,0.0,0.0,0.5
YKL057C,8,0.0004190088855812646,0.22833170574076847,0.0002366604368967547,0.03571428571428571,2.3355525965379496,0.25,2.017857142857143,0,0.12825,-0.11794,41.2771,5.03241,130.0,86.0,134730.0,0.0,1.11859,4e-05,0.0,0.0,0.5
YML103C,4,1.9233215259754226e-05,0.20485917984299157,0.00011317140280870529,0.16666666666666666,1.0,0.25,2.017857142857143,0,0.09728,0.02097,37.86733,5.38654,186.0,151.0,139020.0,0.0,0.73721,3e-05,0.0,0.0,0.5
YAL011W,18,0.0027211991821899342,0.2811824715951215,0.047580909696924446,0.2222222222222222,10.930660888407367,1.0,21.627006327006328,0,0.0544,-1.10736,60.39984,9.18475,109.0,125.0,54235.0,0.0,0.74793,0.00013,0.0,0.0,0.5
YDL181W,6,0.00019757796180554327,0.2457976743965957,0.007332055054929459,0.0,4.731388329979879,0.0,0.0,0,0.05882,-1.11059,62.52129,10.07208,13.0,19.0,1490.0,0.0,0.15096,0.00102,0.0,0.0,0.5
YHR158C,17,0.004697391788795602,0.2672335180939732,0.009410289753797369,0.051470588235294115,8.55093099671413,0.0,8.69047619047619,0,0.06529,-0.73969,42.52337,5.20721,180.0,132.0,93335.0,0.0,0.71198,4e-05,0.0,0.0,0.5
YIR018W,4,0.00039737771572214407,0.21840218935642144,0.0013606763303242902,0.0,1.7302551640340218,0.5,0.0,0,0.02857,-1.04163,56.25224,8.91217,36.0,43.0,12460.0,0.0,0.43895,0.00031,0.0,0.0,0.5
YOR127W,13,0.0014690163020370857,0.2740927657712621,0.027982742438601705,0.16666666666666666,6.030818278427205,0.0,17.014485514485518,0,0.06356,-0.67269,57.20089,6.02948,135.0,124.0,76315.0,0.0,0.67637,5e-05,0.0,0.0,0.5
YOR269W,27,0.0012463986100401455,0.2736316287251865,0.06526815493657775,0.21937321937321938,19.187568157033805,0.3333333333333333,45.99441391941392,0,0.09312,-0.36215,28.89838,7.31879,52.0,52.0,100140.0,0.0,1.75993,0.00013,0.0,0.0,0.5
YAL013W,71,0.006611745960459799,0.297356247121794,0.0548792136561087,0.03460764587525151,43.69655891553702,0.5,89.89943545017076,0,0.06173,-0.99827,58.74123,4.59406,88.0,48.0,35590.0,0.0,0.7576,0.0001,0.0,0.0,0.5
YBL008W,6,0.0001407741946658443,0.24755316650971973,0.0064940020769966205,0.13333333333333333,2.887323943661972,0.5,0.0,0,0.06905,-0.38107,42.53476,6.72076,109.0,106.0,110485.0,0.0,1.17717,7e-05,0.0,0.0,0.5
YBL027W,4,0.00011227962413357086,0.24195818448927345,0.004284811314053612,0.0,1.0,0.0,0.0,0,0.03704,-0.95079,41.63757,11.35272,19.0,51.0,16960.0,0.0,0.78143,0.00052,0.0,0.0,0.5
YBR103W,22,0.008526857734687242,0.28304572893701685,0.045376971001155224,0.12121212121212122,17.725252525252525,1.0,44.2,0,0.0785,-0.28991,28.79964,4.81085,75.0,45.0,88975.0,0.0,1.50396,8e-05,0.0,0.0,0.5
YBR171W,14,0.0008254369156974884,0.2740394783435313,0.042176681209505504,0.26373626373626374,9.211477151965994,0.5,46.4,0,0.1068,-0.40485,41.51408,6.77374,31.0,31.0,27305.0,0.0,1.12688,0.00028,0.0,0.0,0.5
YCR033W,5,6.628479538630255e-05,0.25896890136070994,0.016681246790079818,0.2,3.6882168925964547,1.0,2.023809523809524,0,0.06444,-0.99796,58.62816,9.16632,160.0,182.0,99630.0,0.0,0.71989,7e-05,0.0,0.0,0.5
YDL002C,7,0.00030133054600523125,0.2568142348062087,0.007164523444141141,0.19047619047619047,4.147558386411889,1.0,8.5,0,0.05419,-1.19557,51.61281,7.64508,40.0,41.0,17670.0,0.0,0.74067,0.00032,0.0,0.0,0.5
YDL074C,20,0.004189334760021941,0.28276183151581624,0.025364143634136693,0.1368421052631579,9.547692307692307,1.0,18.09105339105339,0,0.04857,-0.805,44.4033,6.06927,127.0,119.0,29015.0,0.0,0.35958,8e-05,0.0,0.0,0.5
YDL080C,3,1.3218239149569024e-06,0.23974958557200543,0.003606499047550173,0.0,2.4056603773584904,1.0,0.0,0,0.10016,-0.11806,38.60657,5.95087,61.0,53.0,85145.0,0.0,1.24544,9e-05,0.0,0.0,0.5
YDR146C,8,0.0005607956478479493,0.25907996509735526,0.007319553486296398,0.03571428571428571,6.62749445676275,0.3333333333333333,2.5,0,0.06206,-0.90874,56.71805,8.86139,86.0,96.0,41925.0,0.0,0.52555,0.00011,0.0,0.0,0.5
YDR181C,1,0.0,0.22730075200596817,0.001576950532922718,0.0,1.0,1.0,0.0,0,0.04366,-0.84782,53.45967,9.47992,69.0,88.0,27555.0,0.0,0.4973,0.00017,0.0,0.0,0.5
YDR334W,13,0.00019027967541176003,0.27446635881865594,0.044696287913030784,0.2692307692307692,6.466955579631636,1.0,14.75887445887446,0,0.07926,-0.7531,44.02941,5.86005,252.0,222.0,126780.0,0.0,0.72642,3e-05,0.0,0.0,0.5
YDR363W-A,11,0.0004358621122947323,0.256549365426138,0.0111082553654467,0.09090909090909091,1.9686868686868686,0.0,0.0,0,0.07865,-1.23933,27.93483,4.16241,25.0,11.0,17990.0,0.0,1.73214,0.0004,0.0,0.0,0.5
YDR392W,20,0.0007771454453653451,0.25364102629072893,0.004100925403595669,0.45789473684210524,6.902777777777778,1.0,60.955872850919285,0,0.06231,-0.82047,43.74896,7.7619,54.0,55.0,32220.0,0.0,0.83042,0.0002,0.0,0.0,0.5
YDR485C,12,0.0006060433455228056,0.27451981240710416,0.041909077885834686,0.24242424242424243,6.601300108342362,1.0,28.5,0,0.05031,-1.1239,56.68881,5.09357,149.0,118.0,45755.0,0.0,0.50514,6e-05,0.0,0.0,0.5
YER016W,109,0.016075960175843985,0.3086644664466447,0.18206532257650535,0.11824668705402651,19.060653188180403,0.0,811.3438977688977,1,0.07849,-0.61628,37.08113,5.25543,48.0,36.0,36370.0,0.0,0.94809,0.00014,0.8512783293698793,0.0,0.5
YER111C,22,0.002845339302306969,0.2829889038559213,0.03272607928906249,0.2943722943722944,14.095959595959595,0.0,42.39455266955267,0,0.05947,-0.83943,53.37833,8.85895,110.0,122.0,64595.0,0.0,0.52175,7e-05,0.0,0.0,0.5
YER139C,3,5.823629616458708e-07,0.24797415060804737,0.004628385712998992,0.6666666666666666,1.0,0.5,6.333333333333333,0,0.0885,-0.61681,41.2381,4.82135,45.0,29.0,16680.0,0.0,0.63569,0.00018,0.0,0.0,0.5
YFR010W,8,0.00014991506224138002,0.2572203887055372,0.015500392791235303,0.14285714285714285,5.404040404040404,0.0,4.666666666666666,0,0.09218,-0.65511,45.79782,6.71246,72.0,71.0,42455.0,0.0,0.74339,0.00012,0.0,0.0,0.5
YGL127C,79,0.029383287034883753,0.3040263994765283,0.02772627005222823,0.009737098344693282,52.668668668668666,1.0,64.9595238095238,0,0.12598,-0.2811,41.61811,4.44501,13.0,7.0,32805.0,0.0,2.22547,0.0003,0.0,0.0,0.5
YGL133W,2,0.0,0.23868054356375412,0.004984792969584086,1.0,1.0,1.0,0.0,0,0.07674,-0.76733,45.53909,5.49921,209.0,182.0,148430.0,0.0,1.01915,4e-05,0.0,0.0,0.5
YGL149W,3,0.00023090431819942036,0.24365907175563423,0.0017420468723798562,0.0,1.6051873198847262,0.0,0.0,0,0.20792,1.11584,48.14059,9.05731,2.0,5.0,8855.0,0.0,0.76042,0.00078,0.0,0.0,0.5
YGL161C,12,0.0013069735011943652,0.2535649811308408,0.0033982320826786484,0.15151515151515152,4.5511904761904765,0.0,18.75,0,0.11613,-0.17387,40.04587,4.78668,34.0,23.0,44140.0,0.0,1.26683,0.00014,0.0,0.0,0.5
YGL167C,8,4.9785746811823115e-05,0.2530945170169399,0.013842681265411248,0.21428571428571427,2.0,0.0,14.726190476190474,0,0.06211,0.01853,40.41137,5.47247,115.0,98.0,41630.0,0.0,0.39811,5e-05,0.0,0.0,0.5
YGL194C,6,1.0757769196128023e-05,0.26141834757165133,0.02444837491461197,0.26666666666666666,4.153535353535354,1.0,4.773809523809524,0,0.10841,-0.38916,37.27923,4.99799,67.0,42.0,46270.0,0.0,0.89924,0.0001,0.0,0.0,0.5
YGL244W,15,0.0013323690434932324,0.2740394783435313,0.025677170722806304,0.22857142857142856,10.061430010070493,1.0,27.83051948051948,0,0.08781,-1.35197,47.29717,5.26288,124.0,104.0,43000.0,0.0,0.65282,8e-05,0.0,0.0,0.5
YGR105W,8,0.0005097231278834294,0.2522039237978787,0.006662722059488837,0.25,3.741080530071356,0.25,18.6,0,0.07792,0.69351,30.10779,5.11932,8.0,6.0,1490.0,0.0,0.17665,0.00061,0.0,0.0,0.5
YGR181W,4,6.303587680962567e-05,0.24254104905758717,0.003619343622891063,0.0,3.601441812564367,0.0,0.0,0,0.05714,-0.27619,52.02,8.38409,9.0,11.0,10470.0,0.0,0.92772,0.00074,0.0,0.0,0.5
YGR182C,6,0.00033144057237688375,0.2582887362765106,0.004639951626319343,0.06666666666666667,3.0849056603773586,0.0,0.0,0,0.13675,0.21026,57.30427,9.3891,7.0,14.0,19410.0,0.0,1.42596,0.00069,0.0,0.0,0.5
YGR200C,7,1.3068825348853295e-05,0.25626951035204126,0.016372152181526118,0.38095238095238093,3.4178082191780823,0.5,4.303113553113553,0,0.09772,-0.29036,36.45445,5.35797,114.0,87.0,160695.0,0.0,1.79729,6e-05,0.0,0.0,0.5
YGR270W,7,2.6962659553399614e-05,0.26101494909690953,0.035303794718123546,0.5714285714285714,1.5534934497816595,0.0,6.115384615384615,0,0.06744,-0.80138,50.73446,5.06854,247.0,192.0,85230.0,0.0,0.54147,3e-05,0.0,0.0,0.5
YHR041C,24,0.0023652556504798043,0.25954110294721855,0.0036291804836885333,0.021739130434782608,11.407407407407407,1.0,4.063157894736842,0,0.06667,-0.00762,27.24905,5.23834,26.0,20.0,18700.0,0.0,0.81681,0.00023,0.0,0.0,0.5
YHR060W,14,0.004091001656463678,0.2803064556753966,0.007668636777314009,0.07692307692307693,4.475862068965517,0.0,23.0,0,0.07735,-0.9442,62.76409,5.44366,29.0,26.0,20525.0,0.0,0.97379,0.00026,0.0,0.0,0.5
YHR178W,22,0.002823896850932673,0.27236269421093856,0.03521468306534018,0.04329004329004329,13.053550640279395,1.0,5.869047619047619,0,0.07806,-0.37968,46.00054,8.78339,77.0,89.0,84655.0,0.0,1.01417,0.00011,0.0,0.0,0.5
YHR200W,12,0.0009190175660340634,0.2749660699862821,0.022925820236369764,0.16666666666666666,8.604796663190823,0.0,27.4,0,0.05224,-0.50709,50.24515,4.7265,40.0,23.0,3105.0,0.0,0.10438,0.00016,0.0,0.0,0.5
YJL115W,9,5.9700596764125814e-05,0.2649231418568495,0.015949338090620466,0.2777777777777778,6.466666666666667,1.0,4.55672268907563,0,0.05735,-1.07814,75.08172,3.87701,93.0,23.0,21680.0,0.0,0.68601,0.00012,0.0,0.0,0.5
YJR073C,11,0.0002197388657007902,0.26219637836799553,0.012661390793105092,0.21818181818181817,4.47900113507378,0.3333333333333333,27.714285714285715,0,0.12136,0.22087,36.45194,9.11127,14.0,20.0,33390.0,0.0,1.44233,0.00039,0.0,0.0,0.5
YJR140C,7,0.00016348535553742746,0.2606288561059496,0.008683998823294155,0.19047619047619047,4.540965207631874,1.0,3.939393939393939,0,0.11044,-0.39242,45.21477,5.84882,226.0,198.0,221145.0,0.0,1.15373,3e-05,0.0,0.0,0.5
YKL118W,9,0.00025454823564543844,0.2639475182772007,0.030548839656456862,0.2222222222222222,0.0,0.0,4.067857142857143,0,0.0,0.0,0.0,0.0,0.0,0.0,0.0,0.0,0.0,0.0,0.0,0.0,0.0
YKR029C,4,3.895763811801901e-05,0.24233256104980125,0.004216359965384151,0.3333333333333333,3.5641293013555786,0.0,0.0,0,0.06924,-0.84008,47.32173,8.89532,102.0,116.0,77375.0,0.0,0.90519,0.0001,0.0,0.0,0.5
YLR055C,18,0.0007814035540351529,0.26485677003125596,0.009837863082098447,0.5359477124183006,7.318287037037037,1.0,96.5333333333333,0,0.05814,-0.72508,46.24352,4.28693,123.0,50.0,66070.0,0.0,0.9982,6e-05,0.0,0.0,0.5
YLR085C,60,0.005400465664967933,0.294252535684297,0.0893300381535319,0.10621468926553672,1.0,0.5,395.3166666666667,0,0.11872,-0.34612,41.47443,5.32916,60.0,45.0,63465.0,0.0,1.2682,0.00011,0.0,0.0,0.5
YLR087C,14,0.00041607342601759033,0.26721663129978085,0.016734331614265595,0.15384615384615385,0.0,0.0,17.687229437229437,0,0.10751,-0.26261,39.82656,5.63153,389.0,325.0,402660.0,0.0,1.19041,2e-05,0.0,0.0,0.0
YLR111W,10,0.0003314851162887002,0.25551076678664847,0.015053599316499747,0.5111111111111111,0.0,0.0,21.458297258297257,0,0.0,0.0,0.0,0.0,0.0,0.0,0.0,0.0,0.0,0.0,0.0,0.0,0.0
YLR268W,29,0.003290151485400354,0.2859937231380381,0.029299492097618812,0.09359605911330049,20.65123789020452,0.3333333333333333,65.21626984126985,0,0.14019,-0.30935,41.02196,6.74506,26.0,26.0,29130.0,0.0,1.16253,0.00027,0.0,0.0,0.5
YLR384C,6,0.00024394616316765586,0.2553564728453522,0.011593280228423226,0.26666666666666666,3.0112244897959184,0.5,7.285714285714286,0,0.08895,-0.32157,39.72573,4.95087,214.0,153.0,137210.0,0.0,0.89687,3e-05,0.0,0.0,0.5
YLR418C,111,0.0234507721145561,0.29988675911772444,0.05734052546051563,0.020147420147420148,74.9030303030303,1.0,121.46600066600068,0,0.07888,-0.5659,34.11527,7.71893,49.0,50.0,53775.0,0.0,1.20963,0.00017,0.0,0.0,0.5
YML041C,17,0.00756718924049204,0.2941706567178457,0.04128714193944675,0.17647058823529413,7.912432432432432,1.0,46.75,0,0.075,-0.71714,44.56893,9.58954,29.0,46.0,24255.0,0.0,0.75747,0.0003,0.0,0.0,0.5
YML047C,3,1.3218239149569024e-06,0.23974958557200543,0.003606499047550173,0.0,0.0,0.0,0.0,0,0.0,0.0,0.0,0.0,0.0,0.0,0.0,0.0,0.0,0.0,0.0,0.0,0.0
YMR060C,11,0.0005092821386698754,0.2608217597186845,0.006706595905388972,0.05454545454545454,0.0,0.0,0.0,0,0.0,0.0,0.0,0.0,0.0,0.0,0.0,0.0,0.0,0.0,0.0,0.0,0.0
YMR312W,13,0.005336151308470024,0.26828468407048806,0.0475597075405421,0.358974358974359,1.359375,0.5,23.806135531135528,0,0.08791,-0.07509,45.35319,6.18304,23.0,19.0,16430.0,0.0,0.5374,0.0002,0.0,0.0,0.5
YNL140C,8,0.00025105461166530165,0.26667737846497014,0.031874463851214466,0.2857142857142857,0.0,0.0,4.432142857142857,0,0.04233,-0.20582,49.93228,10.68268,13.0,37.0,5960.0,0.0,0.27494,0.00049,0.0,0.0,0.0
YNL215W,7,0.0002903056137991752,0.27396846066206876,0.013403967139037198,0.23809523809523808,2.7845911949685536,1.0,40.0,0,0.03438,-1.36312,74.23469,4.60895,85.0,54.0,12045.0,0.0,0.33316,0.00013,0.0,0.0,0.5
YNL298W,91,0.011118976861265473,0.30224452793360246,0.12118734214244836,0.09523809523809523,32.445270988310305,0.0,454.3016872016872,0,0.06295,-0.73029,52.71723,9.1767,76.0,94.0,88000.0,0.0,0.93709,0.0001,0.0,0.0,0.5
YOL012C,28,0.003609283111640512,0.288353439503514,0.08115971157344493,0.3253968253968254,14.116700201207243,0.5,149.6883116883117,0,0.02985,-0.34851,40.54403,10.6507,10.0,27.0,4470.0,0.0,0.31297,0.00075,0.0,0.0,0.5
YOR123C,14,0.0009790859378186814,0.26620731446767587,0.01246539785128016,0.13186813186813187,11.613131313131314,1.0,17.299999999999997,0,0.05819,-1.47651,70.42353,4.3277,133.0,62.0,26150.0,0.0,0.48498,8e-05,0.0,0.0,0.5
YOR213C,4,0.0004069422899828176,0.2524448206267704,0.00324284407708211,0.0,2.8789144050104385,1.0,0.0,0,0.09677,-0.40927,53.8004,5.62091,38.0,30.0,28210.0,0.0,0.97215,0.00019,0.0,0.0,0.5
YOR304W,2,2.1636368841439337e-06,0.23131684209392442,0.001932642630532433,0.0,1.9457111834961998,1.0,0.0,0,0.08571,-0.76911,41.91947,6.21246,185.0,174.0,139870.0,0.0,1.07323,5e-05,0.0,0.0,0.5
YPL055C,13,0.0004616555523512666,0.274003964901123,0.023826649608936615,0.19230769230769232,3.3973214285714284,1.0,25.73333333333333,0,0.09036,-1.33795,54.18946,9.27484,32.0,41.0,40480.0,0.0,1.085,0.00025,0.0,0.0,0.5
YPL086C,7,4.1304696896463297e-05,0.2618554207888434,0.014359429473384073,0.19047619047619047,4.126712328767123,0.5,7.25,0,0.08977,-0.52657,26.17163,9.11407,68.0,84.0,68535.0,0.0,1.07664,0.00014,0.0,0.0,0.5
YPL101W,6,4.9373911691733334e-05,0.2549869265749537,0.011962125453007344,0.2,1.0,0.5,2.8166666666666664,0,0.05921,-0.50439,50.14386,9.45197,52.0,63.0,31400.0,0.0,0.61382,0.00018,0.0,0.0,0.5
YPL102C,5,0.0004262237691260155,0.25648712260077833,0.009707733596949446,0.1,1.0,0.0,0.0,0,0.15,0.541,33.9571,8.32269,8.0,10.0,15065.0,0.0,1.29239,0.00071,0.0,0.0,0.5
YPL144W,3,8.198717111764201e-06,0.2486156264518215,0.0070299977326253385,0.0,1.9034810126582278,0.0,0.0,0,0.06081,-0.09459,49.79865,7.71735,17.0,18.0,13325.0,0.0,0.80402,0.00047,0.0,0.0,0.5
YPL174C,50,0.008023255354858906,0.2997167191380702,0.09090403950073858,0.14612244897959184,16.333687566418703,0.0,485.0,0,0.06567,-0.48445,43.6324,5.62201,133.0,116.0,57270.0,0.0,0.57105,6e-05,0.0,0.0,0.5
YPR023C,6,2.0627274777933554e-06,0.2546951268035314,0.03535252163591488,0.6666666666666666,3.1550925925925926,1.0,5.619047619047619,0,0.07481,-0.58504,51.76808,8.49774,51.0,55.0,57590.0,0.0,1.27403,0.00019,0.0,0.0,0.5
YAL014C,4,4.954176337864917e-05,0.22947162960272588,0.0013631033725824177,0.16666666666666666,1.3298969072164948,0.0,2.013888888888889,0,0.03922,-0.50745,46.73843,4.6546,40.0,25.0,7700.0,0.0,0.26507,0.00016,0.0,0.0,0.5
YAL030W,7,5.894178266315962e-05,0.22132854549979233,0.00033765547759167147,0.19047619047619047,1.7583892617449663,0.0,8.344871794871795,0,0.05128,-0.21966,52.72564,7.87848,16.0,17.0,8605.0,0.0,0.65184,0.0006,0.0,0.0,0.5
YMR197C,9,0.00032538712612474303,0.25648712260077833,0.0015143183384597717,0.25,2.4790919952210273,0.0,12.90277777777778,1,0.0553,-0.46728,46.01797,6.18036,31.0,30.0,11460.0,0.0,0.46457,0.00025,0.08971985818844534,0.0,0.5
YOR036W,15,0.001324048096903612,0.25333711899826455,0.0015439466698160666,0.06666666666666667,13.521052631578947,0.0,15.166666666666668,1,0.07292,-0.43507,49.98681,4.85297,47.0,36.0,18450.0,0.0,0.55899,0.00015,0.08971985818844534,0.0,0.5
YAL016W,4,1.164874898036911e-05,0.22421543957152873,0.0005871105743782673,0.16666666666666666,3.458904109589041,0.0,2.840336134453781,0,0.07244,0.08551,41.95386,4.54877,92.0,58.0,57255.0,0.0,0.80747,6e-05,0.0,0.0,0.5
YCR066W,7,0.0008830731375062457,0.2513046407748875,0.0032569123060706005,0.047619047619047616,5.084521384928717,1.0,1.3333333333333333,0,0.05955,-0.75585,48.70413,7.53351,65.0,66.0,35420.0,0.0,0.64132,0.00014,0.0,0.0,0.5
YDL134C,6,0.0002791883969114386,0.2472781235202054,0.0018483491360013966,0.13333333333333333,5.6045314109165805,0.0,5.328571428571428,0,0.09756,-0.45203,33.56046,4.61432,56.0,28.0,50975.0,0.0,1.2155,0.00011,0.0,0.0,0.5
YNL127W,5,9.220604803667928e-05,0.24439133042357003,0.0020005602248637814,0.1,3.6357214934409687,0.0,2.083333333333333,0,0.09444,-0.5596,48.93948,5.42682,144.0,115.0,111755.0,0.0,1.01788,5e-05,0.0,0.0,0.5
YOR014W,11,0.0012442406270453308,0.2699114821164889,0.013647586538430517,0.05454545454545454,8.404040404040405,0.5,3.284313725490196,0,0.07926,-0.56935,49.51863,5.92047,95.0,83.0,56810.0,0.0,0.66574,7e-05,0.0,0.0,0.5
YAL020C,2,8.754253161243886e-08,0.2318367977148592,0.003132151278591995,0.0,0.0,0.0,0.0,0,0.0,0.0,0.0,0.0,0.0,0.0,0.0,0.0,0.0,0.0,0.0,0.0,0.0
YML085C,16,0.000552995948722243,0.2625871330302429,0.030938862470806346,0.2833333333333333,11.645962732919255,0.0,100.0,1,0.0962,-0.32752,31.47673,4.9599,65.0,43.0,51685.0,0.0,1.03786,0.0001,0.08971985818844534,0.0,0.5
YAL021C,9,0.0004201505080546318,0.24335058930304612,0.0029882576967030995,0.08333333333333333,6.175580221997982,0.5,2.2976190476190474,0,0.0908,-0.55998,44.19907,6.36664,85.0,77.0,94865.0,0.0,1.00207,7e-05,0.0,0.0,0.5
YDL160C,15,0.004655095908350106,0.27521660854663405,0.0040322608414866176,0.08571428571428572,13.777551020408163,0.0,5.880952380952381,0,0.08103,-0.38419,47.05555,8.05682,51.0,53.0,32735.0,0.0,0.56888,0.00014,0.0,0.0,0.5
YGL178W,9,0.0007719121058264266,0.2468018670665946,0.0022182453868451013,0.08333333333333333,5.343949044585988,0.0,10.1,0,0.08149,-0.36531,40.66439,8.17694,58.0,61.0,38040.0,0.0,0.39865,9e-05,0.0,0.0,0.5
YGR092W,16,0.0006652978354098855,0.26130527036513823,0.009578142475014378,0.09166666666666666,14.236125126135217,0.25,11.411111111111111,0,0.11014,-0.59441,52.32103,8.86163,74.0,82.0,64010.0,0.0,0.96769,0.00013,0.0,0.0,0.5
YGR116W,8,0.0005594436655298231,0.22523052944442248,0.000500379401998659,0.25,4.767991407089151,1.0,0.0,1,0.08959,-0.78498,47.34144,4.89105,277.0,190.0,152265.0,0.0,0.90478,3e-05,0.05900181244167522,0.055714552844473776,0.5058425601146885
YJL127C,1,0.0,0.19433378631980847,8.566236078714557e-05,0.0,0.0,0.0,0.0,0,0.0,0.0,0.0,0.0,0.0,0.0,0.0,0.0,0.0,0.0,0.0,0.0,0.0
YJR060W,16,0.001109225686402651,0.26132141826220695,0.007578536774834221,0.09166666666666666,2.9516129032258065,0.3333333333333333,7.784632034632034,0,0.02849,-1.2755,55.94473,4.93011,70.0,48.0,23045.0,0.0,0.58509,0.00013,0.0,0.0,0.5
YLR150W,6,0.0007170879466007335,0.2533826586565422,0.005689557837799378,0.0,2.975646879756469,0.3333333333333333,0.0,0,0.03663,-1.2663,36.55531,9.65607,40.0,52.0,9970.0,0.0,0.33239,0.00032,0.0,0.0,0.5
YML032C,36,0.004453844420245987,0.28266732555608504,0.07567770859087837,0.23809523809523808,24.543983822042467,1.0,251.2760989010989,0,0.06369,-0.81146,36.49278,8.21967,64.0,66.0,26150.0,0.0,0.49902,0.00016,0.0,0.0,0.5
YNR052C,9,0.0016171793394322376,0.25695468131002197,0.0015438917239017924,0.16666666666666666,7.6687898089171975,0.5,6.857142857142857,1,0.10393,-0.54988,55.70626,5.77142,35.0,29.0,49975.0,0.0,1.00591,0.00012,0.08971985818844534,0.07606989737809992,0.5049597067642698
YAL023C,6,0.0003187596657376858,0.23988559055587882,0.0021593189244619154,0.3333333333333333,0.0,0.5,2.063492063492064,0,0.14756,-0.05244,38.45233,7.61029,66.0,67.0,200535.0,0.0,2.30848,9e-05,0.0,0.0,0.0
YDL095W,4,9.5822830423569e-06,0.1986985805055461,8.969082974494904e-05,0.6666666666666666,0.0,0.5,0.0,0,0.13709,-0.00245,42.63624,6.21918,81.0,71.0,170725.0,0.0,1.8422,7e-05,0.0,0.0,0.0
YJR143C,4,0.0001076938805492104,0.22705665755578994,0.000525874086406343,0.5,1.0,0.5,0.0,0,0.15879,0.01352,34.01054,6.45697,76.0,69.0,185985.0,0.0,2.1143,7e-05,0.0,0.0,0.5
YOR321W,4,4.215619726898898e-05,0.2121245643500894,0.00011513928654246532,0.5,0.0,0.5,0.0,0,0.14874,0.07809,36.80389,6.43207,72.0,66.0,195495.0,0.0,2.26473,7e-05,0.0,0.0,0.0
YAL024C,19,0.0032151961581904044,0.27498395046943896,0.02407036288263416,0.10526315789473684,0.0,0.0,94.0,0,0.06829,-0.60314,53.06307,6.04987,190.0,173.0,123745.0,0.0,0.75848,4e-05,0.0,0.0,0.0
YAR019C,13,0.0007193328240895354,0.24962828750407506,0.0023181845853290912,0.16666666666666666,11.156862745098039,0.0,31.563492063492067,1,0.09754,-0.10554,45.52642,8.02167,100.0,103.0,111295.0,0.0,1.00957,7e-05,0.05900181244167522,0.0,0.5
YBR140C,2,2.3453820865869083e-06,0.21731348940433898,0.0008343626570747507,0.0,1.0,0.0,0.0,1,0.09832,-0.12274,44.05911,6.12494,344.0,310.0,292420.0,0.0,0.83316,2e-05,0.05900181244167522,0.0,0.5
YGR152C,9,0.0001462515387992158,0.24316867109367638,0.00405942068556464,0.2777777777777778,4.657591623036649,0.0,27.26388888888889,0,0.05882,-0.50588,56.56695,9.22357,33.0,40.0,17670.0,0.0,0.58144,0.0003,0.0,0.0,0.5
YHR152W,20,0.0039049858225983732,0.2706023670774321,0.010288542962620998,0.021052631578947368,7.3752665245202556,0.0,10.25,0,0.06358,-1.11387,55.68676,9.40472,24.0,31.0,6085.0,0.0,0.30559,0.00047,0.0,0.0,0.5
YIL106W,12,0.0009735282855924024,0.23474537528139403,0.002016270780261283,0.09090909090909091,7.039070749736008,0.2,14.785714285714288,1,0.1051,-0.49522,49.57519,6.11823,30.0,25.0,36285.0,0.0,1.01123,0.00017,0.08971985818844534,0.06193559443901699,0.5043994155365848
YIR009W,25,0.00746661881066101,0.26930984526296214,0.007183960519060229,0.0,18.351214574898787,1.0,0.0,0,0.08108,-0.42883,12.10721,10.13043,11.0,19.0,1490.0,0.0,0.11614,0.00079,0.0,0.0,0.5
YML064C,77,0.015292377466921058,0.2871784849113095,0.010803017160522477,0.007177033492822967,71.31048387096774,0.0,41.43650793650794,1,0.07347,-0.17837,40.88857,9.40448,20.0,27.0,19035.0,0.0,0.69735,0.00034,0.8512783293698793,0.0,0.5
YNL098C,14,0.006421505331773104,0.24039015350571497,0.005428067332277358,0.06593406593406594,3.8425720620842574,0.0,13.311507936507937,0,0.04969,-0.71988,39.45593,6.76678,35.0,35.0,18130.0,0.0,0.52241,0.00019,0.0,0.0,0.5
YOR101W,7,0.0004163270361790618,0.22211908763100283,0.0009774035979774696,0.2857142857142857,1.8678571428571429,0.0,24.78571428571429,0,0.0712,-0.82686,34.56249,5.24579,42.0,37.0,24215.0,0.0,0.70503,0.00015,0.0,0.0,0.5
YAL025C,3,0.000214568661971831,0.18047472110959978,1.0740411081214584e-05,0.3333333333333333,2.0,1.0,0.0,1,0.06863,-1.18497,58.99673,5.16083,67.0,52.0,48650.0,0.0,1.36293,0.00014,0.08971985818844534,0.08233295696528463,0.5205832392413211
YJR044C,1,0.0,0.15203506113176934,3.667914829663938e-07,0.0,0.0,0.0,0.0,0,0.15,0.78571,36.1265,5.84772,9.0,6.0,13450.0,0.0,0.85869,0.00037,0.0,0.0,0.0
YAL026C,10,0.0010321296826803063,0.2667446660139426,0.021655541655135155,0.1111111111111111,6.164847161572053,0.0,2.063492063492064,0,0.10996,-0.21173,36.39957,5.29681,174.0,136.0,178105.0,0.0,1.15831,3e-05,0.0,0.0,0.5
YPL048W,1,0.0,0.2089693215219921,0.0006017102670310612,0.0,1.0,0.5,0.0,0,0.12048,-0.46554,29.73157,8.42938,54.0,57.0,89060.0,0.0,1.89139,0.00018,0.0,0.0,0.5
YPL146C,3,0.0006308615768205656,0.22199082315707028,0.0007311722510532855,0.0,2.1522453450164294,0.3333333333333333,0.0,1,0.03956,-1.21231,49.87582,9.34979,82.0,100.0,41035.0,0.0,0.7808,0.00018,0.08971985818844534,0.07069233844701739,0.5164229274814572
YAL028W,2,4.4463805247183574e-05,0.21957023678898344,0.00028696799065415024,0.0,1.0,0.5,0.0,0,0.06061,-0.6875,56.92481,8.88019,63.0,70.0,29380.0,0.0,0.50009,0.00015,0.0,0.0,0.5
YLR233C,8,0.0006298677045487363,0.24678746368946786,0.0072880251812830555,0.0,4.01656314699793,0.5,0.0,0,0.11016,-0.27382,42.79887,9.39825,76.0,103.0,82875.0,0.0,1.01315,0.00011,0.0,0.0,0.5
YAL029C,1,0.0,0.208773299941695,0.00041664343561393784,0.0,1.0,0.0,0.0,0,0.09653,-0.32808,41.94086,7.5224,184.0,185.0,170795.0,0.0,1.00858,4e-05,0.0,0.0,0.5
YFL039C,29,0.002970041156315805,0.26642535221264063,0.014500930200925749,0.054187192118226604,25.75987841945289,0.0,15.07200956937799,1,0.08533,-0.17573,40.03792,5.44318,47.0,36.0,43360.0,0.0,1.04008,0.00013,0.08971985818844534,0.0,0.5
YBL050W,12,0.0012933938743737512,0.24446197192270971,0.0008613646341167344,0.15151515151515152,4.4278506559031285,0.0,17.18888888888889,1,0.09932,-0.51301,30.01062,4.96381,48.0,37.0,33765.0,0.0,1.02935,0.00015,0.08971985818844534,0.0,0.5
YDR164C,4,1.4214281831745805e-05,0.20415696375797962,0.00016375219545298076,0.0,3.0154440154440154,0.0,0.0,1,0.09669,-0.42749,44.48413,6.83331,96.0,94.0,54375.0,0.0,0.65136,8e-05,0.08971985818844534,0.0,0.5
YDR468C,9,0.00029010914735858886,0.2358977569072315,0.0004611255679451308,0.2222222222222222,2.2392344497607657,0.0,14.875,1,0.03571,-0.7058,46.79062,4.48175,45.0,24.0,10220.0,0.0,0.39587,0.00017,0.08971985818844534,0.0,0.5
YGR009C,13,0.002049577588661964,0.26351985980675713,0.003176921468390843,0.0641025641025641,5.745882352941177,0.0,11.833333333333332,1,0.06298,-1.26851,52.16605,5.02606,103.0,81.0,48250.0,0.0,0.65537,7e-05,0.08971985818844534,0.0,0.5
YOR327C,10,0.0015962909639203966,0.25673627529105897,0.004772388718037727,0.08888888888888889,5.408820023837902,0.0,9.266666666666666,0,0.06087,-0.16261,50.15391,8.85028,13.0,15.0,14105.0,0.0,1.08861,0.00068,0.0,0.0,0.5
YPL232W,4,5.52572775985436e-05,0.22643658314961349,0.0006972161916814898,0.16666666666666666,0.0,0.0,2.628205128205128,0,0.05862,-0.58241,39.85483,5.16913,49.0,36.0,16055.0,0.0,0.48496,0.00016,0.0,0.0,0.0
YAL032C,7,0.0004357536476668115,0.25166358330768507,0.001234621961215739,0.09523809523809523,5.494450050454087,1.0,6.916666666666666,1,0.05541,-0.82612,39.99815,9.14557,51.0,58.0,26025.0,0.0,0.61261,0.00022,0.08971985818844534,0.08233295696528463,0.5074923746880254
YDR416W,11,0.0016607317952904886,0.24934861668253033,0.0013617713393152908,0.0,5.579128440366972,1.0,0.0,1,0.11409,-0.36601,47.92935,5.16742,130.0,101.0,168830.0,0.0,1.68446,5e-05,0.05900181244167522,0.055714552844473776,0.5049931233381686
YLR345W,7,0.0009124716402846621,0.24801778242340367,0.0007915705335787014,0.047619047619047616,4.620481927710843,0.0,3.5,0,0.08841,-0.33969,43.24794,6.01202,70.0,62.0,48540.0,0.0,0.83138,0.0001,0.0,0.0,0.5
YLR423C,68,0.02078838137302591,0.2986583226441862,0.013032480104742361,0.013608428446005268,47.157575757575756,0.0,61.26410256410258,0,0.07914,-0.55588,27.16933,4.96881,72.0,57.0,40380.0,0.0,0.82991,0.0001,0.0,0.0,0.5
YPL151C,4,0.0001907104633064021,0.23617443118229722,0.0013193739259126107,0.16666666666666666,2.890010090817356,0.5,4.0,1,0.08204,-0.42217,33.13086,6.76788,57.0,55.0,83015.0,0.0,1.63738,0.00013,0.08971985818844534,0.07606989737809992,0.5131608359465253
YAL033W,1,0.0,0.00022002200220022002,4.36630699855352e-12,0.0,0.0,0.5,0.0,1,0.05202,-0.24277,48.95896,7.67694,23.0,24.0,4970.0,0.0,0.25392,0.00039,0.08971985818844534,0.07606989737809992,0.5
YJR115W,1,0.0,0.00022002200220022002,4.36630699855352e-12,0.0,0.0,0.0,0.0,0,0.06509,-0.24734,45.61183,8.5921,14.0,16.0,9190.0,0.0,0.48245,0.00045,0.0,0.0,0.0
YAL034W-A,4,0.0001912256034568062,0.2523243147156174,0.0011639377555153433,0.0,2.3029978586723767,0.0,0.0,1,0.04844,-0.52907,34.56367,5.12946,55.0,47.0,12170.0,0.0,0.36609,0.00015,0.08971985818844534,0.0,0.5
YGL172W,9,0.0005934805735614407,0.24845494655223455,0.0029835687556905533,0.1388888888888889,6.654622741764081,0.25,12.69047619047619,1,0.06356,-0.40678,31.74852,5.77325,32.0,28.0,7700.0,0.0,0.15669,0.00012,0.08971985818844534,0.06602488493524936,0.5049608285471151
YGR120C,16,0.0014060106749789133,0.25506382714995063,0.0013842824046617819,0.075,4.5504587155963305,0.0,27.857142857142858,1,0.0687,-0.42939,50.61374,4.50702,49.0,25.0,15400.0,0.0,0.50784,0.00015,0.08971985818844534,0.0,0.5
YKL103C,10,0.0024025762099671288,0.26547198131201155,0.0016968346880094519,0.06666666666666667,9.715170278637771,0.0,1.4285714285714286,0,0.09144,-0.33521,28.83407,5.54999,70.0,56.0,55975.0,0.0,0.98044,0.0001,0.0,0.0,0.5
YAL035W,3,0.0004594658672141484,0.15628291781798478,7.872118075806748e-07,0.0,2.8833849329205368,0.0,0.0,1,0.04391,-0.74092,48.88184,5.61298,184.0,166.0,60695.0,0.0,0.54063,5e-05,0.05900181244167522,0.0,0.5
YDL220C,4,0.0018591976649264574,0.1773710494660053,1.1126956316942583e-05,0.16666666666666666,3.615539858728557,0.0,9.0,1,0.08983,-0.38593,48.70748,6.14484,117.0,107.0,66220.0,0.0,0.63125,6e-05,0.05900181244167522,0.0,0.5
YLR241W,3,0.0008315234645880121,0.1827364068242095,1.2642370009365727e-05,0.0,2.247983870967742,0.0,0.0,0,0.13299,0.08683,35.7787,8.28119,73.0,77.0,130165.0,0.0,1.45692,9e-05,0.0,0.0,0.5
YAL036C,5,0.00010272210544362758,0.22085460857152725,0.00025580313831455895,0.1,3.2811004784688995,0.0,5.4,0,0.05691,-0.13171,36.24309,8.48212,46.0,49.0,24910.0,0.0,0.61203,0.00021,0.0,0.0,0.5
YDL065C,14,0.00726886698166666,0.2517235067753457,0.001298207226859649,0.04395604395604396,4.326555023923445,0.2,6.7,0,0.04386,-1.11696,39.64298,4.25482,84.0,37.0,14690.0,0.0,0.37953,0.00011,0.0,0.0,0.5
YDR152W,3,0.00047106216775366584,0.24399649127684683,0.0009946331234073845,0.0,2.530734632683658,0.0,0.0,0,0.07547,-0.89132,35.3717,4.50494,65.0,34.0,26275.0,0.0,0.84675,0.00015,0.0,0.0,0.5
YNR022C,2,1.5505497618193465e-05,0.21186949197449934,0.0008183900129910295,0.0,1.824,0.0,0.0,0,0.05755,-0.79712,40.79424,8.78571,21.0,24.0,6210.0,0.0,0.38139,0.00054,0.0,0.0,0.5
YAL038W,3,0.00023714621446635302,0.20798264756635018,0.0005648824178730197,0.0,2.0,0.0,0.0,1,0.062,-0.148,23.2306,7.55609,60.0,61.0,28725.0,0.0,0.52664,0.00014,0.08971985818844534,0.0,0.5
YNL307C,10,0.004782956245027478,0.25857302129870563,0.02013114862649571,0.1111111111111111,8.13828689370485,0.0,29.75,0,0.10667,-0.34133,41.76163,8.8299,41.0,47.0,34100.0,0.0,0.79054,0.0002,0.0,0.0,0.5
YOR347C,1,0.0,0.17109865224839296,1.5779367918232802e-05,0.0,0.0,0.0,0.0,0,0.0,0.0,0.0,0.0,0.0,0.0,0.0,0.0,0.0,0.0,0.0,0.0,0.0
YBL016W,14,0.0020073264623618387,0.22721525927242128,0.0005248058826345149,0.0989010989010989,3.9565217391304346,0.5,4.357142857142857,0,0.09915,-0.28782,44.5136,6.64325,45.0,43.0,38110.0,0.0,0.93472,0.00016,0.0,0.0,0.5
YBR160W,29,0.005208098186070473,0.27278436268346223,0.011268409928432952,0.04187192118226601,24.801404212637912,0.0,19.80725108225108,1,0.09732,-0.23859,27.64866,8.50323,39.0,42.0,41870.0,0.0,1.22926,0.00025,0.08971985818844534,0.0,0.5
YDL047W,12,0.00041249987679596324,0.2464853806434502,0.005236769735063523,0.19696969696969696,11.299697275479314,0.0,5.0,0,0.11576,-0.20354,27.67559,5.23273,41.0,29.0,55110.0,0.0,1.55077,0.00015,0.0,0.0,0.5
YDL132W,15,0.0014471140518466,0.24519907168729166,0.0018591810939916995,0.19047619047619047,12.84661957618567,0.5,30.152380952380952,1,0.09816,-0.40933,45.39596,8.52301,104.0,110.0,95410.0,0.0,1.01562,9e-05,0.05900181244167522,0.05277425862356333,0.502054013443404
YER167W,2,8.185608039201114e-06,0.21505890201490271,0.0004638574569400041,0.0,1.5215982721382288,0.0,0.0,0,0.0658,-0.8926,51.63175,7.72565,87.0,88.0,45770.0,0.0,0.48828,8e-05,0.0,0.0,0.5
YFR040W,8,3.95039871403701e-05,0.24342063034302508,0.006193489710033504,0.5,7.789137380191693,0.0,7.935064935064935,0,0.07984,-0.68882,41.97546,4.55841,175.0,98.0,76835.0,0.0,0.66813,4e-05,0.0,0.0,0.5
YJL013C,22,0.0007425375536819286,0.2732249912979926,0.07384181918830239,0.48484848484848486,6.8152866242038215,1.0,192.46666666666667,0,0.07961,-0.74408,47.97555,7.58575,75.0,76.0,47830.0,0.0,0.80359,0.00013,0.0,0.0,0.5
YJL098W,6,5.38442707730527e-06,0.22930986336527479,0.002730005877463387,0.8,5.5983854692230075,0.0,4.090909090909091,0,0.08034,-0.75151,47.48837,4.30096,234.0,102.0,93390.0,0.0,0.76927,4e-05,0.0,0.0,0.5
YJL157C,8,0.0010594323618969882,0.24450437642781336,0.002606744498051265,0.17857142857142858,6.452068617558022,0.0,3.333333333333333,1,0.08916,-0.4647,44.38592,5.25128,123.0,95.0,92635.0,0.0,0.97953,6e-05,0.05900181244167522,0.0,0.5
YKL092C,3,1.0323969042709893e-05,0.2181318059588895,0.0003859610043737697,0.3333333333333333,1.0,0.0,0.0,0,0.08424,-0.4269,41.92945,8.90167,134.0,150.0,121250.0,0.0,0.95728,7e-05,0.0,0.0,0.5
YKR028W,8,9.161770929504455e-05,0.23718117619154366,0.002844403245128791,0.42857142857142855,6.465753424657534,0.0,4.090909090909091,0,0.07648,-0.74172,40.2667,4.21588,234.0,95.0,89130.0,0.0,0.76116,4e-05,0.0,0.0,0.5
YLL024C,6,0.0015115221081565147,0.21958163829676147,0.00035445781342020925,0.0,6.0,0.0,0.0,0,0.06103,-0.44601,32.41097,4.94855,101.0,78.0,20775.0,0.0,0.29905,7e-05,0.0,0.0,0.5
YLR079W,13,0.00037529456220562513,0.24173687705476662,0.0016995568367797094,0.24358974358974358,9.666666666666666,0.5,83.8,0,0.0493,-1.04965,65.74049,7.89459,42.0,43.0,8480.0,0.0,0.26317,0.00025,0.0,0.0,0.5
YMR199W,9,0.0012593836329481305,0.26480701298259324,0.0051007376577473585,0.2777777777777778,6.7151454363089265,0.0,47.766666666666666,0,0.08974,-0.48919,43.46341,5.53961,58.0,46.0,62895.0,0.0,1.01364,9e-05,0.0,0.0,0.5
YOL145C,4,0.000137119218326675,0.25444991818515145,0.0025278991496874635,0.0,3.1765893037336026,1.0,0.0,0,0.08449,-0.69935,42.13707,5.94635,173.0,157.0,118455.0,0.0,0.94986,5e-05,0.0,0.0,0.5
YPL256C,10,0.0003720413733127267,0.25167856149976386,0.004716941999554953,0.3111111111111111,7.990918264379415,0.0,57.21904761904762,0,0.0844,-0.43138,44.21305,5.5451,56.0,44.0,54415.0,0.0,0.88199,9e-05,0.0,0.0,0.5
YAL041W,21,0.0028968130016928224,0.26278294744711855,0.007035894746528302,0.09523809523809523,15.556004036326943,0.0,63.73409090909091,1,0.07611,-0.47763,50.72096,8.60187,90.0,96.0,60695.0,0.0,0.62612,9e-05,0.08971985818844534,0.0,0.5
YBR200W,34,0.0034799967473671542,0.2847995144342021,0.04434083050044822,0.15151515151515152,30.526262626262625,0.0,162.27380952380952,1,0.09074,-0.56588,36.83309,8.70624,67.0,73.0,60780.0,0.0,0.98661,0.00014,0.08971985818844534,0.0,0.5
YDR264C,11,0.0015165788054478512,0.23839796991312617,0.0018051347597986013,0.14545454545454545,5.423173803526448,0.0,14.0,0,0.11257,-0.00838,29.34582,5.42987,86.0,64.0,116780.0,0.0,1.36045,6e-05,0.0,0.0,0.5
YER155C,36,0.003240870766475506,0.2860711128615229,0.07348281052260949,0.21587301587301588,24.63063063063063,0.0,147.13582251082252,0,0.08399,-0.47499,46.6218,8.52704,239.0,251.0,192920.0,0.0,0.78606,3e-05,0.0,0.0,0.5
YGL233W,8,4.131587007053173e-05,0.23661051870630215,0.0037220924021170577,0.32142857142857145,2.962805526036132,0.0,5.208333333333334,1,0.0989,-0.23714,40.4054,4.80035,134.0,93.0,78115.0,0.0,0.74351,5e-05,0.05900181244167522,0.0,0.5
YGR221C,2,1.8375866295583807e-05,0.22483534614626927,0.0005888766638103174,0.0,0.0,0.0,0.0,0,0.07717,-0.69855,61.0095,6.04816,69.0,61.0,45575.0,0.0,0.65604,9e-05,0.0,0.0,0.0
YHL007C,10,0.00031080872430100864,0.2597962272113431,0.0076389894204401555,0.3111111111111111,8.081359423274975,0.3333333333333333,33.33116883116883,0,0.0426,-0.74441,48.75752,6.89313,112.0,110.0,55195.0,0.0,0.53922,7e-05,0.0,0.0,0.5
YIL079C,2,1.4308106989091957e-05,0.20939357218712712,0.00023721965519616313,0.0,1.9904153354632588,0.5,0.0,0,0.10833,-1.22167,51.94389,9.16937,41.0,58.0,46810.0,0.0,1.12442,0.00022,0.0,0.0,0.5
YJL187C,11,0.0004942108807629361,0.2551407741232673,0.007784889228600105,0.10909090909090909,9.49539406345957,0.5,3.6363636363636367,0,0.0757,-0.70134,54.08023,5.86273,111.0,95.0,79800.0,0.0,0.86301,6e-05,0.0,0.0,0.5
YKL080W,3,0.00010316765153466496,0.2449576081978238,0.0010104250716112123,0.0,1.684326710816777,0.0,0.0,0,0.09694,-0.2102,29.65255,6.22284,49.0,46.0,37485.0,0.0,0.84831,0.00014,0.0,0.0,0.5
YLR206W,3,6.970531554559505e-05,0.2192514745849034,0.00036969201456541433,0.0,1.0,0.0,0.0,0,0.07667,-1.37259,77.32073,5.32037,71.0,59.0,52510.0,0.0,0.73127,7e-05,0.0,0.0,0.5
YLR229C,43,0.0027992059856216636,0.27518078937457097,0.02638521711952523,0.06976744186046512,29.0686175580222,0.0,83.06111388611389,1,0.08377,-0.02723,38.27696,6.30377,23.0,22.0,16805.0,0.0,0.78814,0.0003,0.08971985818844534,0.0,0.5
YOR188W,5,1.3439089822367613e-05,0.24224926617318013,0.004775823691958162,0.7,3.2785276073619634,0.0,116.0,0,0.08619,-0.87687,58.17785,8.96368,131.0,148.0,123870.0,0.0,0.95307,7e-05,0.0,0.0,0.5
YOR212W,13,0.001895243663872821,0.23499323091520044,0.0006585110801440283,0.14102564102564102,10.607467204843593,0.0,13.129761904761905,0,0.08511,-0.35887,52.31255,5.78656,44.0,38.0,68965.0,0.0,1.48055,0.00012,0.0,0.0,0.5
YPL161C,31,0.00322101512466515,0.28140701339715396,0.03467855946702399,0.1010752688172043,21.057791537667697,0.0,252.66666666666669,0,0.07109,0.01485,41.78611,4.91693,80.0,60.0,40935.0,0.0,0.57661,7e-05,0.0,0.0,0.5
YAL042W,2,0.000214568661971831,0.2112450389808688,8.699272472641558e-05,0.0,1.88013698630137,0.3333333333333333,0.0,0,0.08916,-0.39976,33.52099,6.34515,47.0,42.0,39640.0,0.0,0.85737,0.00014,0.0,0.0,0.5
YDL239C,31,0.01173842802618129,0.27042931446690743,0.0028786293819935854,0.017204301075268817,20.7668776371308,0.0,18.35,0,0.06835,-0.82772,55.38735,8.58063,120.0,126.0,53330.0,0.0,0.58087,9e-05,0.0,0.0,0.5
YML067C,1,0.0,0.1733004053243323,2.714755640322327e-06,0.0,1.0,0.3333333333333333,0.0,0,0.14205,-0.17131,27.42901,4.75275,50.0,35.0,52300.0,0.0,1.28485,0.00012,0.0,0.0,0.5
YAL043C,9,0.0005106184471587025,0.22407286934712972,0.0002925805958723627,0.4166666666666667,3.926130099228225,1.0,16.616666666666667,1,0.06879,-0.36255,50.59019,5.89105,99.0,90.0,65820.0,0.0,0.74396,7e-05,0.05900181244167522,0.055714552844473776,0.5070953523490506
YDR301W,7,1.0385839852069544e-06,0.19590026824418752,3.380149899462506e-05,0.9047619047619048,6.899669239250276,1.0,22.25,1,0.08696,-0.26514,37.09434,5.6192,173.0,148.0,111520.0,0.0,0.72697,4e-05,0.05900181244167522,0.055714552844473776,0.5040374799800206
YJR093C,10,0.0003483747719859748,0.2293471737888617,0.000230115170458523,0.4888888888888889,5.788313120176405,1.0,23.2,1,0.0581,-0.84281,53.22477,4.23993,53.0,26.0,21430.0,0.0,0.599,0.00012,0.08971985818844534,0.08233295696528463,0.5071119992350013
YKR002W,13,0.00047775642829371877,0.22479948914566114,0.00027132344952038437,0.2948717948717949,12.044585987261147,1.0,14.492857142857142,1,0.09331,-0.3294,44.2229,7.94769,76.0,78.0,64830.0,0.0,1.00432,0.00012,0.08971985818844534,0.08233295696528463,0.5034178408893574
YLR115W,6,0.0,0.1958911933255678,3.1910245705446e-05,1.0,5.899669239250276,1.0,22.75,1,0.06752,-0.36403,40.92631,7.50836,114.0,115.0,86510.0,0.0,0.89878,8e-05,0.05900181244167522,0.055714552844473776,0.5047218369865387
YLR277C,10,0.00023984802491582534,0.20065973191226305,7.207972483249602e-05,0.4222222222222222,3.943770672546858,1.0,16.00952380952381,1,0.07574,-0.24031,38.89207,5.07306,115.0,78.0,51100.0,0.0,0.58285,6e-05,0.05900181244167522,0.055714552844473776,0.5070636146812885
YPR107C,8,8.476234057233445e-05,0.2091553660262653,0.00012830803500350887,0.6785714285714286,3.7466814159292037,1.0,19.200000000000003,1,0.10577,-0.76683,57.43514,8.44879,29.0,34.0,20785.0,0.0,0.84653,0.00034,0.08971985818844534,0.08233295696528463,0.5109874510033389
YAL047C,11,0.0016895676601314101,0.26098273099543495,0.00564965889360421,0.03636363636363636,4.019036954087346,0.0,0.0,0,0.05305,-0.79068,54.85965,4.97198,109.0,76.0,32890.0,0.0,0.45614,7e-05,0.0,0.0,0.5
YGL212W,18,0.0013868190791533797,0.26505598535282887,0.005785840604568214,0.0196078431372549,11.455974842767295,0.0,6.111111111111112,0,0.0538,-0.92911,48.73323,8.46173,53.0,55.0,32555.0,0.0,0.88679,0.00023,0.0,0.0,0.5
YHR172W,6,0.0008860872156152684,0.25958890057207074,0.0025580466219834105,0.2,1.7535545023696681,0.3333333333333333,3.858585858585859,1,0.10936,-0.43961,41.89296,5.99701,111.0,102.0,99685.0,0.0,1.02955,6e-05,0.05900181244167522,0.05012875095612841,0.5142934681780312
YIL061C,30,0.009027053572027367,0.2579578594716667,0.002364962527525621,0.0,26.326283987915406,1.0,0.0,1,0.1,-0.87967,43.77833,9.97211,32.0,55.0,33935.0,0.0,0.98515,0.00029,0.08971985818844534,0.08233295696528463,0.5015637025909748
YJL113W,3,9.255874471550881e-06,0.21179521137528962,0.00038096788231573633,0.6666666666666666,0.0,0.0,0.0,0,0.0,0.0,0.0,0.0,0.0,0.0,0.0,0.0,0.0,0.0,0.0,0.0,0.0
YJL114W,4,3.070366995711553e-05,0.22142125826364187,0.0004887005903915463,0.3333333333333333,1.0,0.0,0.0,0,0.0628,-0.59614,39.35486,5.87213,64.0,59.0,24755.0,0.0,0.51536,0.00012,0.0,0.0,0.5
YLR045C,6,0.0008324425574562143,0.25273148400185463,0.007142776733002147,0.2,2.0,0.0,6.404761904761905,1,0.06194,-0.56137,49.12928,8.68085,124.0,132.0,73520.0,0.0,0.72852,9e-05,0.05900181244167522,0.0,0.5
YLR429W,4,7.606841639343504e-05,0.22954636794696734,0.0005400722824455007,0.0,3.77209797657082,0.0,0.0,0,0.0722,-0.72627,46.12998,5.63849,104.0,91.0,70360.0,0.0,0.96978,8e-05,0.0,0.0,0.5
YNL126W,6,0.0002773081158807323,0.25173849210138305,0.008239419787346809,0.26666666666666666,0.0,0.3333333333333333,4.571428571428571,1,0.1182,-0.24279,40.03147,7.0285,93.0,92.0,95050.0,0.0,0.96767,7e-05,0.05900181244167522,0.05012875095612841,0.5
YAL049C,1,0.0,0.20428517827628173,0.0002657378575349394,0.0,1.0,0.0,0.0,0,0.10976,-0.0813,37.41992,5.83856,32.0,26.0,23420.0,0.0,0.86457,0.00022,0.0,0.0,0.5
YNL094W,17,0.0028134394060893597,0.25915935468033535,0.009228568838919983,0.08088235294117647,13.983983983983984,0.0,2.0090909090909093,0,0.08518,-0.59046,52.27157,5.83295,71.0,64.0,55405.0,0.0,0.83777,9e-05,0.0,0.0,0.5
YAL051W,1,0.0,0.00022002200220022002,4.36630699855352e-12,0.0,0.0,1.0,0.0,0,0.08978,-0.27631,44.41809,6.53705,120.0,114.0,81440.0,0.0,0.685,5e-05,0.0,0.0,0.0
YOR363C,1,0.0,0.00022002200220022002,4.36630699855352e-12,0.0,0.0,1.0,0.0,0,0.09237,-0.21968,43.45234,7.66193,118.0,120.0,78390.0,0.0,0.68338,7e-05,0.0,0.0,0.0
YAL054C,4,0.0001434278147783719,0.24173687705476662,0.0006824267993973713,0.0,2.0990806945863127,0.3333333333333333,0.0,0,0.09677,-0.27195,34.63564,6.15338,86.0,77.0,113065.0,0.0,1.42867,8e-05,0.0,0.0,0.5
YLR153C,3,0.0004605290316373354,0.24959881893041153,0.0010752803040140488,0.0,2.284313725490196,0.3333333333333333,0.0,1,0.0937,-0.26135,32.02551,6.20673,80.0,71.0,118440.0,0.0,1.56894,8e-05,0.08971985818844534,0.07069233844701739,0.5154734303038536
YAL058W,8,0.0007688120302227452,0.23654434135028427,0.0019904592235228083,0.03571428571428571,3.459037711313394,0.5,0.0,0,0.08964,-0.34482,31.6988,5.14972,66.0,46.0,98610.0,0.0,1.73099,9e-05,0.0,0.0,0.5
YGL084C,16,0.0019556540296346322,0.2763316467567818,0.015766688339936715,0.16666666666666666,4.353643966547192,0.0,11.283333333333331,1,0.1625,0.35625,36.23845,9.49628,38.0,57.0,141470.0,0.0,2.16517,0.00015,0.08971985818844534,0.0,0.5
YKL194C,5,0.000390063799208472,0.22623064360790884,0.001689250678176675,0.0,3.122516556291391,0.0,0.0,0,0.12121,-0.54286,41.99506,8.66278,59.0,64.0,77975.0,0.0,1.44154,0.00016,0.0,0.0,0.5
YKL197C,2,4.092336164820137e-06,0.20164528111768787,0.00012887324851532038,0.0,1.5069885641677256,0.0,0.0,0,0.07574,-0.3094,33.60365,6.50568,132.0,126.0,101240.0,0.0,0.86327,6e-05,0.0,0.0,0.5
YNL171C,15,0.0031195910607852892,0.28064130543662275,0.011678339848398533,0.08571428571428572,3.30188679245283,0.0,3.333333333333333,0,0.17213,0.19754,47.81648,8.92999,5.0,9.0,24910.0,0.0,1.70114,0.00061,0.0,0.0,0.5
YNR036C,2,0.000214568661971831,0.18998576648032311,5.957585181269147e-05,0.0,1.5188284518828452,0.0,0.0,0,0.04575,-0.62222,32.35163,11.17645,6.0,29.0,11960.0,0.0,0.707,0.00066,0.0,0.0,0.5
YAL064W,3,0.0004962675009762754,0.2302838964395269,0.0007616720155376243,0.0,0.0,0.0,0.0,0,0.12766,-0.23511,43.73511,9.72784,7.0,13.0,1865.0,0.0,0.16949,0.00088,0.0,0.0,0.0
YKR011C,2,1.2607763683750859e-05,0.20218518720148373,5.695503126377089e-05,0.0,0.0,0.0,0.0,0,0.10765,-0.72436,43.65272,8.8465,43.0,50.0,56100.0,0.0,1.35837,0.00021,0.0,0.0,0.0
YAL067C,1,0.0,0.00022002200220022002,4.36630699855352e-12,0.0,1.0,0.0,0.0,0,0.15514,-0.06273,35.74798,8.17328,59.0,62.0,174150.0,0.0,2.52973,0.00012,0.0,0.0,0.5
YGR055W,1,0.0,0.00022002200220022002,4.36630699855352e-12,0.0,1.0,0.0,0.0,0,0.14286,0.40523,29.24425,7.53583,39.0,40.0,112480.0,0.0,1.77917,0.00012,0.0,0.0,0.5
YAR003W,7,0.001196775249640239,0.2572203887055372,0.0071714858219255155,0.14285714285714285,5.175226586102719,0.5,3.8,0,0.0939,-0.2885,43.61765,4.68256,67.0,36.0,84100.0,0.0,1.72852,0.0001,0.0,0.0,0.5
YBR175W,10,0.0017559406723126902,0.26602309954196224,0.00924058107667046,0.06666666666666667,7.670030272452069,0.5,4.0,0,0.08889,0.07238,35.9219,5.59576,31.0,22.0,51920.0,0.0,1.49396,0.00016,0.0,0.0,0.5
YDR140W,3,0.00022340389356768304,0.20406829409897848,0.0002268088907590987,0.0,1.0,0.5,0.0,0,0.0905,-0.10362,35.08281,4.97443,31.0,24.0,33180.0,0.0,1.32866,0.0002,0.0,0.0,0.5
YAR007C,5,0.0001302862356808954,0.23230803660490204,0.0024075726449426698,0.3,4.82643794147326,1.0,3.4784461152882207,1,0.09501,-0.55894,28.62077,5.86749,79.0,72.0,68925.0,0.0,0.97979,8e-05,0.08971985818844534,0.08233295696528463,0.5085293707247123
YJL173C,5,0.00015742013153471126,0.23328202076013857,0.0023042307276249017,0.3,4.564076690211907,1.0,4.423809523809524,1,0.07377,-0.20902,54.41721,4.71466,17.0,12.0,10345.0,0.0,0.74879,0.00034,0.08971985818844534,0.08233295696528463,0.509019672822529
YNL312W,3,0.0,0.22088921804842415,0.002233723737192547,1.0,2.9273461150353177,1.0,4.9641604010025056,1,0.08425,-0.44725,46.23004,4.85052,35.0,21.0,16680.0,0.0,0.55719,0.00016,0.08971985818844534,0.08233295696528463,0.514062730153843
YPL022W,3,7.043318068320491e-05,0.204462972165121,0.0003261050222602277,0.0,2.56969696969697,1.0,0.0,0,0.07364,-0.51227,48.3812,5.29706,174.0,138.0,110460.0,0.0,0.87411,4e-05,0.0,0.0,0.5
YAR008W,5,0.0001845968762965677,0.2537475661757595,0.0018659257312606955,0.3,1.832258064516129,0.25,1.2,1,0.08727,-0.28182,36.864,7.06927,37.0,37.0,32555.0,0.0,1.03968,0.00023,0.08971985818844534,0.06602488493524936,0.5180173541636685
YBL051C,10,0.0007741289915255515,0.2677072164040917,0.030437739259063856,0.15555555555555556,3.8995535714285716,0.0,9.0,0,0.05539,-0.79566,53.77801,5.82196,54.0,43.0,36915.0,0.0,0.50037,8e-05,0.0,0.0,0.5
YLR105C,6,0.000543639669300211,0.24484414280117148,0.0009993145345529556,0.2,2.848452508004269,0.25,2.2666666666666666,1,0.11406,-0.56737,45.93156,8.57782,50.0,54.0,69955.0,0.0,1.58597,0.00019,0.08971985818844534,0.06602488493524936,0.5115896060667532
YMR059W,3,0.0,0.21128725843504706,9.459496832544343e-05,1.0,2.830238726790451,0.25,3.333333333333333,1,0.09375,-0.31406,49.94297,6.27765,15.0,14.0,18700.0,0.0,1.25588,0.00042,0.08971985818844534,0.06602488493524936,0.5116641900752525
YPL083C,4,8.399626457206449e-05,0.23762099293768443,0.0003463347666830322,0.5,1.9658344283837057,0.25,2.2666666666666666,1,0.12848,-0.75846,47.18739,9.117,62.0,71.0,73800.0,0.0,1.35046,0.00017,0.08971985818844534,0.06602488493524936,0.5167930940627422
YAR014C,13,0.008488291537883273,0.2669467325496517,0.015303660518150103,0.02564102564102564,8.529767911200807,0.0,1.6666666666666667,0,0.06488,-1.04429,56.72244,4.34247,151.0,69.0,53665.0,0.0,0.67947,5e-05,0.0,0.0,0.5
YDR195W,3,0.00010839230105905349,0.22413225156723549,0.0007064797171926775,0.3333333333333333,2.945859872611465,1.0,0.0,0,0.05441,-0.70694,40.59268,9.63202,61.0,90.0,18255.0,0.0,0.30518,0.00016,0.0,0.0,0.5
YER054C,2,3.3656217712166697e-06,0.2120182095923305,0.0004481142554325904,0.0,1.7399380804953561,0.0,0.0,0,0.09124,-0.86934,42.69347,8.87384,70.0,78.0,52425.0,0.0,0.84125,0.00014,0.0,0.0,0.5
YER133W,21,0.006483058618991162,0.24979048912038704,0.006443663260788122,0.03333333333333333,18.00201816347124,0.5,2.1142857142857143,1,0.10897,-0.27212,47.54138,5.31195,45.0,38.0,37370.0,0.0,1.04075,0.00015,0.08971985818844534,0.07606989737809992,0.5021128158156306
YER158C,4,0.005089131296257115,0.2180530701964127,0.0005741090806327013,0.0,1.3257575757575757,0.0,0.0,0,0.06457,-0.91065,66.37175,9.86127,48.0,73.0,39350.0,0.0,0.61763,0.00015,0.0,0.0,0.5
YIL045W,6,0.000861801702046309,0.24315468865039572,0.0014278548559536956,0.06666666666666667,2.7031763417305585,0.0,2.1142857142857143,0,0.0855,-0.81952,40.98401,8.47821,67.0,70.0,48610.0,0.0,0.78482,0.00014,0.0,0.0,0.5
YMR071C,3,0.0004164915883583141,0.23404378959038255,0.0014408855114791338,0.0,1.0,0.0,0.0,1,0.13174,0.82814,29.35036,6.25775,11.0,10.0,20315.0,0.0,1.08677,0.00033,0.08971985818844534,0.0,0.5
YNL333W,8,0.0007713100463401291,0.24398241347328825,0.0012997070712734995,0.25,6.536536536536537,0.0,11.3,0,0.04362,-0.01074,37.00503,5.40021,41.0,33.0,16095.0,0.0,0.50246,0.00017,0.0,0.0,0.5
YAR018C,5,0.0006442620904040918,0.24297306310727604,0.0007257809413600858,0.0,4.528758829465187,0.0,0.0,0,0.11034,-0.66598,49.70577,8.58246,56.0,61.0,67450.0,0.0,1.31731,0.00017,0.0,0.0,0.5
YBL106C,13,0.0007976862104365326,0.26578901259076254,0.005418495847347155,0.0641025641025641,3.6161616161616164,0.0,4.564102564102564,0,0.08416,-0.08287,35.13398,8.84076,94.0,107.0,91940.0,0.0,0.82367,8e-05,0.0,0.0,0.5
YFR028C,3,0.0002257964568462178,0.24665790890801634,0.001065451166070915,0.0,2.608651911468813,0.2,0.0,1,0.09619,-0.4971,38.83724,8.04034,59.0,61.0,54165.0,0.0,0.87496,0.00013,0.08971985818844534,0.06193559443901699,0.5118711879815625
YGL116W,4,8.984553143282723e-06,0.2361876223368539,0.007592261468416514,0.16666666666666666,3.659235668789809,1.0,2.414285714285714,1,0.06721,-0.52607,49.28528,8.99945,62.0,73.0,85590.0,0.0,1.27065,0.00013,0.08971985818844534,0.08233295696528463,0.5112500210996951
YMR001C,7,0.00017015896052744313,0.24651411859152572,0.0033313866055411667,0.047619047619047616,5.478305785123967,0.0,2.063492063492064,1,0.0922,-0.48809,41.60411,9.06024,91.0,106.0,67365.0,0.0,0.83136,0.00011,0.08971985818844534,0.0,0.5
YPR111W,6,0.00012801305369178695,0.22531453486354605,0.0006069300404013177,0.26666666666666666,5.418947368421053,0.0,2.063492063492064,1,0.11525,-0.6672,48.65945,8.67792,79.0,85.0,69970.0,0.0,1.0621,0.00013,0.08971985818844534,0.0,0.5
YAR027W,2,3.522674875007621e-06,0.20523700205392312,0.00013167912516218376,0.0,1.4347107438016529,0.3333333333333333,0.0,0,0.11915,0.09362,32.3783,5.75702,27.0,21.0,37400.0,0.0,1.37925,0.00021,0.0,0.0,0.5
YAR030C,2,0.00011089032854530178,0.24365907175563423,0.000989467296476442,0.0,1.4135220125786163,0.0,0.0,0,0.12389,0.24513,69.19478,10.31232,3.0,15.0,10595.0,0.0,0.79735,0.00078,0.0,0.0,0.5
YBR135W,10,0.0004045036102522239,0.2359372421089679,0.0036410340471649105,0.1111111111111111,6.08983451536643,0.0,43.72987012987013,1,0.1,-0.988,75.08667,5.94989,18.0,13.0,24535.0,0.0,1.37879,0.00033,0.08971985818844534,0.0,0.5
YAR031W,3,0.00011788882112348363,0.2484841456292768,0.0010370956465830712,0.0,2.5411635565312842,0.0,0.0,0,0.16107,-0.32919,43.92527,8.11383,36.0,38.0,54945.0,0.0,1.5666,0.00023,0.0,0.0,0.5
YBR217W,11,0.0008174558717621758,0.25380848630448544,0.0008723079978331498,0.09090909090909091,8.16243654822335,0.0,12.033333333333337,0,0.06452,-0.61882,65.34624,6.31891,22.0,21.0,11835.0,0.0,0.56075,0.0003,0.0,0.0,0.5
YCR030C,5,0.00044960127282971823,0.2364914261125794,0.0008331285702218546,0.0,2.9077844311377246,0.0,0.0,0,0.06322,-0.61874,55.75507,8.65472,90.0,95.0,64205.0,0.0,0.66785,9e-05,0.0,0.0,0.5
YAR033W,2,0.000214568661971831,0.16404947008259424,8.491213845630908e-07,0.0,2.0,0.25,0.0,0,0.11966,-0.21282,45.64662,6.91681,26.0,26.0,41620.0,0.0,1.53632,0.00026,0.0,0.0,0.5
YGL051W,1,0.0,0.14020899172145332,3.0705559346612935e-08,0.0,1.0,0.25,0.0,0,0.12393,-0.21325,45.78765,7.71686,26.0,27.0,46090.0,0.0,1.69194,0.00028,0.0,0.0,0.5
YAR035W,4,0.00030555078904040525,0.24446197192270971,0.002877115278602603,0.0,1.4581081081081082,0.0,0.0,0,0.10189,-0.38559,36.92782,6.45221,77.0,72.0,96605.0,0.0,1.24228,8e-05,0.0,0.0,0.5
YGR069W,2,1.1399723381049867e-06,0.2049982155477522,0.00020231675630156198,0.0,0.0,0.0,0.0,0,0.25225,0.31892,45.51991,8.70648,8.0,11.0,12420.0,0.0,0.91305,0.00064,0.0,0.0,0.0
YAR066W,2,0.0001204238839863296,0.23047215992582473,0.00029510708677605457,0.0,1.0,0.0,0.0,0,0.08374,0.08128,20.96995,4.4881,21.0,12.0,8940.0,0.0,0.43412,0.00022,0.0,0.0,0.5
YDR074W,8,0.0009260729843323653,0.23825022200231177,0.001219905868310359,0.10714285714285714,1.467408585055644,0.0,2.033333333333333,0,0.0971,-0.51641,39.56073,8.32428,112.0,117.0,166045.0,0.0,1.61248,8e-05,0.0,0.0,0.5
YBL001C,5,0.00041631821215655626,0.24778525666934442,0.000845269112722168,0.1,2.549645390070922,0.5,2.0090909090909093,0,0.04808,-0.20192,28.575,6.17303,15.0,13.0,8730.0,0.0,0.75794,0.00054,0.0,0.0,0.5
YDR510W,22,0.009214677333536566,0.2907524195763911,0.004596291262523129,0.021645021645021644,19.1260162601626,0.0,6.0,1,0.05941,-0.84851,54.48119,4.9173,21.0,15.0,2980.0,0.0,0.25697,0.00042,0.08971985818844534,0.0,0.5
YER067W,2,4.0474260049524135e-06,0.20359668706398806,5.671717938485478e-05,0.0,1.6246418338108883,0.0,0.0,0,0.09938,-0.93727,40.2205,5.74445,33.0,23.0,13200.0,0.0,0.69514,0.0003,0.0,0.0,0.5
YBL002W,2,5.330373583742222e-05,0.20177998713169978,4.9664456005714665e-05,0.0,1.0,0.5,0.0,0,0.05344,-0.62061,36.91527,10.06757,11.0,25.0,7450.0,0.0,0.52328,0.00071,0.0,0.0,0.5
YCL066W,3,0.0007712393281275994,0.25478720192318083,0.0017042273017130205,0.0,0.0,0.0,0.0,0,0.0,0.0,0.0,0.0,0.0,0.0,0.0,0.0,0.0,0.0,0.0,0.0,0.0
YCR040W,3,0.00016357414247610285,0.19211772251687936,1.2690732112587804e-05,0.0,2.3814616755793225,1.0,0.0,0,0.14857,-0.52286,31.97829,10.00018,12.0,27.0,34045.0,0.0,1.6678,0.00049,0.0,0.0,0.5
YBL006C,1,0.0,0.18612249957390106,1.6934164563350347e-05,0.0,0.0,1.0,0.0,0,0.06111,-0.43611,57.50667,9.07916,18.0,23.0,7950.0,0.0,0.40168,0.00046,0.0,0.0,0.0
YDR489W,7,0.00041045686869204187,0.23061041557065123,0.0005788876094469644,0.0,1.0,1.0,0.0,1,0.06803,-0.43299,41.20782,4.69293,49.0,31.0,35910.0,0.0,1.05782,0.00014,0.08971985818844534,0.08233295696528463,0.5411664784826423
YBL007C,39,0.0035340746302751198,0.28898402175350457,0.06137734242249722,0.13630229419703105,30.420408163265307,0.2,53.447222222222216,0,0.06672,-0.65442,49.9037,5.65753,140.0,126.0,95395.0,0.0,0.70223,4e-05,0.0,0.0,0.5
YBR205W,9,0.0005657139484025462,0.2503079904296811,0.0033276929764721234,0.027777777777777776,2.3132352941176473,0.0,1.25,0,0.15842,-0.42723,38.71611,8.88959,48.0,56.0,89685.0,0.0,1.88883,0.00019,0.0,0.0,0.5
YCR088W,12,0.00012121429229727103,0.25087228229230135,0.01082574738729321,0.25757575757575757,9.657054582904223,0.0,21.5,1,0.06081,-1.04206,61.75861,4.58917,122.0,76.0,60515.0,0.0,0.92283,7e-05,0.05900181244167522,0.0,0.5
YDR388W,72,0.009113776757522628,0.2993984133615854,0.08667917552631899,0.12832550860719874,54.0990990990991,0.0,289.82351274456533,0,0.10166,-0.47988,46.24921,5.76642,53.0,48.0,54335.0,0.0,1.02959,0.00011,0.0,0.0,0.5
YGL104C,4,0.0001967280393123641,0.24716249870354973,0.0026872323858691516,0.0,3.9204081632653063,0.0,0.0,0,0.10905,0.51646,34.57202,9.28937,25.0,39.0,80215.0,0.0,1.47642,0.00017,0.0,0.0,0.5
YGR268C,12,0.0012659917985735898,0.2604201989357699,0.005691899055483689,0.045454545454545456,7.227417640807651,0.0,10.0,0,0.09091,-1.04192,67.84197,9.36407,14.0,24.0,35380.0,0.0,1.57701,0.00042,0.0,0.0,0.5
YHR016C,21,0.0046256773431796044,0.25941372862517836,0.006961093522243161,0.11428571428571428,5.140641158221303,0.0,10.6,0,0.09188,-0.73248,42.4306,7.7464,61.0,62.0,51925.0,0.0,1.02011,0.00015,0.0,0.0,0.5
YIR006C,11,0.0007751765898990411,0.2433926090893883,0.0024929630171929345,0.0,4.174657534246576,0.0,0.0,1,0.05743,-0.77135,62.81806,5.16779,145.0,118.0,73160.0,0.0,0.45649,3e-05,0.05900181244167522,0.0,0.5
YJL004C,7,0.0006765837991727063,0.2527012782549917,0.0064492416224761805,0.23809523809523808,5.088205128205129,0.0,12.666666666666666,0,0.15764,0.33793,47.81833,5.90692,18.0,16.0,54680.0,0.0,2.30568,0.00025,0.0,0.0,0.5
YJL151C,5,0.0006618899809409163,0.24539828170375072,0.002869521491158705,0.1,3.7937158469945356,0.0,1.0,0,0.08271,-0.36767,63.62406,4.93378,22.0,13.0,13075.0,0.0,0.86026,0.00032,0.0,0.0,0.5
YKR030W,8,0.000630253291145643,0.2579263916022588,0.0063767130328074555,0.10714285714285714,2.237250554323725,0.3333333333333333,3.74512987012987,0,0.17949,0.2641,35.17117,9.18378,14.0,21.0,53330.0,0.0,1.66693,0.00029,0.0,0.0,0.5
YLR064W,4,9.447222752569894e-05,0.24069117139956922,0.0026892432543432266,0.16666666666666666,1.7654320987654322,0.5,0.0,0,0.1978,0.43004,39.40264,10.09344,8.0,28.0,44725.0,0.0,1.3704,0.00031,0.0,0.0,0.5
YLR078C,9,0.0006440597545024908,0.26407938489471255,0.0056785184568771355,0.05555555555555555,5.467545638945233,0.3333333333333333,6.880952380952381,1,0.08197,-0.51598,42.6,8.90533,26.0,29.0,22920.0,0.0,0.83346,0.00032,0.08971985818844534,0.07069233844701739,0.5064647232154293
YMR253C,3,0.0003690373147319241,0.2607252722312739,0.003459712722325916,0.0,2.6635220125786163,0.0,0.0,0,0.10386,0.28164,34.79058,8.83832,34.0,38.0,70610.0,0.0,1.51335,0.00019,0.0,0.0,0.5
YNL138W,8,0.0004157482510360248,0.24113036382043862,0.005054840405369106,0.25,5.960040983606557,0.0,7.791666666666666,1,0.07605,-0.53403,42.87719,5.4765,67.0,59.0,50350.0,0.0,0.87534,0.0001,0.08971985818844534,0.0,0.5
YNL152W,2,7.543504375614517e-07,0.2269591665048858,0.0019277377480082715,0.0,1.762962962962963,0.0,0.0,1,0.06601,-0.86088,51.31812,6.80621,52.0,51.0,30995.0,0.0,0.67052,0.00015,0.08971985818844534,0.0,0.5
YOR181W,22,0.002768789163091726,0.26735178544092003,0.01148177387184616,0.12121212121212122,18.39858728557013,0.0,26.56349206349206,1,0.05529,-0.72654,64.46493,9.25299,48.0,55.0,33015.0,0.0,0.4886,0.00014,0.08971985818844534,0.0,0.5
YOR284W,14,0.0029630991803068045,0.26567212353578135,0.0062665975972148276,0.12087912087912088,7.966887417218543,0.0,4.533333333333333,0,0.09053,-0.41358,58.4716,9.04877,27.0,33.0,22265.0,0.0,0.7836,0.00032,0.0,0.0,0.5
YPL246C,7,0.00027959231951220923,0.2489522660025334,0.0032712070675770667,0.19047619047619047,3.3950617283950617,0.0,4.196825396825397,0,0.14885,0.40153,28.96947,7.00446,19.0,19.0,61225.0,0.0,2.07548,0.00024,0.0,0.0,0.5
YPR171W,9,0.0005465031523657609,0.2504562420231599,0.006409958170005527,0.16666666666666666,4.646095717884131,0.0,4.0313852813852815,0,0.03819,-0.99514,59.8842,9.85248,69.0,104.0,19495.0,0.0,0.30148,0.00015,0.0,0.0,0.5
YGR063C,2,7.737665775941475e-06,0.203078480061424,0.00039742880300651563,0.0,1.0,0.5,0.0,0,0.06863,-0.16078,47.76275,5.1076,13.0,9.0,14730.0,0.0,1.32017,0.00046,0.0,0.0,0.5
YOR038C,4,5.748170458547384e-05,0.24395426273906956,0.004358730192308605,0.16666666666666666,2.828819068255688,1.0,0.0,0,0.08571,-0.28171,38.48984,8.57574,93.0,101.0,109345.0,0.0,1.11074,9e-05,0.0,0.0,0.5
YBL010C,1,0.0,0.1727340872643696,3.106841071507795e-06,0.0,0.0,1.0,0.0,0,0.07143,-0.85607,56.67286,4.99493,52.0,38.0,20440.0,0.0,0.62624,0.00015,0.0,0.0,0.0
YKR022C,4,0.0003715609733432779,0.21040417903866215,0.00010208174497000651,0.0,1.0,0.5,0.0,1,0.03106,-0.88634,44.9413,5.5108,60.0,52.0,11710.0,0.0,0.31954,0.00015,0.08971985818844534,0.07606989737809992,0.53803494868905
YBL014C,4,0.0002334547044744468,0.20665118459263215,8.252073032888832e-05,0.16666666666666666,1.7352320675105486,0.3333333333333333,2.25,1,0.08389,-0.48501,50.64408,5.02679,132.0,95.0,107550.0,0.0,1.05392,5e-05,0.05900181244167522,0.05012875095612841,0.5144443938925257
YJL025W,2,0.0,0.1727623152477441,3.3032143813526884e-06,1.0,0.0,0.5,2.25,1,0.107,-0.42957,49.85043,8.37445,60.0,64.0,81580.0,0.0,1.35163,0.00014,0.08971985818844534,0.07606989737809992,0.5
YML043C,3,3.728787852033814e-05,0.1893731836237811,2.56934906203772e-05,0.3333333333333333,0.0,0.5,2.0,1,0.09665,-0.7572,58.48817,5.7066,79.0,68.0,78435.0,0.0,1.32372,0.0001,0.08971985818844534,0.07606989737809992,0.5
YDL159W,7,0.00014420441953959988,0.22517056391475143,0.0006071929103324297,0.38095238095238093,2.6091205211726383,0.0,5.771428571428571,0,0.05631,-0.45184,39.40584,9.25177,52.0,66.0,38235.0,0.0,0.66256,0.00016,0.0,0.0,0.5
YDR103W,12,0.0008468793389186194,0.23468023698979032,0.001597932870717506,0.15151515151515152,3.593241551939925,0.0,14.213095238095235,0,0.07306,-0.4229,48.0072,5.25885,119.0,91.0,64800.0,0.0,0.6308,5e-05,0.0,0.0,0.5
YDR469W,6,0.0003903553349177411,0.24102041552117595,0.0018086724703813824,0.06666666666666667,1.0,1.0,1.2,0,0.02857,-0.932,59.42343,4.71259,28.0,16.0,4595.0,0.0,0.23629,0.00024,0.0,0.0,0.5
YDR480W,6,0.0002145434482996642,0.2079110669314633,9.081283585090457e-05,0.26666666666666666,5.279569892473118,1.0,3.871428571428571,0,0.0743,-0.97647,58.97337,6.8714,45.0,44.0,35215.0,0.0,0.95488,0.00019,0.0,0.0,0.5
YHR168W,4,0.00030819089075659366,0.21991279787399406,0.0018344545449963205,0.0,1.2309746328437918,0.0,0.0,0,0.07722,-0.43764,38.56776,9.12994,61.0,72.0,59650.0,0.0,1.03118,0.00016,0.0,0.0,0.5
YIL169C,3,4.165518291436977e-05,0.2022045230392116,8.102236706529454e-05,0.0,0.0,0.0,0.0,0,0.05126,-0.18764,43.70643,4.37274,80.0,37.0,49720.0,0.0,0.49852,4e-05,0.0,0.0,0.0
YLR313C,6,7.981272463207505e-05,0.2269104523674089,0.0006716954910770079,0.26666666666666666,0.0,0.0,2.0047619047619047,0,0.05598,-0.39637,47.14738,9.01752,80.0,91.0,24255.0,0.0,0.32775,0.00012,0.0,0.0,0.0
YLR362W,20,0.003063804994984848,0.24649974877989114,0.0018109130287591781,0.1,13.110195674562307,0.0,19.08681318681319,0,0.06416,-0.44463,41.82008,6.74066,90.0,87.0,50850.0,0.0,0.62996,8e-05,0.0,0.0,0.5
YPL049C,8,0.003872609541634778,0.2416263750825114,0.0009681469209505844,0.14285714285714285,4.140176600441501,1.0,4.25,0,0.05973,-0.98186,59.78075,8.61737,49.0,52.0,34965.0,0.0,0.70843,0.00017,0.0,0.0,0.5
YBL018C,1,0.0,0.20452230558710738,0.00010565095206182505,0.0,0.0,1.0,0.0,1,0.11278,-0.46767,34.95038,4.70673,24.0,15.0,29700.0,0.0,1.91462,0.0003,0.08971985818844534,0.08233295696528463,0.5
YBL019W,1,0.0,0.1082728182691272,1.9409599079507433e-10,0.0,0.0,1.0,0.0,0,0.08846,-0.49096,35.48348,9.24371,62.0,79.0,51225.0,0.0,0.86173,0.00016,0.0,0.0,0.0
YEL009C,4,0.000643705985915493,0.12195954172754109,2.7785574485443536e-09,0.0,1.0,1.0,0.0,0,0.05694,-0.60142,44.0121,5.08038,46.0,36.0,11460.0,0.0,0.36602,0.00016,0.0,0.0,0.5
YBL021C,5,0.00017085184767058894,0.24474494677156103,0.007881418057474159,0.5,3.7043390514631684,1.0,4.542857142857143,0,0.04861,-0.70278,55.80764,4.77679,23.0,15.0,11835.0,0.0,0.73265,0.0003,0.0,0.0,0.5
YGL237C,10,0.0011593637373730555,0.26578901259076254,0.00907534024021865,0.15555555555555556,7.471241170534813,1.0,8.799999999999999,0,0.05283,-1.05132,67.39362,8.63409,34.0,36.0,10430.0,0.0,0.34922,0.00029,0.0,0.0,0.5
YKL109W,3,0.0,0.21335535773557174,0.0010642759540581378,1.0,1.7375776397515528,1.0,2.1142857142857143,0,0.0704,-0.98502,53.59314,5.23004,83.0,60.0,33140.0,0.0,0.53099,8e-05,0.0,0.0,0.5
YOR358W,11,0.0012135156892439248,0.26273396646902963,0.021635691035494613,0.18181818181818182,1.9401273885350319,1.0,12.387698412698413,0,0.06198,-0.90744,63.91736,4.50116,48.0,25.0,17210.0,0.0,0.62185,0.00016,0.0,0.0,0.5
YBL022C,1,0.0,0.14349666396277552,9.650704918895581e-07,0.0,1.0,0.0,0.0,0,0.06355,-0.5827,40.9053,5.42828,186.0,158.0,82585.0,0.0,0.64971,4e-05,0.0,0.0,0.5
YDR086C,2,0.000214568661971831,0.16856825282305,3.618159756823699e-05,0.0,1.4027777777777777,0.5,0.0,1,0.075,0.00875,16.97875,9.47943,9.0,14.0,4595.0,0.0,0.51378,0.00106,0.08971985818844534,0.07606989737809992,0.5271140228278376
YBL023C,5,0.0005690208627974895,0.23899079859381891,0.004792872164255583,0.1,3.431499460625674,1.0,0.0,1,0.06221,-0.63733,53.13813,5.02509,155.0,115.0,56365.0,0.0,0.57062,5e-05,0.05900181244167522,0.055714552844473776,0.508118106018049
YDL017W,60,0.009439735822734212,0.2837294142726135,0.03612366582577041,0.03502824858757062,41.78225806451613,0.0,81.49036796536798,1,0.11045,-0.45503,35.57615,5.59161,71.0,59.0,76875.0,0.0,1.31817,0.0001,0.08971985818844534,0.0,0.5
YDR052C,38,0.005486085083667551,0.28645869057844686,0.04679355864266272,0.09388335704125178,12.040437158469945,0.0,84.72291334396597,1,0.07102,-0.87301,38.76548,9.35101,92.0,115.0,69050.0,0.0,0.85575,0.00012,0.05900181244167522,0.0,0.5
YIL150C,3,1.3574983829706826e-06,0.19380829507855687,0.00021708485480573898,0.0,1.8543516873889876,1.0,0.0,1,0.08231,-0.83065,48.48862,9.66779,74.0,105.0,51505.0,0.0,0.78258,0.00015,0.08971985818844534,0.08233295696528463,0.5221999304460992
YLR103C,97,0.015485591647188976,0.30387346869208337,0.08692269490354554,0.048539518900343644,68.01952723535457,1.0,245.5623340024269,1,0.08923,-0.444,45.85771,4.63141,107.0,67.0,88085.0,0.0,1.18636,6e-05,0.8512783293698793,0.45983270903388657,0.5033801521983741
YOR196C,2,0.000214568661971831,0.1915607334232857,0.0001345378066125846,0.0,1.0,0.0,0.0,0,0.06039,-0.52971,40.11208,9.55157,48.0,69.0,43650.0,0.0,0.94385,0.00021,0.0,0.0,0.5
YBL024W,6,3.2796671498884616e-05,0.24867410704610596,0.03387900417097666,0.6666666666666666,4.088117489986649,0.5,6.333333333333334,0,0.07602,-0.58041,40.42341,7.0141,98.0,97.0,82650.0,0.0,1.06128,9e-05,0.0,0.0,0.5
YGR237C,3,2.587890255635256e-05,0.23323055486840397,0.0036017517306845335,0.0,2.364485981308411,0.0,0.0,0,0.07134,-0.84433,54.34805,9.09564,108.0,121.0,53665.0,0.0,0.60136,0.0001,0.0,0.0,0.5
YBL025W,7,0.0006939635394622104,0.2339272661569415,0.0012905555301434926,0.0,1.7317073170731707,0.5,0.0,0,0.08276,-0.31172,44.3469,5.06293,24.0,16.0,14815.0,0.0,0.89763,0.00031,0.0,0.0,0.5
YDL113C,4,7.068890461449708e-05,0.2349540610245045,0.0027135071094018175,0.0,0.0,0.0,0.0,0,0.06719,-0.80641,40.98938,6.51019,90.0,86.0,47010.0,0.0,0.64801,9e-05,0.0,0.0,0.0
YIL141W,3,0.00026017950821574095,0.24335058930304612,0.0022752689821253355,0.0,1.0,0.0,0.0,0,0.10853,0.05194,43.8,7.89056,10.0,11.0,10555.0,0.0,0.73109,0.00055,0.0,0.0,0.5
YJR087W,2,0.0001300148918579278,0.24374333911574342,0.001023386472135047,0.0,1.0,0.0,0.0,0,0.14655,0.46897,51.34569,9.79828,6.0,13.0,4720.0,0.0,0.35906,0.00075,0.0,0.0,0.5
YMR270C,2,3.2211916123208755e-05,0.20591659477595597,7.421856509138573e-05,0.0,1.5833333333333333,0.5,0.0,1,0.07123,-0.83178,38.3603,5.2099,70.0,54.0,37610.0,0.0,0.87848,0.00012,0.08971985818844534,0.07606989737809992,0.5240220728562421
YBL026W,52,0.015504761862865115,0.28524136191022137,0.008662966060452528,0.0641025641025641,36.113453815261046,0.5,62.42792397660818,1,0.09474,-0.29368,42.91895,7.84467,13.0,14.0,4595.0,0.0,0.41164,0.0007,0.08971985818844534,0.07606989737809992,0.5010532071754648
YBL066C,5,0.00033085138371348764,0.23220598486184352,0.00046641646398775196,0.1,4.24354657687991,1.0,0.0,0,0.07491,-0.52186,44.94139,7.39667,107.0,107.0,103190.0,0.0,0.80623,6e-05,0.0,0.0,0.5
YCR020C-A,6,0.0005669299993376944,0.24946629640251503,0.0044132250584411285,0.26666666666666666,4.668176670441676,0.0,0.0,0,0.01136,0.40455,45.29773,5.20575,11.0,9.0,0.0,0.0,0.0,0.00054,0.0,0.0,0.5
YCR077C,38,0.01112016871790668,0.2931916515509278,0.0205043064879956,0.0953058321479374,29.960365853658537,0.5,77.43452380952381,0,0.0691,-0.4995,54.63268,6.87213,85.0,84.0,53290.0,0.0,0.60208,8e-05,0.0,0.0,0.5
YDL175C,4,0.000214568661971831,0.23837109302813034,0.0013001888915281459,0.5,2.8619201725997843,1.0,3.1,0,0.0843,-1.18081,48.51221,9.05634,39.0,53.0,42675.0,0.0,1.08469,0.00023,0.0,0.0,0.5
YDR166C,4,9.733878721798368e-05,0.2356479905443874,0.002017750533301096,0.3333333333333333,0.0,0.0,3.4166666666666665,1,0.09681,-0.40844,44.25091,5.63116,118.0,105.0,104430.0,0.0,0.93141,5e-05,0.05900181244167522,0.0,0.0
YDR378C,23,0.006166482437949551,0.2744129260427665,0.008861416797390918,0.233201581027668,11.044652128764278,0.3333333333333333,67.5059523809524,1,0.0814,-0.15233,36.77907,5.69989,9.0,8.0,4470.0,0.0,0.47566,0.00061,0.08971985818844534,0.07069233844701739,0.5032002971946445
YDR440W,6,0.00027259463308316106,0.25852559701161776,0.004909430883681903,0.13333333333333333,1.7865030674846625,1.0,2.6722222222222225,0,0.08419,-0.61443,44.69057,9.15363,68.0,85.0,49500.0,0.0,0.74773,0.00014,0.0,0.0,0.5
YEL015W,21,0.008413328683163069,0.2812946976863588,0.005494967120116727,0.11428571428571428,20.20855614973262,0.0,16.729448621553885,0,0.05626,-0.53575,47.80889,5.98785,67.0,62.0,38805.0,0.0,0.63263,0.0001,0.0,0.0,0.5
YER025W,3,0.000214568661971831,0.22299758425982344,0.00040168208900120587,0.3333333333333333,2.7664233576642334,0.0,0.0,1,0.04554,-0.22694,45.78387,6.37421,71.0,68.0,22680.0,0.0,0.39195,0.00011,0.08971985818844534,0.0,0.5
YER112W,37,0.0067646871027096205,0.274501992231031,0.009954453116627392,0.0945945945945946,28.252008032128515,0.5,65.16626984126984,1,0.06952,-1.15936,43.47326,9.45306,14.0,19.0,17420.0,0.0,0.81877,0.00044,0.08971985818844534,0.07606989737809992,0.5013462741708765
YER146W,33,0.004196565188442135,0.2651390802131188,0.004929488534531833,0.12121212121212122,30.31065989847716,1.0,56.70116959064328,1,0.04301,-0.05699,49.00215,4.53656,16.0,8.0,5500.0,0.0,0.52769,0.00044,0.08971985818844534,0.08233295696528463,0.5013581518390073
YGL173C,35,0.009073231792907189,0.29579625002231613,0.06026321092269612,0.21512605042016808,26.133673469387755,0.0,121.17765567765566,0,0.09817,-0.60177,42.86173,7.04279,206.0,203.0,160160.0,0.0,0.91281,4e-05,0.0,0.0,0.5
YGL185C,4,0.0002832912034161788,0.22812230621562454,0.0003009402453323693,0.0,2.2819722650231125,0.0,0.0,0,0.08971,-0.33008,38.12823,8.19708,49.0,52.0,35755.0,0.0,0.83182,0.00019,0.0,0.0,0.5
YGR077C,1,0.0,0.22015322731773385,0.0002558101064800199,0.0,0.0,0.0,0.0,0,0.11036,0.15416,42.88443,7.30145,50.0,50.0,104125.0,0.0,1.52756,0.00011,0.0,0.0,0.0
YGR158C,6,0.0014416099324667518,0.25173849210138305,0.0016249580430149604,0.13333333333333333,3.520408163265306,0.3333333333333333,1.4,1,0.064,-0.358,35.24,4.84479,34.0,23.0,16555.0,0.0,0.60033,0.00018,0.08971985818844534,0.07069233844701739,0.5100403611127647
YIL048W,3,0.0,0.2326787273202945,0.0008580787101405374,1.0,2.9064327485380117,0.0,0.0,1,0.09383,-0.12467,38.95814,6.02264,133.0,117.0,133685.0,0.0,1.02664,5e-05,0.05900181244167522,0.0,0.5
YIL066C,2,0.0004597640866517128,0.23638566662860036,0.00043640328276792635,0.0,1.9049544994944387,0.0,0.0,0,0.09206,-0.34465,46.55801,5.67767,107.0,90.0,122755.0,0.0,1.25885,6e-05,0.0,0.0,0.5
YIL132C,8,0.0011876615360103331,0.26485677003125596,0.003024346311682983,0.03571428571428571,2.523654159869494,0.5,2.166666666666667,0,0.0892,-0.43803,46.47934,8.42499,27.0,29.0,23170.0,0.0,0.92857,0.00034,0.0,0.0,0.5
YJL124C,46,0.01551325112479412,0.2888458463332672,0.015967486258644834,0.05410628019323672,33.11752786220871,0.5,77.94642857142857,0,0.10465,-0.83256,44.31802,5.72491,31.0,28.0,16055.0,0.0,0.79063,0.00028,0.0,0.0,0.5
YJR022W,52,0.01370295332017198,0.2786992150740811,0.0055908597153295405,0.04751131221719457,39.35532994923858,0.5,91.91666666666666,1,0.06422,-0.24495,25.6844,6.58221,17.0,17.0,8730.0,0.0,0.70487,0.00053,0.08971985818844534,0.07606989737809992,0.5009664497474194
YLR039C,138,0.030219350093804036,0.30629459585100915,0.053005663540473744,0.016396911033534328,0.0,0.0,261.80238095238093,0,0.08807,-0.24044,36.3898,5.9433,144.0,128.0,132765.0,0.0,1.09139,5e-05,0.0,0.0,0.0
YLR120C,1,0.0,0.22015322731773385,0.0002558101064800199,0.0,0.0,0.0,0.0,0,0.08612,-0.02953,35.44712,4.67926,50.0,32.0,49780.0,0.0,0.82954,8e-05,0.0,0.0,0.0
YLR126C,1,0.0,0.22015322731773385,0.0002558101064800199,0.0,1.0,0.0,0.0,0,0.11155,-0.46056,29.27932,5.16083,35.0,27.0,41535.0,0.0,1.44092,0.00018,0.0,0.0,0.5
YLR128W,4,0.00012149737957300265,0.2290738456294167,0.00043091869134317766,0.0,1.7437888198757765,0.0,0.0,0,0.14498,-0.53309,47.86807,4.76422,46.0,30.0,57465.0,0.0,1.78445,0.00015,0.0,0.0,0.5
YLR275W,5,3.9575368116852274e-05,0.23846518864935612,0.000984695787097638,0.6,3.886549707602339,1.0,2.0,1,0.05455,-0.33545,37.20455,9.20404,16.0,19.0,5625.0,0.0,0.43765,0.00072,0.08971985818844534,0.08233295696528463,0.5105920370456392
YLR438C-A,21,0.006056631529984657,0.26130527036513823,0.005675431428486477,0.23333333333333334,15.574619289340102,0.5,46.02182539682539,1,0.04494,-0.17416,35.46629,4.28656,18.0,8.0,3230.0,0.0,0.32203,0.00043,0.08971985818844534,0.07606989737809992,0.5024421109744289
YMR066W,1,0.0,0.22015322731773385,0.0002558101064800199,0.0,1.0,0.0,0.0,0,0.10245,-0.42027,48.91822,8.6955,116.0,126.0,85245.0,0.0,0.81382,8e-05,0.0,0.0,0.5
YMR207C,1,0.0,0.22015322731773385,0.0002558101064800199,0.0,1.0,0.0,0.0,0,0.09151,-0.33894,43.44467,8.81146,274.0,299.0,279850.0,0.0,1.07983,3e-05,0.0,0.0,0.5
YMR237W,1,0.0,0.22015322731773385,0.0002558101064800199,0.0,0.0,0.0,0.0,0,0.08564,-0.14254,45.02765,5.18976,93.0,70.0,87540.0,0.0,1.06694,6e-05,0.0,0.0,0.0
YMR268C,6,5.701215295962393e-05,0.24408099222620677,0.002779439268468627,0.6666666666666666,4.2,1.0,11.25,1,0.07432,-0.48041,43.12342,9.35394,53.0,69.0,22890.0,0.0,0.45017,0.00018,0.08971985818844534,0.08233295696528463,0.5098015424958673
YNL118C,35,0.019058484510837744,0.25855721126988884,0.007183617653404584,0.03361344537815126,30.692073170731707,0.0,18.70655806182122,1,0.06289,-0.79,52.44496,5.63031,125.0,109.0,67310.0,0.0,0.61942,5e-05,0.05900181244167522,0.0,0.5
YNL147W,15,0.0009625817876715454,0.2584781901173003,0.004620140786805622,0.47619047619047616,13.275757575757575,0.5,38.96386800334168,1,0.04348,-0.62087,39.23478,9.30035,15.0,19.0,5960.0,0.0,0.45825,0.00072,0.08971985818844534,0.07606989737809992,0.5028649927111131
YNL264C,4,0.000555385125559899,0.23654434135028427,0.001217387291116377,0.0,0.0,0.0,0.0,0,0.10857,-0.52914,39.41286,6.72797,52.0,51.0,59860.0,0.0,1.47158,0.00017,0.0,0.0,0.0
YNL287W,6,0.00040382140639675274,0.22720305127439458,0.0003617215169411343,0.06666666666666667,3.457323498419389,0.0,2.0,1,0.07914,-0.15444,40.85851,4.99579,128.0,94.0,46645.0,0.0,0.44496,5e-05,0.05900181244167522,0.0,0.5
YOL102C,2,0.005036311619718309,0.2201761527813721,0.00025607471559989966,0.0,1.2181372549019607,0.0,0.0,1,0.04348,-0.31696,49.88261,9.29962,25.0,32.0,11835.0,0.0,0.45178,0.00036,0.08971985818844534,0.0,0.5
YOL149W,24,0.005300746057439216,0.27782032654352745,0.005931623029442493,0.2572463768115942,20.805220883534137,0.0,88.04285714285714,1,0.09957,-0.55931,24.6771,5.62091,28.0,24.0,34630.0,0.0,1.31843,0.00021,0.08971985818844534,0.0,0.5
YOL163W,1,0.0,0.22015322731773385,0.0002558101064800199,0.0,0.0,0.0,0.0,0,0.0,0.0,0.0,0.0,0.0,0.0,0.0,0.0,0.0,0.0,0.0,0.0,0.0
YOR017W,4,0.0002791100572399096,0.24086940022323036,0.0007277406645854569,0.0,2.1743532058492687,0.0,0.0,0,0.1,-0.80087,49.05803,9.30682,104.0,129.0,85790.0,0.0,0.91846,0.0001,0.0,0.0,0.5
YOR043W,10,0.000960915542721225,0.2549100723563224,0.006296999515948781,0.0,5.406818181818182,0.0,0.0,0,0.08025,-0.63251,53.78128,5.7348,64.0,54.0,57380.0,0.0,1.03676,0.0001,0.0,0.0,0.5
YOR191W,5,0.00030536034468145077,0.2513942803827972,0.0010684272814800307,0.0,4.457260556127704,1.0,0.0,0,0.06609,-0.66115,49.70793,7.3255,229.0,229.0,116890.0,0.0,0.63388,4e-05,0.0,0.0,0.5
YPL042C,4,0.00010620144654926769,0.23966805658121923,0.002046336349660501,0.3333333333333333,3.0592369477911645,1.0,2.6095238095238096,0,0.08649,-0.50523,34.38236,9.58563,51.0,75.0,73855.0,0.0,1.17517,0.00015,0.0,0.0,0.5
YPL115C,9,0.00034784782459735056,0.2610632911667509,0.026137230522304395,0.3611111111111111,4.508264462809917,0.0,35.49166666666667,1,0.06028,-0.53085,55.00541,6.37799,130.0,122.0,52105.0,0.0,0.41713,5e-05,0.05900181244167522,0.0,0.5
YPL119C,1,0.0,0.22015322731773385,0.0002558101064800199,0.0,0.0,0.0,0.0,0,0.08914,-0.56062,35.22951,8.95819,69.0,76.0,53330.0,0.0,0.78523,0.00013,0.0,0.0,0.0
YPL249C,4,0.0008893375813208789,0.23158286913028653,0.000420487827873981,0.0,3.4668071654373023,0.0,0.0,0,0.066,-0.75951,44.39586,4.72589,163.0,99.0,65000.0,0.0,0.63851,5e-05,0.0,0.0,0.5
YPR032W,6,0.0018274412902385888,0.2576435258830825,0.003966080077111323,0.06666666666666667,3.7677824267782425,0.0,0.0,0,0.08809,-0.22633,35.92479,8.56598,104.0,111.0,106090.0,0.0,0.92646,7e-05,0.0,0.0,0.5
YPR184W,4,8.012170105504708e-05,0.23930186125963623,0.0020019725765698737,0.16666666666666666,3.0456140350877194,0.0,0.0,0,0.11393,-0.40488,40.59306,5.48199,204.0,161.0,267220.0,0.0,1.52724,3e-05,0.0,0.0,0.5
YBR084C-A,2,4.135308997585107e-06,0.23039681760482905,0.0035280345137294463,0.0,0.0,0.0,0.0,0,0.0,0.0,0.0,0.0,0.0,0.0,0.0,0.0,0.0,0.0,0.0,0.0,0.0
YBL032W,2,0.000214568661971831,0.18043621737152382,5.815265379067478e-06,0.0,1.0,0.3333333333333333,0.0,0,0.04987,-0.39738,45.71995,5.75519,55.0,48.0,9190.0,0.0,0.22048,0.00014,0.0,0.0,0.5
YFR012W,1,0.0,0.1520077353721928,2.272556875690617e-07,0.0,0.0,0.0,0.0,0,0.11881,0.78663,48.75297,9.16107,6.0,13.0,30450.0,0.0,1.35729,0.00041,0.0,0.0,0.0
YBL033C,2,2.090211996493849e-06,0.2025823124613889,3.940318544350495e-05,0.0,0.0,0.0,0.0,0,0.05507,-0.59971,31.39652,5.90497,48.0,41.0,32275.0,0.0,0.842,0.00015,0.0,0.0,0.0
YNL105W,2,0.00012751883407863992,0.2435187555611306,0.0009870141095736343,0.0,1.0,0.0,0.0,0,0.11972,0.56549,38.44014,8.30682,10.0,12.0,17585.0,0.0,1.08763,0.00051,0.0,0.0,0.5
YPR172W,4,0.00017059659383363858,0.23172246097424692,0.00035294405986252,0.0,1.0,0.5,0.0,0,0.08,-0.406,34.96105,6.10297,23.0,21.0,21680.0,0.0,0.96324,0.00027,0.0,0.0,0.5
YBL034C,4,0.000266119057093041,0.23072365726315103,0.002846427559986386,0.16666666666666666,2.6338672768878717,0.25,3.157142857142857,1,0.09187,-0.44468,43.9739,5.93622,193.0,175.0,121280.0,0.0,0.69631,3e-05,0.05900181244167522,0.047735814213720786,0.5090619247660277
YDR330W,1,0.0,0.1861962568939735,7.929699532215374e-05,0.0,0.0,0.5,0.0,0,0.072,-0.7212,46.98282,4.56085,89.0,52.0,34505.0,0.0,0.60816,8e-05,0.0,0.0,0.0
YFL037W,31,0.003541058634564411,0.2899947325688542,0.06365342283519233,0.22795698924731184,23.283987915407856,0.0,92.89149184149186,1,0.09628,-0.3733,33.62451,4.6441,65.0,34.0,49110.0,0.0,0.96441,9e-05,0.08971985818844534,0.0,0.5
YBL038W,1,0.0,0.17835856384997395,5.576172206828156e-06,0.0,1.0,0.0,0.0,0,0.09483,-0.6194,30.57892,10.32172,19.0,46.0,23170.0,0.0,0.87376,0.00039,0.0,0.0,0.5
YGR033C,3,0.00023048566319352183,0.2188090236116647,0.0001898953312846256,0.0,2.8578680203045685,0.0,0.0,0,0.08787,-0.52594,31.09665,10.14618,20.0,42.0,30035.0,0.0,1.10402,0.00037,0.0,0.0,0.5
YBL039C,2,2.3499473281010038e-05,0.20774763892503229,6.300667485903069e-05,0.0,1.7505567928730512,0.0,0.0,0,0.07427,-0.23938,34.86651,5.66608,83.0,66.0,60820.0,0.0,0.93989,9e-05,0.0,0.0,0.5
YJR103W,3,4.0975440258545684e-05,0.20825920661507175,0.0001393710459187192,0.0,1.7883040935672514,0.0,0.0,0,0.0692,-0.25208,36.09983,5.42194,81.0,60.0,64830.0,0.0,1.00496,8e-05,0.0,0.0,0.5
YBL040C,2,1.3381298794602832e-05,0.18725990569121564,1.387455606896705e-05,0.0,1.8494077834179357,0.5,0.0,1,0.17352,0.41096,32.87813,9.75995,11.0,23.0,49850.0,0.0,1.935,0.00038,0.08971985818844534,0.07606989737809992,0.5205660152563848
YCR067C,5,0.00031483105041393914,0.2289374257116037,0.0004261262785425093,0.0,3.412859560067682,0.3333333333333333,0.0,0,0.06103,-0.17577,48.18677,4.6181,127.0,70.0,39560.0,0.0,0.34678,4e-05,0.0,0.0,0.5
YDR077W,2,2.2211285073722144e-05,0.1868874879709653,1.5606856117961367e-05,0.0,1.7675840978593271,0.0,0.0,0,0.04438,-0.30947,36.29172,3.9809,30.0,8.0,15650.0,0.0,0.45453,0.00012,0.0,0.0,0.5
YBL042C,4,0.0005861699214470053,0.23602942567085466,0.0017395006296677734,0.0,1.0,0.0,0.0,0,0.15493,0.19092,30.49923,7.43158,54.0,55.0,165015.0,0.0,2.28666,0.0001,0.0,0.0,0.5
YBR021W,3,0.0002302970963436198,0.21107632975536747,0.00010240566081916516,0.0,2.0540915395284327,0.0,0.0,0,0.1643,0.23523,39.42782,8.19586,46.0,50.0,172170.0,0.0,2.40008,0.00011,0.0,0.0,0.5
YER021W,2,0.000214568661971831,0.18965345967255828,4.9935982942077764e-05,0.0,1.0,0.0,0.0,1,0.08987,-0.3434,42.93906,5.37433,75.0,59.0,51645.0,0.0,0.85516,9e-05,0.08971985818844534,0.0,0.5
YBL043W,2,1.1301087222864159e-05,0.18911064757028004,4.561813836947202e-05,0.0,1.628808864265928,0.0,0.0,0,0.07782,-0.89144,52.32961,4.24835,53.0,19.0,19745.0,0.0,0.6913,0.00015,0.0,0.0,0.5
YDR099W,7,0.000395810608900703,0.23370748260854604,0.0014801257399324399,0.047619047619047616,5.846928499496475,0.5,0.0,0,0.0696,-0.79231,63.70923,4.82111,45.0,29.0,29005.0,0.0,0.93381,0.00016,0.0,0.0,0.5
YBL044W,1,0.0,0.18574642845994166,2.218945884733764e-05,0.0,1.0,0.0,0.0,0,0.05738,-0.74836,50.46803,10.24738,10.0,23.0,9105.0,0.0,0.65741,0.00074,0.0,0.0,0.5
YJL159W,5,0.000703073605990573,0.2300333563792108,0.0007635630494710442,0.0,1.9380315917375455,0.0,0.0,0,0.03632,-0.0753,26.87632,4.99005,26.0,21.0,23420.0,0.0,0.5704,0.00012,0.0,0.0,0.5
YBL045C,4,0.0005116634793503852,0.23766105717523925,0.0005042460934490532,0.16666666666666666,3.710393541876892,0.0,0.0,0,0.07659,-0.23151,30.8698,6.77521,47.0,46.0,50545.0,0.0,1.00633,0.00013,0.0,0.0,0.5
YLR090W,4,0.0031727511352609354,0.23053498284462912,0.00028985886625052264,0.16666666666666666,3.669021190716448,0.0,0.0,0,0.08715,-0.64793,30.71438,5.79938,71.0,60.0,42995.0,0.0,0.83736,0.00011,0.0,0.0,0.5
YPR191W,6,0.00015144243316006487,0.2423881227971473,0.0009222123257658343,0.0,4.690754516471839,0.0,0.0,0,0.08967,-0.14837,28.55571,7.66571,46.0,47.0,22475.0,0.0,0.55525,0.00019,0.0,0.0,0.5
YBL049W,3,0.0004150612330470495,0.2513942803827972,0.002311736050516612,0.3333333333333333,2.615539858728557,0.0,5.0,0,0.1087,-0.55652,57.17536,9.29999,11.0,20.0,25285.0,0.0,1.57194,0.00058,0.0,0.0,0.5
YGR172C,18,0.0026741399073761454,0.2664925126240882,0.0021697086535327767,0.0784313725490196,4.544102019128586,0.3333333333333333,15.05,1,0.13306,0.48548,34.13359,6.00409,10.0,7.0,24660.0,0.0,0.91064,0.00022,0.08971985818844534,0.07069233844701739,0.5077784717584943
YIL034C,31,0.007301631496387311,0.2719423273517062,0.045325828200107235,0.11182795698924732,10.190524193548388,0.0,36.12857142857143,0,0.08711,-0.51742,58.89861,4.52069,46.0,24.0,31650.0,0.0,0.97,0.00014,0.0,0.0,0.5
YBR080C,2,0.0,0.20514739195260429,9.143628143468485e-05,1.0,1.4552941176470588,0.0,2.0,1,0.07388,-0.24195,37.34327,8.02765,90.0,92.0,37985.0,0.0,0.45191,0.0001,0.05900181244167522,0.0,0.5
YHL031C,12,0.0006561200743089533,0.25389992136409684,0.006999080261118008,0.25757575757575757,0.0,0.0,27.801587301587304,0,0.06278,-0.51345,55.27758,9.47736,21.0,27.0,19730.0,0.0,0.77694,0.00037,0.0,0.0,0.0
YKR068C,19,0.0004998211448034684,0.2489669231862839,0.002108548722187558,0.2573099415204678,1.6439267886855242,0.5,39.52063492063492,1,0.08808,-0.16528,40.88912,4.95343,28.0,21.0,30200.0,0.0,1.36471,0.00022,0.08971985818844534,0.07606989737809992,0.5231366438887844
YLR093C,2,0.0,0.20905196709111293,0.00016982457844363935,1.0,1.0,0.0,3.333333333333333,0,0.09881,-0.21383,44.15621,5.43573,29.0,24.0,27305.0,0.0,0.94273,0.00019,0.0,0.0,0.5
YOL018C,17,0.004082821671691464,0.2768744313703288,0.0069400289547437944,0.09558823529411764,4.232057416267943,0.0,20.43524531024531,0,0.06801,-0.71637,44.75441,5.10468,71.0,53.0,19745.0,0.0,0.43041,0.00011,0.0,0.0,0.5
YOR106W,9,0.000893178836038713,0.2555570913349267,0.004931958837801529,0.1111111111111111,2.4423529411764706,0.0,8.175,1,0.0424,-0.80106,65.4894,6.56561,37.0,35.0,6460.0,0.0,0.19879,0.0002,0.08971985818844534,0.0,0.5
YIL151C,3,4.145092167152611e-05,0.2135061693587313,0.0008555314168711135,0.0,0.0,0.0,0.0,0,0.1127,-0.30698,41.17729,5.64264,137.0,115.0,164040.0,0.0,1.27426,4e-05,0.0,0.0,0.0
YKR096W,1,0.0,0.20955960108622984,0.0008367173580003525,0.0,0.0,0.3333333333333333,0.0,0,0.10042,-0.51046,49.44803,5.28229,161.0,127.0,145380.0,0.0,1.05739,4e-05,0.0,0.0,0.0
YPL153C,5,0.00030674208991049895,0.22641233550993373,0.0017680361732041363,0.0,3.8952879581151834,1.0,0.0,1,0.06699,-0.49671,41.07175,7.87897,99.0,101.0,59580.0,0.0,0.64788,9e-05,0.08971985818844534,0.08233295696528463,0.5105682760620761
YBL053W,4,0.0004993787136917301,0.24943686606022722,0.001367140803112438,0.0,2.547290116896918,0.0,0.0,0,0.1371,0.58387,78.01048,8.42084,2.0,4.0,14940.0,0.0,1.13235,0.00064,0.0,0.0,0.5
YEL069C,3,2.9708376003919726e-05,0.21177399791261178,0.00013197655463491556,0.0,2.274364406779661,0.0,0.0,0,0.1383,0.3477,36.56832,6.97186,48.0,48.0,110500.0,0.0,1.76142,0.00011,0.0,0.0,0.5
YPR165W,14,0.000689407224998373,0.26263605927079264,0.008228583557556176,0.054945054945054944,12.033297529538132,0.0,5.439102564102564,1,0.07177,-0.28947,39.01388,5.96893,27.0,26.0,22305.0,0.0,0.96341,0.00026,0.08971985818844534,0.0,0.5
YBL056W,2,0.000643705985915493,0.1995612642906575,3.9154882706452594e-05,0.0,1.871975806451613,0.5,0.0,0,0.05769,-0.40363,39.7434,4.47711,84.0,41.0,25700.0,0.0,0.50067,9e-05,0.0,0.0,0.5
YDR071C,3,0.000429137323943662,0.16538398804486026,1.4393260002691788e-06,0.0,2.7734104046242773,0.0,0.0,0,0.06806,-0.25707,46.99534,5.57892,28.0,22.0,14690.0,0.0,0.66933,0.00025,0.0,0.0,0.5
YOR020C,9,0.001862646525768914,0.251513899382563,0.0013066954357821023,0.05555555555555555,9.0,0.0,6.5,1,0.03774,0.01792,17.69434,8.96259,12.0,14.0,1490.0,0.0,0.13102,0.00079,0.08971985818844534,0.0,0.5
YBL059W,2,9.011580978754153e-05,0.24412326465298648,0.0009896222381038484,0.0,1.0,0.0,0.0,0,0.08808,-0.31088,39.4601,10.10797,15.0,30.0,19980.0,0.0,0.89686,0.00045,0.0,0.0,0.5
YCR099C,7,0.00022099649870834293,0.21316176985175078,0.00011329698354581727,0.0,1.5546218487394958,0.0,0.0,0,0.08387,-0.61161,64.56903,4.90436,32.0,24.0,14200.0,0.0,0.79067,0.00027,0.0,0.0,0.5
YBL061C,52,0.004487887024969683,0.2814632048934393,0.04358092486886369,0.12669683257918551,30.653061224489797,0.0,333.0,0,0.07615,-0.68463,40.95376,9.2995,72.0,90.0,66740.0,0.0,0.86602,0.00012,0.0,0.0,0.5
YBL047C,9,1.6636581103064185e-05,0.2541746222467411,0.014113397987579171,0.5277777777777778,3.3269012485811578,0.0,34.18015873015872,0,0.04924,-0.68494,48.11543,4.61102,192.0,109.0,65235.0,0.0,0.43265,3e-05,0.0,0.0,0.5
YBL067C,2,9.970406067056402e-06,0.2235752982086831,0.001308003843286121,0.0,0.0,0.0,0.0,0,0.07898,-0.70643,46.66269,5.83844,104.0,93.0,52770.0,0.0,0.6293,7e-05,0.0,0.0,0.0
YBL069W,2,0.000214568661971831,0.2179182267621248,0.0012603721121057891,0.0,0.0,0.0,0.0,0,0.0,0.0,0.0,0.0,0.0,0.0,0.0,0.0,0.0,0.0,0.0,0.0,0.0
YBL072C,5,0.000470540934469296,0.24440545545711662,0.004326328813118018,0.1,2.73389651531151,0.0,1.3333333333333333,0,0.08,-0.8295,52.33655,10.66925,17.0,44.0,25690.0,0.0,1.14232,0.00047,0.0,0.0,0.5
YBR023C,59,0.003947493011867638,0.2803622084677473,0.04492793874622039,0.09585037989479836,19.53380423814329,0.0,89.46847041847042,0,0.103,-0.26704,38.99815,6.26263,138.0,129.0,190340.0,0.0,1.44636,5e-05,0.0,0.0,0.5
YDR129C,23,0.001155393008284648,0.2659896333072734,0.023671264763267152,0.2134387351778656,14.388606307222787,0.0,41.9599756968178,0,0.06698,-0.28084,38.28006,5.30316,92.0,74.0,66390.0,0.0,0.92502,7e-05,0.0,0.0,0.5
YDR207C,15,0.003736079992379021,0.2835581834854846,0.016297055872594488,0.01904761904761905,7.932920536635707,1.0,0.0,0,0.04785,-1.05502,55.67191,9.55341,79.0,108.0,42955.0,0.0,0.4714,0.0001,0.0,0.0,0.5
YDR245W,15,0.0005359419729631655,0.26497294256025017,0.020935451439440117,0.3142857142857143,7.3773173391494,0.3333333333333333,80.08333333333334,0,0.14758,-0.61425,46.45753,6.43207,53.0,51.0,129425.0,0.0,2.7686,0.00014,0.0,0.0,0.5
YDR377W,2,0.000643705985915493,0.21796315603932953,0.0012603742756791304,0.0,0.0,0.0,0.0,0,0.12871,-0.29307,42.91792,10.10236,5.0,15.0,14440.0,0.0,1.27652,0.00089,0.0,0.0,0.0
YEL031W,15,0.000671929471534986,0.28049238460593207,0.03945834618455381,0.3238095238095238,10.896875,0.5,46.87445887445888,0,0.09547,0.01012,35.93886,6.16608,136.0,126.0,119775.0,0.0,0.88547,5e-05,0.0,0.0,0.5
YFL036W,9,0.00027305137419233967,0.23496711620375796,0.0035753991650570934,0.0,0.0,0.0,0.0,0,0.07846,-0.42235,42.28942,8.92279,165.0,181.0,151690.0,0.0,0.99114,6e-05,0.0,0.0,0.0
YFR019W,18,0.00028979649750832034,0.274501992231031,0.061894667051575585,0.43790849673202614,4.980552712384852,0.0,31.77762515262516,0,0.07902,-0.66804,43.40016,8.57147,263.0,280.0,219960.0,0.0,0.85449,3e-05,0.0,0.0,0.5
YGR229C,81,0.017747243296827874,0.3027422100743866,0.09398740489038454,0.08734567901234568,44.204081632653065,1.0,258.8984293484294,0,0.07525,-0.9196,46.91467,4.59027,94.0,50.0,60515.0,0.0,1.0602,8e-05,0.0,0.0,0.5
YHR030C,70,0.011119203657234997,0.3051012402827584,0.07002921280235337,0.09813664596273292,52.91073219658977,0.0,244.7806637806638,0,0.09711,-0.51508,46.21779,5.16315,66.0,47.0,45935.0,0.0,0.82565,9e-05,0.0,0.0,0.5
YHR107C,21,0.0011089001859324874,0.26095052084659254,0.0154858132586406,0.14285714285714285,17.561076604554867,0.0,46.82234432234433,1,0.07125,-0.66855,45.76904,7.76678,58.0,59.0,31650.0,0.0,0.6782,0.00017,0.08971985818844534,0.0,0.5
YIL007C,7,0.00042722589849299386,0.2343291139487439,0.0025352427092793237,0.0,6.9484425349087005,0.0,0.0,0,0.04091,-0.34455,38.97182,5.5545,29.0,24.0,10095.0,0.0,0.4063,0.00022,0.0,0.0,0.5
YJL095W,40,0.0026698190136470136,0.29470368599338154,0.05689998290389149,0.15897435897435896,22.077800829875518,0.0,164.5785714285714,0,0.07375,-0.72368,51.71241,9.49725,153.0,202.0,128870.0,0.0,0.78487,6e-05,0.0,0.0,0.5
YJL148W,11,0.0006721812353928443,0.2634213661196681,0.01097871525826574,0.05454545454545454,0.0,0.0,3.333333333333333,0,0.0,0.0,0.0,0.0,0.0,0.0,0.0,0.0,0.0,0.0,0.0,0.0,0.0
YJR118C,11,0.00018653690875737,0.25944556048340583,0.0130566800331948,0.4909090909090909,0.0,0.0,15.354329004329005,0,0.0,0.0,0.0,0.0,0.0,0.0,0.0,0.0,0.0,0.0,0.0,0.0,0.0
YKL079W,19,0.0013996751635326134,0.2648733598696544,0.020890487473772423,0.2046783625730994,9.648376259798432,0.0,23.138347763347767,0,0.05183,-0.63415,54.15854,6.47894,91.0,87.0,36620.0,0.0,0.49622,9e-05,0.0,0.0,0.5
YKL126W,5,0.00040483514835386547,0.2353332511725211,0.0015765675645452153,0.0,3.52,0.0,0.0,0,0.09853,-0.39279,38.4865,6.07391,86.0,79.0,77865.0,0.0,1.01812,8e-05,0.0,0.0,0.5
YKL176C,4,0.0010937859237296857,0.24069117139956922,0.002940352869837112,0.0,1.5901116427432216,0.0,0.0,0,0.08333,-0.44022,51.17405,8.83197,83.0,93.0,88460.0,0.0,0.94754,9e-05,0.0,0.0,0.5
YLL043W,12,0.0007397466632086482,0.25495617932708503,0.009839362471648853,0.21212121212121213,2.896637608966376,0.0,9.333333333333332,0,0.10015,-0.46966,44.57266,6.42035,63.0,58.0,93000.0,0.0,1.25886,9e-05,0.0,0.0,0.5
YLR110C,8,0.0007485480945119954,0.24906957181758937,0.010306988924465946,0.35714285714285715,0.0,0.0,20.25,0,0.03008,0.43684,24.89323,4.53876,8.0,3.0,8855.0,0.0,0.67816,0.00035,0.0,0.0,0.0
YLR337C,22,0.0007957570877370723,0.2806040604060406,0.05209001581682495,0.31601731601731603,15.142088266953714,0.0,65.98492063492063,0,0.01836,-0.49266,80.35594,9.8902,43.0,66.0,9970.0,0.0,0.12071,0.00012,0.0,0.0,0.5
YLR338W,9,0.00027067299226778873,0.2535193759184072,0.00658036098082164,0.1388888888888889,0.0,0.0,0.0,0,0.06667,0.44632,31.89228,4.1015,27.0,11.0,16595.0,0.0,0.5962,0.00015,0.0,0.0,0.0
YLR342W,78,0.010634844462790189,0.28898402175350457,0.03649328682293237,0.03363303363303363,35.61329305135952,0.0,64.2827922077922,0,0.1338,-0.10874,40.43761,6.84039,189.0,184.0,355135.0,0.0,1.65296,3e-05,0.0,0.0,0.5
YLR370C,9,0.0008219409721575531,0.2701701501609399,0.009075755566410411,0.1388888888888889,2.9086294416243654,0.0,7.818253968253969,0,0.13483,-0.22753,39.69944,7.75507,18.0,19.0,17670.0,0.0,0.85867,0.00038,0.0,0.0,0.5
YLR425W,6,4.378654909863914e-05,0.24668668710296535,0.007428695843999445,0.26666666666666666,3.946078431372549,0.0,0.0,0,0.10406,-0.3948,46.25035,6.41241,165.0,157.0,140925.0,0.0,0.9451,4e-05,0.0,0.0,0.5
YML115C,17,0.0015915970488320468,0.267571702753672,0.016818895252654096,0.11029411764705882,11.625877632898696,0.3333333333333333,4.55,0,0.10841,-0.46075,45.0028,5.22235,78.0,58.0,77615.0,0.0,1.27048,9e-05,0.0,0.0,0.5
YMR089C,7,0.0002795654425773783,0.23621400906708925,0.0033930348589473833,0.09523809523809523,4.31175836030205,0.0,1.125,0,0.07758,-0.57079,40.19312,7.22015,125.0,125.0,70415.0,0.0,0.75492,8e-05,0.0,0.0,0.5
YNL079C,14,0.007244238396521004,0.25291287023439185,0.015347539468843015,0.2087912087912088,7.503972758229285,0.0,36.333333333333336,0,0.02513,-1.47538,50.58492,4.58282,58.0,33.0,13980.0,0.0,0.59387,0.00019,0.0,0.0,0.5
YNL233W,27,0.0012426304897191181,0.2686938105425742,0.028589713239416923,0.19373219373219372,14.620266120777892,0.0,123.75,0,0.06054,-0.92309,54.87413,4.92743,157.0,113.0,28685.0,0.0,0.28517,5e-05,0.0,0.0,0.5
YNL271C,80,0.007373548308208837,0.29725173557704426,0.07973166039667942,0.06613924050632912,53.26543209876543,0.0,188.812996214312,0,0.05735,-0.72586,46.83395,6.13055,285.0,265.0,118830.0,0.0,0.54095,3e-05,0.0,0.0,0.5
YNR051C,18,0.0010611916590436551,0.28495304516974607,0.030224409080609672,0.17647058823529413,4.179620034542315,0.0,34.12738095238095,0,0.06214,-0.88777,37.43227,9.15338,72.0,84.0,27765.0,0.0,0.48142,0.00016,0.0,0.0,0.5
YOR035C,12,0.0006767495014769594,0.25765922436747696,0.011345342759609547,0.25757575757575757,5.108967082860386,0.0,27.1,0,0.07224,-0.02928,48.79303,5.44598,102.0,87.0,40685.0,0.0,0.45432,6e-05,0.0,0.0,0.5
YPL193W,2,5.633768902881587e-06,0.2189449720575247,0.001305261509061554,0.0,0.0,1.0,0.0,0,0.08924,-1.13675,43.65092,5.77435,56.0,48.0,51925.0,0.0,1.18019,0.00013,0.0,0.0,0.0
YBL063W,3,0.00021834576371833382,0.23800884731913277,0.00821793106290212,0.3333333333333333,1.0,0.0,2.033333333333333,0,0.05131,-0.62547,46.92566,6.41766,135.0,127.0,41770.0,0.0,0.33205,5e-05,0.0,0.0,0.5
YPR141C,84,0.008087430774290787,0.29874271920304,0.13625617168685628,0.12105565117613311,28.490853658536587,0.3333333333333333,261.036507936508,0,0.0535,-0.7775,45.94885,8.82953,104.0,113.0,44975.0,0.0,0.5354,0.00011,0.0,0.0,0.5
YGR117C,3,1.682269797625724e-05,0.21121338546121732,0.00020659869449739747,0.0,2.3426229508196723,0.0,0.0,0,0.09454,-0.14181,31.73261,6.80096,50.0,49.0,51395.0,0.0,0.96178,0.00013,0.0,0.0,0.5
YML091C,1,0.0,0.18716044924843023,1.4375181564402578e-05,0.0,1.0,0.0,0.0,1,0.11647,-0.3401,40.70751,6.31696,139.0,131.0,115920.0,0.0,0.83188,5e-05,0.05900181244167522,0.0,0.5
YJL203W,16,0.001098498820548554,0.25326125593334325,0.0016545766092962097,0.041666666666666664,11.652263374485596,1.0,9.333333333333334,1,0.09643,-1.00679,24.46214,7.66986,53.0,54.0,24660.0,0.0,0.7461,0.00023,0.08971985818844534,0.08233295696528463,0.5035329169243448
YBL068W,1,0.0,0.1774082560127132,5.745360121785154e-06,0.0,1.0,0.0,0.0,0,0.04908,-0.05552,34.11258,5.93817,41.0,35.0,11055.0,0.0,0.30949,0.00017,0.0,0.0,0.5
YOL061W,7,0.0004760199666315227,0.21738051664622587,0.00017687696996639162,0.0,6.137423312883436,0.0,0.0,0,0.05645,-0.15625,34.5875,6.83234,47.0,46.0,29755.0,0.0,0.55613,0.00013,0.0,0.0,0.5
YGL008C,1,0.0,0.1777662346695406,3.642221898203756e-05,0.0,0.0,0.0,0.0,1,0.0817,0.12288,33.90133,4.96051,113.0,81.0,116405.0,0.0,1.16851,5e-05,0.05900181244167522,0.0,0.0
YBL071C,2,4.4438399151129335e-05,0.20788040459733714,0.00014589340713683365,0.0,1.0,0.0,0.0,0,0.10784,0.08039,48.00882,9.65375,6.0,13.0,7700.0,0.0,0.66728,0.00084,0.0,0.0,0.5
YNL261W,3,1.1129126626706355e-05,0.19508687905144087,0.0001074015866432476,0.3333333333333333,0.0,1.0,2.640151515151515,1,0.11273,-0.18267,43.41482,5.65509,58.0,50.0,65625.0,0.0,1.18695,0.0001,0.08971985818844534,0.08233295696528463,0.5
YBL075C,1,0.0,0.18721016426062653,2.337830683687475e-05,0.0,1.0,0.0,0.0,0,0.06317,-0.48937,29.77291,5.05243,100.0,80.0,25120.0,0.0,0.35608,7e-05,0.0,0.0,0.5
YBL078C,4,0.0001606556045172079,0.20304922646302853,0.00011045221582728839,0.16666666666666666,2.895757575757576,0.0,2.0075757575757573,0,0.11966,-0.47778,38.94017,9.16107,17.0,21.0,9065.0,0.0,0.66524,0.00067,0.0,0.0,0.5
YHR171W,6,0.00024119718935032566,0.20819768550632822,6.932356514027151e-05,0.2,4.878172588832487,0.0,5.822727272727273,0,0.09048,-0.1373,37.53208,5.88739,81.0,72.0,79100.0,0.0,1.10742,8e-05,0.0,0.0,0.5
YNL223W,3,0.00010654178299566883,0.22473975288685333,0.002639291514456656,0.3333333333333333,0.0,0.5,3.157142857142857,0,0.09312,-0.29757,39.75628,4.57269,77.0,40.0,60860.0,0.0,1.10369,8e-05,0.0,0.0,0.0
YNR007C,5,0.0005806830742845911,0.24546950660701414,0.0010514789097041666,0.3,4.49746192893401,0.0,6.463636363636364,0,0.1,-0.62194,50.88261,4.53705,61.0,34.0,48860.0,0.0,1.36151,0.00013,0.0,0.0,0.5
YOL083W,5,0.005087127569249639,0.21418746848599665,0.00010887506089948466,0.0,3.855460385438972,0.0,0.0,0,0.09951,-0.37549,42.68252,5.33282,55.0,45.0,30785.0,0.0,0.65985,0.00011,0.0,0.0,0.5
YBL079W,4,2.4480016863314818e-06,0.21821059860256115,0.00028767642077521464,0.3333333333333333,2.0,0.25,0.0,0,0.09987,-0.18855,42.11567,5.78668,173.0,151.0,138575.0,0.0,0.81768,3e-05,0.0,0.0,0.5
YER105C,9,0.001243739000064763,0.24970198938996352,0.003263019114577723,0.05555555555555555,4.924803591470258,0.25,0.0,0,0.09705,-0.2064,39.38911,6.04156,169.0,155.0,134075.0,0.0,0.8559,4e-05,0.0,0.0,0.5
YLR335W,7,0.0002413415588879563,0.23830392732144445,0.0006884646945664137,0.09523809523809523,5.785282258064516,0.3333333333333333,3.035897435897436,0,0.07083,-0.90403,38.60028,6.8045,104.0,104.0,9065.0,0.0,0.1164,9e-05,0.0,0.0,0.5
YOR098C,12,0.0011045262398773582,0.2576435258830825,0.0049189876544815814,0.06060606060606061,8.75882946518668,0.3333333333333333,4.275757575757575,1,0.07156,-0.79563,42.1789,9.62897,91.0,123.0,13200.0,0.0,0.11622,8e-05,0.08971985818844534,0.07069233844701739,0.5040354900576609
YBL082C,3,0.0004182217421628308,0.21920601266492312,0.001019058474346587,0.0,1.8723849372384938,0.5,0.0,0,0.131,0.42904,42.47511,9.08197,27.0,38.0,105530.0,0.0,1.99639,0.00017,0.0,0.0,0.5
YEL002C,4,3.6368955998714654e-05,0.18302112920662333,3.152940929672742e-05,0.5,3.431017119838872,0.5,0.0,1,0.13256,-0.33186,36.25326,5.62384,53.0,45.0,79800.0,0.0,1.61568,0.00011,0.08971985818844534,0.07606989737809992,0.5110856190338205
YBL084C,9,0.0,0.22329196273730237,0.0009820748493236083,1.0,8.800813008130081,0.5,11.878571428571428,1,0.08971,-0.43113,45.08524,8.88263,58.0,72.0,83140.0,0.0,0.9736,0.0001,0.05900181244167522,0.05277425862356333,0.5029982604206459
YDL008W,11,1.8954504465284113e-06,0.22585606955717735,0.0011429316094765188,0.8363636363636363,10.202235772357724,0.0,20.245238095238093,1,0.07879,-0.51091,50.38242,4.72406,29.0,15.0,20605.0,0.0,1.09224,0.00025,0.08971985818844534,0.0,0.5
YDR118W,10,3.6678647808307355e-07,0.2256752689891681,0.0011091488440367918,0.9777777777777777,9.772357723577235,0.5,24.6,1,0.1135,-0.24847,35.54344,5.56207,91.0,78.0,81680.0,0.0,1.08538,7e-05,0.05900181244167522,0.05277425862356333,0.5027001804537015
YFR036W,18,0.0010781065031892749,0.26721663129978085,0.017806965424101415,0.3137254901960784,16.246700507614214,1.0,30.96190476190477,0,0.04839,-1.23306,50.4525,4.51569,24.0,10.0,4470.0,0.0,0.31746,0.00032,0.0,0.0,0.5
YGL240W,14,0.0005372603213244364,0.25385419560085437,0.00709322175597019,0.5164835164835165,13.50453172205438,0.5,16.795238095238098,0,0.096,-0.3652,42.94684,5.383,34.0,23.0,32805.0,0.0,1.14,0.00019,0.0,0.0,0.5
YHR166C,17,0.00042674606010773713,0.250056365106678,0.0017662173992466625,0.35294117647058826,16.23939393939394,0.5,35.6,1,0.1278,-0.40479,45.59281,5.29071,91.0,75.0,110390.0,0.0,1.50985,7e-05,0.05900181244167522,0.05277425862356333,0.50162488387253
YKL022C,11,2.3932636626022096e-05,0.22586813322930413,0.0011227673762029032,0.8,10.913617886178862,1.0,24.6,1,0.09048,-0.48333,38.52821,6.32111,99.0,93.0,88640.0,0.0,0.93314,7e-05,0.05900181244167522,0.055714552844473776,0.5025525244435685
YLR127C,13,0.00015181014890685248,0.23414746347281462,0.001769638336087051,0.5641025641025641,12.60909090909091,0.5,17.77619047619048,1,0.1102,-0.33353,37.03613,6.24945,110.0,102.0,123660.0,0.0,1.23689,6e-05,0.05900181244167522,0.05277425862356333,0.5020927067226358
YNL172W,10,3.6678647808307355e-07,0.2256752689891681,0.0011091488440367918,0.9777777777777777,9.772357723577235,0.3333333333333333,16.795238095238098,1,0.08982,-0.18621,42.75327,5.6629,210.0,180.0,196400.0,0.0,1.00123,3e-05,0.05900181244167522,0.05012875095612841,0.5025648237802013
YOR249C,12,1.001366318251743e-05,0.22755761665603141,0.0012934558987052918,0.7121212121212122,11.140404040404041,1.0,39.08333333333333,1,0.10073,-0.16496,41.54352,5.08966,93.0,71.0,80230.0,0.0,1.01206,6e-05,0.05900181244167522,0.055714552844473776,0.5025005624859928
YBL085W,14,0.003959670071940876,0.25695468131002197,0.004977487092262037,0.14285714285714285,10.650261780104712,0.0,29.400757575757577,0,0.07143,-0.89306,59.19286,9.13397,115.0,132.0,72240.0,0.0,0.66097,8e-05,0.0,0.0,0.5
YDR085C,3,1.3990157235054302e-05,0.21653454812427836,0.000618679907497657,0.0,1.9712858926342072,0.0,0.0,0,0.08065,-0.95097,46.00485,8.84259,87.0,96.0,57145.0,0.0,0.80076,0.00012,0.0,0.0,0.5
YER114C,18,0.006859588020385744,0.27525243704478497,0.018391220444260222,0.16993464052287582,11.310975609756097,0.0,115.5,0,0.06827,-0.87183,53.98192,8.79584,135.0,143.0,74510.0,0.0,0.64407,8e-05,0.0,0.0,0.5
YER124C,7,0.0004501570358130366,0.242903279356599,0.0014650844366190445,0.14285714285714285,4.411896745230078,0.0,5.0,0,0.08202,-0.28778,34.05654,5.71857,64.0,55.0,64215.0,0.0,1.00339,9e-05,0.0,0.0,0.5
YIL118W,13,0.0009314273809078255,0.24826531969230506,0.004804940151508438,0.08974358974358974,8.789585547290116,0.0,8.5,1,0.06926,-0.2658,42.99697,4.88824,30.0,21.0,20940.0,0.0,0.82727,0.00019,0.08971985818844534,0.0,0.5
YJR056C,4,0.0003719486981658302,0.2417783413561482,0.0010076453080897507,0.16666666666666666,2.541942604856512,0.0,0.0,0,0.05932,-1.10678,48.18729,6.4682,39.0,37.0,18825.0,0.0,0.68802,0.00024,0.0,0.0,0.5
YKR055W,9,0.00012462990793551436,0.2430289189838524,0.005460551524313283,0.16666666666666666,8.131632653061224,0.0,5.25,0,0.07216,-0.3378,45.86495,6.23883,33.0,31.0,26650.0,0.0,0.82802,0.00019,0.0,0.0,0.5
YMR032W,20,0.0015578974518232432,0.2671491054595383,0.00741759446673692,0.03684210526315789,15.913223140495868,0.0,5.901515151515152,1,0.06876,-0.81001,56.45202,9.1236,84.0,96.0,67310.0,0.0,0.88327,0.00012,0.08971985818844534,0.0,0.5
YNL078W,9,0.0013650681979060742,0.2617743710733584,0.0017382736310026141,0.0,6.18974358974359,0.0,0.0,0,0.06634,-0.76364,57.72555,9.92401,33.0,52.0,29130.0,0.0,0.63453,0.00022,0.0,0.0,0.5
YBL086C,2,1.48308112760435e-06,0.20793151351325329,0.00012791171010995418,0.0,1.0,0.0,0.0,0,0.07511,-0.85043,32.51953,9.08832,49.0,57.0,59610.0,0.0,1.14643,0.00017,0.0,0.0,0.5
YJR040W,3,0.00010302580251281567,0.23596357292109993,0.003294850815775811,0.0,1.0,0.0,0.0,0,0.1181,0.2122,31.24146,6.69733,76.0,74.0,112450.0,0.0,1.28381,8e-05,0.0,0.0,0.5
YBL088C,1,0.0,0.17455226576071298,6.137735161927011e-06,0.0,1.0,0.3333333333333333,0.0,0,0.11015,-0.16498,38.92759,6.52081,328.0,316.0,394035.0,0.0,1.22554,2e-05,0.0,0.0,0.5
YBR136W,4,0.0002745093135748322,0.21310805776944172,0.000215878448514234,0.0,3.6673490276356193,0.5,0.0,1,0.10515,-0.22217,38.99338,8.53729,272.0,291.0,324780.0,0.0,1.1882,3e-05,0.05900181244167522,0.05277425862356333,0.5071951508059198
YBL089W,3,0.0001882476315509025,0.24566915647005358,0.00100493234253296,0.0,1.0,0.0,0.0,0,0.11111,0.57298,42.71789,9.08795,23.0,33.0,32080.0,0.0,0.63036,0.00018,0.0,0.0,0.5
YLR325C,3,0.00021877147478996349,0.21580521512217565,0.00016653611192935379,0.0,1.0,0.0,0.0,0,0.05128,-0.46538,33.15769,10.93036,5.0,19.0,1490.0,0.0,0.16881,0.00124,0.0,0.0,0.5
YOR082C,3,0.0001854493843844441,0.23323055486840397,0.00045616583991469906,0.0,1.0,0.0,0.0,0,0.20354,1.32389,58.91513,9.26874,2.0,8.0,13700.0,0.0,1.03576,0.0007,0.0,0.0,0.5
YBL091C,1,0.0,0.00022002200220022002,4.36630699855352e-12,0.0,0.0,0.0,0.0,0,0.07601,-0.72114,33.24727,5.83588,68.0,58.0,38320.0,0.0,0.80643,0.00012,0.0,0.0,0.0
YLR244C,1,0.0,0.00022002200220022002,4.36630699855352e-12,0.0,0.0,0.0,0.0,0,0.0,0.0,0.0,0.0,0.0,0.0,0.0,0.0,0.0,0.0,0.0,0.0,0.0
YBL093C,5,1.8765865117514336e-05,0.23394020747505156,0.002232578593889359,0.1,3.843243243243243,1.0,0.0,0,0.08636,-1.00091,52.33591,5.95831,27.0,25.0,24535.0,0.0,0.98704,0.00024,0.0,0.0,0.5
YDR477W,23,0.00177367848553121,0.2539304143589163,0.0021918975440097486,0.03162055335968379,17.505081300813007,0.25,4.114285714285714,0,0.07899,-0.56888,52.26746,6.17572,83.0,70.0,73270.0,0.0,1.01701,9e-05,0.0,0.0,0.5
YBL099W,1,0.0,0.00022002200220022002,4.36630699855352e-12,0.0,0.0,0.0,0.0,0,0.05688,-0.08385,34.42572,9.06122,58.0,64.0,31985.0,0.0,0.54575,0.00015,0.0,0.0,0.0
YDR322C-A,1,0.0,0.00022002200220022002,4.36630699855352e-12,0.0,0.0,0.0,0.0,0,0.08333,-0.37292,41.41354,5.84723,15.0,14.0,4595.0,0.0,0.42251,0.00054,0.0,0.0,0.0
YBL100W-A,3,4.677006619805732e-05,0.1906281021646771,0.000114612645293685,0.0,2.4699792960662528,0.0,0.0,0,0.08447,-0.81005,49.10804,7.01813,41.0,40.0,55155.0,0.0,1.10538,0.00014,0.0,0.0,0.5
YJL162C,2,8.702952671606644e-06,0.18069064608464863,1.1391428102822613e-05,0.0,1.463768115942029,0.5,0.0,0,0.07719,-1.03756,60.57566,7.98041,87.0,89.0,45560.0,0.0,0.67608,0.00012,0.0,0.0,0.5
YNL229C,5,0.00034971195716776833,0.23542496327352366,0.003971304521014431,0.0,4.309523809523809,0.0,0.0,0,0.10169,-0.55113,38.83277,6.00909,36.0,30.0,49390.0,0.0,1.22646,0.00015,0.0,0.0,0.5
YBL101C,6,0.00013846663514260703,0.2549869265749537,0.005299363470685081,0.13333333333333333,1.6272855133614628,0.0,3.0,0,0.06804,-0.65139,48.63099,6.43085,132.0,125.0,69525.0,0.0,0.56246,5e-05,0.0,0.0,0.5
YBL102W,8,0.0007573732159907564,0.2502635491696178,0.003978076351012348,0.0,1.8385167464114833,0.0,0.0,1,0.13953,0.2893,47.13023,9.09552,13.0,18.0,31565.0,0.0,1.30036,0.00037,0.08971985818844534,0.0,0.5
YFL058W,1,0.0,0.19871725518416503,0.00011448266652562491,0.0,0.0,0.0,0.0,0,0.10882,-0.31647,35.00294,8.17523,42.0,45.0,53050.0,0.0,1.37466,0.00021,0.0,0.0,0.0
YGR068C,3,1.5932100077709363e-05,0.22854149004588617,0.00034324380737099565,0.0,1.7827827827827827,0.0,0.0,0,0.07167,-0.35154,46.94044,8.49115,62.0,66.0,45560.0,0.0,0.69583,0.00013,0.0,0.0,0.5
YLR026C,10,0.0002500320363193635,0.2428195917495855,0.0013980776381508978,0.15555555555555556,1.9934282584884995,0.0,9.444444444444445,1,0.07059,-0.68206,43.85647,6.48749,42.0,41.0,23950.0,0.0,0.61716,0.00017,0.08971985818844534,0.0,0.5
YBL103C,2,1.0038656672138063e-06,0.2172911561748642,0.001683020024385971,0.0,1.0,1.0,0.0,0,0.06173,-0.82449,54.65947,5.52606,63.0,46.0,29340.0,0.0,0.54194,0.0001,0.0,0.0,0.5
YOL067C,3,2.9513114399046168e-05,0.2441937512455409,0.013895879399578785,0.3333333333333333,0.0,1.0,0.0,0,0.0565,-0.70113,21.36045,5.89178,22.0,21.0,9065.0,0.0,0.47671,0.00031,0.0,0.0,0.0
YBL105C,33,0.007496880557882699,0.2831404881365271,0.013280349676510024,0.04734848484848485,21.328244274809162,0.0,43.855772005772,1,0.07819,-0.67924,47.59863,6.69427,159.0,154.0,117710.0,0.0,0.8953,5e-05,0.05900181244167522,0.0,0.5
YBR045C,8,0.0003629542473966824,0.2346281523785736,0.000745364886873375,0.14285714285714285,3.0468036529680367,0.0,2.8,0,0.08294,-0.99984,50.31772,5.07428,118.0,90.0,43540.0,0.0,0.59356,7e-05,0.0,0.0,0.5
YDL006W,15,0.0007782258372225061,0.2693441522496199,0.014725456089170117,0.26666666666666666,4.840248962655601,0.0,47.07936507936509,0,0.07829,-0.23025,41.92562,4.86444,44.0,29.0,33055.0,0.0,1.04773,0.00015,0.0,0.0,0.5
YDL055C,5,0.0004913846702870408,0.2463417913502873,0.0010981582104079156,0.1,3.718456725755996,0.0,1.4285714285714286,1,0.06925,0.00305,25.52853,5.9538,44.0,40.0,31775.0,0.0,0.8031,0.00015,0.08971985818844534,0.0,0.5
YDR017C,2,1.8449262931468243e-05,0.22116648484932178,0.00042869090550492936,0.0,1.739612188365651,0.0,0.0,0,0.07143,-0.86629,49.27772,6.32501,151.0,138.0,90700.0,0.0,0.75869,5e-05,0.0,0.0,0.5
YDR436W,1,0.0,0.21889963714251123,0.00038632734085684617,0.0,1.0,0.0,0.0,0,0.06761,-0.72254,59.83903,9.37006,74.0,96.0,51935.0,0.0,0.66167,0.00012,0.0,0.0,0.5
YER165W,16,0.0015454973988434499,0.251513899382563,0.0020567512381768605,0.058333333333333334,11.281886387995712,0.5,2.083333333333333,1,0.08839,-0.67799,42.18253,5.70844,78.0,69.0,40145.0,0.0,0.62392,9e-05,0.08971985818844534,0.07606989737809992,0.5033713288169184
YGR238C,4,2.2700474334960744e-05,0.24395426273906956,0.0031870499348261895,0.5,2.7327491785323113,0.0,6.333333333333333,0,0.06916,-0.72732,37.10374,8.23578,116.0,120.0,88335.0,0.0,0.88358,8e-05,0.0,0.0,0.5
YHR206W,1,0.0,0.21889963714251123,0.00038632734085684617,0.0,1.0,1.0,0.0,0,0.05466,-0.64116,44.74293,6.55621,57.0,53.0,28015.0,0.0,0.40483,9e-05,0.0,0.0,0.5
YJR075W,52,0.010038979399989465,0.2962521500854023,0.06350576889761449,0.07993966817496229,14.363636363636363,0.0,426.0,0,0.11364,-0.38838,50.08515,7.8371,46.0,47.0,70025.0,0.0,1.51254,0.00017,0.0,0.0,0.5
YKL203C,11,0.0008548966211885287,0.24350473282961144,0.0010112725337650043,0.14545454545454545,3.354279523293608,0.0,7.697619047619048,1,0.08084,-0.19107,45.62281,7.25372,285.0,283.0,301135.0,0.0,1.06951,3e-05,0.05900181244167522,0.0,0.5
YLR305C,6,0.00040920101319978045,0.25454181606687726,0.007002411165919057,0.06666666666666667,1.4735973597359735,0.0,2.1666666666666665,1,0.10105,-0.07089,37.10407,7.24884,203.0,202.0,194310.0,0.0,0.90543,3e-05,0.05900181244167522,0.0,0.5
YML016C,6,0.0015714680421646439,0.2573142990336517,0.01362967855472875,0.06666666666666667,5.2038345105953585,0.0,2.3956043956043955,0,0.07514,-0.82832,54.31288,8.50665,77.0,83.0,56280.0,0.0,0.72629,0.00011,0.0,0.0,0.5
YMR307W,54,0.014860849665841426,0.2907524195763911,0.030934235798584793,0.06359189378057302,10.016824395373291,0.0,78.37626262626263,0,0.10912,-0.25063,25.60435,4.4649,62.0,39.0,73950.0,0.0,1.24115,7e-05,0.0,0.0,0.5
YOR008C,8,0.0017993946317964602,0.26765638270264147,0.005665617099641042,0.2857142857142857,3.1729559748427674,0.0,7.005555555555556,0,0.06614,-0.47143,48.3537,4.7005,36.0,19.0,27485.0,0.0,0.69991,0.00012,0.0,0.0,0.5
YOR231W,7,0.00048137465020647673,0.24740833081669972,0.005169065038023848,0.09523809523809523,3.7640573318632855,0.0,0.0,0,0.08071,-0.50472,48.54195,8.45587,55.0,59.0,59205.0,0.0,1.04382,0.00015,0.0,0.0,0.5
YPL084W,6,0.0004335355995065764,0.24719139476933608,0.00460933394081134,0.2,1.0,0.0,4.833333333333334,0,0.10308,-0.59585,47.69874,5.27386,133.0,110.0,91315.0,0.0,0.93873,5e-05,0.0,0.0,0.5
YPR159W,34,0.007922438154661222,0.2577534554625766,0.004683047786244017,0.0106951871657754,9.647532729103727,0.0,8.738095238095237,0,0.12222,-0.55042,49.82321,4.49188,92.0,46.0,138840.0,0.0,1.73286,6e-05,0.0,0.0,0.5
YHR023W,10,0.004504198505962386,0.2601158387352545,0.005125976749169167,0.13333333333333333,8.599765258215962,0.0,0.0,1,0.06691,-0.78247,45.76261,6.05536,311.0,291.0,147180.0,0.0,0.65813,3e-05,0.05900181244167522,0.0,0.5
YHR161C,7,9.126422006174411e-05,0.22010739070992255,0.0004552878365520852,0.047619047619047616,0.0,0.0,0.0,0,0.0832,-0.60879,47.60192,6.53058,54.0,50.0,45855.0,0.0,0.6399,9e-05,0.0,0.0,0.0
YIL033C,7,0.0018665510693530874,0.24959881893041153,0.0009311581139398814,0.14285714285714285,5.635844748858448,0.3333333333333333,4.165909090909091,0,0.09135,-0.68846,52.11065,7.71136,54.0,55.0,29130.0,0.0,0.61692,0.00016,0.0,0.0,0.5
YOR197W,8,0.004767196836613716,0.2640464058894182,0.0020713112033373016,0.03571428571428571,4.206896551724138,0.5,0.0,0,0.09028,-0.70833,42.01713,5.16449,41.0,31.0,50115.0,0.0,1.04446,0.00011,0.0,0.0,0.5
YOR326W,60,0.0055349271735458516,0.28388179312023576,0.05851227382648586,0.05819209039548023,40.903225806451616,0.0,91.31367243867244,1,0.08577,-0.40388,43.33267,5.95331,216.0,196.0,176170.0,0.0,0.97505,3e-05,0.05900181244167522,0.0,0.5
YBL107C,1,0.0,0.17585159023242117,4.9570753624831295e-06,0.0,0.0,0.0,0.0,0,0.08163,-0.97806,36.96276,6.62994,30.0,30.0,24700.0,0.0,1.07553,0.00029,0.0,0.0,0.0
YML116W,2,0.000214568661971831,0.21504796533355533,0.00016983016477527032,0.0,0.0,0.0,0.0,0,0.14207,0.56513,32.6338,6.94659,30.0,30.0,102510.0,0.0,1.709,0.00012,0.0,0.0,0.0
YBR003W,2,0.0003219301550840971,0.23711467928221555,0.00044848020948857543,0.0,1.7545748116254036,0.0,0.0,0,0.05708,-0.2537,46.22939,8.97015,55.0,62.0,23545.0,0.0,0.44797,0.00017,0.0,0.0,0.5
YBR004C,1,0.0,0.19578235984624437,3.20651925178418e-05,0.0,0.0,0.5,0.0,1,0.19861,0.42633,38.38596,9.51532,19.0,39.0,118230.0,0.0,2.32928,0.00019,0.08971985818844534,0.07606989737809992,0.5
YLR082C,7,0.005241614366303073,0.24562634702131922,0.0010767048619189715,0.14285714285714285,5.245033112582782,0.5,0.0,0,0.06633,-0.72551,41.13112,7.67609,60.0,61.0,34295.0,0.0,0.75976,0.00017,0.0,0.0,0.5
YBR006W,2,2.013590513555066e-05,0.2011082508355463,3.654933422022147e-05,0.0,1.0,0.0,0.0,0,0.09054,-0.05292,30.2795,6.24078,55.0,52.0,48705.0,0.0,0.89881,0.00012,0.0,0.0,0.5
YKL023W,8,0.0006147230654392805,0.247524185806546,0.0007967773773758617,0.0,1.949738219895288,0.0,0.0,0,0.02527,-1.52383,70.32563,9.01862,56.0,62.0,8730.0,0.0,0.27034,0.00028,0.0,0.0,0.5
YBR009C,4,0.00014412340885640678,0.21188010774221022,0.00138152578797413,0.3333333333333333,0.0,0.0,0.0,1,0.0,0.0,0.0,0.0,0.0,0.0,0.0,0.0,0.0,0.0,0.08971985818844534,0.0,0.0
YBR010W,3,2.0889137524976077e-06,0.18706937360402706,5.385317830572356e-05,0.6666666666666666,1.7057569296375266,0.0,0.0,0,0.0,0.0,0.0,0.0,0.0,0.0,0.0,0.0,0.0,0.0,0.0,0.0,0.5
YNL031C,4,3.2182321516032096e-06,0.19002845415535127,5.623289518564675e-05,0.6666666666666666,0.0,0.0,0.0,0,0.0,0.0,0.0,0.0,0.0,0.0,0.0,0.0,0.0,0.0,0.0,0.0,0.0
YNL030W,4,1.6001985278582362e-06,0.18586072390642722,2.023894256017333e-05,0.6666666666666666,2.781151832460733,0.0,0.0,0,0.0,0.0,0.0,0.0,0.0,0.0,0.0,0.0,0.0,0.0,0.0,0.0,0.5
YBR013C,1,0.0,0.1396441182986273,6.174667620841936e-08,0.0,0.0,0.0,0.0,0,0.10853,0.02868,41.53574,6.69196,8.0,8.0,14035.0,0.0,0.96917,0.00046,0.0,0.0,0.0
YGR292W,3,0.000429137323943662,0.1632766975682085,2.066693858093308e-06,0.0,0.0,0.0,0.0,0,0.14897,-0.66729,30.14781,5.47406,88.0,72.0,149365.0,0.0,2.19353,8e-05,0.0,0.0,0.0
YBR015C,5,4.306933774363352e-08,0.24080081944758455,0.00955283712167736,0.9,4.777548918640576,0.0,3.966666666666667,0,0.12395,-0.41709,30.13792,5.87714,82.0,74.0,76515.0,0.0,1.12899,9e-05,0.0,0.0,0.5
YBR017C,10,0.0019469931645516034,0.24323860743854084,0.0008166526843549558,0.06666666666666667,8.995967741935484,0.3333333333333333,5.9523809523809526,0,0.08715,-0.03072,43.24467,4.49969,134.0,67.0,99290.0,0.0,0.95766,4e-05,0.0,0.0,0.5
YDR192C,9,0.000874614842669395,0.24644228628236098,0.000559339977280958,0.05555555555555555,4.792708333333334,0.25,5.886904761904763,0,0.08837,-0.40744,38.19279,9.93915,10.0,18.0,0.0,0.0,0.0,0.00023,0.0,0.0,0.5
YGL092W,11,0.0011242050664287905,0.23740754493145252,0.00041248232229176325,0.0,4.04144527098831,0.25,0.0,1,0.08656,-0.46264,39.47761,5.55316,155.0,138.0,114400.0,0.0,0.78539,4e-05,0.05900181244167522,0.047735814213720786,0.5059057850611506
YGL122C,8,0.0001774613055641884,0.2181655672661111,0.0001285356525999381,0.03571428571428571,4.6076210092687955,1.0,0.6153846153846154,1,0.05143,-0.80286,60.34362,8.48969,51.0,58.0,17065.0,0.0,0.29261,0.00015,0.08971985818844534,0.08233295696528463,0.5089344324109624
YGR119C,22,0.0026458372161268476,0.2691727046670294,0.0064419526554347385,0.05627705627705628,16.828303850156086,0.25,33.666666666666664,1,0.06285,-0.70702,40.75453,9.58783,33.0,46.0,36565.0,0.0,0.63594,0.00017,0.08971985818844534,0.06602488493524936,0.5019617213215055
YKL068W,11,0.0013269719207592268,0.2522039237978787,0.0012902846562429207,0.12727272727272726,7.937436932391524,0.25,22.428571428571423,0,0.07612,-0.70386,29.6147,9.39801,43.0,59.0,24005.0,0.0,0.24008,9e-05,0.0,0.0,0.5
YMR047C,130,0.05105842247571953,0.2983843628506232,0.008340772317482852,0.0020274299344066786,83.937875751503,0.25,36.99047619047619,1,0.07817,-0.72686,36.17951,9.36505,58.0,75.0,21360.0,0.0,0.18377,8e-05,0.8512783293698793,0.19324777094655013,0.5011511357013528
YNR069C,6,0.0010843293898484463,0.24370119815116598,0.0023054234922770954,0.0,1.9287878787878787,0.0,0.0,0,0.09202,-0.5908,49.25403,5.52887,67.0,55.0,38360.0,0.0,0.69961,0.0001,0.0,0.0,0.5
YOL123W,5,0.0003023709460062629,0.21619136964821228,0.00012945575499067027,0.2,4.251271617497457,0.5,2.2403846153846154,1,0.07491,-1.31498,49.25468,5.42401,71.0,62.0,45060.0,0.0,0.75542,9e-05,0.08971985818844534,0.07606989737809992,0.5089467227952468
YBR019C,2,1.2860213811067611e-05,0.19322381495631857,7.509664411391329e-05,0.0,1.829946524064171,0.0,0.0,0,0.1073,-0.33834,27.25969,5.65582,84.0,71.0,92360.0,0.0,1.18116,7e-05,0.0,0.0,0.5
YOL150C,4,0.0004052026997696081,0.23529396785661208,0.0025722634896134327,0.0,1.9026737967914438,0.0,0.0,0,0.14563,0.32136,31.0932,10.09332,3.0,12.0,17210.0,0.0,1.4606,0.00086,0.0,0.0,0.5
YBR020W,2,0.0003912602576569004,0.21639050201202703,0.0002815162636376085,0.0,1.8119312436804853,0.0,0.0,0,0.0928,-0.08902,37.96593,6.2951,58.0,54.0,48050.0,0.0,0.82925,0.00011,0.0,0.0,0.5
YML051W,3,0.0002230081039002675,0.1794789351181627,8.538487834448371e-06,0.0,3.0,0.0,0.0,0,0.10345,-0.10345,40.50552,7.72858,38.0,39.0,49530.0,0.0,1.02498,0.00016,0.0,0.0,0.5
YEL021W,1,0.0,0.17318684483429708,3.3244205963708933e-06,0.0,1.0,0.0,0.0,0,0.07491,-0.24007,12.56667,6.90997,36.0,36.0,30410.0,0.0,1.04004,0.00024,0.0,0.0,0.5
YOR128C,23,0.005110304333656192,0.26035606392802807,0.0017396748680695696,0.0,16.413541666666667,0.0,0.0,0,0.05604,-0.00385,40.99179,6.92645,62.0,61.0,30465.0,0.0,0.4887,0.00011,0.0,0.0,0.5
YBR057C,11,0.0010674522646791614,0.26056461829558397,0.014478882161235985,0.03636363636363636,3.68630849220104,0.3333333333333333,10.333333333333332,0,0.06011,-0.86721,44.16831,5.62604,45.0,35.0,23505.0,0.0,0.56731,0.00014,0.0,0.0,0.5
YBR077C,6,0.0004399957385611335,0.2348627153745644,0.002201138319850507,0.0,1.0,0.0,0.0,0,0.08642,-0.24136,30.98642,4.91266,22.0,14.0,16180.0,0.0,0.88157,0.00027,0.0,0.0,0.5
YDL032W,1,0.0,0.21723534317882628,0.0013013027756208493,0.0,0.0,0.0,0.0,0,0.0,0.0,0.0,0.0,0.0,0.0,0.0,0.0,0.0,0.0,0.08971985818844534,0.0,0.0
YDL033C,9,0.00023925617948040724,0.26930984526296214,0.017842133566714276,0.2222222222222222,0.0,0.0,13.214285714285715,0,0.0,0.0,0.0,0.0,0.0,0.0,0.0,0.0,0.0,0.0,0.0,0.0,0.0
YDL223C,3,1.4088534209661426e-05,0.23487576040430083,0.0028391037671438774,0.3333333333333333,0.0,0.0,0.0,0,0.05545,-1.27342,42.85182,5.92413,144.0,116.0,71630.0,0.0,0.63046,5e-05,0.0,0.0,0.0
YEL044W,1,0.0,0.21723534317882628,0.0013013027756208493,0.0,0.0,0.0,0.0,1,0.0,0.0,0.0,0.0,0.0,0.0,0.0,0.0,0.0,0.0,0.08971985818844534,0.0,0.0
YGL200C,14,0.0010455061061430213,0.25105100868671526,0.005164641870553623,0.07692307692307693,7.365287588294652,0.3333333333333333,14.666666666666666,0,0.133,-0.2197,30.32167,6.3006,24.0,22.0,23295.0,0.0,0.99841,0.00027,0.0,0.0,0.5
YGR135W,13,0.0031488146371455705,0.2593500883360339,0.015255445962129235,0.16666666666666666,7.826879271070615,0.5,8.031746031746032,0,0.08527,-0.43566,30.45775,5.06049,39.0,31.0,29340.0,0.0,1.0218,0.00018,0.0,0.0,0.5
YKL041W,8,0.00020055048012284575,0.24970198938996352,0.004395083645605372,0.0,0.0,0.0,0.0,0,0.0,0.0,0.0,0.0,0.0,0.0,0.0,0.0,0.0,0.0,0.0,0.0,0.0
YKR020W,13,0.0005749919357185454,0.2711402404667243,0.016225671750474714,0.2692307692307692,1.6394316163410303,0.0,15.714285714285714,0,0.03659,-1.04512,53.97201,4.88995,36.0,25.0,5960.0,0.0,0.31515,0.00026,0.0,0.0,0.5
YLL039C,8,0.0008289042456548422,0.23994003576481118,0.0037961839339067383,0.0,0.0,0.0,0.0,0,0.0,0.0,0.0,0.0,0.0,0.0,0.0,0.0,0.0,0.0,0.0,0.0,0.0
YMR116C,4,5.026569604334171e-06,0.24755316650971973,0.005912920310649735,0.5,2.032059186189889,0.0,0.0,0,0.08777,-0.13103,25.36489,5.79657,34.0,29.0,71180.0,0.0,2.04511,0.00017,0.0,0.0,0.5
YOR312C,4,7.877518107875449e-05,0.23939669329251767,0.0028151656235611416,0.16666666666666666,1.7918367346938775,0.0,0.0,0,0.12209,-0.61512,51.23203,10.30243,15.0,35.0,24410.0,0.0,1.19443,0.0005,0.0,0.0,0.5
YPL069C,6,9.102715122297503e-05,0.25855721126988884,0.006487731123335063,0.06666666666666667,0.0,0.0,0.0,0,0.0,0.0,0.0,0.0,0.0,0.0,0.0,0.0,0.0,0.0,0.0,0.0,0.0
YBR024W,3,0.0002474625146670392,0.21749232064594107,0.0008418243157878454,0.3333333333333333,1.0,0.0,1.1428571428571428,1,0.13289,-0.58339,50.62465,8.33759,41.0,44.0,42705.0,0.0,1.22406,0.00024,0.08971985818844534,0.0,0.5
YBR037C,3,0.0011561942354417786,0.1984281915592432,5.3568623213238725e-05,0.3333333333333333,0.0,0.0,2.017857142857143,0,0.12203,-0.35729,29.37495,9.1452,32.0,40.0,36370.0,0.0,1.09662,0.00028,0.0,0.0,0.0
YLL009C,3,0.0011672766374918714,0.24378549465692562,0.0010112412713991774,0.3333333333333333,1.0,0.0,0.875,0,0.07246,-1.31159,58.66812,4.87994,17.0,12.0,3855.0,0.0,0.47853,0.00061,0.0,0.0,0.5
YBR025C,1,0.0,0.00022002200220022002,4.36630699855352e-12,0.0,1.0,0.0,0.0,0,0.06853,-0.28858,35.82411,7.05292,57.0,57.0,32150.0,0.0,0.72781,0.00016,0.0,0.0,0.5
YNL207W,1,0.0,0.00022002200220022002,4.36630699855352e-12,0.0,1.0,0.5,0.0,1,0.09412,-0.78612,38.99271,5.13092,76.0,57.0,40395.0,0.0,0.8223,0.0001,0.08971985818844534,0.07606989737809992,0.53803494868905
YBR033W,2,6.094589911617994e-06,0.20913467805732106,0.0002661336966768405,0.0,0.0,1.0,0.0,0,0.08161,-0.38857,49.31187,8.86298,95.0,113.0,66845.0,0.0,0.6465,9e-05,0.0,0.0,0.0
YNL228W,2,1.3583160213391213e-05,0.21671209912976128,0.00048645877364748505,0.0,0.0,0.0,0.0,0,0.15891,0.59109,61.2938,4.92401,20.0,13.0,19115.0,0.0,0.66739,0.00017,0.0,0.0,0.0
YBR034C,8,0.0007594378778750296,0.2357268069746938,0.0004199148066889089,0.0,6.974619289340102,1.0,0.0,0,0.1092,-0.37787,38.34371,5.25873,53.0,38.0,46215.0,0.0,1.1616,0.00013,0.0,0.0,0.5
YDR432W,2,5.522206707704177e-06,0.19694034977268218,1.9515806683025932e-05,0.0,1.0,0.5,0.0,1,0.09662,-1.09541,66.13816,5.38019,60.0,46.0,35425.0,0.0,0.78017,0.00012,0.08971985818844534,0.07606989737809992,0.53803494868905
YBR036C,17,0.0021351946523222626,0.25060466933264386,0.006437570234222035,0.04411764705882353,9.683786505538771,0.5,2.083333333333333,0,0.10488,0.38341,35.70834,6.88934,29.0,29.0,62755.0,0.0,1.381,0.00015,0.0,0.0,0.5
YBR265W,3,0.00021760351485478725,0.20587649417327322,0.0001903656467296715,0.0,1.0,0.5,0.0,1,0.1,-0.05031,44.01444,5.92999,38.0,34.0,41130.0,0.0,1.14339,0.00016,0.08971985818844534,0.07606989737809992,0.53803494868905
YDL015C,2,5.5698103044848093e-05,0.2334752203135508,0.0009424935267925554,0.0,1.986908358509567,0.4,0.0,1,0.2,0.03935,38.832,9.55475,22.0,37.0,78185.0,0.0,2.12648,0.00026,0.08971985818844534,0.07328259754083398,0.5184413632432966
YDR062W,1,0.0,0.19893226656249857,0.000183371405683526,0.0,1.0,0.3333333333333333,0.0,1,0.09626,-0.16738,42.49449,8.37921,62.0,67.0,62490.0,0.0,0.99017,0.00013,0.08971985818844534,0.07069233844701739,0.5353461692235086
YDR208W,1,0.0,0.19893226656249857,0.000183371405683526,0.0,1.0,0.0,0.0,1,0.07959,-0.79987,47.44253,9.32977,87.0,107.0,63190.0,0.0,0.70746,0.0001,0.08971985818844534,0.0,0.5
YDR270W,2,0.000214568661971831,0.1989509851949674,0.00018352705142910344,0.0,1.0,0.0,0.0,0,0.07968,0.21345,30.66697,5.04535,113.0,85.0,91740.0,0.0,0.83531,5e-05,0.0,0.0,0.5
YDR297W,2,1.1764515655156823e-05,0.22747193062501517,0.002395563123683268,0.0,1.948637316561845,0.5,0.0,0,0.15473,-0.10659,39.65702,8.35651,34.0,36.0,58455.0,0.0,1.43505,0.00021,0.0,0.0,0.5
YER093C,6,8.728422348971848e-05,0.24244371002861095,0.0013579705000294846,0.26666666666666666,1.9323432343234324,0.0,2.8166666666666664,1,0.08811,-0.3679,43.14778,8.80463,170.0,186.0,109945.0,0.0,0.6689,5e-05,0.05900181244167522,0.0,0.5
YMR272C,7,0.00016847053360006918,0.256160842641085,0.005637599389761788,0.2857142857142857,0.0,0.0,7.011904761904762,0,0.0,0.0,0.0,0.0,0.0,0.0,0.0,0.0,0.0,0.0,0.0,0.0,0.0
YMR296C,4,0.0005695747742848399,0.2114034489986018,0.00021264260304336213,0.0,3.7330037082818293,0.3333333333333333,0.0,1,0.0914,-0.1328,52.24339,5.79926,57.0,48.0,53760.0,0.0,0.86422,9e-05,0.08971985818844534,0.07069233844701739,0.5094685599012644
YNL330C,5,7.44331668090506e-05,0.2440950814083948,0.003276217263004097,0.1,4.485138004246284,0.5,0.0,0,0.1224,-0.41755,27.76681,5.28705,61.0,44.0,59930.0,0.0,1.22547,0.00011,0.0,0.0,0.5
YOL004W,13,0.0016966122204025585,0.2571421824456693,0.008415490230600824,0.02564102564102564,11.764337851929092,1.0,0.0,0,0.08073,-0.74349,53.40048,5.38861,216.0,162.0,151135.0,0.0,0.86443,3e-05,0.0,0.0,0.5
YPL057C,10,0.001693760487690668,0.269206976720081,0.010765687839453567,0.06666666666666667,3.723935389133627,0.0,1.5,0,0.14398,-0.23848,41.78301,9.06464,41.0,52.0,86135.0,0.0,1.92234,0.0002,0.0,0.0,0.5
YPL231W,1,0.0,0.19893226656249857,0.000183371405683526,0.0,1.0,0.0,0.0,1,0.07578,-0.29359,39.22163,5.31708,258.0,209.0,189190.0,0.0,0.91421,3e-05,0.05900181244167522,0.0,0.5
YBR039W,1,0.0,0.1887476874807638,4.388026849894498e-05,0.0,0.0,0.0,0.0,0,0.05466,-0.30965,34.53768,9.33722,33.0,42.0,13660.0,0.0,0.39767,0.00027,0.0,0.0,0.0
YPR024W,5,0.0002921710697481506,0.23465419179396438,0.0015317041222997776,0.1,0.0,0.0,2.761904761904762,0,0.0,0.0,0.0,0.0,0.0,0.0,0.0,0.0,0.0,0.0,0.0,0.0,0.0
YBR040W,1,0.0,0.1939060523807333,2.866325586702828e-05,0.0,1.0,0.0,0.0,0,0.12416,0.42349,44.34265,9.51617,15.0,27.0,48860.0,0.0,1.44661,0.00028,0.0,0.0,0.5
YCL040W,6,0.0005653367834509695,0.24268024047741935,0.0009701693382043357,0.0,4.9732234809474765,0.0,0.0,0,0.068,-0.22,35.0116,5.79547,65.0,54.0,31245.0,0.0,0.56423,0.0001,0.0,0.0,0.5
YBR043C,2,1.0354810878654531e-06,0.19348905011754894,3.508005995903163e-05,0.0,1.3871345029239766,0.0,0.0,0,0.10595,-0.06343,36.8582,7.59235,65.0,66.0,115920.0,0.0,1.49989,0.0001,0.0,0.0,0.5
YGR074W,10,0.0016746897829453132,0.2398991995415574,0.000883255645289015,0.022222222222222223,9.32470334412082,1.0,1.5,1,0.03425,-0.48836,67.64863,11.00006,9.0,22.0,8480.0,0.0,0.52106,0.00068,0.08971985818844534,0.08233295696528463,0.5044147762093255
YJL155C,2,4.509095479201322e-05,0.21397071245858584,0.00029209137407923056,0.0,1.357451403887689,0.0,0.0,0,0.10619,-0.55442,37.33854,6.39655,66.0,64.0,73395.0,0.0,1.39549,0.00012,0.0,0.0,0.5
YBR044C,4,0.0004425327305970556,0.2204286483694241,0.00018213054870106984,0.0,3.450381679389313,0.0,0.0,0,0.07343,-0.30629,40.65769,9.04889,61.0,76.0,51240.0,0.0,0.79749,0.00014,0.0,0.0,0.5
YKL141W,3,0.00023145201983693856,0.23436807572571258,0.0004533801697520547,0.0,2.85,0.0,0.0,1,0.11616,0.25101,35.78742,10.23029,7.0,22.0,35410.0,0.0,1.60461,0.00046,0.08971985818844534,0.0,0.5
YKL148C,2,2.496811461273276e-05,0.18216176403545412,6.128984792751836e-06,0.0,1.0,0.0,0.0,0,0.07344,-0.36906,38.38359,7.13666,74.0,73.0,71165.0,0.0,1.01333,0.0001,0.0,0.0,0.5
YLL041C,2,2.496811461273276e-05,0.18216176403545412,6.128984792751836e-06,0.0,1.0,0.0,0.0,0,0.08271,-0.3203,55.34628,9.10345,23.0,36.0,40265.0,0.0,1.33191,0.0003,0.0,0.0,0.5
YLR263W,6,0.0003696291444144272,0.23702164622605412,0.00044512843793582377,0.13333333333333333,3.3873775843307943,1.0,2.0,0,0.06892,-0.7549,51.91948,6.78009,128.0,126.0,46755.0,0.0,0.48939,7e-05,0.0,0.0,0.5
YOR178C,5,0.00022489162188576908,0.23093786195833282,0.0015513122219504884,0.2,1.0,0.0,1.4285714285714286,0,0.08701,-0.66898,51.1197,5.42804,95.0,75.0,68980.0,0.0,0.77916,6e-05,0.0,0.0,0.5
YOR329C,5,0.0009037410535869507,0.24774170662130368,0.0006388361989875751,0.1,3.2935377875136913,0.0,0.0,1,0.06078,-0.89128,67.55172,7.42181,68.0,68.0,49530.0,0.0,0.50902,8e-05,0.08971985818844534,0.0,0.5
YBR046C,1,0.0,0.1887645384483096,4.596993614182012e-05,0.0,0.0,0.0,0.0,0,0.0,0.0,0.0,0.0,0.0,0.0,0.0,0.0,0.0,0.0,0.0,0.0,0.0
YBR048W,2,3.633507983854488e-05,0.18617986132695075,2.8669147481975596e-05,0.0,0.0,0.0,0.0,0,0.0,0.0,0.0,0.0,0.0,0.0,0.0,0.0,0.0,0.0,0.0,0.0,0.0
YDR025W,3,0.00013504845780162406,0.21012189765560407,0.0008190355315529349,0.0,0.0,0.0,0.0,0,0.0,0.0,0.0,0.0,0.0,0.0,0.0,0.0,0.0,0.0,0.0,0.0,0.0
YDR450W,3,0.00045556871901941443,0.21991279787399406,0.0001844985089412258,0.0,1.518896833503575,0.0,0.0,0,0.06164,-0.70137,36.65685,10.27008,15.0,27.0,17085.0,0.0,1.0028,0.0006,0.0,0.0,0.5
YBR050C,3,1.777457616923051e-05,0.21247629335338317,0.00026030858797032125,0.6666666666666666,3.0,0.0,0.0,0,0.07692,-0.75888,46.24648,8.3526,45.0,48.0,34795.0,0.0,0.898,0.00022,0.0,0.0,0.5
YDR028C,13,0.001451032257195943,0.23078661738356337,0.00047982253049551327,0.07692307692307693,10.764585465711361,1.0,0.0,0,0.0572,-1.10819,49.92051,4.89459,169.0,108.0,93545.0,0.0,0.83067,4e-05,0.0,0.0,0.5
YBR052C,1,0.0,0.16174660305687852,1.2386633225306943e-06,0.0,0.0,0.0,0.0,0,0.10952,-0.15,28.13148,5.15485,28.0,21.0,38765.0,0.0,1.69126,0.00022,0.0,0.0,0.0
YDR032C,3,0.000643705985915493,0.19432485594959018,4.0020699433339574e-05,0.0,1.0,0.0,0.0,0,0.10606,-0.03182,26.73793,5.46198,20.0,14.0,32555.0,0.0,1.5528,0.00026,0.0,0.0,0.5
YBR054W,3,0.00046581038463438157,0.24353277990779956,0.0009912974897764676,0.0,2.808467741935484,0.0,0.0,0,0.12791,0.14535,44.43727,9.24994,29.0,40.0,65485.0,0.0,1.69129,0.00024,0.0,0.0,0.5
YDR190C,2,0.000214568661971831,0.19446784043775728,2.8835506456394567e-05,0.0,1.9500509683995924,1.0,0.0,1,0.04104,-0.12376,42.18661,5.66437,65.0,58.0,18255.0,0.0,0.36183,0.00011,0.08971985818844534,0.08233295696528463,0.5211104628287884
YBR055C,4,0.0002280059700395488,0.21085530742054512,0.00011221529375258897,0.0,3.7673019057171513,1.0,0.0,1,0.08788,-0.54093,42.40369,8.19635,126.0,130.0,138085.0,0.0,1.32484,8e-05,0.05900181244167522,0.055714552844473776,0.5073944900407269
YDL064W,4,0.001248698375420439,0.2328324628520555,0.0008496318368929357,0.0,3.812761506276151,1.0,0.0,1,0.11465,-0.79172,65.43516,9.2431,17.0,23.0,39670.0,0.0,2.21481,0.00052,0.08971985818844534,0.08233295696528463,0.510797024260468
YPR082C,1,0.0,0.17303802235530863,3.3318216572923086e-06,0.0,1.0,1.0,0.0,1,0.0979,-0.24406,39.91056,5.77838,21.0,18.0,13325.0,0.0,0.79428,0.00034,0.08971985818844534,0.08233295696528463,0.5411664784826423
YCL055W,5,0.00023526301278354786,0.21377600679030545,0.000461710860158458,0.1,0.0,1.0,3.0,0,0.08955,-0.55403,51.87854,8.6651,36.0,40.0,47035.0,0.0,1.21626,0.00022,0.0,0.0,0.0
YDR206W,5,0.00022763503362130725,0.24711916726969566,0.003574802884895758,0.0,0.0,0.5,0.0,0,0.10633,-0.3741,46.93441,9.05573,76.0,90.0,108930.0,0.0,1.08931,9e-05,0.0,0.0,0.0
YGL192W,2,0.0,0.20687359670852853,0.00042030633400031353,1.0,0.0,0.3333333333333333,2.1666666666666665,0,0.09833,-0.53867,38.04303,8.24347,67.0,71.0,106365.0,0.0,1.53274,0.00012,0.0,0.0,0.0
YIL144W,23,0.002184623896807571,0.2639310442091519,0.007370149305193925,0.05533596837944664,15.524102564102565,0.5,9.566666666666668,1,0.06078,-0.81027,47.2657,8.70697,100.0,106.0,53080.0,0.0,0.65949,0.00011,0.05900181244167522,0.05277425862356333,0.5016997523175863
YBR058C,7,0.0004977933526150589,0.22164176268772115,0.0006653016031038335,0.0,4.132743362831858,0.5,0.0,0,0.08323,-0.5233,40.94828,5.08392,106.0,77.0,99635.0,0.0,1.12418,6e-05,0.0,0.0,0.5
YOL059W,2,1.9706066143494328e-05,0.19814925215871007,4.1726850607793335e-05,0.0,1.6937618147448015,0.0,0.0,0,0.07727,-0.18773,41.81273,6.60211,51.0,47.0,47745.0,0.0,0.96609,0.00013,0.0,0.0,0.5
YOL064C,5,0.0006591393139607249,0.2463417913502873,0.005049939662428042,0.0,1.6811023622047243,0.5,0.0,0,0.07283,-0.22997,30.423,5.78534,47.0,39.0,32150.0,0.0,0.82123,0.00015,0.0,0.0,0.5
YOL113W,2,1.0117567248858562e-05,0.1924412119012939,2.870983568125651e-05,0.0,1.820480404551201,0.0,0.0,0,0.08397,-0.56397,52.72615,8.89948,83.0,94.0,87415.0,0.0,1.16042,0.00012,0.0,0.0,0.5
YOL132W,2,2.6335453612049393e-05,0.1806289005304785,1.9484464103366474e-05,0.0,1.0,0.0,0.0,0,0.11677,-0.37792,37.91106,4.76447,71.0,43.0,56365.0,0.0,1.04744,9e-05,0.0,0.0,0.5
YOL156W,2,1.7559174633019104e-05,0.19922280176759788,7.082524730886084e-05,0.0,1.0,0.0,0.0,0,0.14109,0.30829,34.37907,8.72772,38.0,45.0,110000.0,0.0,1.75349,0.00014,0.0,0.0,0.5
YBR059C,8,0.0005058485852997508,0.23847863694558044,0.002649004989285572,0.0,3.6560574948665296,0.0,0.0,0,0.06408,-0.82969,56.25976,7.38361,121.0,121.0,59890.0,0.0,0.48303,6e-05,0.0,0.0,0.5
YER144C,4,8.530570163608609e-05,0.21652346084582857,0.0003314358690567556,0.0,1.3993250843644545,0.0,0.0,0,0.09814,-0.37665,47.79144,8.63031,78.0,88.0,78710.0,0.0,0.85314,9e-05,0.0,0.0,0.5
YBR060C,5,0.0003934915683454597,0.23715457295266848,0.0035788529343088486,0.1,2.4552319309600863,1.0,2.1818181818181817,1,0.08387,-0.70661,42.97181,9.44696,72.0,93.0,50685.0,0.0,0.71149,0.00013,0.08971985818844534,0.08233295696528463,0.5167668389953468
YPR019W,2,0.0,0.1911451064647214,0.00010312107677558898,1.0,0.0,1.0,0.4583333333333333,1,0.05359,-0.51854,53.55458,5.85529,131.0,118.0,48845.0,0.0,0.46518,6e-05,0.05900181244167522,0.055714552844473776,0.5
YBR061C,19,0.0018590840071909221,0.2372876488591567,0.0006282102800998434,0.0,7.424311926605505,0.0,0.0,0,0.0871,-0.38871,45.05548,8.0329,38.0,40.0,30910.0,0.0,0.89077,0.00023,0.0,0.0,0.5
YBR300C,1,0.0,0.19044781076918718,2.008405182753302e-05,0.0,0.0,0.0,0.0,0,0.13333,0.17576,55.20364,9.67426,6.0,17.0,18295.0,0.0,0.96897,0.00051,0.0,0.0,0.0
YDR383C,9,0.0010958136923116689,0.26353628258251477,0.006435358042819793,0.027777777777777776,3.6608187134502925,0.5,15.0,0,0.04202,-0.52563,49.93193,4.52423,49.0,30.0,10680.0,0.0,0.39591,0.00017,0.0,0.0,0.5
YDR461W,2,2.230383369812583e-05,0.21125559226252844,0.0003469846954196764,0.0,0.0,0.0,0.0,0,0.08333,-0.39722,45.12222,7.88385,4.0,5.0,7115.0,0.0,1.81206,0.00201,0.0,0.0,0.0
YER028C,2,0.0001055620922702796,0.22655789929381365,0.0004768961065424893,0.0,0.0,0.5,0.0,0,0.0533,-0.69797,61.23528,9.95819,31.0,51.0,11180.0,0.0,0.25928,0.00023,0.0,0.0,0.0
YGR195W,7,0.00028280122813142624,0.20882484890464356,8.725057297808182e-05,0.2857142857142857,6.846496106785317,0.3333333333333333,6.008391608391609,1,0.04472,-0.28333,46.50528,7.9422,32.0,33.0,12950.0,0.0,0.46988,0.00029,0.08971985818844534,0.07069233844701739,0.5051626654966587
YGR201C,2,3.932656046490369e-06,0.20169336975670285,8.379664993339911e-05,0.0,0.0,0.0,0.0,0,0.12444,-0.36578,30.41778,5.39435,37.0,31.0,32805.0,0.0,1.24749,0.00021,0.0,0.0,0.0
YGR219W,1,0.0,0.19044781076918718,2.008405182753302e-05,0.0,0.0,0.5,0.0,0,0.15044,0.18673,44.12389,7.75641,6.0,7.0,17460.0,0.0,1.31603,0.00058,0.0,0.0,0.0
YGR235C,1,0.0,0.19044781076918718,2.008405182753302e-05,0.0,0.0,0.0,0.0,0,0.09871,-0.51288,42.42794,9.29828,29.0,36.0,41160.0,0.0,1.52946,0.00035,0.0,0.0,0.0
YGR277C,1,0.0,0.19044781076918718,2.008405182753302e-05,0.0,0.0,0.5,0.0,1,0.06557,-0.12984,64.24,5.89447,37.0,30.0,27930.0,0.0,0.81414,0.00017,0.08971985818844534,0.07606989737809992,0.5
YHL011C,5,0.0016288519394661895,0.2374608709747884,0.0009890808372194414,0.1,4.42967032967033,0.0,0.0,0,0.04375,0.02531,32.71625,8.51141,38.0,41.0,9565.0,0.0,0.27233,0.00024,0.0,0.0,0.5
YHR008C,3,3.1276631139145866e-05,0.2163683580801797,0.000730706585452299,0.0,0.0,0.0,0.0,0,0.1073,-0.34592,27.66094,8.49176,22.0,24.0,45045.0,0.0,1.7477,0.00033,0.0,0.0,0.0
YHR022C,3,0.00022166678000867755,0.19993868512146723,8.53611089537543e-05,0.0,1.0,0.0,0.0,0,0.09375,-0.18242,40.26289,6.52533,31.0,30.0,21275.0,0.0,0.73373,0.00023,0.0,0.0,0.5
YHR026W,4,0.000259762404559528,0.25354977757039404,0.0015868302584893924,0.0,3.661290322580645,0.0,0.0,0,0.11737,0.91878,12.70094,8.3902,11.0,13.0,30285.0,0.0,1.34031,0.00037,0.0,0.0,0.5
YHR058C,6,0.0024055325704166086,0.2628319466914682,0.004686572219057778,0.06666666666666667,2.255924170616114,1.0,1.6,1,0.08475,-0.47898,46.92441,5.19952,29.0,24.0,34380.0,0.0,1.04758,0.00016,0.08971985818844534,0.08233295696528463,0.5182481658820116
YHR059W,1,0.0,0.19044781076918718,2.008405182753302e-05,0.0,1.0,0.0,0.0,0,0.11538,-0.88769,42.87846,10.28973,11.0,27.0,21095.0,0.0,1.37953,0.00067,0.0,0.0,0.5
YJL097W,3,2.1413796337964903e-05,0.21102366337237546,7.409956922279212e-05,0.3333333333333333,2.2897435897435896,0.3333333333333333,1.4545454545454546,1,0.13825,0.79355,39.50604,9.9754,4.0,20.0,39100.0,0.0,1.59524,0.00041,0.08971985818844534,0.07069233844701739,0.5154367368389343
YJL140W,4,0.0006602309601510394,0.2550176812398403,0.0012597613335538383,0.0,3.7244897959183674,0.5,0.0,0,0.04072,-0.9,48.88009,4.82428,48.0,31.0,3105.0,0.0,0.12218,0.00019,0.0,0.0,0.5
YJL166W,3,7.973419880265666e-05,0.23448503883326116,0.00037454675343076246,0.0,0.0,0.0,0.0,0,0.20213,-0.52979,39.32872,9.69672,5.0,11.0,39420.0,0.0,3.592,0.00088,0.0,0.0,0.0
YBR064W,2,6.7827193758506286e-06,0.20519716567930088,6.826084643927498e-05,0.0,1.0,0.0,0.0,0,0.11972,0.75775,39.99718,6.25861,12.0,12.0,11585.0,0.0,0.7223,0.00039,0.0,0.0,0.5
YOR317W,4,0.00036072127047749055,0.2506343759079559,0.0015924408051132461,0.0,1.8659160696008188,0.0,0.0,0,0.08714,-0.24443,29.62201,7.52606,81.0,82.0,96855.0,0.0,1.24388,0.0001,0.0,0.0,0.5
YBR066C,2,0.00011018427736814297,0.24637049582376092,0.0010504332787332205,0.0,1.5974842767295598,1.0,0.0,0,0.06818,-0.86727,42.57045,9.86615,18.0,38.0,12460.0,0.0,0.49822,0.00039,0.0,0.0,0.5
YBR067C,3,0.00024657441790807143,0.24487249929463384,0.000999243943768416,0.0,1.0,0.0,0.0,0,0.05238,0.26095,43.93571,4.18829,18.0,7.0,12950.0,0.0,0.62478,0.0002,0.0,0.0,0.5
YNL237W,2,1.597941056838396e-05,0.227545371842393,0.00042183517618463103,0.0,1.0,0.0,0.0,0,0.13943,0.41917,36.86364,6.22662,38.0,33.0,95600.0,0.0,1.85115,0.00012,0.0,0.0,0.5
YPR138C,1,0.0,0.19530312166631406,2.904695536216984e-05,0.0,0.0,0.0,0.0,0,0.13701,0.32311,27.71227,6.06195,36.0,31.0,130635.0,0.0,2.43317,0.00011,0.0,0.0,0.0
YBR068C,4,0.0002918583217543989,0.1880844722821257,2.9001536405703196e-05,0.0,2.473045822102426,0.0,0.0,0,0.13793,0.25123,34.05783,8.48175,47.0,52.0,99460.0,0.0,1.46764,0.00013,0.0,0.0,0.5
YJL129C,1,0.0,0.15739980608646736,8.600753060780526e-07,0.0,1.0,0.0,0.0,0,0.09312,-0.69409,42.53564,8.6369,155.0,164.0,154685.0,0.0,1.0965,6e-05,0.0,0.0,0.5
YKL106W,3,0.0011917255381770208,0.22606132739864387,0.0008482506387872787,0.0,0.0,0.0,0.0,0,0.12195,-0.35144,36.01113,9.05719,41.0,52.0,83280.0,0.0,1.60788,0.00017,0.0,0.0,0.0
YKR050W,2,0.00016500367962675133,0.21525595267594969,0.00014781756065158208,0.0,1.8907563025210083,0.0,0.0,0,0.10911,-0.21294,50.3649,9.57892,78.0,111.0,109095.0,0.0,1.07924,9e-05,0.0,0.0,0.5
YOR133W,2,8.699610946281495e-06,0.17260013021710333,5.144921462374604e-06,0.0,1.0,0.0,0.0,0,0.0,0.0,0.0,0.0,0.0,0.0,0.0,0.0,0.0,0.0,0.0,0.0,0.5
YBR069C,1,0.0,0.1667798536903582,5.935628242869323e-06,0.0,1.0,0.0,0.0,0,0.12116,0.24523,36.46737,7.85138,51.0,53.0,98010.0,0.0,1.42546,0.00011,0.0,0.0,0.5
YOL109W,2,0.00021454101493382404,0.20163566614147588,0.0002007084372839533,0.0,1.0,0.0,0.0,0,0.0177,-1.25929,53.50265,5.43048,23.0,21.0,0.0,0.0,0.0,0.00043,0.0,0.0,0.5
YBR073W,3,0.0002058876120450452,0.230862214899767,0.0004961228058998107,0.0,2.9529675251959686,1.0,0.0,0,0.07203,-0.42098,41.99103,9.27289,106.0,136.0,72375.0,0.0,0.67048,9e-05,0.0,0.0,0.5
YER179W,15,0.0032209099154264474,0.2551253810147229,0.0015719417081237993,0.0,14.192540322580646,1.0,0.0,0,0.05389,-0.2991,32.15659,5.67072,45.0,39.0,14160.0,0.0,0.38676,0.00015,0.0,0.0,0.5
YBR074W,3,0.0005157596371806835,0.24921635963690666,0.001268207673992595,0.0,2.592391304347826,0.0,0.0,0,0.11475,-0.17582,36.98744,6.08173,103.0,90.0,138185.0,0.0,1.24453,5e-05,0.0,0.0,0.5
YMR083W,2,1.0320954953621831e-05,0.20046947901389173,3.99691654809771e-05,0.0,1.0,0.0,0.0,0,0.07733,-0.044,26.87069,8.64935,38.0,43.0,46255.0,0.0,1.1458,0.00021,0.0,0.0,0.5
YKR007W,4,0.0004450067716366864,0.20704578879352878,9.703395350773275e-05,0.16666666666666666,1.2686567164179106,0.0,2.230769230769231,0,0.02717,-0.89022,49.0337,4.88141,30.0,18.0,3230.0,0.0,0.15957,0.00024,0.0,0.0,0.5
YMR004W,7,0.00035337745511761535,0.24181981988443024,0.004018515219359143,0.19047619047619047,1.2839506172839505,0.0,6.285714285714286,0,0.08611,-0.57965,42.44364,5.36334,80.0,66.0,81275.0,0.0,1.3624,9e-05,0.0,0.0,0.5
YOR045W,5,0.0005809184577098163,0.23738089089025666,0.000782456769293393,0.1,1.4561611374407584,0.0,2.2666666666666666,0,0.11475,0.38852,57.45902,5.8764,3.0,3.0,1490.0,0.0,0.23254,0.00092,0.0,0.0,0.5
YBR079C,3,0.0006808457209884942,0.20706606553320106,0.0002870701831484335,0.3333333333333333,2.335678391959799,0.0,3.333333333333333,1,0.06639,-0.66981,50.022,5.96869,168.0,155.0,79315.0,0.0,0.7188,5e-05,0.05900181244167522,0.0,0.5
YMR309C,7,0.0014622254399043997,0.21381924408752753,0.00021696837812572474,0.19047619047619047,6.009045226130653,0.0,7.374999999999999,1,0.0936,-0.52315,51.96431,4.85748,133.0,97.0,80720.0,0.0,0.86606,5e-05,0.05900181244167522,0.0,0.5
YNL243W,13,0.001677961618699304,0.2601798554309378,0.009723465296819653,0.19230769230769232,6.934703748488513,0.0,4.820346320346321,1,0.05682,-0.4564,45.70994,5.27875,130.0,98.0,68395.0,0.0,0.628,5e-05,0.05900181244167522,0.0,0.5
YOR361C,7,0.00015588501033331954,0.19519494046893612,3.3423633397310053e-05,0.23809523809523808,6.323618090452261,0.0,23.0,1,0.11402,-0.49489,37.74866,5.71454,111.0,97.0,128520.0,0.0,1.45832,6e-05,0.05900181244167522,0.0,0.5
YBR081C,17,0.00016589671433893836,0.25002679538337563,0.0026664749112474237,0.6397058823529411,7.193193193193193,1.0,49.51964994070257,0,0.06682,-0.90541,44.32718,4.74152,264.0,175.0,95410.0,0.0,0.62517,3e-05,0.0,0.0,0.5
YBR198C,16,0.000823993519399326,0.24704698196640953,0.0012882240064111777,0.6583333333333333,13.508146639511201,1.0,70.74444444444444,1,0.08145,-0.651,42.77545,7.01483,97.0,96.0,89365.0,0.0,1.00448,8e-05,0.05900181244167522,0.055714552844473776,0.5020622574780729
YDR145W,14,0.00016688238374905936,0.2378080750376241,0.0011435677773020364,0.8571428571428571,5.108644859813084,1.0,64.94444444444444,1,0.04638,-1.10742,54.99056,9.56073,51.0,67.0,38640.0,0.0,0.6327,0.00016,0.08971985818844534,0.08233295696528463,0.5080581993096597
YDR167W,35,0.009074773295006664,0.2758089740620292,0.003166805842633306,0.14453781512605043,27.135135135135137,1.0,54.503912066605565,1,0.07282,-0.75437,43.13888,4.44196,37.0,22.0,10430.0,0.0,0.4531,0.00019,0.08971985818844534,0.08233295696528463,0.5015170913385038
YDR176W,23,0.002961262300364162,0.25907996509735526,0.002045621429296977,0.3201581027667984,8.729979466119097,1.0,52.28141332351858,0,0.05413,-1.00755,42.41211,5.00531,125.0,100.0,45505.0,0.0,0.57397,6e-05,0.0,0.0,0.5
YDR448W,21,0.0011354591028171397,0.2504117481091391,0.0015543867351749277,0.3952380952380952,15.91260162601626,1.0,51.67700077700078,0,0.09677,-0.73986,48.79194,6.22772,66.0,61.0,53300.0,0.0,1.05401,0.00012,0.0,0.0,0.5
YGL112C,18,0.0004803725478444145,0.24829447421284906,0.0022507535283989755,0.5098039215686274,12.924566768603466,1.0,58.27832167832168,1,0.07752,-0.2124,36.79186,5.26898,68.0,53.0,40590.0,0.0,0.70102,9e-05,0.08971985818844534,0.08233295696528463,0.5031851341108504
YGR252W,22,0.0009300170241201287,0.2580995599559956,0.0034195457845771554,0.38961038961038963,9.28028028028028,1.0,42.61204059098795,0,0.10023,-0.65262,42.82096,6.22638,68.0,64.0,49655.0,0.0,0.97232,0.00012,0.0,0.0,0.5
YHR099W,15,0.00027715434442219394,0.24357486264149714,0.0013557034847990013,0.7428571428571429,5.106861642294713,1.0,45.76175520386047,1,0.1023,-0.1636,43.71458,6.11237,452.0,410.0,423825.0,0.0,0.97842,1e-05,0.05900181244167522,0.055714552844473776,0.5054548719690238
YMR236W,20,0.0013734093850461047,0.25282214458442137,0.001658505130143862,0.41578947368421054,11.779022403258656,1.0,81.22222222222223,1,0.06369,-0.47962,28.8949,5.9118,19.0,17.0,20065.0,0.0,1.15886,0.00034,0.08971985818844534,0.08233295696528463,0.5034948977150475
YNL236W,20,0.002533022629887088,0.24706141565313347,0.00544407876189092,0.07368421052631578,15.537537537537538,1.0,14.942857142857145,0,0.10575,-0.25565,46.18505,8.7569,95.0,107.0,126890.0,0.0,1.14012,8e-05,0.0,0.0,0.5
YOL051W,6,1.2161868155384813e-05,0.22539860296993933,0.00066194964463562,0.5333333333333333,4.767767767767768,1.0,2.1142857142857143,0,0.03978,-0.86975,51.28853,9.81024,71.0,111.0,47370.0,0.0,0.39374,8e-05,0.0,0.0,0.5
YOL148C,23,0.0012596322844673049,0.25320059818687696,0.001731997743107142,0.3952569169960474,9.932932932932934,1.0,154.39999999999998,0,0.0596,-0.94205,52.75864,9.61188,54.0,73.0,36580.0,0.0,0.53956,0.00014,0.0,0.0,0.5
YOR290C,9,0.0001657587803914242,0.23610849750525026,0.0006913285633941998,0.3055555555555556,8.345345345345345,1.0,8.83157894736842,0,0.06283,-0.78855,47.17504,6.54193,237.0,228.0,127060.0,0.0,0.65478,3e-05,0.0,0.0,0.5
YPL254W,14,7.85027365194427e-05,0.24809053624634977,0.0024763841711121794,0.8681318681318682,4.118906064209274,1.0,95.83333333333334,0,0.06352,-0.5625,40.19223,5.46649,66.0,54.0,43235.0,0.0,0.7938,0.0001,0.0,0.0,0.5
YBR082C,7,0.0004988523727892216,0.25108082118032493,0.008834376164119771,0.09523809523809523,4.250308261405672,0.0,0.0,0,0.10135,-0.31486,48.24122,6.04266,17.0,15.0,27305.0,0.0,1.65932,0.00037,0.0,0.0,0.5
YDR059C,3,1.9134560223610977e-06,0.20109868700394865,0.0002785310674015158,0.6666666666666666,0.0,0.0,0.0,0,0.0,0.0,0.0,0.0,0.0,0.0,0.0,0.0,0.0,0.0,0.0,0.0,0.0
YDR177W,2,0.0,0.1992415751186879,0.00026008740975569703,1.0,1.0,0.0,0.0,1,0.07442,-0.4614,53.62419,5.09222,34.0,24.0,20065.0,0.0,0.82988,0.00021,0.08971985818844534,0.0,0.5
YMR022W,5,0.00010067533326078324,0.21787331600386584,0.0006698983942475845,0.1,2.7557436517533254,0.3333333333333333,0.0,0,0.07879,-0.28606,75.24667,5.05548,21.0,16.0,22835.0,0.0,1.23298,0.00027,0.0,0.0,0.5
YBR083W,2,4.971495216109989e-05,0.184104801703123,6.379519787201418e-06,0.0,0.0,1.0,0.0,0,0.08642,-0.80494,57.91753,7.22369,60.0,60.0,49655.0,0.0,0.90025,0.00013,0.0,0.0,0.0
YKL043W,2,0.00020725663596638137,0.22355165945860817,0.00013561457985885325,0.0,1.0,1.0,0.0,0,0.06831,-0.47896,52.02158,9.01251,31.0,36.0,32110.0,0.0,0.79,0.00022,0.0,0.0,0.5
YBR085W,2,0.0,0.2086393916676057,0.0007351901411655786,1.0,1.4387019230769231,0.0,0.0,0,0.11401,0.0873,19.46091,9.81671,21.0,41.0,33390.0,0.0,1.00233,0.00029,0.0,0.0,0.5
YDL143W,6,3.489749503304846e-05,0.22283307110286305,0.001977209921831464,0.3333333333333333,5.556367432150314,0.0,3.0,1,0.02841,-0.09337,41.79299,8.03766,69.0,71.0,12335.0,0.0,0.21414,0.00014,0.08971985818844534,0.0,0.5
YBR087W,5,0.00016688616268897074,0.21311879802031206,0.0007818594307290077,0.1,4.820879120879121,1.0,2.303571428571429,1,0.05085,-0.05706,39.85819,8.47931,41.0,45.0,24045.0,0.0,0.60201,0.00021,0.08971985818844534,0.08233295696528463,0.5085392057030327
YBR088C,3,1.2353612268228635e-05,0.21543141221249335,0.0011767471726018249,0.0,2.971014492753623,1.0,0.0,1,0.0814,0.00039,27.4186,4.44147,46.0,26.0,6460.0,0.0,0.22341,0.00015,0.08971985818844534,0.08233295696528463,0.5138560342209869
YDR328C,20,0.0023332666717226285,0.2450427762831913,0.002785346950675228,0.07368421052631578,16.592330978809283,0.3333333333333333,12.16029411764706,1,0.0567,-0.94742,57.29897,4.34943,48.0,23.0,21095.0,0.0,0.94469,0.00019,0.08971985818844534,0.07069233844701739,0.5021302714650914
YER173W,19,0.002519872027299886,0.2608700302479353,0.022748239355392993,0.27485380116959063,17.272452068617557,1.0,117.7142857142857,0,0.08346,-0.61684,50.50379,6.00421,92.0,84.0,71165.0,0.0,0.93977,8e-05,0.0,0.0,0.5
YJR068W,5,0.0029347980294575577,0.21174218568519512,0.0010004815726514203,0.3,4.453077699293643,1.0,3.4178571428571427,1,0.07649,-0.33626,29.68473,8.61334,43.0,47.0,33515.0,0.0,0.84333,0.00022,0.08971985818844534,0.08233295696528463,0.5092445003798547
YLR390W,2,1.3567856330110844e-05,0.19524000139983527,5.972147261973556e-05,0.0,1.9789964994165694,0.0,0.0,0,0.05357,-0.48661,36.48839,9.0307,11.0,14.0,8730.0,0.0,0.69755,0.00072,0.0,0.0,0.5
YJR043C,39,0.0015681066602813232,0.2763135905854046,0.0401620681898833,0.22402159244264508,26.82180293501048,1.0,169.82084500466854,0,0.06,-1.04743,53.48714,8.50507,60.0,64.0,15525.0,0.0,0.38515,0.00021,0.0,0.0,0.5
YOR217W,3,7.50271473495647e-07,0.20541645731657593,0.0007008843356569919,0.3333333333333333,2.9208472686733558,1.0,2.128571428571429,1,0.05923,-0.52416,38.17851,9.24847,109.0,130.0,64580.0,0.0,0.68049,0.0001,0.05900181244167522,0.055714552844473776,0.5095373957827277
YBR090C,1,0.0,0.1778559551782904,1.6873381595908862e-05,0.0,0.0,0.3333333333333333,0.0,0,0.13934,-0.32869,60.25164,11.20502,5.0,20.0,26720.0,0.0,1.86583,0.00078,0.0,0.0,0.0
YBR091C,7,0.0008822649390606621,0.24522751045691438,0.0009158879969689452,0.19047619047619047,1.3775147928994083,0.0,7.0,1,0.09174,-0.41193,51.07706,6.27191,14.0,13.0,3730.0,0.0,0.30365,0.00051,0.08971985818844534,0.0,0.5
YDL217C,6,0.00077330446465321,0.23567425683102222,0.000926907204853564,0.26666666666666666,1.0,0.0,7.6,1,0.10145,-0.07778,36.30483,5.8869,17.0,16.0,13660.0,0.0,0.62478,0.00027,0.08971985818844534,0.0,0.5
YEL020W-A,2,0.0,0.19613651161034473,3.084805672617913e-05,1.0,0.0,0.0,2.0,1,0.08046,-0.84828,26.15057,8.39716,12.0,14.0,1990.0,0.0,0.19507,0.00082,0.08971985818844534,0.0,0.0
YHR005C-A,5,3.684336307943157e-05,0.2108868536963411,0.00011811801697718474,0.4,0.0,0.0,6.199999999999999,1,0.09677,-0.49032,40.46989,5.31061,10.0,9.0,4970.0,0.0,0.48231,0.00052,0.08971985818844534,0.0,0.0
YOR297C,6,0.0024717675735658894,0.23543807083787271,0.0017400830727975606,0.26666666666666666,1.8327605956471935,0.0,5.425000000000001,1,0.14583,-0.0276,35.09906,8.91144,16.0,20.0,32110.0,0.0,1.46139,0.00041,0.08971985818844534,0.0,0.5
YOR334W,3,4.64408990721043e-05,0.23427718505922615,0.0003364102553937939,0.0,1.0,0.0,0.0,0,0.09362,-0.25745,45.72155,9.42426,47.0,65.0,57590.0,0.0,1.0625,0.00017,0.0,0.0,0.5
YBR093C,4,0.0002342107277338296,0.23053498284462912,0.0018324252681719392,0.0,1.373015873015873,0.0,0.0,0,0.13919,-0.40685,31.51225,4.62921,63.0,37.0,85940.0,0.0,1.62587,9e-05,0.0,0.0,0.5
YKR106W,1,0.0,0.18607336048222442,5.19712192638352e-05,0.0,0.0,0.0,0.0,0,0.13659,0.29073,39.04528,9.10175,39.0,53.0,124565.0,0.0,1.80651,0.00013,0.0,0.0,0.0
YML077W,17,0.000277785755714243,0.25267107972747566,0.00228663174845866,0.3088235294117647,1.3693843594009982,0.5,55.1,1,0.13836,-0.32516,27.02264,8.9577,13.0,17.0,31775.0,0.0,1.72375,0.00049,0.08971985818844534,0.07606989737809992,0.5277752176939479
YBR094W,23,0.0017770496259395115,0.2783140180544315,0.017881060368620527,0.06324110671936758,12.110741971207087,0.0,10.198809523809524,0,0.10757,-0.41753,36.01222,4.79266,118.0,75.0,118690.0,0.0,1.37449,6e-05,0.0,0.0,0.5
YBR194W,5,0.00010194173020528097,0.2451137949408203,0.005196776045076544,0.0,1.0,0.0,0.0,0,0.04878,-1.33171,54.12691,10.19867,15.0,26.0,9970.0,0.0,0.70044,0.00072,0.0,0.0,0.5
YCR086W,30,0.003101563248607233,0.27709214273763394,0.04955021896439079,0.07586206896551724,15.750769230769231,0.3333333333333333,32.99523809523809,0,0.08947,-0.63632,47.28742,5.10614,29.0,23.0,20525.0,0.0,0.94363,0.00023,0.0,0.0,0.5
YDL162C,6,0.00011679277898155163,0.2533067683190986,0.006981330772705867,0.0,3.314401622718053,0.0,0.0,0,0.15254,-0.2,52.22475,8.23749,10.0,12.0,15190.0,0.0,1.10604,0.0006,0.0,0.0,0.5
YDR363W,48,0.008349407987813478,0.274608948004353,0.01770074076810737,0.054078014184397165,13.156418554476806,0.5,64.8,0,0.0636,-0.91886,53.21425,4.96539,91.0,69.0,26610.0,0.0,0.50646,9e-05,0.0,0.0,0.5
YER019W,10,0.0005506013748488925,0.2626523720695051,0.024564826957107943,0.2222222222222222,1.0,0.0,10.292857142857144,0,0.10273,-0.20524,43.60881,7.24469,52.0,52.0,83070.0,0.0,1.54005,0.00013,0.0,0.0,0.5
YER041W,1,0.0,0.2160036364263693,0.0005036462747199566,0.0,1.0,0.3333333333333333,0.0,0,0.09881,-0.57971,56.28277,6.81049,104.0,102.0,83865.0,0.0,0.95996,8e-05,0.0,0.0,0.5
YLR234W,23,0.0003456779567396255,0.2676902696916523,0.04077533758246935,0.31620553359683795,10.872164948453609,0.0,77.58658008658008,0,0.08994,-0.47942,35.57837,8.71271,79.0,87.0,94655.0,0.0,1.27276,0.00012,0.0,0.0,0.5
YLR373C,43,0.007977522511992848,0.28880639190814317,0.021169747298603114,0.013289036544850499,21.604272634791453,0.3333333333333333,40.83333333333333,0,0.08879,-0.26426,37.87081,5.05536,106.0,72.0,72865.0,0.0,0.71089,5e-05,0.0,0.0,0.5
YML028W,6,0.0003285918907895693,0.25336747695141,0.010276675496226182,0.2,4.510520487264674,0.0,0.0,0,0.09694,-0.025,29.98061,5.02826,26.0,20.0,24200.0,0.0,1.12092,0.00023,0.0,0.0,0.5
YMR038C,13,0.0003809772399974466,0.26918983960271387,0.025314168921130514,0.32051282051282054,4.888073394495413,0.0,70.28571428571429,0,0.07229,-0.34699,43.01807,6.22906,29.0,27.0,31815.0,0.0,1.16412,0.00023,0.0,0.0,0.5
YMR190C,33,0.0014600364832205097,0.2687792023338862,0.029122780863814087,0.20075757575757575,19.883505154639174,0.3333333333333333,110.90243367743368,0,0.06634,-0.7557,45.89848,5.92914,208.0,186.0,94850.0,0.0,0.57894,4e-05,0.0,0.0,0.5
YNL153C,131,0.012208083607928714,0.31433161304683205,0.23241281313292023,0.11215502055196712,25.29433962264151,0.0,1283.6678571428572,0,0.06202,-0.76589,47.68295,4.51959,30.0,19.0,4470.0,0.0,0.29447,0.0003,0.0,0.0,0.5
YNL297C,7,0.00013254798421429053,0.25504844332442894,0.008443692700129657,0.19047619047619047,0.0,0.0,3.74512987012987,0,0.0,0.0,0.0,0.0,0.0,0.0,0.0,0.0,0.0,0.0,0.0,0.0,0.0
YOR001W,3,0.00012362046200106258,0.24374333911574342,0.0025527499470993677,0.0,2.5204545454545455,0.5,0.0,0,0.07503,-0.58704,45.32566,6.66571,108.0,105.0,77615.0,0.0,0.92358,8e-05,0.0,0.0,0.5
YOR144C,34,0.0008713964533854807,0.27421718373121273,0.04032155568100533,0.22638146167557932,25.247252747252748,0.5,188.69047619047612,0,0.07332,-0.57396,41.52277,6.52435,114.0,109.0,69300.0,0.0,0.75937,7e-05,0.0,0.0,0.5
YPL024W,14,0.0005257327307322207,0.2557425576243745,0.013597909840135718,0.2967032967032967,4.097735399284863,0.5,15.333333333333334,0,0.07054,-0.43361,31.20373,9.12323,28.0,34.0,22835.0,0.0,0.85017,0.00034,0.0,0.0,0.5
YBR097W,2,5.563854700622648e-06,0.20322487458280622,0.0001080168244738326,0.0,1.0,0.0,0.0,0,0.09972,-0.11809,40.56914,6.34613,162.0,153.0,144585.0,0.0,0.86906,4e-05,0.0,0.0,0.5
YBR288C,16,0.0025949365743939933,0.25484862232983985,0.00317577758299341,0.03333333333333333,11.094853683148335,0.0,13.75,0,0.09524,-0.32174,30.68946,6.10577,57.0,52.0,52675.0,0.0,0.96058,0.00011,0.0,0.0,0.5
YLR240W,3,1.7323385966576933e-05,0.21104472677142447,0.0005036003020270719,0.3333333333333333,0.0,0.0,0.8,1,0.09257,-0.30457,40.58288,7.83832,108.0,110.0,108065.0,0.0,1.0708,8e-05,0.05900181244167522,0.0,0.0
YBR098W,15,0.0005584237298587106,0.2597164470162776,0.011669563820961404,0.34285714285714286,8.798795180722891,1.0,16.304761904761904,0,0.07381,-0.7343,51.55978,7.20087,100.0,100.0,50155.0,0.0,0.63679,9e-05,0.0,0.0,0.5
YDR369C,10,8.875102559884889e-05,0.26109552916269646,0.014689655578834473,0.4666666666666667,8.37122736418511,0.0,19.61904761904762,0,0.06792,-0.66347,51.67342,8.41156,115.0,120.0,64495.0,0.0,0.66929,9e-05,0.0,0.0,0.5
YKL113C,48,0.01873732510316868,0.2890630385070088,0.04016579478010153,0.14361702127659576,22.841995841995843,0.3333333333333333,182.6426129426129,0,0.06545,-0.50314,40.31181,9.04633,55.0,65.0,30785.0,0.0,0.71132,0.00021,0.0,0.0,0.5
YLR235C,18,0.000366763341573114,0.2615315226865627,0.023217000417917036,0.27450980392156865,0.0,0.0,15.298160173160174,0,0.0,0.0,0.0,0.0,0.0,0.0,0.0,0.0,0.0,0.0,0.0,0.0,0.0
YBR101C,12,0.0022086979048231902,0.22897461502702143,0.0002577664697468759,0.0,10.515736040609138,0.0,0.0,0,0.05862,-0.24241,46.20693,4.92084,45.0,33.0,20190.0,0.0,0.61925,0.00015,0.0,0.0,0.5
YBR014C,4,0.002580496393632061,0.25648712260077833,0.001266927737470925,0.0,3.701522842639594,0.0,0.0,0,0.07389,-0.43695,41.81823,5.63666,27.0,21.0,14565.0,0.0,0.64547,0.00025,0.0,0.0,0.5
YHL021C,3,0.000643705985915493,0.18510410113018305,8.21372659320891e-06,0.0,1.4434993924665858,0.0,0.0,0,0.11398,-0.49763,46.53615,7.20135,52.0,52.0,45685.0,0.0,0.8598,0.00014,0.0,0.0,0.5
YJL117W,5,0.0012491070949011017,0.2600038852876926,0.0038539662778238008,0.0,4.860020140986908,0.0,0.0,0,0.09325,0.00064,28.7981,9.61786,28.0,41.0,33015.0,0.0,0.9465,0.00028,0.0,0.0,0.5
YKL171W,1,0.0,0.18505549824161008,8.192200529147173e-06,0.0,1.0,0.0,0.0,0,0.07974,-0.63513,57.46659,8.92047,98.0,110.0,88000.0,0.0,0.84652,9e-05,0.0,0.0,0.5
YLL062C,2,1.7067262321184754e-05,0.1932061584647979,1.1010306076225113e-05,0.0,1.3049817739975698,0.0,0.0,0,0.10185,-0.29352,33.98306,5.3681,43.0,33.0,51380.0,0.0,1.39945,0.00015,0.0,0.0,0.5
YLR074C,2,6.80074091397862e-05,0.21812055451173631,0.0004868229941090324,0.0,1.719959266802444,1.0,0.0,0,0.05422,-0.68916,39.62108,8.98468,21.0,25.0,16180.0,0.0,0.8738,0.00049,0.0,0.0,0.5
YLR194C,1,0.0,0.18505549824161008,8.192200529147173e-06,0.0,1.0,0.0,0.0,0,0.05118,-0.23622,30.40866,4.95294,16.0,12.0,31065.0,0.0,1.20587,0.00019,0.0,0.0,0.5
YMR092C,5,0.0002851891389063756,0.21500422972946065,0.0007018959620678123,0.1,3.339544513457557,0.0,2.0296052631578947,0,0.08618,-0.26488,37.71499,5.36371,74.0,58.0,91870.0,0.0,1.36458,8e-05,0.0,0.0,0.5
YMR173W,3,2.293223580377228e-05,0.20371438434911995,3.97260142527798e-05,0.0,2.123936816524909,0.0,0.0,0,0.11163,-1.95977,35.9607,4.22247,62.0,36.0,64070.0,0.0,1.38582,9e-05,0.0,0.0,0.5
YOL011W,3,0.0009188802198991138,0.22851678953358726,0.000859725558730292,0.0,1.9817739975698663,0.0,0.0,0,0.1035,-0.17638,37.49942,4.85223,70.0,49.0,89935.0,0.0,1.19792,6e-05,0.0,0.0,0.5
YPL136W,2,7.770495371605394e-05,0.18567302701730107,8.23359441574085e-06,0.0,1.818955042527339,0.0,0.0,0,0.07377,0.63115,45.40984,3.71503,18.0,4.0,1490.0,0.0,0.11525,0.00029,0.0,0.0,0.5
YBR102C,4,3.700507667983248e-05,0.23220598486184352,0.0006182026194526195,0.3333333333333333,1.0,0.0,3.4166666666666665,1,0.0571,-0.62683,49.90173,7.99091,99.0,101.0,40630.0,0.0,0.475,9e-05,0.08971985818844534,0.0,0.5
YLR166C,13,0.00032469993862659736,0.23842485285966578,0.002619278171338061,0.16666666666666666,1.866120218579235,0.0,14.666666666666668,1,0.0884,-0.24328,36.4278,5.90216,113.0,101.0,65250.0,0.0,0.65028,6e-05,0.05900181244167522,0.0,0.5
YDR227W,6,0.0038284871829744787,0.2286403455160331,0.0015216764356025601,0.06666666666666667,5.686836518046709,1.0,0.0,0,0.04713,-0.88358,46.84382,9.03192,185.0,206.0,64915.0,0.0,0.4269,6e-05,0.0,0.0,0.5
YGL023C,3,3.852039160259092e-05,0.22303286868771266,0.0013184838092034144,0.3333333333333333,0.0,0.0,0.0,0,0.04882,-0.95921,46.93953,7.64752,80.0,81.0,44890.0,0.0,0.63569,0.00011,0.0,0.0,0.0
YGL236C,7,0.0009693957652080144,0.2511553834007859,0.002342577390958668,0.047619047619047616,6.485858585858586,0.0,0.0,1,0.06726,-0.20538,43.08117,8.52301,69.0,74.0,52925.0,0.0,0.71314,0.00011,0.08971985818844534,0.0,0.5
YIL112W,4,2.4043586335242576e-05,0.24346267432316382,0.006027019283632723,0.16666666666666666,3.5641293013555786,0.0,0.0,0,0.05725,-1.03296,52.6856,5.47382,205.0,176.0,81500.0,0.0,0.65963,4e-05,0.0,0.0,0.5
YJR141W,5,0.0013417430912536965,0.2570796516699515,0.0026731500860981824,0.0,3.497876857749469,0.0,0.0,1,0.09798,-0.29337,44.08101,6.89484,44.0,44.0,68630.0,0.0,1.71999,0.00017,0.08971985818844534,0.0,0.5
YMR061W,9,0.0005324034746819751,0.23792849773921296,0.0014260617400193984,0.25,7.361631753031974,0.5,2.5,1,0.12851,-0.63944,46.04124,5.62347,92.0,84.0,126600.0,0.0,1.5833,7e-05,0.05900181244167522,0.05277425862356333,0.5035844131025589
YOR319W,7,0.000392420152639919,0.2437995497445392,0.0022112094405230386,0.047619047619047616,5.496969696969697,1.0,2.5,1,0.11268,-0.37371,19.91418,9.14532,24.0,30.0,20985.0,0.0,0.85643,0.00037,0.08971985818844534,0.08233295696528463,0.5074889404075369
YBR107C,14,0.001531917426591572,0.2698253694690551,0.05842113915761661,0.7032967032967034,5.173913043478261,0.5,98.16666666666669,0,0.09796,-0.16571,30.63837,5.15216,31.0,24.0,38765.0,0.0,1.38121,0.00018,0.0,0.0,0.5
YPL018W,23,0.0019793003723027115,0.27119240622837376,0.06791985467343056,0.4505928853754941,4.450070323488045,0.5,83.38803418803418,0,0.07317,-0.46477,34.69054,8.7923,46.0,52.0,28265.0,0.0,0.66068,0.00021,0.0,0.0,0.5
YBR108W,7,0.00038048313027998047,0.25754937513362763,0.025283637710673736,0.47619047619047616,3.6419753086419755,0.0,7.058333333333334,0,0.0528,-1.15576,69.42735,9.25409,88.0,104.0,48835.0,0.0,0.47019,9e-05,0.0,0.0,0.5
YCR009C,57,0.004764490313047996,0.2931713248973261,0.07851164446255333,0.14536340852130325,36.94758064516129,0.0,211.37608225108224,0,0.08679,-0.5517,41.70755,6.24091,42.0,41.0,23755.0,0.0,0.78529,0.00021,0.0,0.0,0.5
YGR136W,7,0.0004774461994522541,0.24375738934280794,0.001916954916088468,0.047619047619047616,5.594142259414226,0.5,8.0,0,0.09959,-0.65145,68.92946,5.1214,22.0,19.0,28880.0,0.0,1.10488,0.0002,0.0,0.0,0.5
YBR109C,10,0.00038554100107075854,0.24806142959576655,0.005768529179908585,0.022222222222222223,9.06519558676028,0.0,0.8181818181818182,1,0.05442,-0.29456,44.42789,4.17865,30.0,11.0,0.0,0.0,0.0,0.00026,0.08971985818844534,0.0,0.5
YCR065W,10,0.00015527999392414286,0.2592864792641506,0.018666031727833873,0.15555555555555556,1.6491803278688524,0.5,12.166666666666666,0,0.0727,-0.80337,56.8344,6.86566,69.0,67.0,53330.0,0.0,0.83791,0.00011,0.0,0.0,0.5
YDR356W,4,2.866387357200151e-05,0.2216533803500908,0.0004979890883304328,0.16666666666666666,1.0,0.25,0.8181818181818182,1,0.04343,-1.2196,51.33052,6.65448,194.0,191.0,51020.0,0.0,0.45643,6e-05,0.05900181244167522,0.047735814213720786,0.5238679071068604
YFR014C,1,0.0,0.19732632712641307,0.00016438626722941273,0.0,1.0,0.0,0.0,0,0.07399,-0.57085,45.73814,5.81647,74.0,67.0,41995.0,0.0,0.83496,0.00012,0.0,0.0,0.5
YGL043W,5,0.0003519278376391282,0.23816970939560866,0.002084153199845179,0.0,4.41530612244898,1.0,0.0,0,0.05502,-0.79903,49.77379,9.01093,41.0,50.0,25285.0,0.0,0.72568,0.00026,0.0,0.0,0.5
YLR433C,7,0.0007598619670999762,0.2496725034137706,0.0020259024990958215,0.0,6.486542443064182,0.0,0.0,0,0.09765,-0.42043,40.24213,6.24689,80.0,75.0,56030.0,0.0,0.88935,0.0001,0.0,0.0,0.5
YML057W,5,0.00013303654073844217,0.23726102173141625,0.0013398288570074788,0.0,4.86398258977149,0.0,0.0,0,0.08775,-0.45215,41.66573,5.92438,81.0,68.0,61530.0,0.0,0.8979,9e-05,0.0,0.0,0.5
YMR109W,25,0.0015633073910031718,0.2762053030907271,0.049755359001677664,0.25,20.92346424974824,0.0,37.66464646464647,0,0.08368,-0.54832,43.49509,9.31805,132.0,164.0,130625.0,0.0,0.95418,7e-05,0.0,0.0,0.5
YOL016C,4,6.275909970924844e-05,0.2353201552765182,0.0009774418331650117,0.0,3.248720573183214,0.0,0.0,0,0.07383,-0.42282,47.01523,5.71893,69.0,60.0,41745.0,0.0,0.82751,0.00011,0.0,0.0,0.5
YBR110W,1,0.0,0.196236632341131,3.278033472728394e-05,0.0,1.0,0.5,0.0,1,0.12027,0.03519,37.14771,8.92511,45.0,54.0,80635.0,0.0,1.55281,0.00017,0.08971985818844534,0.07606989737809992,0.53803494868905
YBR112C,7,0.0007938661269115939,0.2186619365178671,0.00020587399925169566,0.047619047619047616,5.574018126888218,1.0,1.0,1,0.05487,-0.8383,61.72527,4.91473,102.0,60.0,103305.0,0.0,0.96366,5e-05,0.05900181244167522,0.055714552844473776,0.5049977010817129
YCR084C,3,4.627698891359485e-05,0.19809355836038,4.364421144509948e-05,0.0,1.0,1.0,0.0,0,0.0547,-0.62791,45.80238,5.43231,79.0,63.0,63675.0,0.0,0.81315,7e-05,0.0,0.0,0.5
YDL194W,10,0.005748520507344012,0.20844398828407512,0.00010797445354076855,0.0,0.0,0.0,0.0,0,0.0,0.0,0.0,0.0,0.0,0.0,0.0,0.0,0.0,0.0,0.0,0.0,0.0
YDR043C,2,0.0,0.2029615162140164,7.121497824310913e-05,1.0,1.7530487804878048,1.0,1.0,0,0.08658,-1.02554,51.4455,8.98615,25.0,32.0,24255.0,0.0,0.90698,0.00034,0.0,0.0,0.5
YMR240C,8,0.000669869174342089,0.22545869003620345,0.0004816599220790235,0.0,7.849494949494949,1.0,0.0,1,0.06422,-1.00872,45.60115,8.66876,71.0,76.0,49890.0,0.0,0.99279,0.00017,0.08971985818844534,0.08233295696528463,0.5052444748034766
YOR140W,8,0.0003077404009078502,0.2395594374755853,0.0017500934335280987,0.03571428571428571,5.177038626609442,1.0,0.4,0,0.06136,-0.74817,56.85444,8.78448,67.0,73.0,45185.0,0.0,0.54215,0.00011,0.0,0.0,0.5
YBR113W,1,0.0,0.19546561848567218,4.393250911080564e-05,0.0,1.0,0.0,0.0,0,0.09375,0.29625,41.2,9.73639,9.0,24.0,16595.0,0.0,0.91697,0.00054,0.0,0.0,0.5
YDL043C,23,0.002390785159522262,0.24512800361248807,0.0015269486888446562,0.03162055335968379,18.27076923076923,1.0,13.583333333333334,1,0.07519,-0.68195,44.27256,8.19366,35.0,37.0,23420.0,0.0,0.78274,0.00027,0.08971985818844534,0.08233295696528463,0.5022531332951935
YBR114W,5,0.00024605977993399973,0.24826531969230506,0.014159635643629943,0.1,4.629896907216495,1.0,2.023809523809524,0,0.08228,-0.59937,52.26634,8.53766,108.0,116.0,84280.0,0.0,0.92181,9e-05,0.0,0.0,0.5
YJR052W,2,7.266953974602081e-07,0.20611733234153987,0.0005646030429773915,0.0,1.856052344601963,0.0,0.0,0,0.06195,-0.39186,49.18602,5.32794,84.0,71.0,34265.0,0.0,0.53727,8e-05,0.0,0.0,0.5
YLR147C,16,0.0011728968196260926,0.2523092595655747,0.004523721025619674,0.008333333333333333,14.78609062170706,0.5,4.714285714285714,1,0.0396,-0.26931,38.40396,9.98566,9.0,14.0,1490.0,0.0,0.13275,0.00089,0.08971985818844534,0.07606989737809992,0.5025723465155294
YBR117C,2,0.00027144633957639744,0.23000833235349644,0.0009160494812856621,0.0,1.9591160220994475,0.0,0.0,0,0.09985,-0.3511,35.40429,5.75226,82.0,68.0,93085.0,0.0,1.24066,8e-05,0.0,0.0,0.5
YLR249W,3,0.0003472094583253518,0.21349539002973858,0.0010877650048868317,0.0,1.8002092050209204,0.0,0.0,1,0.06418,-0.28496,31.66341,5.73309,150.0,129.0,92175.0,0.0,0.795,5e-05,0.05900181244167522,0.0,0.5
YBR119W,7,0.000335809810552484,0.23134215166688726,0.0017130757671554506,0.0,3.2533748701973,1.0,0.0,0,0.05034,-0.67248,46.61577,10.15704,30.0,57.0,10555.0,0.0,0.30703,0.0003,0.0,0.0,0.5
YDR110W,9,0.002760582667970703,0.25235443040633954,0.0015720479245963793,0.0,7.309352517985611,0.5,0.0,0,0.09364,-0.75742,47.93269,5.84186,89.0,79.0,57855.0,0.0,0.88575,9e-05,0.0,0.0,0.5
YLR223C,2,3.925083180779403e-06,0.19020795206544763,9.850760647555081e-05,0.0,0.0,1.0,0.0,1,0.05161,-1.26267,53.71707,4.51776,250.0,136.0,56980.0,0.0,0.46518,4e-05,0.05900181244167522,0.055714552844473776,0.5
YLR449W,4,0.0004692217520439847,0.22780278997570608,0.0005228872266584511,0.0,3.579234972677596,1.0,0.0,0,0.05612,-1.04923,56.59337,4.58148,94.0,59.0,23505.0,0.0,0.53539,0.0001,0.0,0.0,0.5
YNL227C,3,0.00025196931996060554,0.22395419925426502,0.00031221644483674376,0.0,0.0,1.0,0.0,0,0.08983,-1.09542,48.91053,5.92291,115.0,107.0,69510.0,0.0,1.01058,9e-05,0.0,0.0,0.0
YBR123C,2,1.117346630900445e-05,0.18366501000343258,6.8242048225510844e-06,0.0,2.0,1.0,0.0,1,0.08783,-0.54607,39.94485,5.23065,105.0,86.0,59165.0,0.0,0.80439,7e-05,0.08971985818844534,0.08233295696528463,0.5205832392413211
YGR047C,5,0.00021468954980851233,0.196894500643434,2.5973842835369805e-05,0.0,3.4425349087003223,1.0,0.0,1,0.11024,-0.5759,40.09903,5.13934,181.0,142.0,137615.0,0.0,1.14462,4e-05,0.05900181244167522,0.055714552844473776,0.5080920824802192
YOR110W,5,0.0006310946784301371,0.22244624883319472,0.00018639335858350935,0.0,4.398496240601504,1.0,0.0,1,0.08966,-0.57586,39.77979,4.8277,69.0,46.0,67310.0,0.0,1.36961,0.0001,0.08971985818844534,0.08233295696528463,0.5093592164755409
YBR125C,1,0.0,0.14118266527507453,5.0413858170126864e-08,0.0,1.0,0.0,0.0,0,0.09924,-0.39262,32.36746,6.94415,42.0,41.0,39725.0,0.0,0.89926,0.00016,0.0,0.0,0.5
YBR126C,8,0.005576583347185278,0.23278119510729012,0.005649495037734668,0.14285714285714285,5.734439834024896,0.0,2.033333333333333,0,0.11111,-0.22364,34.57293,5.71381,59.0,47.0,86790.0,0.0,1.54576,0.0001,0.0,0.0,0.5
YDL022W,1,0.0,0.1875339567306325,0.00016199908058745649,0.0,0.0,0.0,0.0,0,0.07928,-0.07442,30.90997,5.30304,50.0,35.0,49150.0,0.0,1.14653,0.00012,0.0,0.0,0.0
YGL035C,4,0.00030030481177260616,0.20004272625569006,0.0001830386777228823,0.0,2.576767676767677,1.0,0.0,0,0.03373,-0.83869,57.8752,9.7995,38.0,55.0,9440.0,0.0,0.16999,0.00018,0.0,0.0,0.5
YGL253W,7,0.0007942209879004883,0.25890547911094297,0.03405674954687293,0.47619047619047616,4.510917030567685,0.0,4.744047619047619,0,0.09053,-0.3284,39.74959,5.16132,66.0,54.0,46340.0,0.0,0.85907,0.0001,0.0,0.0,0.5
YML100W,3,0.0,0.19858660610120374,0.00020333958334729871,1.0,1.0,0.0,2.4,0,0.07923,-0.39654,45.27169,6.17023,123.0,111.0,118565.0,0.0,0.96381,5e-05,0.0,0.0,0.5
YMR261C,3,0.0,0.19858660610120374,0.00020333958334729871,1.0,1.0,0.0,1.6666666666666667,0,0.09393,-0.35664,45.68682,5.94086,128.0,110.0,126765.0,0.0,1.06674,5e-05,0.0,0.0,0.5
YBR127C,4,6.378654175178746e-05,0.23507160989043482,0.0012560370342993602,0.0,2.834771886559803,0.0,0.0,0,0.07737,-0.37834,33.72168,4.95099,80.0,59.0,33935.0,0.0,0.58763,9e-05,0.0,0.0,0.5
YBR128C,2,7.390443160919057e-06,0.22223582038674752,0.00039034903103775474,0.0,1.4065217391304348,0.0,0.0,0,0.0843,-0.28227,39.73637,9.33466,34.0,49.0,47995.0,0.0,1.18643,0.00023,0.0,0.0,0.5
YPL120W,6,0.0008554929239476616,0.2470758510265283,0.0037842386080201413,0.2,2.0079491255961845,0.0,2.5,0,0.05745,-0.64201,39.94542,4.94879,81.0,61.0,40630.0,0.0,0.64227,8e-05,0.0,0.0,0.5
YBR130C,4,0.0004731107647043439,0.23634603120495373,0.000725542930571474,0.0,3.696935300794552,0.5,0.0,0,0.03294,-0.908,51.90896,8.74249,51.0,55.0,17545.0,0.0,0.37002,0.00018,0.0,0.0,0.5
YBR131W,4,0.00016338560348406087,0.23958658302090832,0.005294712680279935,0.3333333333333333,1.0,0.0,7.0,0,0.11222,-0.45739,42.50401,5.11346,89.0,67.0,108510.0,0.0,1.34409,6e-05,0.0,0.0,0.5
YML001W,6,0.00030156545855813114,0.2446458310858566,0.006032744049385311,0.13333333333333333,1.5366795366795367,0.0,2.1832611832611835,0,0.08654,-0.33413,41.48322,4.78485,31.0,22.0,20440.0,0.0,0.88706,0.00021,0.0,0.0,0.5
YBR133C,6,0.00048051898580877465,0.22922285290107502,0.000943107699534183,0.06666666666666667,4.478074866310161,0.0,1.1,0,0.09553,-0.3682,48.3803,5.92694,101.0,86.0,124690.0,0.0,1.31043,6e-05,0.0,0.0,0.5
YDL154W,7,0.0004703492570747652,0.23488880688324348,0.0010193852178912038,0.0,5.629778672032193,0.0,0.0,0,0.07991,-0.19456,39.0606,5.11481,129.0,97.0,82135.0,0.0,0.80361,5e-05,0.0,0.0,0.5
YER087W,2,0.000214568661971831,0.18523383373424293,2.7047553219614386e-05,0.0,1.7027027027027026,0.0,0.0,0,0.08854,-0.50799,40.17172,7.16193,78.0,78.0,83695.0,0.0,1.27043,0.00011,0.0,0.0,0.5
YKL101W,8,0.00015788231148131815,0.2463561427508903,0.013895785323844539,0.25,5.693089430894309,0.0,31.23611111111111,1,0.0527,-0.73887,54.83821,9.34576,178.0,215.0,85565.0,0.0,0.5045,6e-05,0.05900181244167522,0.0,0.5
YPL016W,13,0.0016736561685244265,0.24677306199340754,0.0012399221147331592,0.1282051282051282,7.8259526261586,0.3333333333333333,8.83157894736842,1,0.06849,-0.66705,47.06653,8.87042,103.0,115.0,74690.0,0.0,0.50488,6e-05,0.05900181244167522,0.05012875095612841,0.5032027251729438
YBR134W,1,0.0,0.20502803347001367,5.2409257910082836e-05,0.0,1.0,0.0,0.0,0,0.13534,-0.31805,32.01654,9.16449,9.0,15.0,19075.0,0.0,1.22877,0.00059,0.0,0.0,0.5
YBR252W,4,5.511837428134939e-05,0.23366874014030126,0.0007319749972430926,0.0,2.567295597484277,0.0,0.0,1,0.05442,-0.00544,16.61224,6.56317,15.0,15.0,5960.0,0.0,0.38936,0.00043,0.08971985818844534,0.0,0.5
YDL155W,13,0.001932820091162538,0.27414607392667956,0.041112322103565115,0.20512820512820512,7.849256900212314,0.0,24.52380952380952,1,0.09368,-0.51827,56.08735,5.17377,67.0,45.0,77405.0,0.0,1.56453,0.0001,0.08971985818844534,0.0,0.5
YDR078C,5,0.00019516473185344534,0.21914921177026492,0.00115295606016035,0.1,4.26530612244898,1.0,2.5,0,0.12556,-0.0852,31.34848,4.76898,39.0,21.0,29045.0,0.0,1.11188,0.00018,0.0,0.0,0.5
YGR108W,4,6.253032855650775e-05,0.2518284415387703,0.007483958143848044,0.16666666666666666,3.1430219146482123,0.0,7.699999999999999,0,0.09554,-0.49788,49.02293,5.65082,71.0,61.0,55320.0,0.0,1.0082,0.0001,0.0,0.0,0.5
YLR210W,16,0.0006277716394624079,0.27119240622837376,0.034832824021164624,0.275,2.1334586466165413,0.0,94.91666666666669,0,0.10652,-0.49826,53.74439,4.77533,77.0,49.0,71655.0,0.0,1.33059,9e-05,0.0,0.0,0.5
YPR119W,22,0.005823330270324039,0.2635691342756814,0.028922004394759664,0.09956709956709957,14.313824419778003,0.0,76.68831168831169,0,0.07943,-0.56802,50.12037,6.2757,68.0,63.0,43485.0,0.0,0.77312,0.00011,0.0,0.0,0.5
YDR499W,3,0.00011096039241729378,0.19462894970861286,3.847040014191006e-05,0.3333333333333333,1.9428251121076232,0.3333333333333333,4.25,1,0.07631,-0.25489,42.71419,5.69891,107.0,91.0,61030.0,0.0,0.70617,7e-05,0.05900181244167522,0.05012875095612841,0.512900994187209
YGR180C,5,0.0008727531566966328,0.22047461889046047,0.00036108626377165306,0.0,4.69989281886388,0.3333333333333333,0.0,0,0.13623,-0.41826,41.74409,5.10919,55.0,42.0,46090.0,0.0,1.15069,0.00013,0.0,0.0,0.5
YBR138C,1,0.0,0.19560123920250855,2.5508861891787616e-05,0.0,1.0,0.0,0.0,0,0.06489,-0.86718,53.47844,8.01312,71.0,73.0,45100.0,0.0,0.74585,0.00013,0.0,0.0,0.5
YIL046W,12,0.0008288013642891473,0.24534133153394247,0.0008300678583992154,0.06060606060606061,10.786074672048436,0.5,2.5955882352941178,1,0.07969,-0.55953,39.11219,7.74176,78.0,80.0,99705.0,0.0,1.36892,0.00011,0.08971985818844534,0.07606989737809992,0.5035263012583823
YBR139W,1,0.0,0.1364449919436962,3.273839931628713e-08,0.0,0.0,0.0,0.0,0,0.13189,-0.32835,40.77837,5.11871,61.0,43.0,94085.0,0.0,1.63233,9e-05,0.0,0.0,0.0
YOR381W,2,0.000214568661971831,0.1589200342109449,1.0114732830695913e-06,0.0,1.0,0.0,0.0,0,0.14909,0.15232,35.8282,6.65753,64.0,61.0,143865.0,0.0,1.78519,8e-05,0.0,0.0,0.5
YBR195C,7,0.00021255083883152192,0.2465859927878612,0.00559346731698636,0.047619047619047616,6.031833150384193,0.5,0.0,0,0.08294,-0.50166,32.35687,5.32062,54.0,35.0,78795.0,0.0,1.6636,0.00011,0.0,0.0,0.5
YBR141C,3,0.00021928443475131935,0.20682300647163415,0.0001560305726713612,0.0,0.0,0.5,0.0,0,0.06825,-0.47033,41.37151,9.74298,31.0,54.0,21525.0,0.0,0.55838,0.00025,0.0,0.0,0.0
YDR372C,6,0.0015501712655985808,0.2525805274351351,0.0036981422624299035,0.06666666666666667,1.6621880998080614,0.0,2.207792207792208,0,0.06667,-0.33072,44.74348,5.01617,57.0,45.0,30285.0,0.0,0.77088,0.00013,0.0,0.0,0.5
YGL091C,1,0.0,0.1703130690047538,4.986445173005923e-06,0.0,0.0,0.5,0.0,1,0.05183,-0.12591,39.65366,4.48322,52.0,27.0,32315.0,0.0,0.91666,0.00013,0.08971985818844534,0.07606989737809992,0.5
YBR143C,4,0.0009536745404319607,0.21953603936865498,0.0003096306596375147,0.16666666666666666,3.502173913043478,0.0,0.0,1,0.09611,-0.34005,25.55744,4.93524,71.0,54.0,36830.0,0.0,0.75156,0.0001,0.08971985818844534,0.0,0.5
YDR172W,5,0.00027251284083798315,0.20538652631594698,8.466093386480305e-05,0.1,4.606811145510836,0.0,0.0,1,0.08029,-0.79723,41.42803,6.55011,87.0,84.0,74775.0,0.0,0.97681,9e-05,0.08971985818844534,0.0,0.5
YMR080C,10,0.002977918984935198,0.23547740228973338,0.0008631888985858676,0.044444444444444446,6.123510292524377,0.5,0.0,0,0.08239,-0.38764,34.8894,6.05841,121.0,109.0,115595.0,0.0,1.05635,6e-05,0.0,0.0,0.5
YBR146W,1,0.0,0.11876378111326832,1.0276853980111073e-09,0.0,1.0,0.0,0.0,0,0.08633,-0.55252,49.92198,10.25067,23.0,50.0,28880.0,0.0,0.90463,0.00032,0.0,0.0,0.5
YIL070C,2,0.000214568661971831,0.13543551837808768,2.1281022137328864e-08,0.0,1.3777315296566077,0.0,0.0,0,0.1015,-0.45902,50.94289,4.51984,45.0,24.0,23045.0,0.0,0.7648,0.00015,0.0,0.0,0.5
YBR149W,2,0.0,0.00044004400440044003,2.3758850191347864e-11,0.0,1.0,0.0,0.0,0,0.08721,-0.28953,34.60116,5.64618,48.0,39.0,43235.0,0.0,1.11192,0.00015,0.0,0.0,0.5
YDL211C,1,0.0,0.0002933626696002933,1.680004841240319e-11,0.0,0.0,0.0,0.0,0,0.08333,-0.31317,50.06237,5.32172,35.0,26.0,22600.0,0.0,0.55458,0.00013,0.0,0.0,0.0
YNL128W,1,0.0,0.0002933626696002933,1.680004841240319e-11,0.0,1.0,0.0,0.0,0,0.10599,-0.20207,33.65461,6.35516,58.0,55.0,59330.0,0.0,1.18302,0.00013,0.0,0.0,0.5
YBR152W,2,0.000139380451737416,0.24350473282961144,0.000988104905010158,0.0,1.8849646821392534,1.0,0.0,1,0.05155,-1.53849,50.23814,5.51849,61.0,53.0,21555.0,0.0,0.63826,0.00016,0.08971985818844534,0.08233295696528463,0.5218393898160056
YGR075C,2,2.2612424749245112e-06,0.2014243684061652,8.409032419449719e-05,0.0,1.0,1.0,0.0,1,0.10331,-0.40207,41.46818,5.15411,32.0,22.0,34880.0,0.0,1.24721,0.00018,0.08971985818844534,0.08233295696528463,0.5411664784826423
YBR154C,5,0.00017704225807158494,0.21812055451173631,0.0005419615652680882,0.0,4.838775510204082,1.0,0.0,1,0.08837,-0.50233,53.35767,9.1828,28.0,34.0,21805.0,0.0,0.86946,0.00037,0.08971985818844534,0.08233295696528463,0.5085076231364382
YFL023W,6,0.0005308674742425949,0.2528674992716039,0.008356791311143396,0.0,1.9889012208657049,0.0,0.0,1,0.06156,-1.05075,53.51357,4.63177,187.0,116.0,35300.0,0.0,0.38613,5e-05,0.05900181244167522,0.0,0.5
YOR116C,4,0.000594482943432127,0.2461697048736193,0.0010264073197282918,0.0,3.9489795918367347,1.0,0.0,1,0.06849,-0.2811,39.36121,8.49786,176.0,187.0,117600.0,0.0,0.72459,5e-05,0.05900181244167522,0.055714552844473776,0.5070542973885768
YBR155W,6,0.0015166515544493722,0.25585087066305856,0.00244181340257406,0.06666666666666667,5.969727547931383,0.0,4.2,1,0.07792,-0.71532,42.14286,5.68707,67.0,62.0,29505.0,0.0,0.66887,0.00013,0.08971985818844534,0.0,0.5
YDR463W,1,0.0,0.2022238625756316,7.031343927480471e-05,0.0,1.0,0.2,0.0,0,0.07707,-0.7104,58.14992,7.25128,59.0,59.0,26705.0,0.0,0.45974,0.00012,0.0,0.0,0.5
YJR032W,13,0.0004873096394434294,0.27446635881865594,0.03989023970133273,0.24358974358974358,10.032323232323233,0.0,14.20508658008658,0,0.11705,-0.62341,32.79468,5.26459,63.0,53.0,40645.0,0.0,0.90055,0.00012,0.0,0.0,0.5
YMR186W,10,0.0008715745796007078,0.24321062807379257,0.0014301445843208996,0.1111111111111111,9.393939393939394,0.0,14.207142857142856,0,0.08227,-0.55603,42.83366,4.77911,142.0,100.0,55810.0,0.0,0.68987,6e-05,0.0,0.0,0.5
YBR156C,1,0.0,0.18642609841374738,0.00012519689980551506,0.0,0.0,0.25,0.0,0,0.04728,-1.0106,54.67479,9.92279,82.0,128.0,45380.0,0.0,0.57309,0.00013,0.0,0.0,0.0
YPL209C,3,0.000214568661971831,0.23107667706661378,0.004524280386728024,0.3333333333333333,1.0,0.25,0.0,1,0.08719,-0.66431,54.81717,9.72296,41.0,64.0,50225.0,0.0,1.16951,0.00023,0.08971985818844534,0.06602488493524936,0.5330124424676247
YBR158W,1,0.0,0.00022002200220022002,4.36630699855352e-12,0.0,1.0,0.5,0.0,1,0.07104,-0.37195,50.95576,9.22333,60.0,76.0,58910.0,0.0,0.93977,0.00015,0.08971985818844534,0.07606989737809992,0.53803494868905
YDR111C,1,0.0,0.00022002200220022002,4.36630699855352e-12,0.0,1.0,0.5,0.0,0,0.08481,-0.30059,37.4154,5.53986,66.0,55.0,44320.0,0.0,0.78071,0.0001,0.0,0.0,0.5
YDL020C,14,0.001178767941192251,0.2699804118188745,0.031123102607027386,0.16483516483516483,10.465091299677766,1.0,31.633333333333333,0,0.07721,-0.9113,51.1648,5.19891,79.0,55.0,38570.0,0.0,0.64121,9e-05,0.0,0.0,0.5
YDR168W,2,4.523414788264341e-06,0.2145787380280627,0.0004456127548652785,0.0,1.9828282828282828,0.0,0.0,1,0.06719,-0.75138,44.44249,4.94012,102.0,71.0,25900.0,0.0,0.44361,8e-05,0.08971985818844534,0.0,0.5
YFL029C,5,0.00015221001330504143,0.22298582526466104,0.001201304337897724,0.1,1.0,0.0,11.0,1,0.09239,-0.29946,37.92582,5.56744,50.0,42.0,42245.0,0.0,1.0014,0.00013,0.08971985818844534,0.0,0.5
YFR052W,7,0.0002789055267673177,0.24117162029879274,0.001916031010866067,0.14285714285714285,4.122030237580994,0.0,17.799999999999997,1,0.10949,-0.43321,47.99051,4.80426,43.0,29.0,35995.0,0.0,1.1277,0.00015,0.08971985818844534,0.0,0.5
YGL073W,1,0.0,0.2126579426863984,0.00032270983356632134,0.0,1.0,1.0,0.0,1,0.06242,-1.02257,45.44214,5.20404,111.0,81.0,55350.0,0.0,0.59337,6e-05,0.08971985818844534,0.08233295696528463,0.5411664784826423
YGR109C,1,0.0,0.2126579426863984,0.00032270983356632134,0.0,0.0,0.0,0.0,0,0.09211,-0.36474,41.49632,8.34808,48.0,52.0,42745.0,0.0,0.96829,0.00019,0.0,0.0,0.0
YGR274C,5,0.00011344582082103643,0.23515004116771573,0.00047835435816399635,0.4,2.8628318584070795,1.0,8.644117647058824,1,0.07223,-0.77336,42.46953,7.00824,147.0,145.0,93210.0,0.0,0.77228,6e-05,0.05900181244167522,0.055714552844473776,0.5097306715168864
YJL194W,6,0.00011805200503959194,0.22417978000949118,0.0006083717380567462,0.26666666666666666,3.9840933191940615,0.5,3.5853174603174605,1,0.07407,-0.22846,46.94739,9.48517,51.0,69.0,21150.0,0.0,0.36443,0.00016,0.08971985818844534,0.07606989737809992,0.5095467012546644
YKL048C,18,0.0005070449018260155,0.2743773157487044,0.05891699758308185,0.3202614379084967,12.339795918367347,0.0,73.46611721611721,0,0.07187,-0.48656,49.15688,8.36261,78.0,83.0,70620.0,0.0,0.97881,0.00012,0.0,0.0,0.5
YKL145W,2,1.0566407815474443e-05,0.21796315603932953,0.0006832641247260139,0.0,1.9565656565656566,0.5,0.0,1,0.05996,-0.57366,37.35139,5.32074,78.0,69.0,33640.0,0.0,0.64714,0.0001,0.08971985818844534,0.07606989737809992,0.5194396485297674
YMR273C,8,0.00016567582848089126,0.23710138437449016,0.0026826414984159157,0.2857142857142857,6.180396246089677,0.0,14.703787878787878,0,0.04044,-1.17213,65.78361,5.95453,143.0,127.0,53860.0,0.0,0.52111,6e-05,0.0,0.0,0.5
YOR142W,1,0.0,0.2126579426863984,0.00032270983356632134,0.0,1.0,0.0,0.0,0,0.06383,-0.04498,28.66748,8.5899,32.0,35.0,9315.0,0.0,0.2659,0.00025,0.0,0.0,0.5
YPR120C,7,0.0005343249479353081,0.2688646484180463,0.011632470297901529,0.23809523809523808,5.896174863387978,0.0,16.45,1,0.09425,-0.58299,56.83356,6.58344,60.0,58.0,56560.0,0.0,1.12154,0.00013,0.08971985818844534,0.0,0.5
YBR162C,6,0.00048005646948804726,0.21537655038805298,7.47499695547043e-05,0.0,4.469957081545064,0.0,0.0,0,0.09011,-0.25275,45.15055,4.49249,51.0,25.0,54330.0,0.0,1.13202,9e-05,0.0,0.0,0.5
YBL095W,2,0.00011348922842721314,0.22303286868771266,0.00039525467597710805,0.0,1.0,0.0,0.0,0,0.0963,-0.11556,37.94593,7.742,31.0,32.0,35450.0,0.0,1.16058,0.00025,0.0,0.0,0.5
YBR192W,3,0.00020647560649931444,0.23229527523176402,0.0007702142206343582,0.0,2.757327080890973,0.0,0.0,1,0.1008,-0.26658,34.06737,9.62408,32.0,50.0,66725.0,0.0,1.58488,0.00023,0.08971985818844534,0.0,0.5
YGR249W,11,0.0013266808529140968,0.2547411560433152,0.001169731178256038,0.0,8.990506329113924,1.0,0.0,0,0.07237,-0.5807,61.93596,9.49359,28.0,40.0,42985.0,0.0,0.84725,0.00019,0.0,0.0,0.5
YNL217W,1,0.0,0.17607124912849365,2.4664551546469123e-06,0.0,1.0,0.0,0.0,0,0.09816,-0.28558,33.49972,8.54559,38.0,42.0,43610.0,0.0,1.17387,0.00023,0.0,0.0,0.5
YOL028C,1,0.0,0.17607124912849365,2.4664551546469123e-06,0.0,1.0,1.0,0.0,0,0.03265,-1.16612,34.54327,9.74445,32.0,45.0,14105.0,0.0,0.51504,0.00036,0.0,0.0,0.5
YPR155C,2,0.00011147881673507733,0.22180452086645855,0.0001830596314425535,0.0,1.6255924170616114,0.0,0.0,0,0.09091,-0.12597,43.92662,6.42511,74.0,70.0,79270.0,0.0,1.11867,9e-05,0.0,0.0,0.5
YBR162W-A,3,0.005080569551949823,0.1952309875493551,1.5522739418304903e-05,0.0,1.8811748998664886,0.3333333333333333,0.0,0,0.09231,-0.28615,31.27231,10.34222,3.0,13.0,9970.0,0.0,1.35375,0.0014,0.0,0.0,0.5
YIL027C,1,0.0,0.1623738889651358,6.080575069494045e-07,0.0,1.0,0.5,0.0,0,0.11348,0.02057,21.34681,8.94684,12.0,15.0,14565.0,0.0,0.91562,0.00056,0.0,0.0,0.5
YML108W,3,0.0026373771963504227,0.22464424087967658,0.0002020072687944888,0.0,1.6255924170616114,0.0,0.0,0,0.08571,-0.49714,39.31905,4.51385,26.0,14.0,8605.0,0.0,0.69738,0.00037,0.0,0.0,0.5
YBR164C,47,0.005228217834068093,0.2773465724614044,0.01723104401133203,0.08325624421831637,0.0,0.0,109.5725871350871,0,0.0,0.0,0.0,0.0,0.0,0.0,0.0,0.0,0.0,0.0,0.0,0.0,0.0
YCR044C,13,0.0013625021142238385,0.27327796240914,0.026791852680832846,0.14102564102564102,1.3620253164556961,0.5,7.944805194805195,0,0.18487,0.1972,42.54874,6.40814,34.0,31.0,94780.0,0.0,2.22797,0.00015,0.0,0.0,0.5
YDL077C,7,0.00046392969321139326,0.24463167825517948,0.004417137444692846,0.2857142857142857,0.0,0.0,6.052822177822177,0,0.10582,-0.43956,39.76163,6.60834,144.0,138.0,148125.0,0.0,1.20544,5e-05,0.0,0.0,0.0
YDL100C,28,0.00604385366635477,0.2746624571524443,0.005161387954268441,0.005291005291005291,13.191983122362869,0.3333333333333333,0.9375,0,0.07062,-0.30339,30.54661,4.87469,50.0,33.0,20815.0,0.0,0.52893,0.00012,0.0,0.0,0.5
YDL192W,11,0.0008594791752243462,0.23661051870630215,0.0012571383992859362,0.07272727272727272,8.176041666666666,0.0,29.0,0,0.09945,-0.22155,34.5884,6.75092,21.0,21.0,35075.0,0.0,1.70854,0.00033,0.0,0.0,0.5
YDR027C,5,0.00010160170683606145,0.23550363055909065,0.0023281282804486375,0.1,0.0,0.0,0.0,0,0.07649,-0.45467,45.35549,5.94733,122.0,109.0,72990.0,0.0,0.71898,6e-05,0.0,0.0,0.0
YDR108W,16,0.0006840737085286157,0.25903235469029295,0.0074488988147564635,0.35,1.6848249027237354,0.0,29.77341269841269,0,0.10315,-0.35072,40.42837,5.99615,90.0,80.0,89740.0,0.0,1.11487,7e-05,0.0,0.0,0.5
YDR136C,8,0.0003097467421402259,0.24880578902794964,0.003558715335422642,0.14285714285714285,0.0,0.0,7.725,0,0.15263,0.07263,38.11,10.04852,10.0,27.0,30870.0,0.0,1.3533,0.00044,0.0,0.0,0.0
YDR137W,8,0.0004109707085704845,0.26040416222175206,0.007674060488893885,0.14285714285714285,0.0,0.0,6.305555555555555,0,0.08446,-0.46486,38.18406,5.6087,94.0,81.0,52550.0,0.0,0.69772,7e-05,0.0,0.0,0.0
YDR162C,36,0.004597104664651974,0.28041798344290664,0.04650067757342173,0.08412698412698413,10.544605809128631,0.0,45.12520535020535,0,0.08051,-0.84153,41.11275,4.02411,55.0,17.0,28880.0,0.0,1.08693,0.00015,0.0,0.0,0.5
YDR202C,3,5.76767923888362e-07,0.23885580605055537,0.0038021418003651615,0.6666666666666666,1.0,0.0,5.0,0,0.07123,-0.20427,46.41339,5.94562,42.0,38.0,18085.0,0.0,0.45194,0.00015,0.0,0.0,0.5
YDR203W,7,0.0015047120342845954,0.2711228563389775,0.005418754207752984,0.09523809523809523,0.0,0.0,0.0,0,0.0,0.0,0.0,0.0,0.0,0.0,0.0,0.0,0.0,0.0,0.0,0.0,0.0
YER083C,14,0.0010824459444014952,0.2746267820703359,0.014518845477468836,0.08791208791208792,3.2903225806451615,0.3333333333333333,11.471825396825396,0,0.08772,-0.05544,43.40667,9.4538,21.0,28.0,40910.0,0.0,1.29902,0.0003,0.0,0.0,0.5
YER122C,9,0.0005011390964839006,0.25862046298813723,0.009946017955401357,0.25,2.4464864864864864,0.0,15.75378787878788,0,0.07911,-0.9929,29.70872,8.37006,66.0,69.0,30410.0,0.0,0.55198,0.00015,0.0,0.0,0.5
YGL005C,8,0.0011945061455083273,0.25568070562422346,0.0058160393567520344,0.42857142857142855,0.0,0.0,44.66666666666666,0,0.07527,-0.49821,35.83194,4.56537,48.0,29.0,24535.0,0.0,0.77215,0.00014,0.0,0.0,0.0
YHR012W,15,0.000686187804574695,0.27444854558145326,0.043973251323043826,0.2857142857142857,10.653535353535354,0.0,28.200000000000003,0,0.07092,-0.51631,23.81454,4.56049,47.0,28.0,23545.0,0.0,0.75922,0.00015,0.0,0.0,0.5
YJL154C,14,0.0019436086266071061,0.27206480025214125,0.01973462672588574,0.25274725274725274,2.9212481426448735,0.0,11.528138528138529,0,0.08475,-0.23305,43.70541,5.8714,115.0,98.0,101380.0,0.0,0.92889,5e-05,0.0,0.0,0.5
YJR033C,4,0.0002712219226421078,0.2399128100714304,0.0038287415595000605,0.3333333333333333,1.552046783625731,0.0,0.0,0,0.08843,-0.29941,41.1712,8.47687,150.0,161.0,200685.0,0.0,1.29532,5e-05,0.0,0.0,0.5
YKL119C,4,1.1919330066494815e-05,0.23562173011194248,0.0012961879910063341,0.3333333333333333,0.0,0.5,3.8,0,0.11163,-0.21628,31.18609,9.07355,30.0,36.0,23170.0,0.0,0.91631,0.00036,0.0,0.0,0.0
YKR001C,6,3.6677017488833076e-05,0.24311275096694443,0.0037375937942340483,0.4,3.1936758893280635,0.0,8.025396825396825,0,0.05682,-0.3706,41.26706,7.67487,94.0,95.0,31080.0,0.0,0.39474,0.0001,0.0,0.0,0.5
YLR242C,5,0.0027197705852668986,0.2317478593916278,0.0010007075324838847,0.1,2.0,0.3333333333333333,2.05,0,0.15888,0.32741,28.12773,9.10406,23.0,34.0,86260.0,0.0,2.25848,0.00024,0.0,0.0,0.5
YLR261C,8,0.00021182787301533392,0.25606777221260946,0.0062141780944817175,0.10714285714285714,1.9257503949447077,0.0,5.713888888888889,0,0.08333,-0.50741,53.3787,11.0036,3.0,25.0,22710.0,0.0,1.75795,0.00085,0.0,0.0,0.5
YLR262C,140,0.036965401467226294,0.3034809236629132,0.058152409060003143,0.016341212744090443,55.1983556012333,0.0,236.21515151515143,0,0.08837,-0.55395,43.70279,5.66229,33.0,31.0,23295.0,0.0,0.95423,0.00023,0.0,0.0,0.5
YLR447C,93,0.03745196426985467,0.2947858619950528,0.030125841128104385,0.004207573632538569,54.21836734693878,0.0,16.44206349206349,0,0.12174,-0.30899,42.13832,4.47882,52.0,27.0,54040.0,0.0,1.35812,0.00011,0.0,0.0,0.5
YML071C,8,0.00020434275599372668,0.2557580253005342,0.007274772066355948,0.4642857142857143,0.0,0.0,46.66666666666666,0,0.05272,-0.72339,50.43954,4.63409,131.0,83.0,28600.0,0.0,0.40958,7e-05,0.0,0.0,0.0
YMR054W,5,0.00045885578779137433,0.25306422443560933,0.004980043754671147,0.2,2.7641921397379914,0.0,2.142857142857143,0,0.11348,-0.05472,38.05022,5.22211,111.0,81.0,128075.0,0.0,1.25984,5e-05,0.0,0.0,0.5
YMR123W,6,0.00018206625459277746,0.24793053414159424,0.004471035141950006,0.13333333333333333,0.0,0.5,7.5,0,0.10656,-0.12377,54.34598,6.27472,15.0,14.0,25105.0,0.0,1.79812,0.00045,0.0,0.0,0.0
YNL041C,15,0.0018219152564865513,0.2667278409435494,0.009400085452131097,0.13333333333333333,2.218543046357616,0.0,41.41666666666666,0,0.07867,-0.40632,42.47045,5.15009,127.0,103.0,50365.0,0.0,0.51936,5e-05,0.0,0.0,0.5
YNL043C,1,0.0,0.21542043761176935,0.0005117664718278058,0.0,0.0,0.0,0.0,0,0.0,0.0,0.0,0.0,0.0,0.0,0.0,0.0,0.0,0.0,0.0,0.0,0.0
YNL044W,11,0.0011813396923041435,0.25944556048340583,0.0016511332022119821,0.07272727272727272,8.971311475409836,0.0,8.6,1,0.11364,0.4392,27.61136,8.5462,11.0,13.0,13200.0,0.0,0.68001,0.00044,0.08971985818844534,0.0,0.5
YNL051W,7,0.0005500731352922831,0.24615537518592653,0.005270038646393854,0.5714285714285714,0.0,0.0,35.16666666666667,0,0.06948,-0.31464,38.98536,8.81952,44.0,49.0,28100.0,0.0,0.61618,0.00019,0.0,0.0,0.0
YNL238W,6,0.0002934923653164823,0.2489229568118102,0.005423357987716879,0.26666666666666666,1.0,0.0,2.063492063492064,0,0.09214,-0.47088,38.07151,4.82098,119.0,73.0,125220.0,0.0,1.39131,5e-05,0.0,0.0,0.5
YNL296W,5,4.089305025518323e-05,0.2468883226482387,0.006520979892157806,0.5,0.0,0.0,10.335497835497836,0,0.0,0.0,0.0,0.0,0.0,0.0,0.0,0.0,0.0,0.0,0.0,0.0,0.0
YOR068C,7,0.00036627396799593316,0.24494341927241842,0.004542554810561491,0.19047619047619047,0.0,0.0,3.74512987012987,0,0.07018,0.52368,42.94035,5.69855,9.0,8.0,1990.0,0.0,0.16917,0.00048,0.0,0.0,0.0
YOR069W,11,0.0006790382452871636,0.25606777221260946,0.006553818737718472,0.2727272727272727,2.2948539638386647,0.0,12.0,0,0.07407,-0.74756,45.02609,5.08649,116.0,91.0,51130.0,0.0,0.66851,7e-05,0.0,0.0,0.5
YOR070C,32,0.001250576982221107,0.2682676641704645,0.016943550370802522,0.10887096774193548,6.884165781083953,0.0,140.66666666666669,0,0.08948,-0.68195,50.50047,6.71332,73.0,70.0,100310.0,0.0,1.3687,9e-05,0.0,0.0,0.5
YOR132W,9,0.0002252326362420588,0.2623753297958077,0.019236161136178938,0.4444444444444444,1.3187066974595842,0.0,8.863636363636363,0,0.07985,-0.80744,51.71089,6.47845,80.0,78.0,58455.0,0.0,0.92488,0.0001,0.0,0.0,0.5
YBR165W,1,0.0,0.1957461088885355,3.6629889599564624e-05,0.0,0.0,0.0,0.0,0,0.0,0.0,0.0,0.0,0.0,0.0,0.0,0.0,0.0,0.0,0.0,0.0,0.0
YDR054C,17,0.002110679846862108,0.2455692909592934,0.0012545617363936043,0.1323529411764706,10.426778242677825,0.5,21.97063492063492,1,0.09153,-0.96373,62.11559,4.12567,73.0,28.0,33015.0,0.0,0.96919,0.00012,0.08971985818844534,0.07606989737809992,0.5036478140997925
YBR167C,2,9.255783409425822e-05,0.2100175411134359,0.00016794908429916251,0.0,1.0,1.0,0.0,1,0.05,-0.53714,42.37571,9.34052,18.0,24.0,6085.0,0.0,0.38478,0.00059,0.08971985818844534,0.08233295696528463,0.5411664784826423
YHR062C,2,4.722344483568076e-07,0.18378474467899655,1.4776488056068848e-05,0.0,0.0,1.0,0.0,1,0.04778,-0.15666,42.15666,9.75934,25.0,39.0,14940.0,0.0,0.46363,0.0003,0.08971985818844534,0.08233295696528463,0.5
YBR170C,5,0.0004036217033674923,0.2360821343411697,0.0005468834988521463,0.0,4.717078189300412,0.4,0.0,0,0.0931,-0.50034,35.87347,5.47382,81.0,62.0,72530.0,0.0,1.10259,8e-05,0.0,0.0,0.5
YDL126C,3,0.00021798003092081907,0.20680277730433452,0.00022876104465016975,0.0,3.0,0.5,0.0,1,0.05868,-0.36647,30.8278,4.82318,142.0,100.0,43820.0,0.0,0.47633,5e-05,0.05900181244167522,0.05277425862356333,0.5087957097705939
YDR259C,24,0.008424617938005212,0.28560740175057625,0.0049779490845025896,0.03260869565217391,14.25609756097561,1.0,32.2,0,0.04961,-1.0705,56.86919,8.67377,44.0,47.0,19495.0,0.0,0.44717,0.0002,0.0,0.0,0.5
YGR048W,7,0.000548580461028955,0.23064815044829454,0.001793867093644299,0.047619047619047616,6.676220806794055,0.0,0.4545454545454545,1,0.08587,-0.4097,44.62161,5.95197,47.0,45.0,16180.0,0.0,0.40643,0.00015,0.08971985818844534,0.0,0.5
YOR254C,4,1.4686848741237025e-05,0.23219323469794817,0.0020728787332018384,0.0,3.686175580221998,0.6666666666666666,0.0,1,0.09653,-0.3641,39.26275,5.11176,99.0,75.0,76165.0,0.0,1.0109,7e-05,0.08971985818844534,0.0790776102254787,0.5107262403139131
YCL057W,1,0.0,0.2134199651922394,0.0011654464704570953,0.0,1.0,0.0,0.0,0,0.11798,-0.48174,34.43204,5.50861,97.0,79.0,114180.0,0.0,1.39358,7e-05,0.0,0.0,0.5
YBR172C,6,0.00021811910659344923,0.23251240943085896,0.0008948412244049233,0.06666666666666667,1.7889546351084813,0.0,0.0,0,0.05811,-0.75257,46.64162,8.83173,86.0,93.0,74160.0,0.0,0.9111,0.00011,0.0,0.0,0.5
YIL004C,8,0.00042761210809165716,0.23662375862117577,0.0005733096535184477,0.10714285714285714,1.8918918918918919,0.3333333333333333,4.433333333333334,1,0.09155,-0.28169,37.3993,8.03046,14.0,15.0,19480.0,0.0,1.23921,0.00051,0.08971985818844534,0.07069233844701739,0.5186829751609975
YKL074C,9,0.0005470937464208692,0.22333913543461667,0.00020922035653260084,0.1388888888888889,2.0,0.0,0.0,0,0.09488,-0.80873,38.7266,8.40912,70.0,74.0,54290.0,0.0,0.89797,0.00014,0.0,0.0,0.5
YLR116W,18,0.001789248362463115,0.22859090709330407,0.00043801704404609123,0.032679738562091505,2.1315789473684212,1.0,0.0,1,0.06303,-0.82899,61.47899,9.72284,44.0,69.0,27485.0,0.0,0.51826,0.00018,0.08971985818844534,0.08233295696528463,0.5193126689177827
YPL085W,5,2.675201134685366e-05,0.20204993981169822,7.841066529270218e-05,0.2,1.0,0.25,0.0,1,0.05877,-0.76118,50.0693,5.2121,293.0,220.0,168835.0,0.0,0.69855,2e-05,0.05900181244167522,0.047735814213720786,0.5238679071068604
YHR177W,3,7.413406276238758e-05,0.2370482196490292,0.0011488254401199555,0.0,2.643776824034335,0.0,0.0,0,0.09934,-0.83355,64.73689,9.42535,35.0,50.0,50365.0,0.0,0.96768,0.00018,0.0,0.0,0.5
YIL160C,2,1.8011242119478496e-05,0.21634621867998732,0.00028143047210104467,0.0,1.889908256880734,0.0,0.0,0,0.05516,-0.09017,34.40695,7.51898,45.0,46.0,14410.0,0.0,0.32216,0.00017,0.0,0.0,0.5
YOR047C,31,0.016209501720711134,0.27912232279333543,0.006472257764017634,0.0064516129032258064,11.927173913043479,0.3333333333333333,17.791666666666668,0,0.07432,-0.64212,52.28673,9.04681,47.0,54.0,52745.0,0.0,1.04944,0.00018,0.0,0.0,0.5
YBR178W,1,0.0,0.15615595237514887,6.345288741959438e-07,0.0,0.0,0.0,0.0,0,0.12903,0.02823,41.64605,10.03241,8.0,19.0,11960.0,0.0,0.82826,0.00069,0.0,0.0,0.0
YHR122W,4,0.000270289360041178,0.18631110676825272,2.045740268046744e-05,0.0,1.0,0.0,0.0,1,0.01732,-0.3658,52.35152,4.55634,45.0,23.0,1865.0,0.0,0.07264,0.00018,0.08971985818844534,0.0,0.5
YBR182C,1,0.0,0.20190523254006074,0.00019567953190737221,0.0,0.0,1.0,0.0,0,0.06416,-0.62765,57.53854,9.48822,34.0,49.0,20120.0,0.0,0.40717,0.00019,0.0,0.0,0.0
YPL089C,7,0.0006482736705285874,0.25534105369959736,0.006712767695937564,0.19047619047619047,3.201109570041609,1.0,9.4,0,0.05917,-1.03565,52.37132,9.32709,50.0,61.0,27975.0,0.0,0.3807,0.00013,0.0,0.0,0.5
YBR184W,2,0.000214568661971831,0.24347669221090695,0.000986604067107961,0.0,1.0,0.0,0.0,0,0.09369,-0.62734,50.71474,8.83344,63.0,74.0,65010.0,0.0,1.07203,0.00015,0.0,0.0,0.5
YNL225C,1,0.0,0.19441419660333004,2.8647375932536266e-05,0.0,0.0,0.0,0.0,1,0.06024,-0.85009,51.20964,5.73895,100.0,88.0,31245.0,0.0,0.46358,9e-05,0.08971985818844534,0.0,0.0
YBR185C,3,8.475975446609586e-05,0.2031467712489927,0.00013478820183404261,0.3333333333333333,2.5582922824302137,0.0,1.6,0,0.09353,-0.2018,44.83777,9.84357,24.0,40.0,27180.0,0.0,0.85443,0.00031,0.0,0.0,0.5
YER017C,3,2.2635960939598922e-05,0.20331281265056167,0.00011568113693476896,0.3333333333333333,2.656957928802589,0.0,2.225,0,0.07884,-0.36294,36.35611,9.20233,87.0,100.0,40840.0,0.0,0.48307,0.00011,0.0,0.0,0.5
YBR186W,4,0.00010309811487998075,0.25577349484782147,0.008417055290278343,0.0,3.3413793103448275,0.3333333333333333,0.0,0,0.07624,-0.21365,36.33814,5.63214,77.0,66.0,30255.0,0.0,0.47676,9e-05,0.0,0.0,0.5
YDR285W,3,7.546627797607584e-06,0.22669149728310453,0.0009923364447151802,0.0,1.3715277777777777,0.5,0.0,0,0.03657,-1.03691,49.48011,6.40094,146.0,140.0,20245.0,0.0,0.20238,6e-05,0.0,0.0,0.5
YBR187W,3,0.00022489731005584932,0.2157611709943891,0.00032494308598682016,0.0,1.7295673076923077,0.0,0.0,0,0.09286,0.54464,30.78893,5.29193,29.0,22.0,21555.0,0.0,0.71044,0.00017,0.0,0.0,0.5
YNR032W,7,0.00046829131159878195,0.24032184532388223,0.003792715324293843,0.0,5.314227226202661,0.0,0.0,0,0.11685,-0.325,33.37505,4.85394,53.0,32.0,50405.0,0.0,1.18789,0.00011,0.0,0.0,0.5
YBR188C,5,0.0003607474148192344,0.22785188804995055,0.0014752824596381833,0.0,0.0,1.0,0.0,0,0.03571,-0.99143,34.72714,5.9295,23.0,22.0,4595.0,0.0,0.28773,0.00037,0.0,0.0,0.0
YLL036C,2,4.410551945865645e-06,0.1886634777513622,4.8180828567732176e-05,0.0,0.0,1.0,0.0,1,0.08549,-0.38668,42.2674,5.02496,70.0,55.0,66905.0,0.0,1.18271,9e-05,0.08971985818844534,0.08233295696528463,0.5
YLR117C,5,0.00052257848736859,0.2095907608207292,0.00018641137379562676,0.0,2.348401323042999,1.0,0.0,1,0.12809,-0.60204,42.37744,5.46429,117.0,102.0,164140.0,0.0,1.99093,7e-05,0.05900181244167522,0.055714552844473776,0.5118622299131309
YBR190W,1,0.0,0.17218547947062307,5.558306284887392e-06,0.0,0.0,0.0,0.0,1,0.07767,-0.45922,65.52728,10.12518,4.0,13.0,18365.0,0.0,1.66539,0.00092,0.08971985818844534,0.0,0.0
YER078C,4,0.0004747644116344945,0.21998143839770232,0.0003045993220744325,0.0,3.408695652173913,0.3333333333333333,0.0,0,0.09785,-0.3998,39.32587,6.10614,65.0,59.0,52675.0,0.0,0.90836,0.00011,0.0,0.0,0.5
YBR193C,14,0.006559212479168746,0.27259093600973583,0.00406020896718566,0.1978021978021978,11.358778625954198,1.0,20.61547619047619,1,0.07175,-0.57623,48.84036,5.31586,31.0,24.0,22460.0,0.0,0.88887,0.00021,0.08971985818844534,0.08233295696528463,0.5036241993825444
YDL005C,7,0.0006551409320429925,0.23938314125779972,0.0005418268995082481,0.6666666666666666,6.340788072417466,1.0,17.135714285714286,0,0.0464,-1.26288,41.47842,4.37006,66.0,35.0,14565.0,0.0,0.30524,9e-05,0.0,0.0,0.5
YER022W,101,0.034290779568881005,0.2969386412695058,0.009427603104186,0.0057425742574257425,59.054054054054056,1.0,33.62301587301587,1,0.05968,-0.56536,50.44279,5.20062,118.0,92.0,33600.0,0.0,0.42816,7e-05,0.8512783293698793,0.45983270903388657,0.5038933204197378
YGL025C,8,0.00041288745477042354,0.23846518864935612,0.0005442606973472641,0.5,6.529271206690561,1.0,16.746825396825397,0,0.03526,-0.67531,39.78942,8.75714,26.0,29.0,9190.0,0.0,0.21333,0.0002,0.0,0.0,0.5
YGR104C,3,6.994225033720717e-05,0.24104789319495137,0.001547664913326804,0.0,1.970873786407767,1.0,0.0,0,0.07492,-0.30195,39.65309,4.84406,35.0,24.0,31650.0,0.0,0.92306,0.00014,0.0,0.0,0.5
YIL021W,8,0.00032938455777517544,0.21850375602330555,0.0002445574278279935,0.35714285714285715,7.222448979591837,1.0,12.328571428571427,1,0.07233,-0.42642,33.70003,4.52008,51.0,28.0,43275.0,0.0,1.22602,0.00013,0.08971985818844534,0.08233295696528463,0.5056997949862941
YOL135C,9,0.0006970361119680121,0.2505452773029406,0.0013781367339245007,0.5277777777777778,6.4125,1.0,31.8,1,0.07207,-0.76036,55.69054,6.45563,28.0,27.0,23630.0,0.0,0.9236,0.00025,0.08971985818844534,0.08233295696528463,0.5064197237399832
YOR174W,11,0.0007953849930919333,0.25196348628487353,0.0014447017068619848,0.38181818181818183,9.019689119170984,1.0,28.566666666666663,1,0.05986,-0.73204,43.90317,4.53595,62.0,37.0,13200.0,0.0,0.40988,0.00014,0.08971985818844534,0.08233295696528463,0.5045640684439051
YPR152C,3,5.1105867310776616e-05,0.21750350737161978,0.0004406519484252415,0.0,0.0,1.0,0.0,0,0.09247,-0.90086,59.3123,4.59784,104.0,63.0,71695.0,0.0,1.3243,8e-05,0.0,0.0,0.0
YPR018W,5,0.0001376217159863056,0.24949573369042607,0.0067713376755180466,0.1,3.6893203883495147,1.0,1.3333333333333333,0,0.06106,-1.16584,67.68881,6.37799,118.0,116.0,46005.0,0.0,0.65526,9e-05,0.0,0.0,0.5
YBR196C,2,3.383402513917933e-05,0.20981954898873834,0.0001818074555596626,0.0,1.3234960272417706,0.0,0.0,1,0.1065,-0.22563,27.40903,5.9953,60.0,50.0,73340.0,0.0,1.19644,0.0001,0.08971985818844534,0.0,0.5
YDL215C,3,6.514253041940736e-06,0.19315320834600247,4.6870331393529063e-05,0.0,1.4526315789473685,0.0,0.0,0,0.10623,-0.30375,34.39755,5.47565,144.0,118.0,103820.0,0.0,0.83503,4e-05,0.0,0.0,0.5
YGL229C,11,0.0016722739493636824,0.267554773193232,0.006372180221893557,0.01818181818181818,6.02549889135255,0.0,3.333333333333333,0,0.10147,-0.41296,38.01813,4.62933,140.0,76.0,73325.0,0.0,0.77406,5e-05,0.0,0.0,0.5
YHR137W,2,1.0131615226824641e-05,0.2090623023838944,5.802709821099534e-05,0.0,1.0,0.0,0.0,0,0.11696,-0.33158,40.46043,5.33539,65.0,55.0,74050.0,0.0,1.26523,9e-05,0.0,0.0,0.5
YML061C,3,0.000429137323943662,0.1967204684740897,4.2175311987020144e-05,0.0,1.971462544589774,0.2,0.0,0,0.06519,-0.61118,47.07255,9.05902,120.0,134.0,61140.0,0.0,0.62592,9e-05,0.0,0.0,0.5
YCR038C,6,0.0010608757779807445,0.24651411859152572,0.00569660621486102,0.06666666666666667,2.753639417693169,0.0,7.5,0,0.10592,-0.2243,46.46776,7.67572,66.0,67.0,106075.0,0.0,1.41348,0.0001,0.0,0.0,0.5
YDL178W,2,0.0,0.22410849490269924,0.0016627222916852154,1.0,1.92090395480226,0.0,2.796052631578948,0,0.09434,-0.29509,42.85023,5.77643,68.0,59.0,57105.0,0.0,0.96351,0.0001,0.0,0.0,0.5
YEL043W,10,0.0008184909248061722,0.25534105369959736,0.00679302793973945,0.15555555555555556,4.459349593495935,0.0,11.55275974025974,0,0.05858,-0.684,53.99196,7.67609,93.0,94.0,88405.0,0.0,0.83297,7e-05,0.0,0.0,0.5
YGR134W,2,3.5191981486433463e-05,0.22101621232002466,0.001250094146542374,0.0,1.0,0.5,0.0,0,0.09893,-0.30392,46.8552,4.97711,165.0,115.0,125985.0,0.0,0.97831,4e-05,0.0,0.0,0.5
YHR129C,35,0.010545694497961743,0.2983422597939207,0.07972530618003354,0.2235294117647059,11.53113983548766,0.0,179.71666666666667,0,0.08854,-0.17109,35.03802,5.39691,47.0,42.0,63215.0,0.0,1.47029,0.00013,0.0,0.0,0.5
YBR202W,4,6.059941341165878e-05,0.2312662395580548,0.0026073206982660064,0.5,3.042321644498186,0.5,0.0,1,0.06509,-0.33479,43.15609,5.13861,120.0,97.0,44250.0,0.0,0.46607,5e-05,0.05900181244167522,0.05277425862356333,0.5086733529176644
YEL032W,3,0.0,0.23117773837300634,0.002601271785778718,1.0,1.9859894921190893,1.0,0.0,1,0.0587,-0.47322,46.15396,5.26373,146.0,114.0,49530.0,0.0,0.46067,5e-05,0.05900181244167522,0.055714552844473776,0.5140269002090805
YLR274W,4,3.2878697684655545e-05,0.23148145337853251,0.0026148903179448297,0.5,1.9859894921190893,0.5,0.0,1,0.06065,-0.31239,45.87459,5.49811,98.0,83.0,43415.0,0.0,0.50243,6e-05,0.08971985818844534,0.07606989737809992,0.5191516364210296
YBR203W,1,0.0,0.18654123209312418,1.1631337910917744e-05,0.0,0.0,0.0,0.0,0,0.08117,-0.68864,47.19492,9.65253,94.0,139.0,106005.0,0.0,1.0133,9e-05,0.0,0.0,0.0
YKL006C-A,5,0.0002334114115713057,0.23125359238319107,0.00035877016876034707,0.3,1.0,0.0,2.0,1,0.09278,-0.19381,41.54948,9.86261,8.0,12.0,8480.0,0.0,0.7737,0.0009,0.08971985818844534,0.0,0.5
YFL038C,16,0.0024418275490951727,0.2660398358174918,0.002954926405837879,0.05,8.358115183246074,0.25,12.477200577200575,1,0.09223,-0.41262,31.0267,5.16888,29.0,25.0,24910.0,0.0,1.07306,0.00022,0.08971985818844534,0.06602488493524936,0.5039497472508871
YHR105W,5,7.687591461634812e-05,0.2159595112772091,0.0003094061487196828,0.0,0.0,0.0,0.0,0,0.08879,-0.60654,50.63084,8.37421,26.0,28.0,31315.0,0.0,1.27061,0.00034,0.0,0.0,0.0
YBR207W,2,1.2039761378457084e-06,0.20545637889024546,0.000248002594789779,0.0,0.0,0.0,0.0,0,0.11183,0.14043,42.91615,5.43256,47.0,39.0,66195.0,0.0,1.28736,0.00011,0.0,0.0,0.0
YBR211C,5,0.00011810499468794034,0.23714127357105386,0.002055670134475067,0.0,2.556989247311828,0.5,0.0,1,0.06173,-0.74352,41.22531,4.72565,58.0,40.0,17545.0,0.0,0.46835,0.00013,0.08971985818844534,0.07606989737809992,0.5148748958287706
YDR394W,7,0.0007386568241043261,0.23071106936106892,0.0004117663105049929,0.047619047619047616,6.854692230070635,0.5,0.875,1,0.05607,-0.29159,39.31638,5.38361,64.0,56.0,17880.0,0.0,0.37333,0.00011,0.08971985818844534,0.07606989737809992,0.50554874637875
YBR213W,1,0.0,0.18879824941151138,9.413645848761562e-06,0.0,1.0,0.0,0.0,0,0.09489,-0.42226,33.75405,5.92499,43.0,39.0,32400.0,0.0,1.01512,0.00019,0.0,0.0,0.5
YMR206W,3,0.0002739897220215999,0.23473234473044863,0.00028992681076306826,0.0,2.296690307328605,0.0,0.0,0,0.06709,-0.94185,71.54249,8.99579,29.0,36.0,17265.0,0.0,0.49304,0.00026,0.0,0.0,0.5
YBR216C,3,4.6811229938217677e-07,0.23468023698979032,0.0003343988833958313,0.6666666666666666,1.3373493975903614,0.0,35.0,0,0.10534,-0.21217,36.97613,5.45148,96.0,85.0,71430.0,0.0,0.91884,7e-05,0.0,0.0,0.5
YML007W,7,0.0008022819121955737,0.2596207754370722,0.0011535538192035113,0.14285714285714285,4.688629117959618,0.3333333333333333,11.375,0,0.06154,-1.03062,47.57723,4.79559,103.0,72.0,30660.0,0.0,0.42271,7e-05,0.0,0.0,0.5
YMR159C,11,0.0030875619086296524,0.2587312279930881,0.003601311388981904,0.03636363636363636,6.270988310308183,0.0,4.352564102564102,0,0.02,-0.924,48.74867,5.98907,28.0,26.0,5500.0,0.0,0.31935,0.00035,0.0,0.0,0.5
YPL149W,4,0.00021951263477290006,0.2128827622995888,0.00013371792833036193,0.3333333333333333,2.5846153846153848,0.0,3.5025641025641026,0,0.11224,-0.01973,45.32041,8.64764,28.0,31.0,54805.0,0.0,1.63307,0.00026,0.0,0.0,0.5
YBR218C,2,3.286493539253819e-06,0.19300334049835838,5.6808316594488346e-05,0.0,1.0,0.0,0.0,0,0.07034,-0.2139,34.14856,6.06085,150.0,134.0,93180.0,0.0,0.71586,5e-05,0.0,0.0,0.5
YER065C,3,0.002796851667182596,0.22945917794340615,0.0005174926534918876,0.0,2.6964285714285716,0.0,0.0,0,0.08977,-0.42334,34.46715,5.97528,76.0,66.0,83600.0,0.0,1.33957,0.0001,0.0,0.0,0.5
YNL117W,3,0.0024583680324253066,0.22333913543461667,0.0014678868070361092,0.0,0.0,0.0,0.0,0,0.0,0.0,0.0,0.0,0.0,0.0,0.0,0.0,0.0,0.0,0.0,0.0,0.0
YBR221C,5,0.0005960612618108303,0.2449576081978238,0.002193596113944894,0.0,4.813253012048193,0.0,0.0,0,0.09016,-0.06858,31.71366,5.22601,47.0,38.0,23505.0,0.0,0.58685,0.00013,0.0,0.0,0.5
YBR223C,1,0.0,0.2234217356326429,0.000135400515057621,0.0,1.0,1.0,0.0,0,0.10478,-0.43107,49.68244,8.42499,64.0,69.0,69800.0,0.0,1.1198,0.00014,0.0,0.0,0.5
YBR228W,4,0.00024047486387814812,0.2234099318638542,0.0014032701556854546,0.5,1.0,1.0,6.0,0,0.10197,-0.53125,42.80697,9.14008,37.0,49.0,42285.0,0.0,1.17929,0.00025,0.0,0.0,0.5
YLR135W,7,0.0004396901496046757,0.23410857500520577,0.0014768728640734057,0.14285714285714285,3.324074074074074,0.5,3.2555555555555555,0,0.05749,-0.76751,47.4206,4.87067,120.0,89.0,36620.0,0.0,0.43409,6e-05,0.0,0.0,0.5
YBR229C,17,0.0006423146524401782,0.2555570913349267,0.007788255299518327,0.08088235294117647,3.902383654937571,1.0,21.33333333333333,0,0.12893,-0.33585,38.29635,5.7442,117.0,91.0,168860.0,0.0,1.53141,5e-05,0.0,0.0,0.5
YDR389W,9,0.0007352730338375234,0.26970490403208314,0.005459079944232655,0.1111111111111111,6.076514346439957,0.0,2.1666666666666665,1,0.06575,-0.86407,56.34893,9.57855,72.0,91.0,48945.0,0.0,0.66476,0.00013,0.08971985818844534,0.0,0.5
YGR157W,5,1.572366321899944e-05,0.24762564796621375,0.00309967026167994,0.1,1.0,0.5,2.5,0,0.1519,-0.03728,34.08942,8.50006,80.0,86.0,196500.0,0.0,1.94166,8e-05,0.0,0.0,0.5
YHR101C,2,0.0,0.20218518720148373,0.00024535847431341086,1.0,0.0,0.0,0.0,1,0.0,0.0,0.0,0.0,0.0,0.0,0.0,0.0,0.0,0.0,0.08971985818844534,0.0,0.0
YHR108W,2,0.0,0.2334623303880656,0.0022161072281053325,1.0,1.896103896103896,0.0,3.857142857142857,0,0.0547,-0.41863,45.79607,6.06476,65.0,59.0,31775.0,0.0,0.49381,9e-05,0.0,0.0,0.5
YMR200W,5,3.957451050174554e-05,0.22414413178835113,0.0004978143764742783,0.3,3.504875406283857,0.5,0.0,1,0.12891,-0.4543,40.2934,5.43781,25.0,21.0,50685.0,0.0,1.75332,0.00019,0.08971985818844534,0.07606989737809992,0.5108520116352374
YNL322C,47,0.006470524757504238,0.2831784095840777,0.035077980634777746,0.11100832562442182,0.0,0.0,133.1435064935065,0,0.0,0.0,0.0,0.0,0.0,0.0,0.0,0.0,0.0,0.0,0.0,0.0,0.0
YBR230C,2,0.000214568661971831,0.2109289300837506,0.0003822325920069283,0.0,1.0,0.0,0.0,0,0.08209,-0.22463,42.51866,8.96661,10.0,15.0,11055.0,0.0,0.7567,0.00061,0.0,0.0,0.5
YBR233W,2,1.8521430788633204e-05,0.20304922646302853,6.182218357402793e-05,0.0,1.9903047091412742,1.0,0.0,0,0.046,-0.33462,51.74676,7.26935,45.0,45.0,12420.0,0.0,0.27129,0.00016,0.0,0.0,0.5
YBR234C,42,0.004452900328064204,0.2924009950434955,0.05708704149428194,0.14750290360046459,28.355196770938445,0.0,215.71666666666664,1,0.10156,-0.22057,28.72109,6.59625,40.0,38.0,78600.0,0.0,1.85052,0.00016,0.08971985818844534,0.0,0.5
YBL062W,6,7.2983983163678415e-06,0.2541899008366814,0.011970502933134772,0.3333333333333333,0.0,0.0,4.2727272727272725,0,0.0,0.0,0.0,0.0,0.0,0.0,0.0,0.0,0.0,0.0,0.0,0.0,0.0
YDR310C,13,0.00035596877015278434,0.27281956066574403,0.03934301822360937,0.3333333333333333,4.38,1.0,40.63690476190476,0,0.04614,-0.81375,48.13241,5.84869,150.0,135.0,55725.0,0.0,0.47145,5e-05,0.0,0.0,0.5
YEL003W,132,0.01651719940917535,0.3105686831902932,0.22627954299543435,0.1054823039555864,24.6,0.0,942.3134657009656,0,0.05405,-0.81441,37.55405,7.78558,19.0,20.0,10095.0,0.0,0.77691,0.0006,0.0,0.0,0.5
YER149C,18,0.001844358399438938,0.27844229869750653,0.025125390813822337,0.1111111111111111,7.234726688102894,0.0,30.361471861471863,0,0.07143,-0.91452,45.33786,5.39435,69.0,55.0,31985.0,0.0,0.66408,0.00011,0.0,0.0,0.5
YHL027W,5,0.00015631410588101008,0.23335926219960443,0.0021238225850064474,0.0,1.910614525139665,0.5,0.0,0,0.0528,-0.61872,67.56816,6.82513,64.0,62.0,52560.0,0.0,0.77032,0.0001,0.0,0.0,0.5
YHR142W,34,0.0019727540261961145,0.2725382308790302,0.03449831928658214,0.13012477718360071,24.80880880880881,0.5,108.0857142857143,0,0.14241,0.89842,23.31076,5.46222,20.0,16.0,46505.0,0.0,1.3326,0.00016,0.0,0.0,0.5
YJL014W,6,0.00010220110135550317,0.24943686606022722,0.015481429514965608,0.5333333333333333,4.531737773152965,0.0,12.75,1,0.03371,-0.14382,46.14494,5.81622,74.0,67.0,35295.0,0.0,0.60012,0.0001,0.08971985818844534,0.0,0.5
YJL099W,28,0.001461815864861791,0.2741105328527278,0.025148360774964306,0.10846560846560846,9.869757174392936,0.0,165.33333333333337,0,0.09651,-0.23391,45.28811,5.68756,95.0,82.0,118450.0,0.0,1.37666,7e-05,0.0,0.0,0.5
YJL183W,13,0.00016875314366038781,0.2704985089438388,0.03173178693495465,0.32051282051282054,2.05718085106383,0.0,52.41666666666667,0,0.11137,-0.21469,33.23583,8.43134,44.0,47.0,58135.0,0.0,1.21473,0.00018,0.0,0.0,0.5
YJR117W,9,8.341916702481372e-05,0.260388127482699,0.03858547126552231,0.5277777777777778,4.8710337768679635,0.5,21.166666666666664,0,0.1479,0.21545,35.59715,7.71198,41.0,42.0,59165.0,0.0,1.13075,0.00015,0.0,0.0,0.5
YLR200W,166,0.02567638663373467,0.3203077708164696,0.24771278619367376,0.07477181453085067,36.87924528301887,1.0,1503.5523809523806,0,0.04386,-0.9,64.58158,4.69928,24.0,16.0,3105.0,0.0,0.23374,0.00035,0.0,0.0,0.5
YLR330W,78,0.01755058095374575,0.2952798820137582,0.05184473758639922,0.04828504828504829,0.0,0.0,165.2301587301587,0,0.02832,-0.85142,60.50836,4.5047,139.0,69.0,26065.0,0.0,0.35396,6e-05,0.0,0.0,0.0
YMR198W,16,0.0004764758060914663,0.2717151699748784,0.023959474371272247,0.11666666666666667,10.909182643794148,0.3333333333333333,32.74404761904762,1,0.05556,-0.77828,46.4697,6.04132,104.0,96.0,33360.0,0.0,0.483,9e-05,0.08971985818844534,0.07069233844701739,0.5032400382666263
YOR216C,15,0.00032285736966759787,0.27647618112579486,0.050006179181468866,0.4,0.0,0.0,41.15844155844155,0,0.0,0.0,0.0,0.0,0.0,0.0,0.0,0.0,0.0,0.0,0.0,0.0,0.0
YPL234C,5,0.0006696984720913252,0.2556652472986114,0.005743906665733201,0.2,3.32183908045977,0.0,6.6,0,0.09756,1.0689,46.01646,7.617,6.0,7.0,11055.0,0.0,0.64887,0.00045,0.0,0.0,0.5
YBR237W,5,0.000148515699520978,0.21998143839770232,0.00024800815519646226,0.3,2.8970427163198247,1.0,3.083333333333333,1,0.06125,-0.64087,48.174,8.22308,135.0,139.0,39975.0,0.0,0.41486,9e-05,0.05900181244167522,0.055714552844473776,0.509615763090171
YDL030W,19,0.002579140173320333,0.2550176812398403,0.004347859444780328,0.04093567251461988,5.833715596330276,1.0,11.716666666666669,1,0.10755,-0.84453,57.32283,6.06854,92.0,85.0,61615.0,0.0,0.97757,0.0001,0.08971985818844534,0.08233295696528463,0.5070566481692282
YDR073W,4,0.0003112904839154607,0.23337214074608345,0.0005432819458169643,0.0,2.841875681570338,1.0,0.0,0,0.0355,-0.38166,43.99112,7.91559,9.0,10.0,10095.0,0.0,0.5408,0.00042,0.0,0.0,0.5
YBR239C,3,6.878752801608773e-06,0.20614747673763137,6.0168349592365985e-05,0.0,0.0,0.5,0.0,0,0.0794,-0.45558,45.12911,8.75214,52.0,62.0,57935.0,0.0,0.96061,0.00015,0.0,0.0,0.0
YPL133C,3,1.2794545086962878e-05,0.2109289300837506,0.00012971464370259352,0.0,1.0,0.5,0.0,0,0.06951,-0.58004,57.51525,7.86835,56.0,58.0,27985.0,0.0,0.55879,0.00016,0.0,0.0,0.5
YBR244W,1,0.0,0.17218547947062307,5.558306284887392e-06,0.0,1.0,0.25,0.0,0,0.12963,-0.44198,26.04451,8.75604,19.0,23.0,16430.0,0.0,0.89265,0.00048,0.0,0.0,0.5
YBR246W,1,0.0,0.15294235561210284,2.9771715437297253e-07,0.0,0.0,0.0,0.0,0,0.08786,-0.20207,42.07884,5.19598,49.0,35.0,51140.0,0.0,1.18086,0.00012,0.0,0.0,0.0
YDR520C,2,0.000214568661971831,0.18175462865636688,9.86101077325512e-06,0.0,0.0,0.5,0.0,0,0.10881,-0.43472,38.36597,8.15118,93.0,97.0,71220.0,0.0,0.80341,9e-05,0.0,0.0,0.0
YBR250W,2,0.001287411971830986,0.1962457392945532,6.376473970830436e-05,0.0,1.0,0.0,0.0,0,0.10899,-0.34015,50.72566,7.07977,64.0,64.0,43500.0,0.0,0.72598,0.00012,0.0,0.0,0.5
YML038C,7,0.0027962616304145708,0.2461840362297859,0.00221725576281809,0.0,2.8909774436090228,0.0,0.0,0,0.12217,0.38303,29.91744,7.04279,33.0,33.0,61475.0,0.0,1.23906,0.00014,0.0,0.0,0.5
YNL012W,2,0.001072843309859155,0.16313811929782923,2.0599510179519243e-06,0.0,1.0,0.6666666666666666,0.0,0,0.12044,-0.26672,40.95442,8.36981,74.0,79.0,67615.0,0.0,0.93667,0.00012,0.0,0.0,0.5
YLL037W,2,6.986889427234352e-06,0.2250986474139802,0.0019785867564443426,0.0,1.0,0.0,0.0,1,0.14286,0.53968,39.87143,8.34406,7.0,9.0,6585.0,0.0,0.45893,0.00058,0.08971985818844534,0.0,0.5
YBR253W,1,0.0,0.18622085565963678,1.1012540653222823e-05,0.0,1.0,1.0,0.0,1,0.04132,-0.33471,34.73884,4.59662,20.0,12.0,7115.0,0.0,0.51325,0.00033,0.08971985818844534,0.08233295696528463,0.5411664784826423
YMR112C,3,0.00022463520404929796,0.23076142921249834,0.00036486211502362515,0.0,2.4632478632478634,1.0,0.0,1,0.05217,-0.69826,44.6027,5.47382,18.0,16.0,3105.0,0.0,0.23333,0.00041,0.08971985818844534,0.08233295696528463,0.5167122761362566
YBR254C,11,0.0001836544712871366,0.2351761965585358,0.0010638510732780297,0.6545454545454545,1.0,0.5,38.6,1,0.11429,-0.41371,43.05103,6.50323,17.0,16.0,19035.0,0.0,0.96625,0.00033,0.08971985818844534,0.07606989737809992,0.53803494868905
YDR246W,9,0.0,0.23102617954103102,0.0009588021308080605,1.0,0.0,0.5,29.923809523809524,1,0.09589,-0.48219,40.81005,8.95331,20.0,24.0,19160.0,0.0,0.77062,0.00036,0.08971985818844534,0.07606989737809992,0.5
YDR407C,9,0.0,0.23102617954103102,0.0009588021308080605,1.0,0.0,0.0,21.97460317460317,1,0.09775,-0.18495,45.33175,7.45453,144.0,145.0,144240.0,0.0,0.97684,5e-05,0.05900181244167522,0.0,0.0
YDR472W,10,0.0003423102970921858,0.2372876488591567,0.0011612277176015118,0.8,1.0,0.5,34.266666666666666,1,0.09894,-0.34664,46.10389,7.01093,28.0,28.0,20900.0,0.0,0.65886,0.00022,0.08971985818844534,0.07606989737809992,0.53803494868905
YGR166W,41,0.005181543325654157,0.28321634119074623,0.015236245104009425,0.07317073170731707,6.368815592203898,0.0,30.28571428571429,0,0.09107,-0.39464,37.91321,8.9588,48.0,57.0,58175.0,0.0,0.91807,0.00014,0.0,0.0,0.5
YJR116W,2,5.8337507156212914e-05,0.20203063352534673,8.440200282016889e-05,0.0,0.0,0.0,0.0,0,0.14695,0.48961,30.08677,9.71942,11.0,24.0,53900.0,0.0,1.68381,0.0003,0.0,0.0,0.0
YMR218C,9,0.0,0.23102617954103102,0.0009588021308080605,1.0,0.0,0.0,21.03809523809524,1,0.11343,-0.20154,38.08893,5.72845,152.0,136.0,129215.0,0.0,1.00848,4e-05,0.05900181244167522,0.0,0.0
YOR115C,10,0.0001925258667150442,0.2393695907573323,0.0010767562518855384,0.8,0.0,0.5,21.97460317460317,0,0.07463,-0.38619,55.72578,5.93195,34.0,29.0,16180.0,0.0,0.5262,0.00019,0.0,0.0,0.0
YBR260C,7,5.9549759187703936e-05,0.24971673498990388,0.004973261105015656,0.09523809523809523,3.922737306843267,0.0,3.4045454545454548,0,0.06156,-0.46562,46.86021,8.44403,77.0,81.0,44975.0,0.0,0.60273,0.00011,0.0,0.0,0.5
YJL058C,14,0.0023608076520359763,0.276729480421375,0.0032059781170227708,0.03296703296703297,7.030905077262693,0.0,4.8,0,0.07919,-0.42744,41.58936,6.99725,52.0,51.0,39600.0,0.0,0.65089,0.00012,0.0,0.0,0.5
YBR261C,1,0.0,0.18757554960606068,9.647039114220219e-06,0.0,0.0,0.0,0.0,0,0.0819,-0.33491,29.79698,5.08124,35.0,26.0,39795.0,0.0,1.52661,0.00019,0.0,0.0,0.0
YDR465C,4,0.0002329037957935982,0.23284528331694465,0.00030266617371142935,0.16666666666666666,1.8521358159912378,0.25,6.666666666666667,0,0.1165,-0.46068,43.11529,4.43756,78.0,39.0,63760.0,0.0,1.3432,9e-05,0.0,0.0,0.5
YBR263W,1,0.0,0.19441419660333004,2.8647375932536266e-05,0.0,1.0,0.0,0.0,0,0.08163,-0.26959,34.93714,8.82892,49.0,55.0,45310.0,0.0,0.84399,0.00016,0.0,0.0,0.5
YML018C,2,0.000214568661971831,0.24347669221090695,0.000986604067107961,0.0,1.382010582010582,0.0,0.0,0,0.12468,0.43817,29.64481,5.8327,34.0,29.0,48400.0,0.0,1.10633,0.00013,0.0,0.0,0.5
YBR264C,2,0.00018047620883897316,0.21244426979748968,0.001276720269097813,0.0,1.0,0.0,0.0,0,0.07035,-0.11307,37.48593,6.82672,22.0,22.0,20440.0,0.0,0.93616,0.00031,0.0,0.0,0.5
YOR370C,2,7.636772200506093e-06,0.21472038135061602,0.0005587239708097829,0.0,0.0,0.0,0.0,1,0.10448,-0.27181,36.3005,4.64325,87.0,53.0,68270.0,0.0,1.01331,7e-05,0.08971985818844534,0.0,0.0
YBR266C,1,0.0,0.00022002200220022002,4.36630699855352e-12,0.0,0.0,0.0,0.0,0,0.13333,0.70267,43.544,8.38983,5.0,8.0,6750.0,0.0,0.42076,0.00052,0.0,0.0,0.0
YPR031W,1,0.0,0.00022002200220022002,4.36630699855352e-12,0.0,0.0,0.5,0.0,0,0.09626,-0.46016,46.86298,7.68903,95.0,97.0,86895.0,0.0,1.01007,9e-05,0.0,0.0,0.0
YBR270C,20,0.003864378369289726,0.269515818375974,0.002021331723773638,0.031578947368421054,13.211297071129707,0.0,96.0,0,0.09358,-0.48954,51.08206,8.75934,55.0,60.0,57675.0,0.0,0.94213,0.00014,0.0,0.0,0.5
YFL047W,2,0.00018547489990553803,0.24787240271506636,0.0010461007128154513,0.0,1.229559748427673,0.0,0.0,0,0.09804,-0.43557,37.25003,5.5473,102.0,85.0,67865.0,0.0,0.82553,7e-05,0.0,0.0,0.5
YHR077C,4,0.00020978487831815277,0.23105142554469632,0.0007225233335328979,0.3333333333333333,1.0,0.0,0.0,0,0.08999,-0.65601,46.40095,4.99469,209.0,161.0,81305.0,0.0,0.64148,4e-05,0.0,0.0,0.5
YIL105C,8,0.005361400084269605,0.2258078277523913,0.0001899008251392388,0.10714285714285714,7.530674846625767,0.0,0.9285714285714286,0,0.07434,-0.69592,49.94096,7.71112,68.0,69.0,47580.0,0.0,0.61005,0.0001,0.0,0.0,0.5
YJL039C,6,0.0003176519447173464,0.2428753770788026,0.0012533785377401433,0.06666666666666667,2.7316176470588234,0.3333333333333333,5.75,1,0.1123,0.01272,35.4639,5.18829,203.0,160.0,166715.0,0.0,0.87042,3e-05,0.05900181244167522,0.05012875095612841,0.5091756529340962
YKR026C,17,0.004204117934482062,0.25277680616408826,0.0015141622683466807,0.014705882352941176,13.15640766902119,0.0,10.125,0,0.08197,0.02754,41.2797,5.19025,41.0,31.0,24785.0,0.0,0.72844,0.00015,0.0,0.0,0.5
YLR424W,12,0.0009896287822381835,0.24215216115896654,0.0024709124780482538,0.0,3.7296037296037294,0.5,0.0,1,0.10734,-0.49054,40.8414,5.14056,120.0,90.0,120180.0,0.0,1.44712,6e-05,0.05900181244167522,0.05277425862356333,0.5070750490467214
YNL004W,3,7.211902375237288e-05,0.21597054087431214,9.998237242525629e-05,0.0,1.9726027397260273,1.0,0.0,0,0.08811,-1.17423,48.93615,7.18732,79.0,79.0,40270.0,0.0,0.77233,0.00014,0.0,0.0,0.5
YNL018C,3,6.371067231655655e-05,0.219035698245055,9.496148595909275e-05,0.0,1.0,0.0,0.0,0,0.0915,-0.6683,68.70788,6.53583,66.0,62.0,82540.0,0.0,1.18676,9e-05,0.0,0.0,0.5
YNL047C,9,0.0011292054627475932,0.24316867109367638,0.0007637822604767505,0.08333333333333333,7.155005382131324,0.0,19.984126984126988,0,0.07927,-0.65305,49.69698,8.75226,70.0,76.0,50810.0,0.0,0.67942,0.00012,0.0,0.0,0.5
YPL124W,18,0.004330702272830092,0.2770558337364235,0.008555638031550596,0.058823529411764705,14.978658536585366,0.3333333333333333,35.233333333333334,1,0.07115,-1.14269,66.87708,9.49188,37.0,44.0,11920.0,0.0,0.4071,0.00032,0.08971985818844534,0.07069233844701739,0.502359768676025
YPL255W,11,0.0006071251318754725,0.2506640895269136,0.0010023435056603712,0.0,7.285714285714286,0.0,0.0,1,0.09091,-1.16442,53.98961,6.07782,67.0,62.0,36580.0,0.0,0.80602,0.00013,0.08971985818844534,0.0,0.5
YBR272C,2,5.483296849819732e-06,0.2031467712489927,0.00034132570289702895,0.0,1.9751552795031055,0.0,0.0,0,0.1,-0.13333,39.43229,4.72711,81.0,55.0,50030.0,0.0,0.90076,9e-05,0.0,0.0,0.5
YEL034W,2,1.4483685264297384e-05,0.21173158373317805,0.0005539863475038533,0.0,1.8815286624203822,0.0,0.0,1,0.05096,-0.3828,29.47707,4.81403,28.0,17.0,3230.0,0.0,0.18873,0.00028,0.08971985818844534,0.0,0.5
YLR015W,9,0.0004512936576764175,0.2563316475916247,0.011464587962377863,0.1111111111111111,5.806192660550459,0.5,6.333333333333333,0,0.10495,-0.79762,39.94695,5.78021,77.0,69.0,71585.0,0.0,1.22689,0.0001,0.0,0.0,0.5
YBR274W,8,0.0012749889718884075,0.2537018952675205,0.005557583326681419,0.07142857142857142,6.1231079717457115,1.0,0.0,0,0.09298,-0.2649,38.24786,5.85919,66.0,57.0,67600.0,0.0,1.12636,0.0001,0.0,0.0,0.5
YLR258W,5,7.055474704563682e-05,0.21744758524806046,0.00023562342985969888,0.1,1.0,0.0,0.5,0,0.10355,-0.34028,37.5359,5.91351,96.0,81.0,88085.0,0.0,1.09999,7e-05,0.0,0.0,0.5
YMR255W,7,0.0007292854373455524,0.23115246475997772,0.00046171979717020135,0.047619047619047616,1.871559633027523,0.25,6.0,0,0.0266,-1.44202,76.40957,9.75555,25.0,38.0,16500.0,0.0,0.76491,0.00045,0.0,0.0,0.5
YBR275C,2,0.0,0.22289179792952943,0.0004117627709479912,1.0,1.943298969072165,0.5,0.0,0,0.06628,-0.43586,47.49864,6.13275,252.0,231.0,140925.0,0.0,0.64666,3e-05,0.0,0.0,0.5
YLR453C,80,0.032473674393356106,0.2868667790732672,0.013572598172692393,0.0018987341772151898,41.671443193449335,0.5,9.2,0,0.0962,-0.28152,37.72813,9.19952,44.0,56.0,22975.0,0.0,0.50337,0.0002,0.0,0.0,0.5
YNL216W,9,0.0017641599890948607,0.23838453071306343,0.0006265229711433419,0.05555555555555555,5.7074527252502785,0.5,0.0,1,0.07255,-0.78573,36.61985,4.82953,134.0,88.0,48750.0,0.0,0.52753,5e-05,0.05900181244167522,0.05277425862356333,0.5046232760185718
YBR276C,1,0.0,0.1924412119012939,0.00015316540735740297,0.0,1.0,0.0,0.0,0,0.08798,-0.22342,40.0052,6.68268,82.0,78.0,90780.0,0.0,0.99014,7e-05,0.0,0.0,0.5
YBR278W,7,0.001030656073114713,0.25907996509735526,0.003507681011042192,0.0,6.854564755838641,1.0,0.0,0,0.0398,-0.75821,63.37264,4.52216,47.0,25.0,3230.0,0.0,0.14251,0.0002,0.0,0.0,0.5
YIL006W,1,0.0,0.204235845946343,9.95947722829349e-05,0.0,1.0,0.0,0.0,0,0.11528,0.00885,38.21292,8.82648,29.0,34.0,40965.0,0.0,0.97643,0.00021,0.0,0.0,0.5
YKL011C,4,0.0004417411335941553,0.21571714484104637,0.00014466911484860886,0.0,2.592119275825346,0.0,0.0,0,0.08215,-0.4966,39.89518,9.3515,39.0,54.0,38930.0,0.0,0.94951,0.00023,0.0,0.0,0.5
YMR290C,5,0.0007392166018108129,0.2257234541645688,0.00016593875663314318,0.2,4.95749202975558,0.5,1.4545454545454546,1,0.07723,-0.35465,37.61624,9.37982,57.0,73.0,26985.0,0.0,0.47579,0.00017,0.08971985818844534,0.07606989737809992,0.5076722158020142
YBR281C,3,4.305999916729581e-05,0.20557623676806186,4.577348360738143e-05,0.0,3.0,0.5,0.0,0,0.08884,-0.22312,40.74387,5.32867,101.0,76.0,129605.0,0.0,1.32156,5e-05,0.0,0.0,0.5
YNL191W,2,8.262498729684742e-06,0.18916140417441432,1.4153580176173097e-05,0.0,2.0,0.0,0.0,0,0.08964,-0.35658,38.41092,6.83575,44.0,43.0,35130.0,0.0,0.87431,0.00017,0.0,0.0,0.5
YBR282W,1,0.0,0.201089124081936,3.6435711655233745e-05,0.0,1.0,0.0,0.0,0,0.10959,-0.70411,20.79801,10.13129,10.0,27.0,23045.0,0.0,1.39736,0.00061,0.0,0.0,0.5
YGR187C,3,0.00039932572834465733,0.25403719754409665,0.0012396317995095546,0.0,2.60507614213198,0.0,0.0,0,0.07107,-0.2632,48.96954,4.61932,78.0,47.0,22765.0,0.0,0.50644,0.0001,0.0,0.0,0.5
YBR283C,2,4.401468776816768e-06,0.20946617744794097,0.0004224499792094963,0.0,1.7574750830564785,0.5,0.0,0,0.10408,0.62,29.37349,8.19086,33.0,35.0,32360.0,0.0,0.607,0.00015,0.0,0.0,0.5
YLR311C,2,3.896600834723976e-05,0.23154482781136898,0.000804003049305365,0.0,1.7198228128460686,0.0,0.0,1,0.2087,0.56435,67.55417,9.51288,5.0,12.0,15275.0,0.0,1.10678,0.00069,0.08971985818844534,0.0,0.5
YBR284W,3,0.00021516252415744135,0.22132854549979233,0.00156136066286467,0.0,1.3881656804733729,0.0,0.0,0,0.12923,-0.33639,45.88837,6.24054,90.0,81.0,135245.0,0.0,1.45577,7e-05,0.0,0.0,0.5
YMR138W,16,0.0010494256061843188,0.2771466240869729,0.05353371110535936,0.5333333333333333,12.920392584514723,0.0,162.66666666666669,0,0.05759,-0.18796,37.57644,5.70441,30.0,27.0,20355.0,0.0,0.92244,0.00026,0.0,0.0,0.5
YBR285W,2,2.1819027516772964e-05,0.1811162922014319,1.7539215731484132e-05,0.0,0.0,0.0,0.0,0,0.09028,-0.9,55.15,6.82941,23.0,23.0,7825.0,0.0,0.46548,0.00041,0.0,0.0,0.0
YPR156C,3,8.966062564099339e-05,0.181085268513148,6.704339018455695e-06,0.0,1.7921686746987953,0.0,0.0,0,0.11736,0.23151,45.99424,6.67719,49.0,48.0,113105.0,0.0,1.66172,0.0001,0.0,0.0,0.5
YDR323C,2,1.862622928522928e-05,0.21006970642419434,0.00015411185485065233,0.0,0.0,0.0,0.0,1,0.06408,-0.52757,50.21689,8.75616,65.0,76.0,39735.0,0.0,0.66846,0.00015,0.08971985818844534,0.0,0.0
YDR495C,1,0.0,0.2015972154042254,9.2775051435945e-05,0.0,0.0,0.0,0.0,0,0.0,0.0,0.0,0.0,0.0,0.0,0.0,0.0,0.0,0.0,0.0,0.0,0.0
YGL095C,4,7.589901287543566e-05,0.22657003805824216,0.00035603312325924424,0.16666666666666666,2.437799043062201,0.0,2.5,0,0.08666,-0.45615,40.51128,5.90106,84.0,76.0,45435.0,0.0,0.67797,9e-05,0.0,0.0,0.5
YGR261C,3,4.023098670570193e-05,0.2374742062289567,0.0033831503799733004,0.3333333333333333,1.0,0.0,3.113636363636364,0,0.08529,-0.27763,40.49717,5.57074,106.0,90.0,85160.0,0.0,0.92963,6e-05,0.0,0.0,0.5
YHR135C,7,0.00022461694892301757,0.2231034710519696,0.0002378295724599438,0.23809523809523808,5.89568706118355,0.0,4.25,0,0.08364,-0.94535,58.26322,9.09625,53.0,63.0,58260.0,0.0,0.94402,0.00015,0.0,0.0,0.5
YML097C,5,0.0008608843066365583,0.25075327267072056,0.0035033195610655547,0.0,1.9655891553701772,0.0,0.0,0,0.08869,-0.61752,46.3743,4.9986,83.0,64.0,25495.0,0.0,0.48578,0.0001,0.0,0.0,0.5
YNL084C,14,0.004353951719227196,0.26567212353578135,0.011985208065074556,0.054945054945054944,11.536217303822937,0.0,9.666666666666666,0,0.0745,-0.73696,57.91292,5.22723,55.0,47.0,42900.0,0.0,1.0646,0.00013,0.0,0.0,0.5
YNL154C,11,0.005803712674554463,0.22698353141809083,0.0004054784459317605,0.09090909090909091,6.041156840934372,0.0,9.0,0,0.08608,-0.9674,46.05112,9.10297,54.0,64.0,62605.0,0.0,1.00848,0.00015,0.0,0.0,0.5
YNR006W,2,5.4065179130211456e-05,0.21939935614397799,0.0005753714975010428,0.0,1.7145299145299144,0.0,0.0,0,0.05305,-0.85707,74.47862,5.18353,103.0,80.0,40560.0,0.0,0.57149,7e-05,0.0,0.0,0.5
YPR173C,5,0.0003410272939793573,0.2197642235900131,0.0004757552681280516,0.1,1.4855305466237942,0.0,0.5,0,0.06865,-0.53684,34.68055,5.1225,70.0,58.0,40130.0,0.0,0.83306,0.00011,0.0,0.0,0.5
YBR289W,4,0.00043450727285539826,0.22316234050973835,0.0004675296242968463,0.16666666666666666,3.903903903903904,1.0,4.063157894736842,0,0.05193,-0.90796,63.16066,8.36029,79.0,82.0,63760.0,0.0,0.6218,8e-05,0.0,0.0,0.5
YPL129W,3,7.217173259267015e-05,0.226194340214979,0.0005515000216442296,0.0,2.911699779249448,1.0,0.0,0,0.06967,-0.41803,42.1623,5.20941,37.0,28.0,22460.0,0.0,0.81852,0.00019,0.0,0.0,0.5
YBR290W,4,0.00013966963967809305,0.24372929050830155,0.013994065339927803,0.16666666666666666,1.6641414141414141,0.3333333333333333,0.0,0,0.08411,-0.54704,48.1053,4.68561,47.0,26.0,27515.0,0.0,0.76937,0.00013,0.0,0.0,0.5
YDR123C,2,4.0807917282966586e-07,0.20266969519861164,0.00043517164783519265,0.0,0.0,1.0,0.0,1,0.04605,-0.73651,54.12961,5.78448,39.0,25.0,13075.0,0.0,0.38193,0.00017,0.08971985818844534,0.08233295696528463,0.5
YJR104C,11,0.00043988555139418936,0.2574239477883382,0.014012277508222686,0.16363636363636364,4.998961578400831,0.0,10.585164835164836,0,0.04545,-0.32273,24.79805,5.62262,19.0,14.0,1740.0,0.0,0.10975,0.00035,0.0,0.0,0.5
YBR296C,3,0.000429137323943662,0.17781856062903292,3.50700961146845e-06,0.0,0.0,0.0,0.0,0,0.1115,0.37334,34.433,6.02277,44.0,40.0,127935.0,0.0,2.04197,0.0001,0.0,0.0,0.0
YHR188C,3,0.0006798945306832165,0.2179519219832508,0.00010240056510011522,0.0,1.8435923309788094,0.5,0.0,1,0.10492,-0.16869,40.45656,5.13434,72.0,52.0,76290.0,0.0,1.10934,7e-05,0.08971985818844534,0.07606989737809992,0.5206308889714552
YLR137W,1,0.0,0.15014568918900129,1.167457195712888e-07,0.0,0.0,0.0,0.0,0,0.08447,-0.19264,46.63981,5.90094,46.0,40.0,47370.0,0.0,1.14443,0.00014,0.0,0.0,0.0
YML089C,1,0.0,0.15014568918900129,1.167457195712888e-07,0.0,0.0,0.0,0.0,0,0.13934,-0.06721,46.86639,9.66754,8.0,15.0,18825.0,0.0,1.32885,0.00068,0.0,0.0,0.0
YCL004W,2,2.243584162650556e-06,0.18520949502098072,1.3881756518548943e-05,0.0,1.0,0.0,0.0,1,0.11132,-0.33013,43.37643,9.68158,41.0,68.0,76375.0,0.0,1.28643,0.00016,0.08971985818844534,0.0,0.5
YER026C,2,8.083006683119873e-05,0.21147745500695297,4.551628748754371e-05,0.0,1.0,0.3333333333333333,0.0,1,0.11594,0.16486,34.73518,5.82135,29.0,23.0,9565.0,0.0,0.31051,0.00019,0.08971985818844534,0.07069233844701739,0.5353461692235086
YCL009C,3,0.00018294579746437237,0.2334494418857807,0.0019799944536160055,0.0,3.0,0.0,0.0,0,0.03883,-0.18479,57.10453,6.07465,36.0,31.0,13700.0,0.0,0.4031,0.00018,0.0,0.0,0.5
YER094C,2,6.785815534857205e-05,0.19969319939171856,7.520488667233146e-05,0.0,1.3941532258064515,0.5,0.0,1,0.10244,-0.01268,34.88146,5.05121,27.0,21.0,17920.0,0.0,0.79276,0.00022,0.08971985818844534,0.07606989737809992,0.5272817563987979
YCL014W,2,0.000214568661971831,0.15146327555854552,2.751407376397837e-07,0.0,1.5910652920962198,0.0,0.0,0,0.07763,-0.65134,45.19929,5.84088,245.0,222.0,116155.0,0.0,0.62883,3e-05,0.0,0.0,0.5
YIL104C,4,0.00046688233762851966,0.17965431176476473,9.088863202384285e-06,0.0,3.0758693361433087,1.0,0.0,1,0.10059,-0.52544,46.39961,4.71942,88.0,56.0,67645.0,0.0,1.14362,8e-05,0.08971985818844534,0.08233295696528463,0.5133836889619827
YJR092W,1,0.0,0.1309114974403762,1.163816957811712e-08,0.0,1.0,0.0,0.0,0,0.06773,-0.88777,56.33393,4.75128,271.0,166.0,122170.0,0.0,0.74275,3e-05,0.0,0.0,0.5
YCL016C,71,0.004144623790616703,0.29758643140879887,0.12157396072162752,0.1533199195171026,9.921311475409835,0.0,367.7420165360955,0,0.09474,-0.34184,41.44763,6.04242,55.0,49.0,48400.0,0.0,1.09817,0.00014,0.0,0.0,0.5
YAR002W,9,6.894026391527618e-05,0.2537475661757595,0.021311454334235754,0.4722222222222222,6.4056508577194755,0.3333333333333333,22.057692307692307,0,0.0705,-0.83265,58.93321,9.3371,60.0,73.0,22350.0,0.0,0.37857,0.00016,0.0,0.0,0.5
YBR231C,17,0.0021036860100299456,0.2883337781480316,0.05792731024733174,0.3161764705882353,7.695135135135135,1.0,25.240934065934063,0,0.05611,-1.11683,67.80099,5.02045,62.0,48.0,29910.0,0.0,0.87091,0.00015,0.0,0.0,0.5
YCL061C,30,0.0013796426996515517,0.2748409716832856,0.04566088768954888,0.34022988505747126,13.252459016393443,1.0,258.78882783882784,0,0.04471,-1.07673,44.34599,5.15961,212.0,164.0,35425.0,0.0,0.28494,4e-05,0.0,0.0,0.5
YDL013W,11,0.0030401466272625133,0.27662086677039527,0.011320334207764564,0.10909090909090909,7.875379939209727,0.5,7.916666666666666,1,0.05816,-0.90355,52.50711,6.26752,103.0,98.0,32650.0,0.0,0.4594,9e-05,0.08971985818844534,0.07606989737809992,0.5048296017439975
YDR004W,14,0.000247209716242398,0.2623753297958077,0.025964406101717682,0.46153846153846156,12.378803777544595,1.0,129.52380952380952,0,0.08696,-0.35522,46.66522,6.19281,56.0,52.0,52425.0,0.0,1.00341,0.00012,0.0,0.0,0.5
YDR217C,16,0.00022604611527979605,0.2664085673986664,0.03033835552980776,0.3416666666666667,7.303664921465969,1.0,105.28333333333332,0,0.06646,-0.74469,50.15662,5.19781,207.0,165.0,106950.0,0.0,0.72071,4e-05,0.0,0.0,0.5
YEL037C,11,0.0012083367779949653,0.24674426364330912,0.01285805737755755,0.09090909090909091,8.37190082644628,0.5,9.258333333333333,0,0.04271,-0.45251,47.69497,4.25909,68.0,29.0,9440.0,0.0,0.22282,0.0001,0.0,0.0,0.5
YER007W,23,0.001098705849871417,0.2763316467567818,0.0724289297471827,0.5019762845849802,15.65180467091295,0.0,340.6666666666667,0,0.09653,-0.37375,40.95178,8.76788,60.0,67.0,56685.0,0.0,0.9566,0.00015,0.0,0.0,0.5
YER095W,19,0.0019442840138039967,0.26201767087917666,0.02073695590859236,0.2573099415204678,16.915650406504064,0.5,103.7084706959707,0,0.055,-0.2185,37.36625,4.81537,57.0,37.0,12920.0,0.0,0.30072,0.00011,0.0,0.0,0.5
YER164W,2,0.0,0.2365178807718011,0.007783435247806743,1.0,1.0,1.0,0.3333333333333333,0,0.07561,-0.84496,44.87657,6.10309,242.0,225.0,166800.0,0.0,0.99145,4e-05,0.0,0.0,0.5
YGL066W,5,3.242161269687073e-05,0.24819246333601552,0.01444067111191819,0.5,1.9892729439809296,1.0,10.172619047619047,0,0.04262,-1.18569,46.86743,9.03473,70.0,81.0,28725.0,0.0,0.39416,0.00012,0.0,0.0,0.5
YGL086W,28,0.00027325745356069785,0.2735077414345147,0.09128040695329297,0.5105820105820106,10.054878048780488,1.0,322.44761904761896,0,0.06142,-0.97704,42.53658,5.32245,125.0,108.0,60695.0,0.0,0.69247,6e-05,0.0,0.0,0.5
YGL163C,13,5.398850995043827e-05,0.26735178544092003,0.03180686277511664,0.6666666666666666,10.57846153846154,1.0,124.58333333333334,0,0.0657,-0.57617,40.18853,9.14935,111.0,134.0,76385.0,0.0,0.75069,9e-05,0.0,0.0,0.5
YGR184C,5,0.00014982558619976413,0.23732760075872894,0.012377496113133038,0.4,2.7713963963963963,0.0,9.666666666666666,0,0.10308,-0.37297,39.9675,5.33209,280.0,215.0,207645.0,0.0,0.92354,2e-05,0.0,0.0,0.5
YGR188C,24,0.0012559297330270716,0.2752882748726666,0.07839945769209357,0.5579710144927537,15.421908893709327,1.0,1196.0,0,0.09207,-0.68208,41.95751,6.28265,139.0,131.0,115475.0,0.0,0.97971,5e-05,0.0,0.0,0.5
YHL023C,2,0.0,0.23826364606260042,0.005844461185706904,1.0,1.0,0.0,0.0,0,0.07504,-0.75942,54.84729,5.94159,154.0,132.0,96425.0,0.0,0.74189,5e-05,0.0,0.0,0.5
YHR031C,21,0.00041403137542117953,0.26381578328773053,0.02483227464466976,0.2761904761904762,0.0,0.5,41.15277777777778,0,0.06639,-0.38728,39.70888,9.69379,81.0,113.0,58830.0,0.0,0.72113,0.00012,0.0,0.0,0.0
YJL030W,46,0.00506284279978156,0.2867500637634117,0.10073439337292577,0.24154589371980675,12.044715447154472,1.0,416.74285714285713,0,0.10204,-0.35459,28.42041,5.23553,27.0,21.0,30160.0,0.0,1.35345,0.00023,0.0,0.0,0.5
YJL092W,33,0.0022776519741399444,0.27500183327820976,0.03674758628203872,0.26325757575757575,23.82974358974359,1.0,104.70305250305248,0,0.07496,-0.57666,47.88868,8.86456,163.0,177.0,83170.0,0.0,0.61926,7e-05,0.0,0.0,0.5
YJR145C,7,0.0005694366932156115,0.2513046407748875,0.014578052711761217,0.09523809523809523,0.0,0.0,8.125,0,0.0,0.0,0.0,0.0,0.0,0.0,0.0,0.0,0.0,0.0,0.0,0.0,0.0
YLR123C,1,0.0,0.2274352277910521,0.003389558246047266,0.0,0.0,0.0,0.0,0,0.09174,0.01009,52.19174,9.89264,4.0,13.0,16095.0,0.0,1.26346,0.00078,0.0,0.0,0.0
YML094W,159,0.0219885951417118,0.3229003657848986,0.24914189260068503,0.08255712124830826,26.335849056603774,0.0,1015.6141357911092,0,0.06135,-0.62945,47.55528,8.83746,19.0,22.0,7575.0,0.0,0.41268,0.00048,0.0,0.0,0.5
YMR048W,52,0.006423647535723399,0.28880639190814317,0.09151283853840718,0.18778280542986425,18.024625267665954,1.0,431.4833333333334,0,0.07256,-0.76751,43.17069,4.76947,62.0,41.0,28545.0,0.0,0.78519,0.00013,0.0,0.0,0.5
YMR179W,1,0.0,0.2274352277910521,0.003389558246047266,0.0,0.0,0.0,0.0,1,0.05013,-0.80396,54.32902,5.70941,102.0,89.0,32860.0,0.0,0.38798,7e-05,0.08971985818844534,0.0,0.0
YMR224C,17,0.0012677730166483299,0.2736139236699471,0.025398209906141212,0.18382352941176472,10.406438631790744,1.0,53.58635531135531,0,0.06503,-0.59798,33.64496,5.57477,106.0,88.0,36745.0,0.0,0.47322,7e-05,0.0,0.0,0.5
YNL206C,4,7.214837578006112e-05,0.2455692909592934,0.006837035782979226,0.16666666666666666,1.0,0.5,0.0,0,0.07912,-0.74132,46.96376,4.41803,98.0,53.0,21235.0,0.0,0.41137,9e-05,0.0,0.0,0.5
YNL250W,52,0.005904933117986612,0.2904927657016578,0.05180437109250749,0.1033182503770739,42.49295774647887,0.0,180.258602671838,0,0.05488,-0.78117,43.28224,5.78326,229.0,208.0,70345.0,0.0,0.46108,4e-05,0.0,0.0,0.5
YNL273W,33,0.0012009233458546706,0.27327796240914,0.05403770523120477,0.3390151515151515,13.52593659942363,1.0,283.36752136752136,0,0.09289,-0.41276,43.00519,5.77997,175.0,158.0,115015.0,0.0,0.81502,4e-05,0.0,0.0,0.5
YOR195W,14,0.0010284806187583102,0.26719974663964563,0.036615198373340443,0.3956043956043956,5.037252619324796,0.0,107.53690476190476,0,0.03776,-1.16541,42.53471,4.81708,175.0,119.0,32110.0,0.0,0.33666,5e-05,0.0,0.0,0.5
YOR349W,37,0.0002942057115202725,0.28300784301425724,0.11085327963545004,0.47597597597597596,6.364130434782608,0.0,375.116391941392,0,0.10059,-0.04625,44.78158,8.5257,95.0,104.0,101865.0,0.0,0.87328,7e-05,0.0,0.0,0.5
YPL008W,31,0.0010110058457401892,0.2782590768124651,0.08598398766182425,0.41935483870967744,6.947115384615385,1.0,300.44745744451626,0,0.09059,-0.48165,39.03534,8.12543,110.0,114.0,87025.0,0.0,0.88078,8e-05,0.0,0.0,0.5
YPL194W,24,0.001367225822700871,0.274003964901123,0.036206962465039,0.27898550724637683,17.433905146316853,0.5,136.1486097236097,0,0.07353,-0.64085,38.38105,6.18353,87.0,81.0,48370.0,0.0,0.69405,9e-05,0.0,0.0,0.5
YPL241C,28,0.0002851102653444625,0.27877270685734273,0.08315404581810384,0.46296296296296297,8.109557109557109,0.0,412.6666666666666,0,0.09328,-0.44104,46.98955,6.60553,37.0,36.0,10065.0,0.0,0.32776,0.00022,0.0,0.0,0.5
YPR036W,2,1.1637523962186606e-06,0.23528087633222233,0.0038824161508180595,0.0,1.0,0.0,0.0,0,0.06904,-0.12636,38.47176,5.94659,63.0,56.0,44765.0,0.0,0.82266,0.00011,0.0,0.0,0.5
YPR135W,108,0.012187327817195942,0.30705076897466105,0.1567094782539005,0.10938040844582901,66.56813417190776,1.0,905.5380952380954,0,0.09169,-0.40227,39.31251,5.07916,135.0,95.0,109680.0,0.0,1.05034,5e-05,0.0,0.0,0.5
YCL017C,2,7.799554681027341e-07,0.208248950572197,0.0006227153153359638,0.0,0.0,0.0,0.0,1,0.07042,-0.24728,34.03024,8.35101,55.0,58.0,42580.0,0.0,0.78177,0.00015,0.08971985818844534,0.0,0.0
YCL018W,2,0.000643705985915493,0.18319556341545865,2.4493522226814907e-05,0.0,1.0,0.0,0.0,0,0.04945,-0.03516,32.70549,5.51874,46.0,39.0,28210.0,0.0,0.72422,0.00014,0.0,0.0,0.5
YDR160W,2,0.000429137323943662,0.15398380272081538,7.137482659328446e-07,0.0,1.0,0.0,0.0,1,0.12676,-0.04343,39.12655,8.89215,75.0,85.0,116965.0,0.0,1.22165,9e-05,0.08971985818844534,0.0,0.5
YCL019W,4,0.00011128752550213059,0.18491792856039146,5.7267300415407996e-05,0.16666666666666666,0.0,0.5,0.0,0,0.08249,-0.69768,46.68589,8.27618,201.0,208.0,206555.0,0.0,1.02207,4e-05,0.0,0.0,0.0
YDR261W-A,4,0.00022388397054200754,0.1835056062454015,6.52371177144788e-06,0.3333333333333333,0.0,0.0,0.0,0,0.07991,-0.80388,48.2845,7.31793,40.0,40.0,52175.0,0.0,1.0493,0.00015,0.0,0.0,0.0
YDR261W-B,3,9.315308570176514e-06,0.18349764332041796,6.514724257223845e-06,0.6666666666666666,0.0,0.5,0.0,0,0.08192,-0.68571,46.44623,8.45221,198.0,208.0,206555.0,0.0,1.02275,4e-05,0.0,0.0,0.0
YHR189W,2,0.0002801502940330096,0.2243343867543253,0.001958617738948708,0.0,1.0,0.0,0.0,0,0.06842,-0.34632,66.68684,9.92255,13.0,25.0,34420.0,0.0,1.63625,0.00047,0.0,0.0,0.5
YOL030W,3,0.00024164393827242987,0.18755891024212865,4.7595576265180323e-05,0.0,0.0,0.0,0.0,0,0.09711,-0.3374,42.84155,4.46515,57.0,34.0,52230.0,0.0,1.00696,9e-05,0.0,0.0,0.0
YCL020W,3,0.0005770336185142893,0.22358711945852228,0.0001358227820401456,0.3333333333333333,0.0,0.0,0.0,0,0.08219,-0.81347,48.93473,6.97589,41.0,40.0,53665.0,0.0,1.07673,0.00014,0.0,0.0,0.0
YCL022C,2,0.00011819769064608414,0.21273282977759492,0.0012619479748625605,0.0,0.0,0.0,0.0,0,0.0,0.0,0.0,0.0,0.0,0.0,0.0,0.0,0.0,0.0,0.0,0.0,0.0
YBR038W,4,2.7930015340164637e-05,0.189000768316753,4.1109301892173494e-05,0.0,1.817629179331307,0.0,0.0,1,0.1215,-0.26075,43.48312,8.81012,98.0,110.0,159070.0,0.0,1.44767,8e-05,0.05900181244167522,0.0,0.5
YCL024W,1,0.0,0.20605706998923265,0.00011365078775562272,0.0,1.0,0.0,0.0,0,0.05882,-0.6296,51.52161,8.76532,139.0,148.0,70750.0,0.0,0.60744,8e-05,0.0,0.0,0.5
YKR048C,10,0.0008367598009149809,0.26201767087917666,0.003988483976057627,0.044444444444444446,7.492569002123142,0.3333333333333333,2.1142857142857143,0,0.08153,-0.8494,54.18492,4.23102,99.0,42.0,37400.0,0.0,0.78105,9e-05,0.0,0.0,0.5
YCL025C,2,1.2621935015847447e-05,0.21405736220293758,0.00018233025365665755,0.0,1.886060606060606,0.0,0.0,0,0.12164,0.22701,35.37476,6.51056,54.0,51.0,104625.0,0.0,1.50171,9e-05,0.0,0.0,0.5
YIR038C,23,0.0023408110343053853,0.24591202548959246,0.0007168376801862149,0.015810276679841896,14.108421052631579,0.5,2.1420454545454546,0,0.11966,-0.25256,48.23765,6.17767,31.0,28.0,32890.0,0.0,1.22749,0.00023,0.0,0.0,0.5
YCL027W,25,0.004067539113149515,0.2634870203949799,0.0049766061075474785,0.016666666666666666,17.155963302752294,0.0,9.833333333333334,0,0.08008,-0.60371,48.27326,9.1192,49.0,62.0,73770.0,0.0,1.27677,0.00016,0.0,0.0,0.5
YAL017W,1,0.0,0.2069647215308845,0.0001427756722316998,0.0,1.0,0.0,0.0,0,0.07448,-0.47153,43.25938,5.46222,193.0,154.0,93180.0,0.0,0.6117,4e-05,0.0,0.0,0.5
YAL031C,1,0.0,0.2069647215308845,0.0001427756722316998,0.0,1.0,0.0,0.0,0,0.075,-0.45592,55.92291,9.71503,68.0,108.0,90520.0,0.0,1.04485,0.00011,0.0,0.0,0.5
YER032W,12,0.006012454352397621,0.2665093080178378,0.0034308092666324973,0.0,8.104377104377104,0.0,0.0,0,0.04795,-0.954,65.65183,7.20953,113.0,112.0,27735.0,0.0,0.28069,7e-05,0.0,0.0,0.5
YER118C,24,0.004679549616883844,0.27051581309615097,0.006967715260011605,0.021739130434782608,20.564646464646465,0.0,5.727272727272728,0,0.11717,-0.4139,37.00332,5.41046,37.0,30.0,67060.0,0.0,1.63063,0.00013,0.0,0.0,0.5
YGR070W,2,5.734888088056304e-06,0.21604777961063873,0.0003349264683127113,0.0,1.778301886792453,0.0,0.0,0,0.09091,-0.35091,44.86833,9.17377,114.0,146.0,82860.0,0.0,0.63051,7e-05,0.0,0.0,0.5
YIL159W,11,0.0004830099280582902,0.25324608877225013,0.004780132566618218,0.12727272727272726,7.509977827050998,0.0,0.0,0,0.07055,-0.45695,49.02489,8.05219,179.0,183.0,111085.0,0.0,0.70822,5e-05,0.0,0.0,0.5
YKL105C,1,0.0,0.2069647215308845,0.0001427756722316998,0.0,1.0,0.0,0.0,0,0.03799,-1.09046,54.25194,5.51569,186.0,154.0,40395.0,0.0,0.32164,4e-05,0.0,0.0,0.5
YKR023W,1,0.0,0.2069647215308845,0.0001427756722316998,0.0,1.0,0.0,0.0,0,0.04528,-1.1017,44.3917,6.44989,94.0,90.0,34920.0,0.0,0.57436,0.00011,0.0,0.0,0.5
YKR101W,3,0.0002586635633544935,0.23899079859381891,0.000935666738702459,0.0,2.494071146245059,0.5,0.0,0,0.09939,-0.42446,42.28518,9.12262,87.0,106.0,87220.0,0.0,1.13372,0.00012,0.0,0.0,0.5
YMR232W,4,3.601462923108228e-05,0.2371279756809865,0.002636116720122933,0.16666666666666666,1.3,0.0,2.857142857142857,0,0.09453,-0.51581,44.67566,8.98553,85.0,100.0,73450.0,0.0,0.92932,0.00011,0.0,0.0,0.5
YNL054W,2,1.7517011599369697e-05,0.20790084514842833,0.00014758993906407541,0.0,1.998974358974359,0.0,0.0,0,0.04979,-0.89545,46.08742,5.5899,139.0,106.0,50240.0,0.0,0.39207,4e-05,0.0,0.0,0.5
YNL058C,2,6.491031608824012e-06,0.2269591665048858,0.000597489188247151,0.0,1.0,0.0,0.0,0,0.07911,-0.53924,65.58829,6.67059,34.0,33.0,31400.0,0.0,0.89598,0.00019,0.0,0.0,0.5
YNL075W,2,2.515877926306984e-05,0.20803380677517747,0.0001442181698593827,0.0,1.0,0.5,0.0,1,0.07241,-0.60552,41.86379,9.11017,40.0,45.0,16180.0,0.0,0.48325,0.00027,0.08971985818844534,0.07606989737809992,0.53803494868905
YPR008W,2,3.7359279804733114e-05,0.2212590618626534,0.0004574670942651101,0.0,1.4810344827586206,1.0,0.0,0,0.04467,-0.86427,54.81383,8.84198,70.0,79.0,28765.0,0.0,0.37518,0.00012,0.0,0.0,0.5
YCL029C,45,0.004968983346881339,0.298763825796173,0.09359375234232577,0.22323232323232323,14.300111982082866,0.0,265.9607142857143,0,0.06136,-1.03659,55.13159,5.61517,72.0,58.0,28920.0,0.0,0.56604,0.00011,0.0,0.0,0.5
YDR289C,9,0.000264984899942727,0.2681996061596393,0.03885305902509955,0.4444444444444444,3.6554621848739495,1.0,28.166666666666668,0,0.05623,-0.95061,54.59584,4.75629,85.0,54.0,24535.0,0.0,0.52777,0.0001,0.0,0.0,0.5
YDR360W,7,4.1782439746303213e-07,0.26037209471824596,0.03759788452614503,0.9523809523809523,0.0,0.0,23.50760073260073,0,0.0,0.0,0.0,0.0,0.0,0.0,0.0,0.0,0.0,0.0,0.0,0.0,0.0
YEL061C,76,0.010304269314079286,0.3005047747526316,0.15529159932488884,0.1975438596491228,21.16573348264278,0.0,684.5795454545458,0,0.054,-0.6988,47.41702,8.21796,125.0,129.0,39405.0,0.0,0.34776,7e-05,0.0,0.0,0.5
YER096W,4,0.0001393191029209113,0.2518734403668493,0.004969990418376364,0.0,2.754988913525499,0.0,0.0,0,0.0918,-0.41191,54.3834,5.55353,67.0,54.0,53010.0,0.0,0.93694,0.0001,0.0,0.0,0.5
YGL031C,3,4.054222907236475e-06,0.24502857748980367,0.006831418227545733,0.0,0.0,0.0,0.0,0,0.0,0.0,0.0,0.0,0.0,0.0,0.0,0.0,0.0,0.0,0.0,0.0,0.0
YGR078C,159,0.018212969004552108,0.3193643373097978,0.24125494302056963,0.07642703606400764,96.97119341563786,0.0,1422.333333333333,0,0.07035,-0.64623,40.37437,4.77826,37.0,26.0,18825.0,0.0,0.81441,0.00021,0.0,0.0,0.5
YML094C-A,9,0.0002327311825747232,0.2567518634073487,0.019874879615794594,0.25,1.9268004722550176,0.0,8.342490842490843,0,0.15038,0.20526,47.49481,8.86945,6.0,12.0,29210.0,0.0,1.9464,0.00059,0.0,0.0,0.5
YML124C,26,0.00015161686492120782,0.2782224613671315,0.0797876627549148,0.5446153846153846,16.53118712273642,0.0,169.2745421245421,0,0.09663,-0.32067,32.45753,5.05341,64.0,44.0,51685.0,0.0,1.04008,0.0001,0.0,0.0,0.5
YMR055C,24,0.0009222657820678736,0.2797501449007034,0.07356257425065124,0.35144927536231885,18.330645161290324,0.0,176.46666666666667,0,0.10131,-0.02157,40.6232,8.79547,27.0,32.0,36620.0,0.0,1.04547,0.00025,0.0,0.0,0.5
YNL106C,7,0.00019366727042244506,0.24803232977412354,0.010019051032581116,0.14285714285714285,5.596130592503023,0.0,4.327838827838828,0,0.08876,-0.50237,44.66738,8.79291,140.0,154.0,110850.0,0.0,0.8314,7e-05,0.0,0.0,0.5
YOR026W,17,3.836268403235211e-05,0.27101859836691866,0.06819923895539066,0.7426470588235294,10.301272984441301,1.0,252.2,0,0.09384,-0.23284,35.62463,5.07098,44.0,36.0,42620.0,0.0,1.10862,0.00013,0.0,0.0,0.5
YOR058C,30,0.000594201544932697,0.2792144727843534,0.08579943971262605,0.42298850574712643,0.0,0.0,219.5119047619047,0,0.05989,-0.67955,48.92056,9.10736,125.0,141.0,49445.0,0.0,0.48655,9e-05,0.0,0.0,0.0
YOR265W,17,0.0008242514893597952,0.28064130543662275,0.05657729069291077,0.5661764705882353,5.627578718783931,0.0,127.2,0,0.06604,-0.98962,39.69434,4.98688,24.0,19.0,7450.0,0.0,0.60183,0.0004,0.0,0.0,0.5
YPL155C,19,0.0003881431679020163,0.27473383512987476,0.06351291691045886,0.4853801169590643,6.636058230683091,0.0,63.4162087912088,0,0.04816,-0.6398,55.82465,9.44257,81.0,100.0,35590.0,0.0,0.45409,0.00012,0.0,0.0,0.5
YPL269W,27,0.00042250656882180906,0.2762413894903992,0.07555508185193717,0.4017094017094017,0.0,0.3333333333333333,124.50119047619047,0,0.07143,-0.57174,52.03573,8.64374,88.0,93.0,54235.0,0.0,0.7305,0.00012,0.0,0.0,0.0
YCL030C,1,0.0,0.19632773992845684,0.00014937979838147526,0.0,1.0,0.0,0.0,0,0.06508,-0.18824,36.70202,5.17511,112.0,87.0,50655.0,0.0,0.57746,6e-05,0.0,0.0,0.5
YCL031C,3,0.000429137323943662,0.20840289735937273,0.00012172389985387906,0.0,1.0,0.5,0.0,1,0.09764,-0.63872,35.35764,8.95001,39.0,45.0,24785.0,0.0,0.71903,0.00026,0.08971985818844534,0.07606989737809992,0.53803494868905
YOL082W,18,0.007369563128566602,0.2657556052236697,0.004206259219403913,0.032679738562091505,11.381203801478353,0.0,4.152380952380953,0,0.08916,-0.65108,46.35255,4.70148,67.0,41.0,44445.0,0.0,0.93375,0.0001,0.0,0.0,0.5
YCL032W,10,0.0018320410290289975,0.24325259953514908,0.0013915370495624912,0.08888888888888889,8.118069815195073,0.0,9.875,0,0.04624,-0.66329,55.1815,5.28705,50.0,40.0,30325.0,0.0,0.77816,0.00014,0.0,0.0,0.5
YDR309C,15,0.0005825748667745666,0.25568070562422346,0.009103023059945453,0.2,9.091733870967742,0.0,43.12175324675325,0,0.0705,-0.93368,64.56789,9.47516,40.0,51.0,19035.0,0.0,0.44421,0.00022,0.0,0.0,0.5
YHR061C,13,0.00023485693402603336,0.25382372090750493,0.00990925812888888,0.21794871794871795,7.591611479028698,0.0,45.6547619047619,0,0.06051,-0.88535,51.07041,6.07513,42.0,37.0,14690.0,0.0,0.41688,0.00017,0.0,0.0,0.5
YMR117C,31,0.009093700016772972,0.2728899838873924,0.009544853756631635,0.04086021505376344,24.180080482897385,0.5,16.5,1,0.04695,-0.74789,46.82117,4.86053,46.0,34.0,12950.0,0.0,0.52635,0.0002,0.08971985818844534,0.07606989737809992,0.5015729868523785
YPR076W,1,0.0,0.19427129095966517,3.994149324285899e-05,0.0,0.0,0.0,0.0,0,0.06452,-0.16774,40.775,4.21234,26.0,7.0,4845.0,0.0,0.34875,0.0003,0.0,0.0,0.0
YCL037C,10,0.0011764488048056985,0.2622126365919906,0.008558640855949567,0.044444444444444446,6.232919254658385,0.0,11.25,0,0.0576,-1.02235,68.31733,8.87885,46.0,50.0,33920.0,0.0,0.70579,0.00018,0.0,0.0,0.5
YDR170C,2,4.529391112695175e-06,0.21697897225712104,0.00029366195208655875,0.0,1.9402823018458197,0.0,0.0,1,0.07616,-0.4227,46.64336,4.68341,327.0,201.0,149820.0,0.0,0.66034,2e-05,0.05900181244167522,0.0,0.5
YCL038C,3,0.00017032363908060582,0.2290366240762082,0.0012548453120347384,0.0,2.1913043478260867,0.0,0.0,0,0.13447,0.49886,28.39265,8.59418,36.0,40.0,98945.0,0.0,1.68151,0.00015,0.0,0.0,0.5
YMR009W,4,0.00024258250828241825,0.20830024089054885,0.00010769534962906861,0.0,2.18204804045512,0.5,0.0,0,0.10615,-0.6324,41.01291,5.17963,31.0,22.0,27890.0,0.0,1.33578,0.00025,0.0,0.0,0.5
YDR516C,3,0.00028757084486219796,0.247032549966061,0.0010153238096498472,0.0,2.5684848484848484,0.0,0.0,0,0.078,-0.2314,44.8422,5.87518,65.0,56.0,38945.0,0.0,0.69644,0.00011,0.0,0.0,0.5
YJL071W,2,2.204216214446458e-06,0.2030687279254241,5.016320158426089e-05,0.0,1.9542395693135934,0.0,0.0,0,0.09408,-0.38153,45.27632,8.94513,67.0,76.0,57925.0,0.0,0.88288,0.00014,0.0,0.0,0.5
YML099C,4,0.0001612350954688473,0.2186167187261041,0.00024796276601957363,0.0,1.983739837398374,0.5,0.0,0,0.08977,-0.51125,48.75274,6.64471,110.0,106.0,132055.0,0.0,1.31685,7e-05,0.0,0.0,0.5
YCL043C,4,0.000643705985915493,0.14399506896581307,6.115388180981886e-08,0.0,3.0,1.0,0.0,1,0.10728,-0.24828,40.29736,4.38251,93.0,42.0,55530.0,0.0,0.95369,8e-05,0.08971985818844534,0.08233295696528463,0.5137221594942141
YDR518W,1,0.0,0.12529490934278611,2.6827715887635863e-09,0.0,0.0,0.0,0.0,0,0.0,0.0,0.0,0.0,0.0,0.0,0.0,0.0,0.0,0.0,0.0,0.0,0.0
YER189W,1,0.0,0.12529490934278611,2.6827715887635863e-09,0.0,1.0,0.0,0.0,0,0.10656,-0.47541,38.9132,6.74103,19.0,19.0,3105.0,0.0,0.22166,0.00048,0.0,0.0,0.5
YLR354C,1,0.0,0.12529490934278611,2.6827715887635863e-09,0.0,1.0,0.0,0.0,0,0.0806,-0.25403,30.44358,6.08746,48.0,46.0,27640.0,0.0,0.7463,0.00016,0.0,0.0,0.5
YOR288C,2,0.000858274647887324,0.1692158139383366,1.6893952325644017e-06,0.0,1.574938574938575,1.0,0.0,0,0.11321,-0.43805,38.42934,9.6142,33.0,53.0,36370.0,0.0,0.99897,0.00026,0.0,0.0,0.5
YCL046W,2,1.1809876407940522e-05,0.20473024402416037,0.00012249478658538055,0.0,1.3253968253968254,0.0,0.0,0,0.07477,-0.40467,47.68131,8.9505,13.0,16.0,8730.0,0.0,0.72456,0.00074,0.0,0.0,0.5
YGL115W,13,0.0012886360862747021,0.25353457583302547,0.0038640041258554744,0.038461538461538464,9.347379239465571,0.5,0.7142857142857143,0,0.07143,-0.00621,32.27019,5.51605,41.0,36.0,22390.0,0.0,0.6151,0.00015,0.0,0.0,0.5
YCL051W,3,0.0006065294252595222,0.23148145337853251,0.0002397807690040937,0.0,1.6196682464454977,0.0,0.0,0,0.06003,-0.87479,62.65664,8.25372,69.0,72.0,28850.0,0.0,0.44528,0.00013,0.0,0.0,0.5
YMR035W,4,0.0003791625337349181,0.22515857464027644,0.0006965939563493191,0.0,1.0,0.0,0.0,0,0.09605,-0.1661,36.12034,10.00861,12.0,23.0,37720.0,0.0,1.89263,0.0005,0.0,0.0,0.5
YCL052C,1,0.0,0.18449034467601902,1.8133886669908466e-05,0.0,1.0,0.5,0.0,1,0.09856,-0.46226,40.58945,5.44354,62.0,50.0,51965.0,0.0,1.08435,0.00011,0.08971985818844534,0.07606989737809992,0.53803494868905
YEL060C,4,0.0004399018816017409,0.22811000055664213,0.0006156311324420049,0.0,1.6784492588369442,0.0,0.0,0,0.07087,-0.66031,32.36315,5.94061,94.0,78.0,41870.0,0.0,0.6014,9e-05,0.0,0.0,0.5
YCL054W,5,0.0002705638175323468,0.19722509166172436,2.491971530390201e-05,0.2,3.3753753753753752,0.5,3.4285714285714284,1,0.06064,-0.88918,42.94376,8.08441,155.0,158.0,70080.0,0.0,0.72634,8e-05,0.05900181244167522,0.05277425862356333,0.5078175392000207
YDL014W,4,3.8381289853572314e-05,0.19254636145701812,2.6257014149653718e-05,0.3333333333333333,3.997997997997998,0.5,5.059523809523809,1,0.0581,-0.41223,37.01223,10.24408,32.0,53.0,17795.0,0.0,0.51632,0.0003,0.08971985818844534,0.07606989737809992,0.5095134986831149
YOR310C,3,6.454901496150083e-06,0.19107601058781945,2.5799461744026422e-05,0.6666666666666666,1.917917917917918,0.5,5.059523809523809,1,0.04697,-0.64286,32.14814,8.95502,89.0,98.0,31985.0,0.0,0.56158,0.00016,0.08971985818844534,0.07606989737809992,0.5198313746035287
YGL036W,1,0.0,0.1750001320277699,1.3226799194824802e-05,0.0,0.0,0.0,0.0,0,0.08361,-0.3374,36.85646,5.69781,92.0,75.0,90730.0,0.0,0.88629,6e-05,0.0,0.0,0.0
YMR147W,6,0.0003640886456190454,0.2374742062289567,0.0005832847400486564,0.0,3.516739446870451,0.0,0.0,0,0.11211,-0.58296,46.24309,6.71661,28.0,27.0,27640.0,0.0,1.06656,0.00026,0.0,0.0,0.5
YNL196C,2,5.9264413520611817e-05,0.2260975881045304,0.0008599044520758568,0.0,1.0,0.3333333333333333,0.0,0,0.06376,-1.02483,38.33255,9.06976,46.0,54.0,25940.0,0.0,0.75588,0.00026,0.0,0.0,0.5
YCL056C,4,0.0007123325581464762,0.21745876737216047,0.001271147266932201,0.0,1.3070866141732282,0.0,0.0,0,0.09722,0.27222,20.77222,9.57684,12.0,23.0,30075.0,0.0,1.81254,0.00058,0.0,0.0,0.5
YDL157C,1,0.0,0.1774603714095863,3.6119573495087077e-05,0.0,0.0,0.0,0.0,0,0.13559,-0.62203,47.48136,9.42023,12.0,18.0,28210.0,0.0,2.08001,0.00069,0.0,0.0,0.0
YNL100W,1,0.0,0.1774603714095863,3.6119573495087077e-05,0.0,0.0,0.0,0.0,0,0.10684,-0.40513,48.8509,9.39313,23.0,31.0,48150.0,0.0,1.78602,0.00035,0.0,0.0,0.0
YCL058C,2,7.278430181380325e-06,0.22503875207913535,0.0006441582162244452,0.0,0.0,0.0,0.0,0,0.17763,1.14605,27.31447,6.79303,6.0,6.0,15065.0,0.0,0.87898,0.0004,0.0,0.0,0.0
YPL215W,5,0.00059917137694512,0.24581196246695527,0.007132481356465514,0.0,1.9770580296896085,0.0,0.0,0,0.12836,-0.56179,40.98304,9.3631,41.0,53.0,52050.0,0.0,1.33177,0.00024,0.0,0.0,0.5
YCL059C,1,0.0,0.17242418716897176,9.587215881524095e-06,0.0,1.0,0.5,0.0,1,0.07911,-0.76266,54.24241,9.42255,49.0,63.0,34420.0,0.0,0.9263,0.00025,0.08971985818844534,0.07606989737809992,0.53803494868905
YGL201C,4,0.00023074201611142554,0.20994455318831456,0.0003296989582216825,0.0,2.4323570432357045,1.0,0.0,1,0.06588,-0.49764,48.06303,5.03192,154.0,115.0,63730.0,0.0,0.5641,4e-05,0.05900181244167522,0.055714552844473776,0.5114527908226743
YHR191C,58,0.0038792749773426238,0.29443693011551536,0.11538817795807509,0.2014519056261343,38.16403785488959,1.0,1140.3333333333333,0,0.06015,-0.39925,38.65865,7.95013,19.0,20.0,6990.0,0.0,0.46082,0.00052,0.0,0.0,0.5
YMR078C,65,0.0042054007986488595,0.29579625002231613,0.11822526036943834,0.17163461538461539,46.304904051172706,1.0,3501.0,0,0.07557,-0.50756,41.95103,8.53595,95.0,101.0,86955.0,0.0,1.03061,0.0001,0.0,0.0,0.5
YOR024W,2,2.2456165564817477e-08,0.23374623792598706,0.0037379637731040703,0.0,0.0,0.0,0.0,0,0.0,0.0,0.0,0.0,0.0,0.0,0.0,0.0,0.0,0.0,0.0,0.0,0.0
YOR025W,11,0.002486762304927043,0.2510659140485087,0.008743922591181107,0.18181818181818182,3.5997842502696873,0.5,13.25,0,0.06264,-0.5038,46.58233,9.26654,52.0,68.0,44930.0,0.0,0.88929,0.00018,0.0,0.0,0.5
YOR368W,13,0.0003490946454948027,0.2653720232393494,0.0182689422426539,0.5,4.581521739130435,1.0,53.33333333333333,0,0.0798,-0.36908,38.85461,5.14337,65.0,49.0,15775.0,0.0,0.3461,0.00011,0.0,0.0,0.5
YCL063W,7,0.0008544896554804185,0.25944556048340583,0.0020418761962270418,0.0,2.889393939393939,0.0,0.0,0,0.05674,-0.80804,62.59173,8.67828,51.0,55.0,13575.0,0.0,0.28374,0.00018,0.0,0.0,0.5
YER150W,1,0.0,0.204462972165121,5.915818898150551e-05,0.0,0.0,0.0,0.0,0,0.0473,0.28041,34.08453,4.18073,10.0,3.0,4845.0,0.0,0.32309,0.00028,0.0,0.0,0.0
YJL043W,1,0.0,0.204462972165121,5.915818898150551e-05,0.0,0.0,0.0,0.0,0,0.09339,-0.22918,46.96848,5.14227,33.0,23.0,47535.0,0.0,1.62579,0.00018,0.0,0.0,0.0
YCL067C,4,0.00024348735116595178,0.2365178807718011,0.0012451890139618571,0.0,0.0,0.0,0.0,1,0.0,0.0,0.0,0.0,0.0,0.0,0.0,0.0,0.0,0.0,0.08971985818844534,0.0,0.0
YMR043W,5,0.0007185053181090852,0.23440705046114368,0.00035018898630621723,0.0,2.1965065502183405,1.0,0.0,1,0.04196,-1.41608,83.97133,4.97223,34.0,19.0,7575.0,0.0,0.23094,0.00015,0.08971985818844534,0.08233295696528463,0.518741796366849
YOL006C,32,0.003918847421783857,0.27745575686103485,0.018104473239074794,0.056451612903225805,19.473792394655703,0.3333333333333333,2.1666666666666665,0,0.08713,-0.95761,45.09884,8.82782,135.0,147.0,94155.0,0.0,1.04623,0.0001,0.0,0.0,0.5
YCL076W,1,0.0,0.19441419660333004,2.8647375932536266e-05,0.0,0.0,0.0,0.0,0,0.09717,-0.52389,60.48826,5.38812,34.0,29.0,26400.0,0.0,0.93456,0.00019,0.0,0.0,0.0
YOR209C,2,0.000214568661971831,0.24347669221090695,0.000986604067107961,0.0,1.0,0.5,0.0,0,0.11422,-0.47879,39.10256,6.44269,56.0,53.0,71530.0,0.0,1.45926,0.00013,0.0,0.0,0.5
YCR001W,1,0.0,0.00022002200220022002,4.36630699855352e-12,0.0,0.0,0.0,0.0,0,0.23077,0.34423,33.27135,9.59515,3.0,12.0,23420.0,0.0,1.87154,0.00077,0.0,0.0,0.0
YOR241W,1,0.0,0.00022002200220022002,4.36630699855352e-12,0.0,0.0,0.0,0.0,0,0.09307,-0.28577,38.20128,8.92413,63.0,71.0,70985.0,0.0,1.14214,0.00014,0.0,0.0,0.0
YCR002C,8,3.2155826132816907e-05,0.2371279756809865,0.0044745420287249805,0.4642857142857143,7.300706357214934,0.0,16.341999177293296,0,0.08696,-0.38043,41.30435,5.49786,47.0,38.0,26025.0,0.0,0.70291,0.00015,0.0,0.0,0.5
YDL029W,50,0.006153890808910208,0.2964806275200892,0.06886740555746236,0.1510204081632653,36.75125376128385,0.0,235.8455627705628,1,0.08951,-0.25038,40.60128,5.54315,54.0,46.0,48735.0,0.0,1.10578,0.00013,0.08971985818844534,0.0,0.5
YDL225W,15,0.00017811622347613912,0.2584308006061866,0.0225457714823319,0.3238095238095238,13.075126903553299,0.0,35.01136363636363,0,0.06897,-0.7363,42.83448,5.4007,84.0,70.0,29590.0,0.0,0.47246,9e-05,0.0,0.0,0.5
YDR507C,9,4.069581865785184e-05,0.24378549465692562,0.004463851717997682,0.3888888888888889,6.724586288416075,0.0,9.699574934869052,0,0.05692,-0.79615,53.40771,9.22443,169.0,193.0,69260.0,0.0,0.53336,7e-05,0.0,0.0,0.5
YJR076C,11,0.00031209925243498105,0.23696851724959553,0.004696302851051262,0.2545454545454545,8.485537190082646,0.0,16.179784920961392,1,0.06265,-0.58145,56.18169,4.93683,73.0,51.0,29255.0,0.0,0.61398,0.0001,0.08971985818844534,0.0,0.5
YLL021W,18,0.002620890002780782,0.2634377766209215,0.011131660595512424,0.0784313725490196,7.742690058479532,0.0,15.39047619047619,0,0.03956,-0.83336,50.9805,5.07404,248.0,189.0,55405.0,0.0,0.33961,3e-05,0.0,0.0,0.5
YLR314C,7,4.888259957507159e-05,0.2302838964395269,0.0018097901079119068,0.47619047619047616,6.476956055734191,0.0,10.104895104895103,1,0.075,-0.87635,50.92788,5.32465,91.0,72.0,37735.0,0.0,0.62836,9e-05,0.08971985818844534,0.0,0.5
YCR003W,1,0.0,0.00022002200220022002,4.36630699855352e-12,0.0,0.0,0.0,0.0,0,0.07104,-0.92022,59.28743,9.85822,19.0,37.0,25940.0,0.0,1.21008,0.00046,0.0,0.0,0.0
YIR039C,1,0.0,0.00022002200220022002,4.36630699855352e-12,0.0,0.0,0.0,0.0,0,0.12663,-0.02104,34.39963,4.10699,56.0,24.0,63440.0,0.0,1.08979,7e-05,0.0,0.0,0.0
YCR004C,2,0.000214568661971831,0.16175897751966306,1.2402987603399535e-06,0.0,0.0,0.0,0.0,0,0.08502,-0.22834,39.63202,8.2774,27.0,29.0,34295.0,0.0,1.30153,0.00031,0.0,0.0,0.0
YCR005C,2,2.6529167421848845e-05,0.17329330343082663,6.347746665793662e-06,0.0,2.0,0.0,0.0,0,0.09565,-0.33304,31.67654,5.94135,58.0,50.0,65780.0,0.0,1.27945,0.00012,0.0,0.0,0.5
YJL042W,2,0.00014224617396881131,0.19847475782967391,0.00018098445262193825,0.0,2.0,0.0,0.0,0,0.05436,-0.61989,43.51144,6.85834,178.0,173.0,75105.0,0.0,0.48391,4e-05,0.0,0.0,0.5
YBR095C,5,2.3955891373148907e-05,0.2524598919593452,0.014831510846274569,0.4,3.9044193216855088,1.0,8.5,0,0.04884,-0.62628,60.97305,4.82318,72.0,50.0,18910.0,0.0,0.38887,0.0001,0.0,0.0,0.5
YBR255W,6,0.0001717532815367598,0.2541899008366814,0.025558467405735977,0.6666666666666666,0.0,0.0,32.333333333333336,0,0.06052,-0.78876,47.39756,9.67059,75.0,100.0,83435.0,0.0,1.05578,0.00012,0.0,0.0,0.0
YCR034W,6,0.00021999671809001621,0.2529733901841967,0.004533139494327412,0.06666666666666667,4.798387096774194,0.5,2.454545454545454,0,0.1585,0.3585,31.15824,9.54193,16.0,31.0,71905.0,0.0,1.79755,0.00024,0.0,0.0,0.5
YDL117W,7,9.853149613349586e-06,0.24845494655223455,0.014487241958706978,0.47619047619047616,5.7474541751527495,0.0,10.625374625374626,0,0.09831,-0.53605,44.01516,9.0556,97.0,115.0,128005.0,0.0,1.27217,9e-05,0.0,0.0,0.5
YIL084C,7,0.00010748865555703721,0.25455713883451914,0.02645292989614311,0.7142857142857143,4.815432742440041,1.0,13.666666666666668,0,0.07645,-1.25657,48.88963,8.86237,50.0,54.0,24995.0,0.0,0.66432,0.00024,0.0,0.0,0.5
YIR003W,4,0.0002692462599750053,0.25734561771659153,0.007228005159301063,0.5,3.5654761904761907,0.0,7.5,0,0.02209,-1.09691,68.243,4.90643,124.0,84.0,7240.0,0.0,0.09684,7e-05,0.0,0.0,0.5
YJL020C,37,0.004434833372390071,0.2791591754897697,0.05679539137973379,0.13963963963963963,26.41530612244898,0.0,49.819083694083695,0,0.05532,-0.82939,63.28998,5.1673,184.0,127.0,60280.0,0.0,0.46985,4e-05,0.0,0.0,0.5
YKL007W,15,0.0006246254781739939,0.261289124463608,0.02052414776034504,0.17142857142857143,3.5940959409594098,0.0,49.583333333333336,0,0.10448,-0.53172,46.09179,5.17731,40.0,30.0,34630.0,0.0,1.12805,0.00017,0.0,0.0,0.5
YKL204W,3,0.0006353283321152939,0.23124094659151484,0.004671414726848344,0.3333333333333333,2.261986301369863,0.0,0.0,0,0.06013,-1.01661,57.34446,9.49261,59.0,75.0,29910.0,0.0,0.42875,0.00014,0.0,0.0,0.5
YKL213C,6,0.00044854653765189986,0.24694599336130765,0.00744417281181377,0.06666666666666667,5.808641975308642,0.2,0.0,0,0.09091,-0.24098,30.63762,4.86957,96.0,68.0,115250.0,0.0,1.4496,6e-05,0.0,0.0,0.5
YLR372W,4,2.729424666767207e-05,0.23595040678043924,0.0037474005584526076,0.16666666666666666,3.9505263157894737,0.5,2.2803030303030303,0,0.16812,0.44145,34.70991,9.35663,16.0,29.0,80385.0,0.0,2.03688,0.00024,0.0,0.0,0.5
YMR263W,56,0.01382115875824464,0.30803490605470807,0.04857627509454841,0.045454545454545456,37.11678832116788,1.0,136.05833333333334,0,0.07463,-1.42786,36.08507,9.7193,19.0,30.0,12170.0,0.0,0.52854,0.00042,0.0,0.0,0.5
YNL097C,7,0.00010474412924042053,0.25295825748154765,0.01403312072423667,0.14285714285714285,4.9468196037539105,1.0,7.523076923076923,0,0.05152,-0.82182,48.7903,7.64301,43.0,44.0,26900.0,0.0,0.72656,0.00021,0.0,0.0,0.5
YPL050C,7,0.001097507550898502,0.24901090509474924,0.00792157713455702,0.23809523809523808,2.671201814058957,0.3333333333333333,41.0,0,0.11899,-0.4238,58.88516,6.35602,50.0,45.0,66935.0,0.0,1.45657,0.00014,0.0,0.0,0.5
YCR011C,1,0.0,0.18375280017029644,1.2085351731728672e-05,0.0,1.0,0.5,0.0,0,0.102,-0.00086,41.66467,5.02667,126.0,98.0,89735.0,0.0,0.76546,4e-05,0.0,0.0,0.5
YCR012W,3,4.191426667640339e-05,0.2184360344190832,0.00016398853019371782,0.0,2.7882483370288247,0.0,0.0,1,0.06731,-0.10601,23.23365,7.10968,55.0,55.0,21555.0,0.0,0.48181,0.00016,0.08971985818844534,0.0,0.5
YCR014C,2,0.000214568661971831,0.19884807628698542,3.812543487249965e-05,0.0,1.5236966824644549,1.0,0.0,0,0.10309,-0.5701,47.85997,8.27936,89.0,94.0,78320.0,0.0,1.15984,0.00012,0.0,0.0,0.5
YJL110C,6,0.0010433960112596057,0.2504414089617431,0.001309744279283025,0.06666666666666667,5.725934314835787,1.0,3.523809523809524,0,0.03811,-0.7775,48.76515,9.33698,57.0,74.0,21190.0,0.0,0.35014,0.00015,0.0,0.0,0.5
YCR018C,1,0.0,0.18393663289773954,2.4810837959492164e-05,0.0,0.0,0.0,0.0,0,0.0,0.0,0.0,0.0,0.0,0.0,0.0,0.0,0.0,0.0,0.0,0.0,0.0
YDR087C,4,0.0009930030661700635,0.22726410438646918,0.0008581290788347189,0.16666666666666666,2.9783783783783786,0.5,2.6666666666666665,1,0.11871,-0.79532,41.14676,5.18365,54.0,45.0,64525.0,0.0,1.9434,0.00016,0.08971985818844534,0.07606989737809992,0.5127703548230023
YEL053C,7,7.685263135663582e-05,0.25947740015457027,0.02475315259072483,0.42857142857142855,4.875424688561721,0.0,8.875541125541124,0,0.1105,-0.20668,37.6966,5.58966,93.0,77.0,83210.0,0.0,0.98705,7e-05,0.0,0.0,0.5
YFR037C,9,0.0012853788744260955,0.23819654088430303,0.0004975462805171429,0.05555555555555555,2.710843373493976,1.0,0.0,1,0.07002,-0.66697,41.81382,5.24176,94.0,72.0,49235.0,0.0,0.77944,8e-05,0.08971985818844534,0.08233295696528463,0.5151858565069303
YCR021C,3,0.0003080972744235467,0.22507468545449394,0.0004272004699027593,0.0,1.7036114570361145,0.0,0.0,0,0.13855,0.35542,29.64102,5.06378,33.0,21.0,68380.0,0.0,1.8459,0.00014,0.0,0.0,0.5
YJL068C,1,0.0,0.18249981400539605,1.2432601568940638e-05,0.0,0.0,0.0,0.0,0,0.14047,-0.45318,37.4509,6.21857,35.0,30.0,56435.0,0.0,1.66309,0.00018,0.0,0.0,0.0
YCR022C,1,0.0,0.2192514745849034,0.0010226877886004482,0.0,0.0,0.0,0.0,0,0.13158,-0.18333,87.46667,10.83661,5.0,17.0,14605.0,0.0,1.10844,0.00082,0.0,0.0,0.0
YCR023C,1,0.0,0.16527410264672213,9.057818606121587e-06,0.0,0.0,0.0,0.0,0,0.12439,0.06972,44.42573,6.96429,52.0,51.0,97510.0,0.0,1.40876,0.0001,0.0,0.0,0.0
YMR075C-A,2,0.000214568661971831,0.199438909131681,0.00031858444536800914,0.0,0.0,0.0,0.0,0,0.17355,0.41405,35.14802,8.59857,9.0,11.0,22710.0,0.0,1.6183,0.00061,0.0,0.0,0.0
YCR027C,1,0.0,0.17527576847877943,3.430331086342858e-06,0.0,1.0,0.0,0.0,0,0.06699,-0.16459,40.05694,5.80707,27.0,25.0,15065.0,0.0,0.64553,0.00025,0.0,0.0,0.5
YCR028C,1,0.0,0.17540663639949527,2.8815021654216795e-05,0.0,1.0,0.0,0.0,0,0.13477,0.17812,37.61602,6.79791,46.0,45.0,112965.0,0.0,1.93912,0.00012,0.0,0.0,0.5
YMR020W,4,0.0002798015666262208,0.21438292473100287,0.0010025189780726266,0.0,1.0,0.0,0.0,0,0.09252,-0.31614,38.5502,5.4278,69.0,55.0,64745.0,0.0,1.12006,9e-05,0.0,0.0,0.5
YCR028C-A,1,0.0,0.16340288227207514,1.5117817436829066e-06,0.0,1.0,0.0,0.0,0,0.11111,-0.68148,27.69259,7.92401,17.0,18.0,14440.0,0.0,0.93852,0.00052,0.0,0.0,0.5
YJR126C,2,3.221689472937126e-05,0.22715423239788526,0.00030471718548331667,0.0,1.5551181102362204,0.0,0.0,0,0.10604,-0.49741,36.76425,6.68243,100.0,96.0,123455.0,0.0,1.34166,7e-05,0.0,0.0,0.5
YMR132C,1,0.0,0.18993456657918756,2.4523802770520535e-05,0.0,1.0,0.0,0.0,0,0.09615,-0.86731,47.75726,9.06757,29.0,37.0,32150.0,0.0,1.30347,0.00037,0.0,0.0,0.5
YCR031C,3,4.5537983124082694e-05,0.2303717144431811,0.0023379941751750536,0.3333333333333333,0.0,0.0,0.0,0,0.0,0.0,0.0,0.0,0.0,0.0,0.0,0.0,0.0,0.0,0.0,0.0,0.0
YJL191W,2,1.0263935522776949e-05,0.2131832622665372,0.00033693017902808884,0.0,0.0,0.3333333333333333,0.0,0,0.03623,-0.38043,40.71812,10.5379,13.0,24.0,3105.0,0.0,0.21195,0.00072,0.0,0.0,0.0
YMR202W,4,0.00032694907859822807,0.266358225643678,0.004179678601715439,0.0,3.0267295597484276,0.5,0.0,0,0.13514,0.07928,30.64234,5.53754,21.0,14.0,37610.0,0.0,1.51073,0.00022,0.0,0.0,0.5
YCR035C,6,0.000908619182705385,0.24542676670452887,0.001562379023724135,0.4,3.632420091324201,0.3333333333333333,8.4,1,0.05584,-0.23376,53.35482,4.88165,63.0,45.0,28015.0,0.0,0.63655,0.00011,0.08971985818844534,0.07069233844701739,0.50973074928969
YDL111C,5,0.00017877771878381749,0.2132477655228962,0.00010141813657647966,0.6,2.0,0.3333333333333333,7.965034965034966,1,0.06792,0.0766,34.87019,5.22687,32.0,23.0,16055.0,0.0,0.55258,0.00018,0.08971985818844534,0.07069233844701739,0.5176730846117543
YHR069C,5,0.000214568661971831,0.20241746160160032,5.483329504036247e-05,0.6,2.0,0.3333333333333333,7.745454545454546,1,0.0585,-0.39081,40.87493,5.8642,41.0,36.0,38765.0,0.0,0.98321,0.00015,0.08971985818844534,0.07069233844701739,0.5176730846117543
YOL021C,5,0.00015640538815640204,0.21668988933225888,0.00010732756697735752,0.6,5.0,0.25,6.464335664335664,1,0.07692,-0.36404,40.1072,6.22076,139.0,130.0,89545.0,0.0,0.78752,5e-05,0.05900181244167522,0.047735814213720786,0.5047735814213721
YCR036W,1,0.0,0.20542643625547882,0.00010731871123691437,0.0,0.0,0.5,0.0,0,0.07808,-0.24354,26.05135,5.16644,46.0,35.0,26400.0,0.0,0.71499,0.00014,0.0,0.0,0.0
YGL153W,15,0.004551110740492651,0.2609988390519092,0.003682746141752922,0.05714285714285714,4.0693467336683415,0.0,4.083333333333333,0,0.05572,-0.73402,38.71261,4.78644,65.0,48.0,30940.0,0.0,0.80531,0.00012,0.0,0.0,0.5
YDR532C,5,0.0003063291936690518,0.2328068261571808,0.0004943920178892858,0.0,2.782212086659065,0.16666666666666666,0.0,1,0.07013,-0.60935,38.50727,4.80426,71.0,48.0,27180.0,0.0,0.60841,0.00011,0.08971985818844534,0.05832330582320803,0.5104814629522446
YHR119W,3,0.0004363742155213858,0.2406500791212743,0.0017227391299812775,0.0,2.2720348204570184,0.5,0.0,0,0.08241,-0.86148,54.8537,9.0567,147.0,170.0,93655.0,0.0,0.75583,7e-05,0.0,0.0,0.5
YCR039C,3,9.759237292997263e-05,0.21126614659867265,5.119635984108873e-05,0.0,0.0,1.0,0.0,1,0.05238,-0.66714,43.19905,9.4776,28.0,37.0,15720.0,0.0,0.6474,0.00039,0.08971985818844534,0.08233295696528463,0.5
YDR224C,2,9.699670173158785e-06,0.16353558629124573,6.88826715944264e-07,0.0,1.9303201506591336,0.5,0.0,1,0.05344,-0.7,37.24046,10.09955,11.0,26.0,7450.0,0.0,0.52273,0.00071,0.08971985818844534,0.07606989737809992,0.5197039587842786
YCR041W,5,0.0005504054235155083,0.2520535966095865,0.0017160077668313407,0.0,1.3995749202975558,0.0,0.0,0,0.14545,0.95182,27.31182,8.52972,5.0,8.0,24825.0,0.0,1.92644,0.00066,0.0,0.0,0.5
YJL031C,2,0.000214568661971831,0.19986308679076625,4.9396815219027435e-05,0.0,0.0,0.0,0.0,1,0.11621,-0.57462,54.09208,6.73883,50.0,49.0,91580.0,0.0,2.3083,0.00017,0.08971985818844534,0.0,0.0
YCR042C,1,0.0,0.21449166575293088,9.786486694865868e-05,0.0,1.0,1.0,0.0,1,0.08529,-0.41862,41.79752,5.46307,209.0,172.0,155780.0,0.0,0.96477,3e-05,0.05900181244167522,0.055714552844473776,0.5278572764222369
YDR182W,2,2.8537452125214326e-06,0.21676764354721303,0.0007828848585245739,0.0,0.0,0.0,0.0,1,0.0,0.0,0.0,0.0,0.0,0.0,0.0,0.0,0.0,0.0,0.08971985818844534,0.0,0.0
YCR045C,1,0.0,0.16502900368088638,8.534876574498708e-07,0.0,0.0,0.0,0.0,0,0.10794,-0.32627,41.05418,5.24274,63.0,48.0,63300.0,0.0,1.1495,0.0001,0.0,0.0,0.0
YOR348C,4,0.0002637769175902621,0.19908211432225564,2.3253924753368966e-05,0.0,0.0,0.0,0.0,0,0.12121,0.29617,37.7077,7.49323,48.0,49.0,133780.0,0.0,1.94485,0.00011,0.0,0.0,0.0
YCR046C,2,1.843398697366166e-05,0.22812230621562454,0.0011496344711652352,0.0,1.3456121343445286,0.0,0.0,0,0.06509,-0.36213,61.32604,10.388,15.0,33.0,21555.0,0.0,1.11146,0.00054,0.0,0.0,0.5
YDL049C,45,0.005467315963553632,0.2651224570732935,0.00852435256760415,0.00909090909090909,17.63027027027027,0.0,24.666666666666668,0,0.10821,-0.13246,33.50709,9.1098,19.0,25.0,44725.0,0.0,1.50323,0.00031,0.0,0.0,0.5
YCR047C,2,2.087931728667413e-05,0.18673068931904233,9.435152997844923e-06,0.0,0.0,0.5,0.0,0,0.07636,-0.54327,53.46844,9.11871,35.0,42.0,21930.0,0.0,0.71336,0.0003,0.0,0.0,0.0
YNL282W,2,0.00020233125150880335,0.22716643515009574,0.0002805256515630813,0.0,1.0,1.0,0.0,1,0.08718,-0.24154,39.3159,9.58673,16.0,28.0,32930.0,0.0,1.45634,0.00042,0.08971985818844534,0.08233295696528463,0.5411664784826423
YCR048W,3,0.00010395155768941514,0.20263084912161733,5.2815312726498236e-05,0.3333333333333333,1.0,0.5,3.3,0,0.16721,0.03574,46.91693,8.5296,56.0,62.0,129730.0,0.0,1.81156,0.00012,0.0,0.0,0.5
YCL026C-A,5,0.004219932032456871,0.24349071171296324,0.0007543938342637095,0.0,2.438388625592417,0.5,0.0,0,0.0829,-0.1715,49.04663,6.50763,18.0,17.0,25690.0,0.0,1.20997,0.00031,0.0,0.0,0.5
YNR019W,3,0.000429137323943662,0.1902421805974011,3.1039204641067606e-05,0.3333333333333333,1.8679817905918057,0.5,3.75,0,0.14642,0.09159,37.20304,7.59174,62.0,63.0,130720.0,0.0,1.76596,0.0001,0.0,0.0,0.5
YCR050C,1,0.0,0.2192514745849034,0.0010226877886004482,0.0,0.0,0.0,0.0,0,0.06863,-0.04216,33.2049,9.65155,5.0,13.0,26970.0,0.0,2.30181,0.00082,0.0,0.0,0.0
YCR052W,5,3.2878616489183805e-05,0.22369356698682988,0.0008257123552985977,0.1,1.9677777777777778,1.0,0.0,1,0.06211,-0.74431,43.41822,4.69183,78.0,49.0,44935.0,0.0,0.82961,9e-05,0.08971985818844534,0.08233295696528463,0.5209202883311
YLR321C,9,0.0005627295416816047,0.25075327267072056,0.001357079198209056,0.08333333333333333,3.4492273730684326,1.0,2.5,1,0.07042,-0.67629,43.30235,5.02765,64.0,43.0,38765.0,0.0,0.79474,0.0001,0.08971985818844534,0.08233295696528463,0.5119349854416876
YNL202W,3,3.6735747148094905e-05,0.21833453068561712,0.0005076239750230349,0.0,1.0,0.0,0.0,0,0.08219,0.07637,17.95856,9.13776,28.0,36.0,22055.0,0.0,0.70897,0.00029,0.0,0.0,0.5
YOR232W,9,0.0006968033638108727,0.24291723289976055,0.0007858095031222169,0.05555555555555555,6.937436932391524,0.0,3.833333333333333,1,0.07456,-0.80965,42.35925,7.85577,38.0,39.0,2980.0,0.0,0.11432,0.0003,0.08971985818844534,0.0,0.5
YCR053W,1,0.0,0.1780806531760731,4.072626972565532e-06,0.0,1.0,0.0,0.0,0,0.10117,-0.28035,31.93484,5.45941,68.0,59.0,49070.0,0.0,0.85378,9e-05,0.0,0.0,0.5
YLR208W,12,0.0014584939318395688,0.21839090999943356,0.00012826057326349044,0.0,5.855072463768116,0.3333333333333333,0.0,1,0.09091,-0.34276,28.09529,5.44916,40.0,28.0,93305.0,0.0,2.82378,0.00016,0.08971985818844534,0.07069233844701739,0.5060368457337181
YCR057C,3,0.0003058808582348405,0.218775062875422,0.0001758755662229991,0.0,1.8819148936170214,0.5,0.0,1,0.10401,-0.35926,35.77195,4.94,136.0,96.0,110780.0,0.0,1.06538,5e-05,0.05900181244167522,0.05277425862356333,0.5140214254115743
YGR154C,1,0.0,0.1783359982421994,5.193677334853235e-06,0.0,0.0,0.0,0.0,0,0.1236,-0.32893,38.06829,8.9079,44.0,50.0,54695.0,0.0,1.32433,0.00022,0.0,0.0,0.0
YCR059C,3,0.000429137323943662,0.24350473282961144,0.0009878454879068642,0.0,1.0,0.5,0.0,0,0.08915,-0.28527,56.54612,4.51788,46.0,20.0,32680.0,0.0,1.12623,0.00016,0.0,0.0,0.5
YDR400W,1,0.0,0.19443207459281034,2.868399993573999e-05,0.0,0.0,0.5,0.0,0,0.10882,-0.15853,30.98179,5.21552,42.0,31.0,49235.0,0.0,1.29703,0.00014,0.0,0.0,0.0
YJL160C,1,0.0,0.19443207459281034,2.868399993573999e-05,0.0,0.0,0.0,0.0,0,0.05575,-0.05436,44.61017,9.09784,16.0,22.0,21930.0,0.0,0.7258,0.0003,0.0,0.0,0.0
YCR060W,1,0.0,0.1825786101774117,1.260161655426224e-05,0.0,1.0,0.5,0.0,0,0.08108,-0.48919,33.55405,6.08575,12.0,11.0,10680.0,0.0,0.85365,0.00049,0.0,0.0,0.5
YHR034C,4,0.001308464014755265,0.22519454629454852,0.00042125604599027984,0.0,2.993951612903226,0.5,0.0,0,0.07267,-0.49244,56.02791,5.62958,58.0,50.0,38150.0,0.0,0.96536,0.00014,0.0,0.0,0.5
YCR063W,1,0.0,0.19348905011754894,2.8091991915852413e-05,0.0,1.0,1.0,0.0,0,0.0828,-0.85223,30.99108,9.54144,18.0,33.0,28055.0,0.0,1.52083,0.00052,0.0,0.0,0.5
YDR408C,4,0.00030750445927570856,0.24202742618584203,0.0009432804332144846,0.16666666666666666,2.6114044350580783,0.0,2.083333333333333,0,0.0514,-0.10654,47.83645,5.98236,27.0,23.0,20565.0,0.0,0.87362,0.00025,0.0,0.0,0.5
YGL058W,4,0.00023448852069903975,0.21004883719049433,0.00045037209331683006,0.0,1.7712031558185404,0.5,0.0,0,0.08721,-0.82209,54.95116,4.19684,40.0,17.0,24075.0,0.0,1.22174,0.00021,0.0,0.0,0.5
YPL218W,8,0.000142745091558906,0.23353969129723487,0.0011472111528553009,0.10714285714285714,3.3253697383390217,0.25,0.0,1,0.11053,-0.00368,43.93579,5.20648,24.0,18.0,37595.0,0.0,1.75265,0.00024,0.08971985818844534,0.06602488493524936,0.5099274501980985
YCR068W,1,0.0,0.2064494063525378,0.0006808791740255264,0.0,0.0,0.25,0.0,0,0.10577,-0.30577,46.08754,5.33685,67.0,49.0,102520.0,0.0,1.75445,9e-05,0.0,0.0,0.0
YCR073C,3,7.183154843421868e-05,0.2169010663889532,0.0002883480313132225,0.0,2.6923076923076925,0.0,0.0,0,0.09842,-0.30323,37.42376,7.74652,163.0,165.0,180750.0,0.0,1.18357,5e-05,0.0,0.0,0.5
YLR006C,4,7.212120567969742e-05,0.2050379747051509,5.086837010810925e-05,0.16666666666666666,2.737012987012987,0.0,0.0,0,0.06882,-0.55548,50.54101,6.75299,77.0,75.0,65360.0,0.0,0.83231,9e-05,0.0,0.0,0.5
YCR073W-A,2,0.000214568661971831,0.1754357447029137,2.9334029830848728e-06,0.0,0.0,0.0,0.0,0,0.0,0.0,0.0,0.0,0.0,0.0,0.0,0.0,0.0,0.0,0.0,0.0,0.0
YKL205W,6,0.000806033843243045,0.21440466411392953,8.203621174768494e-05,0.06666666666666667,3.991718426501035,0.5,3.4,1,0.10455,0.02418,40.48174,5.01361,123.0,94.0,103105.0,0.0,0.81301,4e-05,0.05900181244167522,0.05277425862356333,0.5066104685983354
YNR034W,1,0.0,0.14844326149889536,9.831064269090777e-08,0.0,0.0,0.5,0.0,0,0.08411,-0.37695,35.74707,7.09943,43.0,43.0,32805.0,0.0,0.92014,0.0002,0.0,0.0,0.0
YCR075C,1,0.0,0.1948621349393591,0.00014756659990808836,0.0,1.0,0.0,0.0,0,0.15769,0.33615,23.24692,8.91608,14.0,19.0,76485.0,0.0,2.53968,0.0003,0.0,0.0,0.5
YDR414C,6,0.00024514712956561673,0.2441796506709223,0.005100560117479402,0.13333333333333333,4.467413441955194,0.5,9.0,0,0.1547,0.33149,47.34337,9.3808,28.0,40.0,89225.0,0.0,2.06398,0.00022,0.0,0.0,0.5
YDR141C,1,0.0,0.22485925716893715,0.0005863784841435395,0.0,1.0,0.0,0.0,1,0.09658,-0.06702,42.71458,5.49884,219.0,186.0,225265.0,0.0,1.15707,3e-05,0.05900181244167522,0.0,0.5
YER115C,4,0.00015584898038082347,0.23707479903117296,0.0011265965828736021,0.16666666666666666,2.462242562929062,0.0,20.0,0,0.08377,-0.4466,59.88115,9.58368,13.0,27.0,21065.0,0.0,0.97924,0.00045,0.0,0.0,0.5
YGL143C,2,1.0000811039791471e-05,0.2324868431644968,0.0006133281989467984,0.0,1.3107913669064748,0.0,0.0,0,0.07022,-0.58523,41.85956,8.85089,57.0,62.0,32110.0,0.0,0.68656,0.00019,0.0,0.0,0.5
YMR002W,3,3.6375475073198164e-05,0.23542496327352366,0.0008257633804568031,0.0,0.0,0.0,0.0,0,0.05128,-0.73974,58.20641,8.85724,9.0,12.0,6460.0,0.0,0.38754,0.00053,0.0,0.0,0.0
YMR288W,1,0.0,0.22485925716893715,0.0005863784841435395,0.0,1.0,1.0,0.0,1,0.07312,-0.10886,39.14635,6.83307,116.0,113.0,83210.0,0.0,0.75627,6e-05,0.05900181244167522,0.055714552844473776,0.5278572764222369
YNL088W,9,0.0011992396625199932,0.24732151072166522,0.0010349603688213536,0.16666666666666666,7.833333333333333,1.0,4.193650793650794,1,0.08894,-0.69664,40.02474,6.62079,224.0,219.0,173025.0,0.0,1.05366,4e-05,0.05900181244167522,0.055714552844473776,0.5035562480539025
YNR027W,1,0.0,0.22485925716893715,0.0005863784841435395,0.0,1.0,0.5,0.0,0,0.08833,0.02461,29.26628,6.31757,35.0,33.0,33640.0,0.0,0.95119,0.00018,0.0,0.0,0.5
YNR053C,7,0.0002602573368308036,0.24609807311406806,0.0011037707430192186,0.19047619047619047,3.731194690265487,0.5,15.0,1,0.07407,-0.70041,39.94035,9.51617,66.0,87.0,62505.0,0.0,1.12646,0.00017,0.08971985818844534,0.07606989737809992,0.5101937721953457
YCR079W,1,0.0,0.00022002200220022002,4.36630699855352e-12,0.0,1.0,0.0,0.0,0,0.0905,-0.41584,30.63104,6.56512,53.0,51.0,57505.0,0.0,1.16359,0.00013,0.0,0.0,0.5
YMR277W,1,0.0,0.00022002200220022002,4.36630699855352e-12,0.0,1.0,1.0,0.0,1,0.07377,-0.68169,42.73374,4.54974,137.0,76.0,88905.0,0.0,1.06549,5e-05,0.05900181244167522,0.055714552844473776,0.5278572764222369
YCR081W,3,1.7027639250092298e-05,0.23211676310895993,0.0014867321690362637,0.0,2.2784588441331,1.0,0.0,0,0.11352,-0.16692,36.43267,6.05621,171.0,150.0,183700.0,0.0,1.10093,4e-05,0.0,0.0,0.5
YCR082W,6,0.0004918294281798487,0.2641123721390939,0.014815241572895044,0.2,1.796551724137931,0.5,9.0,0,0.10156,-0.51016,24.72187,4.7558,22.0,14.0,17085.0,0.0,1.1302,0.00031,0.0,0.0,0.5
YGR161C-C,2,5.323145910818619e-06,0.21136118310186594,0.0004160161638319235,0.0,0.0,0.0,0.0,0,0.0,0.0,0.0,0.0,0.0,0.0,0.0,0.0,0.0,0.0,0.0,0.0,0.0
YOR023C,10,0.0023876331627797473,0.2598121891324055,0.03465784411107877,0.26666666666666666,1.811212814645309,0.5,18.666666666666668,0,0.04594,-0.93481,56.93657,9.41937,58.0,76.0,27445.0,0.0,0.42972,0.00015,0.0,0.0,0.5
YDR061W,2,2.3616804883783647e-06,0.22211908763100283,0.001545769858314588,0.0,0.0,0.0,0.0,0,0.0872,-0.29685,48.36976,6.55829,67.0,64.0,77445.0,0.0,1.26563,0.00011,0.0,0.0,0.0
YDR439W,2,7.584967366210434e-05,0.2506492318368225,0.002352021626830197,0.0,1.275787187839305,0.3333333333333333,0.0,0,0.03458,-1.02161,54.317,9.54413,46.0,59.0,9065.0,0.0,0.23035,0.00024,0.0,0.0,0.5
YFL008W,22,0.0012904727689434503,0.2645750603966109,0.016845250913174507,0.1471861471861472,21.438631790744466,0.5,17.381349206349206,1,0.06694,-0.73976,43.99454,6.11298,205.0,194.0,76850.0,0.0,0.54396,4e-05,0.05900181244167522,0.05277425862356333,0.5012308215174055
YGL175C,6,0.000553602544679203,0.2561298116486391,0.004613193335668118,0.2,2.7071005917159763,0.5,3.083333333333333,0,0.08116,-0.90464,57.85655,6.17084,56.0,53.0,26525.0,0.0,0.66153,0.00015,0.0,0.0,0.5
YGR155W,3,0.00026541268101853516,0.23903132611604952,0.0018822317059918761,0.0,1.8310880829015543,0.0,0.0,1,0.07298,-0.33176,28.54339,6.24921,69.0,66.0,45965.0,0.0,0.82049,0.00011,0.08971985818844534,0.0,0.5
YKL077W,1,0.0,0.21526691052326574,0.0013666543175952148,0.0,0.0,0.0,0.0,0,0.13776,-0.63648,33.08571,8.94891,52.0,59.0,73020.0,0.0,1.58616,0.00019,0.0,0.0,0.0
YML095C,5,0.0005431026983078376,0.23767441492350674,0.007796676782895405,0.1,3.3641188959660298,1.0,0.7,0,0.1,-0.64857,43.28619,8.86847,23.0,26.0,26025.0,0.0,1.0705,0.00036,0.0,0.0,0.5
YOL020W,4,0.00010278466097274355,0.2376877741734041,0.003162996041058936,0.0,2.6301369863013697,0.0,0.0,0,0.125,0.43564,30.52503,8.62811,42.0,49.0,119090.0,0.0,1.82085,0.00013,0.0,0.0,0.5
YOR264W,32,0.005936288882221285,0.2740217204716843,0.03948004187215494,0.04032258064516129,17.72507869884575,0.0,7.946428571428571,0,0.04651,-0.55488,56.77953,6.63531,62.0,61.0,18670.0,0.0,0.38816,0.00014,0.0,0.0,0.5
YOR281C,3,4.247932423458673e-05,0.23665024289658246,0.002150008645644021,0.3333333333333333,0.0,0.0,0.875,1,0.07692,-0.85245,51.19301,4.62872,64.0,38.0,17670.0,0.0,0.53884,0.00014,0.08971985818844534,0.0,0.0
YCR087C-A,5,0.0004524173019624609,0.25949332292090277,0.0014516889680764391,0.1,3.456960680127524,0.5,11.0,0,0.07843,-1.1719,40.45817,9.54205,17.0,33.0,14160.0,0.0,0.79828,0.00054,0.0,0.0,0.5
YCR087W,2,6.193855083666768e-06,0.2259043319792207,0.00035131437643654326,0.0,1.804635761589404,0.0,0.0,0,0.09357,1.1386,37.9152,10.2226,6.0,16.0,9230.0,0.0,0.46557,0.00052,0.0,0.0,0.5
YIL095W,7,9.371355822020988e-06,0.25506382714995063,0.03603084400905455,0.6666666666666666,5.985872855701312,0.0,9.216991341991342,0,0.06667,-0.64815,49.22038,9.62579,77.0,108.0,44990.0,0.0,0.49423,0.00011,0.0,0.0,0.5
YNL020C,4,1.1731339242563152e-05,0.23876140197160137,0.000597094154160159,0.0,2.583858764186633,0.0,0.0,1,0.06583,-0.54044,39.84718,8.83807,64.0,72.0,39030.0,0.0,0.54685,0.00012,0.08971985818844534,0.0,0.5
YCR092C,3,0.0,0.18489367278733035,3.468243661787752e-05,1.0,3.0,1.0,0.0,0,0.08055,-0.33978,41.14323,6.69171,137.0,132.0,78045.0,0.0,0.66973,6e-05,0.0,0.0,0.5
YMR167W,7,0.0008163511395312701,0.2275821102372871,0.0010602812266757398,0.23809523809523808,6.61609907120743,1.0,0.0,0,0.07412,-0.32133,38.28012,6.52032,108.0,105.0,51895.0,0.0,0.59607,7e-05,0.0,0.0,0.5
YNL082W,4,0.0,0.18490175733795505,3.567250546241352e-05,0.8333333333333334,3.909184726522188,1.0,0.0,0,0.07675,-0.5441,41.17617,5.91888,127.0,114.0,52520.0,0.0,0.52861,6e-05,0.0,0.0,0.5
YOL090W,5,9.682536795891396e-05,0.20458167345520234,0.00010914771188700551,0.5,5.0,1.0,0.0,0,0.0695,-0.24056,36.80717,5.74176,136.0,114.0,80355.0,0.0,0.73799,5e-05,0.0,0.0,0.5
YCR093W,4,2.0592311789220434e-05,0.17238904159474244,5.017506603428802e-06,0.5,2.774294670846395,0.5,2.05,1,0.08634,-0.08928,42.7455,6.0401,238.0,218.0,177645.0,0.0,0.73934,3e-05,0.05900181244167522,0.05277425862356333,0.509511292938371
YDR376W,2,2.4449242246239506e-05,0.16914812761276127,6.136133443605789e-06,0.0,1.0,0.0,0.0,1,0.10345,-0.46187,38.61361,9.00922,62.0,71.0,76485.0,0.0,1.36006,0.00016,0.08971985818844534,0.0,0.5
YER068W,3,0.0,0.1718915162114968,4.827094428325457e-06,1.0,1.9077380952380953,0.5,2.05,0,0.06814,-0.73356,43.80477,8.29413,58.0,62.0,46770.0,0.0,0.71565,0.00013,0.0,0.0,0.5
YIL038C,4,0.0005908340223015432,0.2085982236739854,0.00014597889848979147,0.5,2.3286549707602338,0.5,2.5,0,0.06459,-0.81974,51.77837,5.45831,130.0,111.0,73270.0,0.0,0.77615,6e-05,0.0,0.0,0.5
YPR072W,4,2.709228560067918e-05,0.17572735997003955,5.284646833952752e-06,0.5,2.4156976744186047,0.5,1.6,0,0.09464,-1.04696,52.17073,5.19818,104.0,84.0,63550.0,0.0,0.96502,8e-05,0.0,0.0,0.5
YCR095C,4,0.00024857362718166796,0.2234099318638542,0.0005924758562254983,0.0,1.0,0.0,0.0,0,0.09392,-0.5105,39.04064,8.62238,48.0,52.0,40380.0,0.0,0.96958,0.00021,0.0,0.0,0.5
YHL029C,4,0.00011573356478424403,0.2468739091785295,0.014713920920006587,0.16666666666666666,0.0,0.0,0.0,0,0.11782,-0.4704,50.9305,5.96808,73.0,61.0,131960.0,0.0,1.69711,8e-05,0.0,0.0,0.0
YNL099C,6,0.0003355530699320679,0.23154482781136898,0.0006315686619173287,0.06666666666666667,3.4225352112676055,0.0,6.0,0,0.07143,-0.49328,59.79874,4.40741,48.0,21.0,31565.0,0.0,1.16026,0.00016,0.0,0.0,0.5
YPL027W,1,0.0,0.18140376604688913,1.706218604901885e-05,0.0,0.0,0.0,0.0,0,0.10204,-0.74163,50.16612,9.84698,23.0,45.0,33515.0,0.0,1.18017,0.00035,0.0,0.0,0.0
YGR203W,2,4.2814766014949924e-05,0.20659060971806303,7.36267572564404e-05,0.0,1.0,0.5,0.0,0,0.10811,-0.58311,59.76892,7.01398,19.0,19.0,39670.0,0.0,2.29993,0.00041,0.0,0.0,0.5
YGR205W,4,0.0005747198210858165,0.2310135586079777,0.0011592637643286219,0.0,1.871001031991744,0.5,0.0,0,0.12069,-0.41448,32.02248,5.24884,39.0,30.0,41870.0,0.0,1.25598,0.00016,0.0,0.0,0.5
YGR262C,2,9.011580978754153e-05,0.24412326465298648,0.0009896222381038484,0.0,1.8405650857719476,0.3333333333333333,0.0,0,0.09962,-0.41916,33.5908,8.81439,31.0,35.0,45755.0,0.0,1.52843,0.00029,0.0,0.0,0.5
YHR148W,3,5.333972592224948e-05,0.21002797210286242,0.0002905184261393876,0.0,0.0,0.5,0.0,1,0.0765,-0.70383,40.59235,9.76495,23.0,35.0,21680.0,0.0,0.99063,0.00045,0.08971985818844534,0.07606989737809992,0.5
YIL059C,2,3.4407247837214934e-05,0.22819616805995532,0.00025697438024564523,0.0,0.0,0.0,0.0,0,0.08264,0.15124,39.00083,4.68964,13.0,7.0,4720.0,0.0,0.36225,0.00036,0.0,0.0,0.0
YCR100C,1,0.0,0.1902421805974011,2.160673762131813e-05,0.0,0.0,0.0,0.0,0,0.11076,-0.31266,32.49184,4.8576,39.0,25.0,45630.0,0.0,1.29422,0.00014,0.0,0.0,0.0
YIL110W,4,0.0004593539236123402,0.23696851724959553,0.000733213661776592,0.0,0.0,0.5,0.0,0,0.08488,-0.2321,47.0934,4.54474,61.0,35.0,38890.0,0.0,0.91475,0.00011,0.0,0.0,0.0
YCR101C,1,0.0,0.2035378894069615,6.937182840463013e-05,0.0,1.0,0.0,0.0,0,0.13736,-0.12857,44.27423,4.67609,28.0,17.0,43805.0,0.0,2.07363,0.00022,0.0,0.0,0.5
YCR106W,3,0.0006468577960357418,0.21752588427567035,0.00033796542758616864,0.0,0.0,1.0,0.0,0,0.09976,-0.15649,51.12179,5.64117,103.0,86.0,98315.0,0.0,1.02744,6e-05,0.0,0.0,0.0
YBL080C,1,0.0,0.17750506612597206,1.0554872557515964e-05,0.0,0.0,0.0,0.0,0,0.08503,-0.4024,41.26104,7.28107,65.0,65.0,48165.0,0.0,0.77851,0.00012,0.0,0.0,0.0
YJL096W,3,0.00043111808159098096,0.18249193812873432,1.3189986519402261e-05,0.0,0.0,0.0,0.0,0,0.07453,-0.37888,37.78882,10.78705,10.0,29.0,12950.0,0.0,0.70429,0.00059,0.0,0.0,0.0
YCR107W,3,0.0001407726040498042,0.22759435900533004,0.00020836268624299634,0.0,0.0,0.0,0.0,0,0.10744,-0.35289,46.85733,6.35358,46.0,44.0,65110.0,0.0,1.59151,0.00016,0.0,0.0,0.0
YOR114W,3,0.0007160646417277716,0.25411352624956624,0.0011727890714910599,0.0,1.7535545023696681,0.0,0.0,0,0.10204,-0.76531,52.70068,9.84943,30.0,55.0,37985.0,0.0,1.08606,0.00028,0.0,0.0,0.5
YDL001W,5,0.00032786660473860274,0.23405674380467326,0.000696400247390705,0.0,1.0,0.0,0.0,0,0.0814,-0.5593,44.38837,5.43158,69.0,54.0,47705.0,0.0,0.95542,0.00011,0.0,0.0,0.5
YDL133W,3,5.0091795665468745e-05,0.23162092295114378,0.0008423351866009266,0.0,0.0,0.0,0.0,0,0.09611,-0.42357,37.80231,8.87665,47.0,54.0,70080.0,0.0,1.41348,0.00018,0.0,0.0,0.0
YMR079W,1,0.0,0.18836094388948918,2.0288957003588405e-05,0.0,0.0,0.0,0.0,1,0.125,-0.46941,45.23428,5.36823,45.0,38.0,43820.0,0.0,1.25557,0.00015,0.08971985818844534,0.0,0.0
YER092W,5,0.0001677443281809319,0.2515737515806432,0.002097843965397108,0.3,2.024804177545692,1.0,7.101282051282052,0,0.048,-0.6544,38.3464,4.40265,28.0,15.0,12950.0,0.0,0.90484,0.00031,0.0,0.0,0.5
YGL150C,2,5.13722937463752e-06,0.20993413048299817,0.000263502899116428,0.0,1.0,1.0,0.0,1,0.07119,-0.88737,45.58698,5.52386,245.0,209.0,150785.0,0.0,0.87945,3e-05,0.05900181244167522,0.055714552844473776,0.5278572764222369
YDL003W,24,0.0002886528227158754,0.27063700418041803,0.06482865618422205,0.4601449275362319,5.742564102564103,0.5,277.5916666666667,1,0.05654,-0.64611,50.00424,4.52435,100.0,58.0,36690.0,0.0,0.57972,7e-05,0.08971985818844534,0.07606989737809992,0.5066233389840729
YDR254W,23,0.0008182597411520523,0.2693441522496199,0.0679197447013882,0.4426877470355731,0.0,0.5,117.7797619047619,0,0.10699,-0.31157,45.5081,8.89752,54.0,61.0,54820.0,0.0,1.0408,0.00017,0.0,0.0,0.0
YDR318W,56,0.01954358000952043,0.29197702066692205,0.07077898422568948,0.05909090909090909,18.02741116751269,0.5,156.2,0,0.08967,-0.44185,39.28261,4.8963,71.0,50.0,24075.0,0.0,0.56027,0.00011,0.0,0.0,0.5
YGL250W,8,0.001435029160273364,0.26460817159871297,0.005876729372527476,0.0,4.331313131313132,0.5,0.0,0,0.07884,-0.58755,36.52531,4.27069,55.0,22.0,10555.0,0.0,0.38093,0.00015,0.0,0.0,0.5
YJL074C,16,0.0014645029700835349,0.2487179855498784,0.0073477553598072665,0.11666666666666667,4.033846153846154,0.5,11.541666666666666,1,0.05447,-0.67317,38.45789,5.63458,209.0,188.0,47135.0,0.0,0.3335,4e-05,0.05900181244167522,0.05277425862356333,0.5065414317515858
YJR135C,16,0.00027170112887913946,0.2701701501609399,0.062432729105006336,0.7166666666666667,0.0,0.5,350.0,1,0.06695,-0.43515,39.90586,5.66364,35.0,31.0,18450.0,0.0,0.66927,0.00021,0.08971985818844534,0.07606989737809992,0.5
YLR381W,17,0.0001524001729957448,0.26738559534107065,0.06420651006201383,0.7205882352941176,0.0,0.5,232.75,0,0.10232,-0.01569,37.73467,8.92633,61.0,74.0,118980.0,0.0,1.41221,0.00011,0.0,0.0,0.0
YPL017C,9,1.802637775987958e-07,0.25907996509735526,0.04787984834485109,0.8888888888888888,0.0,0.0,26.06669719169719,0,0.0,0.0,0.0,0.0,0.0,0.0,0.0,0.0,0.0,0.0,0.0,0.0,0.0
YPR046W,22,0.0044059764751907225,0.2760069963004394,0.06577264620016032,0.39826839826839827,7.968478260869565,0.5,343.0,0,0.0442,-0.52873,44.84917,5.52728,28.0,21.0,12950.0,0.0,0.61264,0.00026,0.0,0.0,0.5
YDL230W,3,0.00048136792492128985,0.25020431869824455,0.0014251862611156297,0.3333333333333333,1.0,0.0,3.0,0,0.10448,-0.53343,39.25406,8.16547,38.0,40.0,64455.0,0.0,1.65832,0.00021,0.0,0.0,0.5
YIL147C,3,1.4765483323089365e-05,0.2125724219735099,0.0004476934294507664,0.6666666666666666,2.66017316017316,0.0,0.0,1,0.06803,-0.32566,43.87747,7.06781,137.0,136.0,73075.0,0.0,0.54358,5e-05,0.05900181244167522,0.0,0.5
YOR208W,5,6.213134615025424e-05,0.22362259070962626,0.0004959216686249684,0.3,1.0,0.5,3.333333333333333,0,0.08533,-0.4848,43.40947,9.09662,71.0,93.0,76635.0,0.0,0.89248,0.00011,0.0,0.0,0.5
YLR102C,13,0.00026768138732306774,0.2484841456292768,0.004532500306825373,0.46153846153846156,12.093096234309623,0.5,38.333333333333336,0,0.07925,-0.87434,55.23849,5.34467,47.0,35.0,25160.0,0.0,0.8154,0.00017,0.0,0.0,0.5
YDL011C,2,1.1172750643882927e-05,0.19240618756570352,4.2269681355409394e-05,0.0,0.0,0.0,0.0,0,0.1028,0.86262,29.73084,4.81256,8.0,6.0,8855.0,0.0,0.76234,0.00041,0.0,0.0,0.0
YEL023C,4,0.00028548158073443984,0.23621400906708925,0.001456506926433771,0.0,1.3258145363408522,0.0,0.0,0,0.1129,-0.56393,42.92331,6.14606,91.0,83.0,107855.0,0.0,1.37713,8e-05,0.0,0.0,0.5
YDL012C,7,0.0006700920348647265,0.21246561776209777,0.00010981547373006487,0.0,1.0,0.0,0.0,0,0.13084,-1.14299,103.21308,4.82611,5.0,3.0,19995.0,0.0,1.64228,0.0004,0.0,0.0,0.5
YDR151C,1,0.0,0.1741210240599124,3.441482856143691e-06,0.0,0.0,0.0,0.0,1,0.08308,-0.81231,46.55108,8.87054,33.0,41.0,41465.0,0.0,1.12762,0.00024,0.08971985818844534,0.0,0.0
YFR047C,4,0.0003082383775575199,0.23374623792598706,0.0005954369486731463,0.16666666666666666,1.893491124260355,0.5,5.0,0,0.07797,-0.13695,41.18746,5.55341,37.0,30.0,40545.0,0.0,1.25276,0.00017,0.0,0.0,0.5
YHR032W,1,0.0,0.1741210240599124,3.441482856143691e-06,0.0,0.0,0.0,0.0,0,0.0895,0.13563,41.49105,5.77057,55.0,45.0,76955.0,0.0,1.19852,9e-05,0.0,0.0,0.0
YHR140W,2,0.0001437784262050869,0.22804849217057824,0.00025616093423292275,0.0,1.7605344295991778,0.5,0.0,0,0.14226,0.28285,38.35444,9.65924,10.0,23.0,44600.0,0.0,1.64299,0.00036,0.0,0.0,0.5
YIL172C,1,0.0,0.1741210240599124,3.441482856143691e-06,0.0,0.0,0.0,0.0,0,0.14092,-0.7511,32.02144,5.40399,92.0,74.0,150855.0,0.0,2.19592,8e-05,0.0,0.0,0.0
YJL065C,3,0.0002524971428045426,0.23061041557065123,0.0007656264327815266,0.0,1.0,1.0,0.0,0,0.05988,-0.63772,45.81497,4.20746,32.0,11.0,7575.0,0.0,0.40309,0.00022,0.0,0.0,0.5
YOR355W,11,0.0018739142629700426,0.24314070781503172,0.0021564971510464014,0.0,6.03913491246138,0.0,0.0,0,0.04981,-0.75096,56.26724,8.73383,53.0,57.0,31525.0,0.0,0.55261,0.00015,0.0,0.0,0.5
YER116C,7,0.0002623368412011192,0.2587628925663341,0.015160409913649493,0.42857142857142855,3.0833333333333335,0.5,28.857142857142858,0,0.03285,-0.8854,52.13029,4.664,54.0,31.0,5595.0,0.0,0.18187,0.00015,0.0,0.0,0.5
YLR443W,2,1.6273784601032475e-05,0.23786158118568074,0.0012175113815612755,0.0,1.0,0.0,0.0,0,0.11161,-0.11384,42.18504,5.02435,49.0,35.0,73520.0,0.0,1.46084,0.0001,0.0,0.0,0.5
YLR197W,5,0.0004159141501842754,0.23372039961968893,0.0008130499299713375,0.1,3.656312625250501,0.5,5.333333333333333,1,0.06944,-0.64306,32.55419,8.95477,79.0,89.0,33850.0,0.0,0.59529,0.00016,0.08971985818844534,0.07606989737809992,0.5104025428313708
YPL043W,4,0.00012264128283692296,0.18864664482151283,1.3837287404413245e-05,0.0,3.3216432865731464,0.5,0.0,1,0.05693,-0.95752,43.68058,9.11603,122.0,138.0,35130.0,0.0,0.4514,0.00012,0.05900181244167522,0.05277425862356333,0.50794399850774
YDL151C,2,4.901732775443852e-07,0.2360821343411697,0.0034775907282600864,0.0,0.0,0.0,0.0,0,0.0,0.0,0.0,0.0,0.0,0.0,0.0,0.0,0.0,0.0,0.0,0.0,0.0
YFR057W,1,0.0,0.2192514745849034,0.0010226877886004482,0.0,0.0,0.0,0.0,0,0.17219,-0.16424,36.38146,9.18524,12.0,17.0,20650.0,0.0,1.17982,0.00052,0.0,0.0,0.0
YGL019W,10,0.0004204462332754242,0.2507235379057887,0.003830441050077862,0.24444444444444444,9.78978978978979,0.0,23.25,0,0.1223,-0.68165,58.1446,4.51825,58.0,28.0,41005.0,0.0,1.2709,0.00014,0.0,0.0,0.5
YGR099W,2,0.00048737418538271206,0.2365046527024067,0.001203280964888355,0.0,1.6315165876777251,0.5,0.0,1,0.09157,-0.15596,37.08273,6.22491,91.0,85.0,59205.0,0.0,0.75242,8e-05,0.08971985818844534,0.07606989737809992,0.5233126337643851
YHR154W,17,0.000469945270438,0.25298852469751915,0.011025828905749673,0.16911764705882354,3.017361111111111,1.0,2.083333333333333,0,0.09159,-0.55364,38.27302,7.75861,141.0,143.0,108230.0,0.0,0.87981,6e-05,0.0,0.0,0.5
YIL035C,6,5.496804050424297e-05,0.23170976385309766,0.0014130583088444938,0.6666666666666666,5.905905905905906,0.0,18.822222222222223,0,0.13172,-0.54866,34.13476,8.62897,54.0,58.0,71530.0,0.0,1.6014,0.00019,0.0,0.0,0.5
YJL062W,21,0.0015493048811880807,0.26040416222175206,0.005521107190732636,0.004761904761904762,4.644194756554307,0.5,3.333333333333333,0,0.13976,0.31711,34.34363,5.67609,66.0,49.0,170625.0,0.0,1.79889,6e-05,0.0,0.0,0.5
YJL088W,1,0.0,0.2192514745849034,0.0010226877886004482,0.0,1.0,0.0,0.0,0,0.0858,-0.14911,41.02609,5.88202,43.0,37.0,12335.0,0.0,0.32594,0.00016,0.0,0.0,0.5
YJL138C,5,0.00024884163753692985,0.23555610463007084,0.001495385343364857,0.3,3.775201612903226,0.0,13.0,0,0.0,0.0,0.0,0.0,0.0,0.0,0.0,0.0,0.0,0.0,0.0,0.0,0.5
YJR053W,20,0.0006227003616581555,0.2786992150740811,0.06983839292887724,0.43157894736842106,10.90890052356021,0.0,66.61538461538461,0,0.07317,-0.9899,47.43225,5.62421,96.0,84.0,48275.0,0.0,0.73049,9e-05,0.0,0.0,0.5
YJR070C,13,0.0013937779889252825,0.2633065498330655,0.005522970051871776,0.02564102564102564,6.55632183908046,0.5,1.3333333333333333,0,0.06462,-0.35138,42.77415,4.78094,56.0,34.0,19285.0,0.0,0.53326,0.00013,0.0,0.0,0.5
YKL039W,1,0.0,0.2192514745849034,0.0010226877886004482,0.0,0.0,0.0,0.0,0,0.14914,0.14149,36.00329,5.00372,58.0,43.0,84785.0,0.0,1.41267,8e-05,0.0,0.0,0.0
YKL056C,4,0.00028851742994628736,0.22774144713049504,0.0011329186000520544,0.0,2.161430119176598,0.0,0.0,0,0.10778,-0.32575,22.18263,4.41449,32.0,17.0,21555.0,0.0,1.15016,0.00024,0.0,0.0,0.5
YKR059W,7,0.0004558074388889087,0.2353856493358771,0.0024168078886042375,0.2857142857142857,0.0,0.0,17.447474747474747,0,0.0,0.0,0.0,0.0,0.0,0.0,0.0,0.0,0.0,0.0,0.0,0.0,0.0
YLR288C,88,0.05018777900614959,0.2968344230183232,0.025396769796474126,0.006792058516196447,48.21471774193548,1.0,45.49999999999999,0,0.06118,-0.41646,36.44367,5.18903,68.0,49.0,46630.0,0.0,0.87741,0.0001,0.0,0.0,0.5
YLR350W,4,0.0001180638893004979,0.2527616969706534,0.004917032588980092,0.0,3.566666666666667,0.5,0.0,0,0.11111,-0.0588,42.12463,8.00311,18.0,19.0,37930.0,0.0,1.52609,0.00032,0.0,0.0,0.5
YLR435W,5,0.0005718268830331997,0.22388305751371412,0.0010729647734332058,0.0,1.2318840579710144,0.5,0.0,0,0.0878,-0.69756,41.8122,4.10907,55.0,21.0,32555.0,0.0,1.37289,0.00017,0.0,0.0,0.5
YMR100W,1,0.0,0.2192514745849034,0.0010226877886004482,0.0,0.0,0.0,0.0,0,0.09839,-0.64339,38.90887,6.47137,87.0,84.0,91020.0,0.0,1.2598,9e-05,0.0,0.0,0.0
YNR048W,2,0.00014018743006925964,0.2511852206901712,0.00200805509783543,0.0,1.8957746478873239,0.0,0.0,0,0.11196,-0.18092,31.9456,8.11078,37.0,39.0,65945.0,0.0,1.48053,0.00018,0.0,0.0,0.5
YOL081W,6,0.0004977146443379283,0.2506492318368225,0.0066958382578844846,0.2,0.0,0.0,8.555555555555555,0,0.09743,-0.18448,46.04,6.59259,336.0,315.0,277160.0,0.0,0.78814,2e-05,0.0,0.0,0.0
YOR006C,2,1.9397002104048585e-05,0.2214792431948375,0.0010464561488472213,0.0,0.0,0.5,0.0,0,0.0639,-0.89936,55.54121,5.57867,53.0,45.0,48565.0,0.0,1.36091,0.00016,0.0,0.0,0.0
YOR027W,4,0.00031787090519519234,0.2329478978856956,0.0023996294000158077,0.3333333333333333,3.632323232323232,0.0,6.142857142857142,0,0.06961,-0.87284,39.65452,5.44867,97.0,84.0,54125.0,0.0,0.8168,8e-05,0.0,0.0,0.5
YOR039W,11,0.000999725084894033,0.26319183359177395,0.0035419836506200347,0.18181818181818182,10.188188188188189,0.0,18.541666666666668,0,0.10853,-0.45465,41.57442,5.6806,39.0,33.0,32610.0,0.0,1.09277,0.00019,0.0,0.0,0.5
YOR360C,5,0.00014491644665822487,0.2562850418375171,0.004246384379252792,0.0,1.955,0.0,0.0,0,0.09886,-0.25171,43.03441,6.13763,63.0,52.0,64745.0,0.0,1.06141,0.0001,0.0,0.0,0.5
YIL075C,3,0.000214568661971831,0.21490588963353316,0.0009164718361571717,0.3333333333333333,2.635969664138678,0.0,2.033333333333333,1,0.08148,-0.18921,33.49399,5.85138,118.0,108.0,79160.0,0.0,0.75947,6e-05,0.05900181244167522,0.0,0.5
YDL023C,1,0.0,0.18574642845994166,2.218945884733764e-05,0.0,1.0,0.0,0.0,0,0.12264,0.61792,37.31415,4.83734,8.0,5.0,8605.0,0.0,0.75277,0.00042,0.0,0.0,0.5
YDL024C,1,0.0,0.18952595869124383,2.688014455770341e-05,0.0,0.0,0.0,0.0,0,0.13462,-0.36004,35.74859,5.3371,54.0,43.0,82960.0,0.0,1.56305,0.0001,0.0,0.0,0.0
YEL017W,12,0.0014605025781634366,0.23585828491935035,0.0009195143614583669,0.045454545454545456,3.930062630480167,0.5,0.0,0,0.12166,-0.31721,38.14899,4.85089,43.0,31.0,39600.0,0.0,1.03571,0.00013,0.0,0.0,0.5
YDL028C,4,7.603836246178813e-05,0.23091264076443138,0.004442198045936142,0.0,1.5704008221993833,0.0,0.0,1,0.06937,-0.72408,49.8639,9.00641,94.0,105.0,52885.0,0.0,0.60948,0.0001,0.08971985818844534,0.0,0.5
YKL042W,4,1.887030203081119e-05,0.21859411684254496,0.0011548927638399945,0.16666666666666666,2.0,0.3333333333333333,1.5,1,0.06061,-1.16612,55.9595,7.66791,58.0,59.0,22600.0,0.0,0.53465,0.00018,0.08971985818844534,0.07069233844701739,0.5176730846117543
YDR018C,2,5.543430055051423e-06,0.23150679898823123,0.001979700873435179,0.0,1.0,0.0,0.0,0,0.13636,-0.06414,26.50962,9.58282,29.0,50.0,67685.0,0.0,1.47339,0.00021,0.0,0.0,0.5
YJR065C,6,0.0005876713215608739,0.2492751232208814,0.002415300663494192,0.06666666666666667,1.9798578199052133,0.0,0.0,1,0.10468,-0.25679,32.20403,5.56769,51.0,44.0,50475.0,0.0,1.01885,0.00011,0.08971985818844534,0.0,0.5
YKR042W,2,9.457686134969441e-06,0.23426420643283097,0.002423931979646498,0.0,0.0,0.0,0.0,0,0.0,0.0,0.0,0.0,0.0,0.0,0.0,0.0,0.0,0.0,0.0,0.0,0.0
YDR421W,1,0.0,0.2017029902370156,0.0001247768180231962,0.0,0.0,1.0,0.0,0,0.08211,-0.54368,48.78148,5.92401,131.0,121.0,109470.0,0.0,1.0117,5e-05,0.0,0.0,0.0
YML049C,3,3.321650875452319e-05,0.2201990830201537,0.0004305779136350732,0.3333333333333333,1.0,1.0,0.0,1,0.07862,-0.20757,44.22896,5.5213,172.0,133.0,121025.0,0.0,0.78699,4e-05,0.05900181244167522,0.055714552844473776,0.5278572764222369
YML104C,3,0.00022004563720351623,0.2113294947685673,0.0002593633431899793,0.0,0.0,0.0,0.0,0,0.09672,-0.31837,41.46064,6.00824,152.0,138.0,88545.0,0.0,0.68122,5e-05,0.0,0.0,0.0
YMR005W,1,0.0,0.2017029902370156,0.0001247768180231962,0.0,0.0,1.0,0.0,1,0.03608,-0.81624,50.1433,9.67242,44.0,60.0,14565.0,0.0,0.34403,0.00023,0.08971985818844534,0.08233295696528463,0.5
YDL035C,2,6.191759557763509e-06,0.17229773011934285,5.3848966456835085e-06,0.0,0.0,0.0,0.0,0,0.11759,-0.58418,38.22613,6.65582,107.0,104.0,172005.0,0.0,1.55368,6e-05,0.0,0.0,0.0
YER020W,5,0.0004326657524909892,0.20140518147833072,0.00015853325737771987,0.0,1.9761904761904763,0.0,0.0,0,0.07572,-0.54365,50.09802,6.0556,49.0,46.0,41870.0,0.0,0.82998,0.00012,0.0,0.0,0.5
YDL041W,2,3.554801551824114e-05,0.2245845870900755,0.0019878007787793757,0.0,1.3770491803278688,0.0,0.0,0,0.08547,1.02821,29.83504,3.97174,9.0,3.0,2240.0,0.0,0.18712,0.00033,0.0,0.0,0.5
YIR002C,3,0.00022079997442135582,0.21502609530758834,0.0010925718835013687,0.0,1.8206278026905829,1.0,0.0,0,0.08056,-0.58137,39.40495,6.99823,150.0,149.0,68825.0,0.0,0.60343,6e-05,0.0,0.0,0.5
YDL042C,4,0.0005701566718298503,0.23418636486232663,0.0025391642472252294,0.0,3.8718783930510314,0.5,0.0,0,0.08363,-0.29964,38.78795,8.69879,60.0,68.0,50655.0,0.0,0.80073,0.00014,0.0,0.0,0.5
YJL076W,2,8.560916321162186e-06,0.2058263903781471,0.00010628980371639671,0.0,1.8998957247132429,0.5,0.0,1,0.03112,-0.92532,55.92852,7.56207,165.0,166.0,27640.0,0.0,0.21505,6e-05,0.05900181244167522,0.05277425862356333,0.51388872503293
YDR131C,2,0.00011218067395386322,0.22091229705981777,0.0002135927092972057,0.0,1.9172043010752688,0.0,0.0,0,0.13309,-0.27266,43.58493,6.65314,67.0,65.0,80230.0,0.0,1.22972,0.0001,0.0,0.0,0.5
YDR180W,1,0.0,0.19546561848567218,4.393250911080564e-05,0.0,1.0,0.5,0.0,1,0.0864,-0.12987,44.46224,6.39874,188.0,178.0,116990.0,0.0,0.68375,4e-05,0.05900181244167522,0.05277425862356333,0.5263871293117817
YDR386W,14,0.0009059939825777967,0.2551715659135308,0.008598610457532513,0.2087912087912088,10.548717948717949,1.0,12.737301587301587,0,0.07753,-0.57468,48.05415,8.69171,89.0,98.0,61780.0,0.0,0.8544,0.00012,0.0,0.0,0.5
YDR409W,2,2.0507975135726553e-05,0.22166499923043623,0.0016272409840432148,0.0,1.9022988505747127,0.3333333333333333,0.0,0,0.0531,-0.78086,45.65134,6.46869,99.0,94.0,64050.0,0.0,0.63545,6e-05,0.0,0.0,0.5
YER113C,2,1.1612326174311258e-05,0.19954243064925595,5.9498098459697005e-05,0.0,1.9497716894977168,0.0,0.0,0,0.14873,0.1034,35.85006,7.17157,66.0,66.0,147290.0,0.0,1.80625,9e-05,0.0,0.0,0.5
YGL049C,5,0.00022546176089278277,0.22246965437284472,0.00034508528511856495,0.4,4.759072580645161,0.0,5.416666666666666,0,0.06893,-1.08162,50.04847,7.30499,136.0,136.0,82335.0,0.0,0.79246,7e-05,0.0,0.0,0.5
YGR162W,7,0.00011184384546397363,0.2200615731847956,0.0002521334059584394,0.3333333333333333,5.801411290322581,0.0,5.0,0,0.05777,-1.12668,57.07017,5.79889,159.0,145.0,73270.0,0.0,0.68413,5e-05,0.0,0.0,0.5
YJL146W,1,0.0,0.19546561848567218,4.393250911080564e-05,0.0,1.0,0.0,0.0,0,0.09168,-0.45437,48.32516,4.74384,60.0,38.0,72600.0,0.0,1.36426,9e-05,0.0,0.0,0.5
YKL155C,1,0.0,0.19546561848567218,4.393250911080564e-05,0.0,1.0,0.0,0.0,0,0.07484,-0.74554,40.34094,9.43597,79.0,101.0,53580.0,0.0,0.74221,0.00013,0.0,0.0,0.5
YLL014W,1,0.0,0.19546561848567218,4.393250911080564e-05,0.0,1.0,0.5,0.0,0,0.17593,0.63333,55.71028,5.07953,8.0,5.0,22585.0,0.0,1.82074,0.00041,0.0,0.0,0.5
YMR302C,3,1.458906871217061e-05,0.2127542357777738,0.00011788366807039344,0.3333333333333333,1.2814070351758795,0.0,2.333333333333333,0,0.08471,-0.39471,41.48506,8.98041,101.0,112.0,106730.0,0.0,1.10387,9e-05,0.0,0.0,0.5
YNL023C,4,0.00016774802469506157,0.2351892764359862,0.0023708440810689094,0.0,3.691146881287726,0.5,0.0,0,0.06114,-0.53513,50.95067,8.29218,117.0,135.0,74760.0,0.0,0.68907,8e-05,0.0,0.0,0.5
YNL286W,1,0.0,0.19546561848567218,4.393250911080564e-05,0.0,1.0,0.0,0.0,0,0.06667,-0.80211,30.69018,4.90533,55.0,42.0,14035.0,0.0,0.43474,0.00015,0.0,0.0,0.5
YDL044C,8,0.0006864926377177834,0.23814288395106337,0.001440509878685005,0.0,2.9065108514190316,0.0,0.0,0,0.07727,-0.60455,40.81025,6.32208,68.0,65.0,40060.0,0.0,0.78255,0.00012,0.0,0.0,0.5
YDR505C,2,4.67410899916354e-05,0.19533920871761973,4.587850777114448e-05,0.0,1.0,0.0,0.0,1,0.0868,-0.79168,43.76375,6.19794,85.0,77.0,57355.0,0.0,0.60154,7e-05,0.08971985818844534,0.0,0.5
YER086W,7,0.0004427135606674686,0.23223148939090735,0.00040732875393827833,0.047619047619047616,5.8734177215189876,0.0,1.25,0,0.07639,-0.16667,37.14045,8.67487,61.0,66.0,35925.0,0.0,0.56282,0.00014,0.0,0.0,0.5
YLL051C,2,1.211467449342815e-06,0.2142742939102626,0.0005427580148168068,0.0,1.0,0.0,0.0,0,0.14185,0.15323,33.75213,9.05756,51.0,66.0,130315.0,0.0,1.58944,0.00011,0.0,0.0,0.5
YLR386W,22,0.005592040849567058,0.29280592648656917,0.04461021880587924,0.11255411255411256,8.508130081300813,0.0,19.945054945054945,0,0.07614,-0.1625,43.06967,5.31854,115.0,93.0,70845.0,0.0,0.71007,5e-05,0.0,0.0,0.5
YKR072C,8,0.00025495177474607356,0.2576121346523931,0.005795082131942512,0.25,6.448630136986301,0.5,5.666666666666667,0,0.03737,-0.8468,48.79591,4.5589,103.0,63.0,47815.0,0.0,0.76532,7e-05,0.0,0.0,0.5
YMR028W,4,1.7649064935649377e-05,0.20998625436086166,0.0002847922464878998,0.3333333333333333,3.0,0.0,5.8,1,0.08197,-0.79016,36.59208,5.26263,63.0,50.0,29130.0,0.0,0.68433,0.00012,0.08971985818844534,0.0,0.5
YBR226C,1,0.0,0.20797241874386624,0.00025211223968830797,0.0,0.0,0.0,0.0,0,0.13971,0.17426,51.01765,9.33734,8.0,16.0,29045.0,0.0,1.83799,0.00059,0.0,0.0,0.0
YDR244W,7,0.0009116911902972601,0.23579252761899364,0.0018518503217950682,0.2857142857142857,2.5127420998980634,0.0,2.0,0,0.08333,-0.71569,44.36194,4.94843,88.0,62.0,71570.0,0.0,1.03241,7e-05,0.0,0.0,0.5
YDR249C,3,5.6292149485947e-05,0.22620644005130158,0.0007810165639939406,0.0,2.8023668639053256,0.0,0.0,0,0.12869,-0.19651,53.90783,8.80634,39.0,44.0,40840.0,0.0,0.93265,0.0002,0.0,0.0,0.5
YDR329C,3,0.00017363289718547604,0.21743640427391156,0.00029115377055786285,0.3333333333333333,1.0,0.0,3.8333333333333335,0,0.0907,-0.34989,45.28596,5.97833,49.0,45.0,66390.0,0.0,1.31011,0.00012,0.0,0.0,0.5
YER075C,1,0.0,0.20797241874386624,0.00025211223968830797,0.0,1.0,0.0,0.0,0,0.08297,-0.4944,49.70282,7.07123,102.0,101.0,76805.0,0.0,0.72993,7e-05,0.0,0.0,0.5
YGR064W,3,0.0006389739442024484,0.24775622160294303,0.0012450155894669732,0.0,1.5393081761006289,0.0,0.0,0,0.14754,-0.15082,48.83115,9.81342,4.0,15.0,12670.0,0.0,0.88044,0.00068,0.0,0.0,0.5
YGR133W,5,0.0006837101147147623,0.24088312106630771,0.003141148790738039,0.0,1.0,0.0,0.0,0,0.08743,-0.26995,48.07486,5.35358,24.0,18.0,38680.0,0.0,1.83161,0.00025,0.0,0.0,0.5
YGR159C,3,0.00021775776974293758,0.2110131332494527,0.000401429349959796,0.0,1.6555965559655597,0.5,0.0,1,0.05797,-1.28865,75.47754,4.88031,84.0,62.0,20065.0,0.0,0.45055,0.00011,0.08971985818844534,0.07606989737809992,0.5229735611323906
YGR170W,1,0.0,0.20797241874386624,0.00025211223968830797,0.0,1.0,0.0,0.0,0,0.09578,-0.55158,43.87524,7.9682,147.0,150.0,127015.0,0.0,0.97656,6e-05,0.0,0.0,0.5
YGR206W,2,7.104145308322941e-06,0.2159595112772091,0.00028103759051812326,0.0,1.4376498800959232,0.0,0.0,0,0.10891,-0.94059,64.69604,8.43451,13.0,15.0,18825.0,0.0,1.57301,0.0007,0.0,0.0,0.5
YGR214W,3,0.00018284602765220577,0.2339013878156442,0.002915577353697985,0.0,1.991769547325103,0.0,0.0,0,0.07937,-0.25556,38.30202,4.64508,40.0,22.0,36565.0,0.0,1.30477,0.00017,0.0,0.0,0.5
YHL005C,2,0.0001177615858106956,0.23372039961968893,0.0005323056224011041,0.0,1.0,0.0,0.0,0,0.17692,0.18308,56.44546,7.67621,10.0,11.0,21360.0,0.0,1.38868,0.0005,0.0,0.0,0.5
YHR013C,6,0.00010404813166098947,0.2567986391157486,0.010848663489970142,0.0,3.928909952606635,0.0,0.0,0,0.07143,-0.5521,48.55966,4.76813,42.0,25.0,23630.0,0.0,0.85607,0.00017,0.0,0.0,0.5
YHR203C,1,0.0,0.20797241874386624,0.00025211223968830797,0.0,1.0,0.0,0.0,0,0.0728,-0.44789,23.7295,10.08771,27.0,49.0,19035.0,0.0,0.64723,0.00034,0.0,0.0,0.5
YIL121W,4,0.00018292004919721357,0.23597674053119597,0.0021431418474284754,0.0,0.0,0.0,0.0,0,0.11255,0.41089,43.78579,9.26202,35.0,53.0,64675.0,0.0,1.08484,0.00016,0.0,0.0,0.0
YJL174W,13,0.0010022828088627448,0.2622614233638695,0.0034860784772364414,0.02564102564102564,0.0,0.0,1.75,1,0.11232,-0.22246,34.95507,9.26532,13.0,20.0,44725.0,0.0,1.49141,0.00031,0.08971985818844534,0.0,0.0
YKL032C,7,0.00011266548910279234,0.24797415060804737,0.009498991576801959,0.19047619047619047,0.0,0.0,5.5317460317460325,0,0.0,0.0,0.0,0.0,0.0,0.0,0.0,0.0,0.0,0.0,0.0,0.0,0.0
YLR191W,12,0.0020261074192203595,0.26103106113080443,0.0018671177528902406,0.10606060606060606,10.251028806584362,0.0,2.0,0,0.11658,-0.52979,37.28837,8.96857,37.0,42.0,53290.0,0.0,1.24785,0.00021,0.0,0.0,0.5
YLR282C,1,0.0,0.20797241874386624,0.00025211223968830797,0.0,0.0,0.0,0.0,0,0.0,0.0,0.0,0.0,0.0,0.0,0.0,0.0,0.0,0.0,0.0,0.0,0.0
YLR360W,9,0.00045714091566035036,0.2647406993250505,0.013945904083245909,0.1388888888888889,0.0,0.0,6.105194805194805,0,0.0,0.0,0.0,0.0,0.0,0.0,0.0,0.0,0.0,0.0,0.0,0.0,0.0
YMR230W,1,0.0,0.20797241874386624,0.00025211223968830797,0.0,1.0,0.0,0.0,0,0.14286,-0.9019,59.06857,9.04694,12.0,15.0,21890.0,0.0,1.71844,0.00071,0.0,0.0,0.5
YMR289W,1,0.0,0.20797241874386624,0.00025211223968830797,0.0,1.0,0.0,0.0,0,0.08556,-0.29947,32.33048,5.58344,50.0,44.0,39850.0,0.0,0.93458,0.00013,0.0,0.0,0.5
YNL329C,8,0.0005976582848669441,0.24841116080121203,0.0023701768095655378,0.0,4.151581243184297,0.0,0.0,0,0.09417,-0.09767,46.5412,5.44916,121.0,102.0,84795.0,0.0,0.73371,5e-05,0.0,0.0,0.5
YOR311C,1,0.0,0.20797241874386624,0.00025211223968830797,0.0,1.0,0.5,0.0,0,0.13793,0.20621,28.44831,8.88678,23.0,27.0,62130.0,0.0,1.89192,0.00027,0.0,0.0,0.5
YPR197C,3,5.188410512364623e-05,0.2398991995415574,0.0035424875682256636,0.0,0.0,0.0,0.0,0,0.0,0.0,0.0,0.0,0.0,0.0,0.0,0.0,0.0,0.0,0.0,0.0,0.0
YDL051W,1,0.0,0.1847967132945432,1.4787200739122142e-05,0.0,0.0,0.5,0.0,0,0.08727,-1.02473,63.00076,8.61945,48.0,51.0,13200.0,0.0,0.41117,0.00027,0.0,0.0,0.0
YDR395W,11,0.0006124840129614274,0.2285785508280558,0.000494432408480399,0.0,2.767032967032967,0.3333333333333333,0.0,1,0.10381,0.01102,48.74779,4.61188,138.0,79.0,95575.0,0.0,0.88166,4e-05,0.05900181244167522,0.05012875095612841,0.5090582135365522
YDL052C,2,0.00025346174553981935,0.24403873443669394,0.00099188679431892,0.0,1.6222455403987408,0.0,0.0,0,0.08911,-0.00198,45.98125,9.6275,23.0,40.0,33515.0,0.0,0.98904,0.00028,0.0,0.0,0.5
YDL056W,1,0.0,0.19505088516231697,7.943530583970544e-05,0.0,0.0,1.0,0.0,0,0.05882,-0.694,54.77971,9.27399,88.0,103.0,47915.0,0.0,0.51024,0.0001,0.0,0.0,0.0
YLR182W,7,0.0003815546565714562,0.24447610512337586,0.0027650007564013193,0.047619047619047616,3.529292929292929,0.5,1.875,1,0.05479,-0.73935,45.6533,4.74017,140.0,87.0,53580.0,0.0,0.59166,5e-05,0.05900181244167522,0.05277425862356333,0.5074766050425483
YDL058W,3,6.037135822928864e-06,0.2146767788769942,0.00018873465071676565,0.3333333333333333,0.0,0.25,2.063492063492064,1,0.05084,-0.80855,44.62497,4.88129,368.0,264.0,90285.0,0.0,0.43732,2e-05,0.05900181244167522,0.047735814213720786,0.5
YER157W,9,0.00027849551534099744,0.248236172017554,0.002646303384944873,0.08333333333333333,1.9219440353460973,0.0,5.507936507936508,1,0.09613,-0.38502,38.02511,5.28058,121.0,102.0,68870.0,0.0,0.74419,6e-05,0.05900181244167522,0.0,0.5
YDL059C,3,2.4950988989659858e-05,0.211583267803414,6.678467626136048e-05,0.0,2.6898454746136866,1.0,0.0,0,0.09664,-0.57437,26.76092,8.75409,26.0,30.0,37735.0,0.0,1.41703,0.00033,0.0,0.0,0.5
YFL059W,9,0.0004271056440681391,0.2430009878358253,0.0007869547176166754,0.2222222222222222,6.95995995995996,0.0,19.0,0,0.04362,-0.01174,36.75201,5.40021,41.0,33.0,16095.0,0.0,0.50268,0.00017,0.0,0.0,0.5
YGR049W,4,0.0007209442695656036,0.24467414166053533,0.0010021918923698633,0.0,1.9535232383808097,0.0,0.0,0,0.07487,0.16203,44.71979,8.81036,12.0,17.0,16805.0,0.0,0.83531,0.00044,0.0,0.0,0.5
YDL063C,3,0.000643705985915493,0.21733582722511344,0.0013047561057005744,0.0,2.8657465495608534,0.5,0.0,0,0.07258,-0.1279,48.50435,5.07062,76.0,57.0,53370.0,0.0,0.76065,7e-05,0.0,0.0,0.5
YDR381W,1,0.0,0.17737848952680504,3.754805884198494e-05,0.0,1.0,1.0,0.0,1,0.03097,-0.95133,44.6115,11.32709,22.0,51.0,2980.0,0.0,0.11941,0.00045,0.08971985818844534,0.08233295696528463,0.5411664784826423
YPL131W,2,0.000214568661971831,0.17739337152106016,3.757955929093182e-05,0.0,2.0,0.5,0.0,1,0.11111,-0.63401,37.03502,6.3576,46.0,44.0,36455.0,0.0,1.08129,0.00019,0.08971985818844534,0.07606989737809992,0.5190174743445249
YMR168C,7,8.745219442284789e-05,0.2266793455008862,0.004530653344006974,0.3333333333333333,1.6019417475728155,0.5,0.0,1,0.12171,-0.24391,40.56436,5.92572,78.0,70.0,101450.0,0.0,1.42172,8e-05,0.05900181244167522,0.05277425862356333,0.5164719655703849
YLR071C,4,0.00016966926080334306,0.22525452460017217,0.00028538390491327756,0.5,2.8260869565217392,1.0,2.1142857142857143,1,0.07394,-0.25148,39.18384,8.86725,104.0,116.0,95325.0,0.0,0.77276,7e-05,0.05900181244167522,0.055714552844473776,0.5098571901186377
YDL070W,5,0.00021101975285250146,0.21744758524806046,0.0003287522940333925,0.0,3.2146118721461185,0.5,0.0,0,0.06583,-0.83871,48.1881,5.77582,99.0,86.0,39685.0,0.0,0.54729,8e-05,0.0,0.0,0.5
YGL063W,2,9.915980970917335e-06,0.19286250069866973,3.214694271321686e-05,0.0,1.4933875890132249,0.0,0.0,0,0.09189,-0.26838,44.9527,8.98053,35.0,44.0,49735.0,0.0,1.18725,0.00021,0.0,0.0,0.5
YLR399C,3,3.5011753507629096e-05,0.20518720900184542,0.00017476590484378468,0.0,1.5773809523809523,1.0,0.0,0,0.05539,-0.94125,55.892,5.74701,108.0,98.0,41050.0,0.0,0.53328,7e-05,0.0,0.0,0.5
YDL071C,5,0.0002561896534736395,0.2236344169611842,0.0008935183487162679,0.0,3.343065693430657,0.0,0.0,0,0.10484,0.57742,44.98548,8.26288,8.0,10.0,3730.0,0.0,0.27423,0.00061,0.0,0.0,0.5
YDR183W,6,0.00037481114624296003,0.2513345135405071,0.02745925603008097,0.4,2.7785467128027683,0.0,11.333333333333332,0,0.07826,-0.73826,33.62174,5.02875,44.0,31.0,12420.0,0.0,0.46653,0.00019,0.0,0.0,0.5
YEL068C,5,0.0005646279074879964,0.2593819045770123,0.0030793373893839107,0.1,2.43954802259887,0.0,0.0,0,0.12727,-0.58636,42.28918,5.7171,16.0,13.0,29950.0,0.0,2.31984,0.00044,0.0,0.0,0.5
YFL017C,8,0.0013209473176118986,0.23996726763812462,0.0007686656117177485,0.0,5.705759162303665,0.0,0.0,1,0.08805,-0.24088,35.23346,5.12286,24.0,19.0,21930.0,0.0,1.20928,0.00028,0.08971985818844534,0.0,0.5
YGR269W,3,9.549255616424278e-05,0.2440950814083948,0.0010234604058392681,0.0,2.4502923976608186,0.5,0.0,0,0.09259,-0.1787,20.77315,9.71637,9.0,17.0,10345.0,0.0,0.84247,0.00079,0.0,0.0,0.5
YNL155W,2,1.8272190041498316e-05,0.18282331129783969,2.661429726572763e-05,0.0,0.0,0.5,0.0,0,0.08029,-0.77445,35.0442,9.1214,35.0,45.0,29420.0,0.0,0.93348,0.00029,0.0,0.0,0.0
YOL069W,27,0.0018721298988592194,0.27115762682392,0.01938009252041108,0.1225071225071225,21.248490945674043,0.5,54.39999999999999,1,0.06874,-0.53592,54.60931,4.52643,85.0,51.0,22850.0,0.0,0.43136,9e-05,0.08971985818844534,0.07606989737809992,0.5017900070544442
YDL076C,1,0.0,0.18177025405429126,7.68163100830484e-06,0.0,1.0,1.0,0.0,0,0.10884,-0.79014,60.86701,6.0838,36.0,32.0,42080.0,0.0,1.24456,0.00018,0.0,0.0,0.5
YLR098C,4,0.0008896354188044274,0.2239660606069081,0.0002570946529861418,0.0,1.0,1.0,0.0,0,0.10957,-0.35278,56.40142,6.55963,75.0,73.0,92930.0,0.0,1.2492,9e-05,0.0,0.0,0.5
YDR080W,4,1.3499653786379984e-05,0.23842485285966578,0.0039023540894009843,0.6666666666666666,1.4923312883435582,0.0,4.192807192807193,0,0.09274,-0.38417,39.4621,4.76459,165.0,106.0,113690.0,0.0,1.00246,4e-05,0.0,0.0,0.5
YDL081C,8,0.0009860756239580093,0.2522641048928612,0.0007426120091772075,0.03571428571428571,7.569696969696969,0.0,3.0,0,0.0566,-0.02453,56.12642,3.82294,23.0,5.0,6990.0,0.0,0.64083,0.00035,0.0,0.0,0.5
YLR340W,4,5.376509668475408e-05,0.21315102526937002,5.3514485850328633e-05,0.3333333333333333,3.768686868686869,0.0,1.2,1,0.08013,0.01987,45.17564,4.75006,44.0,28.0,18910.0,0.0,0.56085,0.00014,0.08971985818844534,0.0,0.5
YDL084W,2,1.6054661301140173e-06,0.2076558235277466,0.0001733041354285867,0.0,0.0,1.0,0.0,1,0.07623,-0.4065,32.79621,5.34503,71.0,56.0,20120.0,0.0,0.39993,0.00011,0.08971985818844534,0.08233295696528463,0.5
YPR057W,2,5.1711941586187946e-05,0.2311903772521476,0.00246023302492788,0.0,0.0,1.0,0.0,0,0.08211,-0.52522,52.70941,6.17096,52.0,47.0,56630.0,0.0,1.42075,0.00015,0.0,0.0,0.0
YDL085W,2,6.195838877591156e-06,0.22061264557173582,0.00020083006596744335,0.0,1.0,0.0,0.0,0,0.10275,-0.1778,41.28406,8.73114,61.0,66.0,71530.0,0.0,1.1601,0.00014,0.0,0.0,0.5
YGR139W,3,0.0002422725940785445,0.2459692409445691,0.0010575824578591515,0.0,1.8432601880877744,0.0,0.0,0,0.13393,-0.16964,53.92232,9.90167,5.0,22.0,22055.0,0.0,1.66481,0.00075,0.0,0.0,0.5
YDL088C,2,0.0,0.2121671361356195,5.292663134819684e-05,1.0,1.0,0.25,15.142857142857142,0,0.07386,-0.92917,50.10663,7.75616,47.0,48.0,44265.0,0.0,0.7529,0.00013,0.0,0.0,0.5
YML031W,4,5.209447092483196e-05,0.22451304434929822,0.0002518630423188295,0.16666666666666666,1.0,0.2,22.0,1,0.10382,0.00534,36.57405,8.54657,61.0,66.0,75260.0,0.0,1.01521,0.00012,0.08971985818844534,0.06193559443901699,0.5309677972195085
YDL089W,7,0.00024022613464369708,0.23665024289658246,0.001477520259806203,0.047619047619047616,2.657142857142857,0.5,0.0,1,0.13843,-0.50971,49.3868,9.05328,54.0,63.0,76125.0,0.0,1.3382,0.00016,0.08971985818844534,0.07606989737809992,0.5143142280012554
YDR233C,3,0.00013858355646323333,0.2128827622995888,0.0001916918921157534,0.0,1.0,0.5,0.0,1,0.09831,-0.16475,43.66271,9.0766,24.0,31.0,27430.0,0.0,0.83334,0.00028,0.08971985818844534,0.07606989737809992,0.53803494868905
YLR324W,9,0.001602794337599977,0.26472412609985174,0.0016963653895045929,0.08333333333333333,3.7899159663865545,0.0,0.0,0,0.08987,-0.40115,41.64667,5.63654,69.0,63.0,100965.0,0.0,1.69801,9e-05,0.0,0.0,0.5
YML008C,6,0.00023401304954169812,0.2392747801911974,0.0008501062057547382,0.0,1.0,0.0,0.0,0,0.12272,-0.55013,30.09901,5.54413,56.0,47.0,62270.0,0.0,1.43379,0.00013,0.0,0.0,0.5
YMR316C-B,2,1.0643256583167544e-05,0.21214584810711043,0.00013361444446667204,0.0,0.0,0.0,0.0,0,0.0,0.0,0.0,0.0,0.0,0.0,0.0,0.0,0.0,0.0,0.0,0.0,0.0
YPR028W,4,8.375117037367204e-06,0.21941073991174348,0.00011372018513976619,0.3333333333333333,3.196938775510204,0.3333333333333333,0.0,0,0.13889,0.29111,33.05894,9.00165,13.0,16.0,32890.0,0.0,1.62265,0.00044,0.0,0.0,0.5
YDL090C,1,0.0,0.16501612387103065,2.9382690957876675e-06,0.0,0.0,0.0,0.0,0,0.09281,-0.26009,47.13552,5.97345,52.0,46.0,68685.0,0.0,1.42531,0.00012,0.0,0.0,0.0
YKL019W,3,0.000429137323943662,0.19906337100781585,0.00010049914138568934,0.0,0.0,0.0,0.0,1,0.13608,-0.32816,51.60924,4.96295,47.0,31.0,89310.0,0.0,2.38114,0.00013,0.08971985818844534,0.0,0.0
YDL091C,1,0.0,0.18737607188581318,1.612320151250377e-05,0.0,0.0,0.0,0.0,0,0.08352,-0.7044,43.44398,5.95709,62.0,55.0,43695.0,0.0,0.82533,0.00011,0.0,0.0,0.0
YIL022W,5,0.0011025462032060419,0.2325379813208156,0.0005372051703555779,0.1,1.5123674911660778,0.0,0.0,1,0.08585,-0.64455,46.2174,9.44403,61.0,75.0,46995.0,0.0,0.96195,0.00019,0.08971985818844534,0.0,0.5
YDL092W,1,0.0,0.00022002200220022002,4.36630699855352e-12,0.0,0.0,0.5,0.0,1,0.07534,-0.82945,35.9137,9.72028,16.0,28.0,11710.0,0.0,0.71274,0.00059,0.08971985818844534,0.07606989737809992,0.5
YKL122C,1,0.0,0.00022002200220022002,4.36630699855352e-12,0.0,0.0,0.5,0.0,1,0.04192,-0.93533,24.92216,10.39069,11.0,37.0,4470.0,0.0,0.24261,0.00056,0.08971985818844534,0.07606989737809992,0.5
YDL093W,1,0.0,0.00022002200220022002,4.36630699855352e-12,0.0,1.0,0.5,0.0,0,0.15478,0.16231,42.79641,8.03497,58.0,61.0,160475.0,0.0,1.89296,9e-05,0.0,0.0,0.5
YGL055W,1,0.0,0.00022002200220022002,4.36630699855352e-12,0.0,1.0,0.5,0.0,1,0.12549,-0.29255,32.46573,9.0257,51.0,60.0,118760.0,0.0,2.03348,0.00015,0.08971985818844534,0.07606989737809992,0.53803494868905
YDL097C,1,0.0,0.1082728182691272,1.9409599079507433e-10,0.0,1.0,0.0,0.0,1,0.09217,-0.37949,40.75071,5.89679,63.0,56.0,40520.0,0.0,0.81409,0.00012,0.08971985818844534,0.0,0.5
YDL098C,2,7.744945270933948e-05,0.22419166526980341,0.0019597940322876504,0.0,1.0,1.0,0.0,1,0.09794,-0.79794,51.32995,8.6076,31.0,34.0,16305.0,0.0,0.71896,0.00038,0.08971985818844534,0.08233295696528463,0.5411664784826423
YDL099W,2,3.040077011350908e-06,0.19974036135841633,6.656310226488522e-05,0.0,0.0,0.0,0.0,0,0.02639,-1.29179,46.78006,4.54083,76.0,46.0,16500.0,0.0,0.43088,0.00012,0.0,0.0,0.0
YKL050C,3,0.00017264854631718443,0.2391665171833625,0.0009851559190185162,0.0,1.7316017316017316,0.0,0.0,0,0.04989,-0.86508,53.0538,5.81293,153.0,140.0,40060.0,0.0,0.38839,6e-05,0.0,0.0,0.5
YNL199C,6,0.0008875898048413568,0.25217384401687826,0.0035746929786038147,0.0,4.708651399491094,1.0,0.0,0,0.05056,-0.75337,39.05618,9.00421,48.0,53.0,40005.0,0.0,0.68901,0.00016,0.0,0.0,0.5
YOR164C,5,8.863856236220151e-05,0.23770113492518447,0.0007727076448981936,0.1,4.785858585858586,0.0,4.333333333333333,0,0.14744,-0.22788,30.64587,5.05695,46.0,33.0,45060.0,0.0,1.24201,0.00014,0.0,0.0,0.5
YPL252C,1,0.0,0.2137976232528961,0.00015029403248971316,0.0,1.0,0.0,0.0,1,0.05233,-0.3343,42.23721,5.45404,23.0,17.0,6710.0,0.0,0.35442,0.00029,0.08971985818844534,0.0,0.5
YDL101C,3,8.671634477613794e-05,0.21391659198295385,0.0008031969397117532,0.0,2.8545636910732197,1.0,0.0,0,0.08382,-0.54172,48.57175,7.96149,66.0,68.0,46840.0,0.0,0.79888,0.00014,0.0,0.0,0.5
YKL025C,10,0.0009323079011956166,0.2639145721974058,0.02860675894878009,0.2222222222222222,3.1528384279475983,0.0,4.684523809523809,0,0.09573,-0.33623,38.39664,5.98785,66.0,59.0,68855.0,0.0,0.90061,8e-05,0.0,0.0,0.5
YDL102W,18,0.0019722424971029056,0.2513793360075516,0.011222783381426054,0.1111111111111111,12.675503711558855,1.0,7.646428571428571,1,0.09298,-0.32662,38.26756,8.23383,134.0,140.0,125010.0,0.0,1.00315,7e-05,0.05900181244167522,0.055714552844473776,0.502197725396651
YHR118C,5,0.00016474658590271608,0.2186167187261041,0.0004733350610847479,0.0,3.0265111346765643,1.0,0.0,1,0.06897,-0.68667,58.20943,8.15704,64.0,67.0,46755.0,0.0,0.92962,0.00016,0.08971985818844534,0.08233295696528463,0.5136019583774112
YJR006W,3,9.123567883109373e-05,0.23436807572571258,0.0022997309566754522,0.3333333333333333,3.0,1.0,0.0,1,0.0924,-0.33552,36.98768,4.81793,72.0,52.0,58675.0,0.0,1.06112,9e-05,0.08971985818844534,0.08233295696528463,0.5137221594942141
YNL291C,6,0.00012849484913644672,0.2524448206267704,0.008918720077540463,0.2,1.7376543209876543,0.3333333333333333,7.0,0,0.12956,-0.16022,37.15843,4.36469,60.0,29.0,99975.0,0.0,1.62366,7e-05,0.0,0.0,0.5
YOL093W,2,3.444750959580767e-05,0.2294342786782612,0.001035317411585872,0.0,1.0,0.5,0.0,0,0.07509,-0.98089,50.65768,9.28766,47.0,57.0,35785.0,0.0,1.03664,0.00027,0.0,0.0,0.5
YDL104C,1,0.0,0.1396441182986273,6.174667620841936e-08,0.0,0.0,0.0,0.0,0,0.07371,-0.15209,33.74106,7.62067,47.0,48.0,41450.0,0.0,0.91013,0.00017,0.0,0.0,0.0
YDL106C,2,1.2342863424216525e-05,0.2029030848001071,0.00010604191395352926,0.0,0.0,1.0,0.0,0,0.06798,-0.97174,42.70358,4.88885,78.0,49.0,34295.0,0.0,0.54102,8e-05,0.0,0.0,0.0
YFR034C,3,9.876817919823993e-05,0.22369356698682988,0.00022332316762765114,0.0,1.40521327014218,0.5,0.0,0,0.03526,-0.75962,61.10353,7.25238,38.0,38.0,17085.0,0.0,0.5012,0.00021,0.0,0.0,0.5
YDL107W,1,0.0,0.1714107495062437,3.258241453379362e-06,0.0,0.0,0.0,0.0,0,0.0,0.0,0.0,0.0,0.0,0.0,0.0,0.0,0.0,0.0,0.0,0.0,0.0
YDL108W,6,0.0003176068708559282,0.21213520569474426,0.00015977018867495486,0.0,3.8377551020408163,1.0,0.0,1,0.10458,-0.19804,37.84935,6.40131,38.0,36.0,47370.0,0.0,1.34396,0.00018,0.08971985818844534,0.08233295696528463,0.5107267080332331
YDL140C,10,0.004580661673675802,0.23524161049838851,0.0003825262680077267,0.0,8.832323232323231,1.0,0.0,1,0.07444,-0.39838,55.27155,5.41815,219.0,176.0,160545.0,0.0,0.83788,3e-05,0.05900181244167522,0.055714552844473776,0.5031540145994985
YGL134W,2,6.248865206504302e-05,0.2262548523445175,0.001377654269861299,0.0,1.5598755832037325,0.0,0.0,0,0.07159,-0.44388,43.84991,4.82367,69.0,44.0,18670.0,0.0,0.38428,0.0001,0.0,0.0,0.5
YOR151C,4,0.00019656770097513084,0.20551629035376323,7.49485363368599e-05,0.0,4.0,1.0,0.0,1,0.08415,-0.39077,44.01985,6.09235,170.0,153.0,109165.0,0.0,0.78678,4e-05,0.05900181244167522,0.055714552844473776,0.5069643191055592
YPR025C,4,0.00028004906666652776,0.22589226444011923,0.00069342890913079,0.16666666666666666,2.874258600237248,0.0,0.0,1,0.08651,-0.60865,40.92499,6.44598,59.0,57.0,31455.0,0.0,0.69575,0.00014,0.08971985818844534,0.0,0.5
YDL110C,4,0.004664270057801617,0.22708104340667126,0.0019908817794149977,0.0,0.0,0.5,0.0,0,0.04,-0.77133,31.008,4.5799,31.0,18.0,6085.0,0.0,0.36282,0.00027,0.0,0.0,0.0
YKL015W,2,6.245989861915007e-05,0.18575458775835854,5.740724556914234e-05,0.0,0.0,1.0,0.0,0,0.09295,-0.43422,43.6275,5.22601,122.0,93.0,101380.0,0.0,0.90995,5e-05,0.0,0.0,0.0
YLR125W,5,0.0012808578037113787,0.23146878265471738,0.0008470407307857844,0.0,1.0,0.0,0.0,0,0.05882,-0.88824,61.49632,4.3327,32.0,14.0,21220.0,0.0,1.3962,0.00029,0.0,0.0,0.5
YOR078W,3,0.00028916723713549365,0.19988198101337834,0.00028679239450143734,0.0,1.0,0.5,0.0,0,0.02804,-1.26355,64.56121,6.17987,44.0,42.0,8480.0,0.0,0.34776,0.00025,0.0,0.0,0.5
YJL036W,5,0.0006573281889826605,0.24953990265071593,0.0027667111325406367,0.1,1.5679012345679013,0.0,2.0090909090909093,0,0.08983,-0.76241,38.34449,6.07086,71.0,65.0,40715.0,0.0,0.83089,0.00012,0.0,0.0,0.5
YDL114W,3,0.000429137323943662,0.15446189101505028,6.091955268785625e-07,0.0,0.0,0.0,0.0,0,0.07468,-0.0763,43.9588,9.51556,24.0,36.0,19410.0,0.0,0.56598,0.00028,0.0,0.0,0.0
YDL123W,1,0.0,0.13314556644581335,1.9131332287783223e-08,0.0,0.0,0.0,0.0,0,0.12857,-0.02214,70.92007,6.02142,8.0,7.0,21150.0,0.0,1.34948,0.00038,0.0,0.0,0.0
YLR040C,1,0.0,0.13314556644581335,1.9131332287783223e-08,0.0,0.0,0.0,0.0,0,0.12946,0.05268,45.60491,4.76678,15.0,7.0,18910.0,0.0,0.77303,0.00019,0.0,0.0,0.0
YCL044C,1,0.0,0.20420625798334133,3.9065484446804774e-05,0.0,1.0,0.0,0.0,0,0.08393,-0.44269,43.61153,9.33453,43.0,52.0,46535.0,0.0,0.98684,0.0002,0.0,0.0,0.5
YCL069W,1,0.0,0.20420625798334133,3.9065484446804774e-05,0.0,0.0,0.0,0.0,0,0.12227,0.6107,31.76664,9.25494,25.0,36.0,46255.0,0.0,0.92096,0.00018,0.0,0.0,0.0
YDR113C,2,0.000214568661971831,0.20422598233937178,3.9113271613141656e-05,0.0,1.1985138004246285,0.5,0.0,1,0.0429,-1.07131,59.79893,4.85675,68.0,49.0,13535.0,0.0,0.32351,0.00012,0.08971985818844534,0.07606989737809992,0.531735094477489
YGL179C,1,0.0,0.20420625798334133,3.9065484446804774e-05,0.0,1.0,0.0,0.0,0,0.07679,-0.30286,52.23304,7.14471,61.0,61.0,43540.0,0.0,0.70124,0.00012,0.0,0.0,0.5
YGL263W,2,2.0100056011748388e-05,0.20797241874386624,4.2557509591945545e-05,0.0,0.0,0.0,0.0,0,0.17632,-0.10526,35.99763,8.59979,36.0,41.0,106310.0,0.0,2.37283,0.00019,0.0,0.0,0.0
YHL004W,12,0.003937799518665509,0.2611439010880647,0.0021820198517435493,0.0,12.0,0.0,0.0,0,0.06853,-0.55482,53.49673,8.73688,45.0,48.0,37360.0,0.0,0.84618,0.0002,0.0,0.0,0.5
YHR033W,1,0.0,0.20420625798334133,3.9065484446804774e-05,0.0,1.0,0.0,0.0,0,0.0591,-0.16903,33.28392,5.71014,51.0,42.0,33265.0,0.0,0.70983,0.00012,0.0,0.0,0.5
YJL041W,10,0.0010544750646541304,0.24494341927241842,0.0008112043307710791,0.13333333333333333,8.593849416755036,0.25,38.5,1,0.08262,-0.96586,28.15747,6.03387,96.0,93.0,16960.0,0.0,0.19604,7e-05,0.08971985818844534,0.06602488493524936,0.5038414034115215
YJL090C,5,0.0023662921318714373,0.20875268748181036,6.453259627391648e-05,0.0,4.676344086021506,1.0,0.0,1,0.09031,-0.44777,44.23861,9.08417,79.0,96.0,79645.0,0.0,0.91295,0.0001,0.08971985818844534,0.08233295696528463,0.5088031329015538
YOL014W,3,0.00022399113381727816,0.2059968428643332,4.4438412260434467e-05,0.0,1.9867549668874172,0.0,0.0,0,0.15323,0.02016,37.50403,6.24139,9.0,8.0,30535.0,0.0,2.19412,0.00045,0.0,0.0,0.5
YOR180C,6,0.00043165662447991726,0.24297306310727604,0.000550997222307809,0.13333333333333333,2.842319430315361,0.0,6.166666666666667,0,0.09594,0.09742,38.13838,8.75787,23.0,27.0,14940.0,0.0,0.49705,0.00029,0.0,0.0,0.5
YOR294W,2,0.00021454101493382404,0.20422598233937178,3.9113271613141656e-05,0.0,1.678714859437751,1.0,0.0,1,0.04926,-0.85222,34.03251,9.46259,30.0,38.0,27960.0,0.0,1.21761,0.00041,0.08971985818844534,0.08233295696528463,0.5245226151726745
YPL091W,2,8.603021553342347e-05,0.21871848506874067,0.00016055726045370561,0.0,1.3492586490939045,0.0,0.0,0,0.08282,-0.3029,30.23685,7.66766,59.0,60.0,50935.0,0.0,0.95312,0.00014,0.0,0.0,0.5
YDL120W,4,0.0004778522805691787,0.18573826987829015,1.3536382112528202e-05,0.0,0.0,0.0,0.0,1,0.0,0.0,0.0,0.0,0.0,0.0,0.0,0.0,0.0,0.0,0.08971985818844534,0.0,0.0
YGR207C,3,0.0007477415564199022,0.22802389810294052,0.00044044626456267823,0.0,1.2428909952606635,0.0,0.0,0,0.02682,-0.19502,38.91571,8.58698,37.0,40.0,7365.0,0.0,0.2561,0.0003,0.0,0.0,0.5
YPR004C,2,0.000214568661971831,0.15576481473106793,4.5904257844941905e-07,0.0,1.0,0.0,0.0,0,0.05233,0.06047,31.47907,8.7215,35.0,40.0,18170.0,0.0,0.49372,0.00024,0.0,0.0,0.5
YDL121C,2,1.0384385675854618e-05,0.21633515067882705,0.0001561835221882553,0.0,1.0,0.5,0.0,0,0.10067,-0.61544,31.44094,7.815,25.0,26.0,8940.0,0.0,0.52753,0.00046,0.0,0.0,0.5
YMR305C,2,2.3633462723886397e-05,0.22193257008077213,0.00018570520610382277,0.0,1.0,0.0,0.0,0,0.07455,-0.16015,33.35321,4.50836,39.0,21.0,51965.0,0.0,1.28408,0.00011,0.0,0.0,0.5
YDL190C,1,0.0,0.17029935122705617,6.668849231718399e-06,0.0,1.0,0.5,0.0,0,0.10718,-0.24755,42.86132,5.56195,131.0,111.0,58900.0,0.0,0.53587,5e-05,0.0,0.0,0.5
YDL127W,7,0.0007000975007610269,0.2626850037469892,0.008120440765176606,0.23809523809523808,3.7322033898305085,0.3333333333333333,6.888888888888889,0,0.07468,-0.46981,44.61494,9.71869,29.0,46.0,31775.0,0.0,0.90252,0.00028,0.0,0.0,0.5
YPL031C,74,0.010059296775994217,0.2942934922624422,0.048215545251666575,0.030729359496482783,53.21921921921922,0.5,97.77712842712842,0,0.0918,-0.38098,37.71279,8.28143,33.0,35.0,44265.0,0.0,1.26813,0.00024,0.0,0.0,0.5
YDL128W,1,0.0,0.00022002200220022002,4.36630699855352e-12,0.0,1.0,0.0,0.0,0,0.09489,0.70535,27.54358,5.38995,30.0,19.0,35785.0,0.0,0.80153,0.00012,0.0,0.0,0.5
YKL102C,1,0.0,0.00022002200220022002,4.36630699855352e-12,0.0,1.0,0.0,0.0,0,0.09901,0.09109,49.03762,9.29974,7.0,13.0,6585.0,0.0,0.57646,0.00081,0.0,0.0,0.5
YDL130W,14,0.0010472270535712802,0.24117162029879274,0.0004318635366575968,0.02197802197802198,12.896969696969697,0.0,7.2,0,0.06604,0.04906,38.98868,3.88422,22.0,5.0,6990.0,0.0,0.65526,0.00036,0.0,0.0,0.5
YDR367W,2,0.000214568661971831,0.19295930596938315,1.3911882501809156e-05,0.0,1.0,0.0,0.0,1,0.1448,0.31765,32.41498,8.21747,16.0,18.0,48525.0,0.0,1.90417,0.00032,0.08971985818844534,0.0,0.5
YDR382W,4,0.0001082674795259463,0.2159043801857976,0.00043364046733997423,0.16666666666666666,3.7959595959595958,0.0,1.0,0,0.04545,-0.13182,36.32909,4.10773,23.0,8.0,2980.0,0.0,0.26968,0.00037,0.0,0.0,0.5
YDR399W,2,0.00010571628781073155,0.2311145647001712,0.00052787604616439,0.0,1.6766004415011038,0.5,0.0,0,0.0905,-0.41765,30.12172,5.46356,34.0,28.0,28670.0,0.0,1.13813,0.00022,0.0,0.0,0.5
YJL208C,4,0.0003231536093019164,0.2338625810374423,0.0015531050520110683,0.0,1.4072847682119205,0.0,0.0,0,0.10334,-0.49635,36.14015,8.94855,36.0,43.0,31120.0,0.0,0.83636,0.00024,0.0,0.0,0.5
YJL210W,4,0.0004819433655651134,0.23810265711255812,0.0008248244786925063,0.0,3.2008830022075054,0.0,0.0,0,0.14022,0.01144,35.60373,9.15253,16.0,28.0,62475.0,0.0,2.03163,0.0003,0.0,0.0,0.5
YJR012C,1,0.0,0.1929416977834116,1.3892902199398218e-05,0.0,1.0,0.0,0.0,1,0.07246,-0.36667,56.16382,4.61298,28.0,15.0,13575.0,0.0,0.58539,0.0002,0.08971985818844534,0.0,0.5
YJR108W,3,0.0007579353160423556,0.23999450569347516,0.00105424316932227,0.0,2.9619565217391304,0.0,0.0,0,0.13821,-0.14959,36.09106,4.40558,17.0,7.0,42190.0,0.0,2.97036,0.00031,0.0,0.0,0.5
YJR144W,2,4.9865210158172905e-05,0.22844272002155647,0.0025054433997710374,0.0,1.0,0.0,0.0,0,0.09294,-0.51673,26.84721,9.39655,29.0,43.0,43275.0,0.0,1.43818,0.00031,0.0,0.0,0.5
YKL002W,41,0.012345642900960322,0.2868278634144361,0.0036268938559109714,0.004878048780487805,19.643995749202976,0.0,17.0,0,0.03448,-0.75259,41.33405,5.22723,38.0,33.0,6990.0,0.0,0.26588,0.0002,0.0,0.0,0.5
YLR051C,4,0.0006801011649622478,0.2551407741232673,0.0017387022910431516,0.16666666666666666,2.9647964796479647,0.5,2.0,1,0.06452,-1.27926,61.66456,9.48883,40.0,50.0,18450.0,0.0,0.7197,0.00037,0.08971985818844534,0.07606989737809992,0.5128288565337092
YFL009W,8,0.002436328544344323,0.22489513324038887,0.00043451242333328343,0.32142857142857145,3.965005302226935,1.0,15.355555555555554,1,0.08087,-0.28228,37.84969,6.66925,81.0,77.0,100240.0,0.0,1.16438,8e-05,0.05900181244167522,0.055714552844473776,0.5070257854148621
YGL249W,3,0.00010713638987461793,0.20709648809045655,0.00010420851718274943,0.0,2.544959128065395,0.5,0.0,0,0.10653,-0.53778,43.39645,8.48541,98.0,105.0,106365.0,0.0,1.28437,0.0001,0.0,0.0,0.5
YJR090C,9,0.0008245032269816697,0.24490086235704128,0.002889669661436996,0.1111111111111111,7.602308499475341,0.0,4.983408748114631,0,0.07472,-0.39696,44.7524,6.08075,137.0,124.0,81355.0,0.0,0.61292,5e-05,0.0,0.0,0.5
YLR100W,3,0.0001409693702961068,0.206701690796707,9.270391363500939e-05,0.3333333333333333,1.7045951859956237,0.5,2.5,1,0.1268,-0.11902,23.02369,8.28326,37.0,39.0,54905.0,0.0,1.38215,0.00021,0.08971985818844534,0.07606989737809992,0.5223131855595582
YLR368W,10,0.0009518910754324353,0.24194434090393818,0.004417771180553593,0.022222222222222223,3.611410118406889,0.0,5.0,0,0.12709,-0.38779,44.24753,5.93658,83.0,74.0,103805.0,0.0,1.47183,8e-05,0.0,0.0,0.5
YDL135C,4,6.3034320874349265e-06,0.22544667006019256,0.0011809041949672355,0.0,2.8154761904761907,0.0,0.0,0,0.09406,-0.64455,25.49411,5.76532,34.0,31.0,24410.0,0.0,1.05498,0.00025,0.0,0.0,0.5
YDL137W,4,3.588625658443027e-05,0.20633859619005718,7.631145663796737e-05,0.5,3.513684210526316,0.0,21.0,0,0.09945,-0.27403,41.16575,6.75055,21.0,21.0,36565.0,0.0,1.77007,0.00033,0.0,0.0,0.5
YDL226C,20,0.007958656468079637,0.24439133042357003,0.000838756592648352,0.042105263157894736,14.335758835758837,0.0,8.8,0,0.09091,-0.92358,44.86023,5.64606,50.0,43.0,42690.0,0.0,1.08637,0.00014,0.0,0.0,0.5
YGL137W,2,0.0,0.19001991508578378,4.0181527814765426e-05,1.0,1.9895833333333333,0.0,2.0,1,0.10799,-0.38223,27.9712,4.62714,138.0,81.0,159920.0,0.0,1.60815,5e-05,0.05900181244167522,0.0,0.5
YDL138W,2,0.00038077290189120596,0.21605881822598771,0.00017291844163977945,0.0,1.0,0.0,0.0,0,0.09961,0.06999,36.394,5.67938,61.0,50.0,94295.0,0.0,1.13392,7e-05,0.0,0.0,0.5
YDL139C,2,6.542095431074538e-05,0.22917316227612358,0.000693697195363398,0.0,1.0,1.0,0.0,1,0.04036,-1.18655,44.41166,6.21613,48.0,45.0,20065.0,0.0,0.77912,0.00024,0.08971985818844534,0.08233295696528463,0.5411664784826423
YER125W,15,0.0034490434534559904,0.27209981277389045,0.004148299245487868,0.01904761904761905,13.010090817356206,0.5,3.841269841269841,1,0.10136,-0.678,40.1078,6.24396,104.0,97.0,113720.0,0.0,1.23858,7e-05,0.05900181244167522,0.05277425862356333,0.5020282048513127
YGL130W,2,0.000214568661971831,0.1891444822793323,1.2512694887256827e-05,0.0,1.930964467005076,1.0,0.0,1,0.09368,-0.55621,40.6,5.5816,67.0,58.0,61850.0,0.0,1.17221,0.00011,0.08971985818844534,0.08233295696528463,0.5213191279208216
YML010W,1,0.0,0.18912756341155829,1.2494089950800671e-05,0.0,1.0,0.5,0.0,1,0.05738,-0.8317,36.39878,5.09344,168.0,133.0,117145.0,0.0,1.01294,4e-05,0.05900181244167522,0.05277425862356333,0.5263871293117817
YNL266W,3,0.0007460331927430385,0.24965776303690118,0.001115306270680435,0.0,2.8221052631578947,0.0,0.0,0,0.18705,0.70935,37.5741,5.71283,10.0,9.0,11960.0,0.0,0.77113,0.00037,0.0,0.0,0.5
YOR210W,4,0.00016977381780364952,0.217034653578271,8.172988560038175e-05,0.0,3.8224489795918366,0.5,0.0,1,0.08571,-0.27286,51.75429,7.65314,11.0,12.0,10470.0,0.0,1.26486,0.00092,0.08971985818844534,0.07606989737809992,0.5099504136986837
YOR224C,4,0.000427084730789576,0.2385189909368285,0.0008025928279477476,0.0,3.966326530612245,1.0,0.0,1,0.10274,-0.38699,45.7137,4.52594,21.0,14.0,19160.0,0.0,1.16042,0.00027,0.08971985818844534,0.08233295696528463,0.5103789938031874
YPR086W,103,0.05653847633109158,0.28723700518401246,0.005853493759588092,0.0015229392727964973,89.26363636363637,1.0,17.016666666666666,1,0.04928,-0.31217,28.33507,8.85187,44.0,52.0,17180.0,0.0,0.44974,0.00023,0.8512783293698793,0.45983270903388657,0.502575700070971
YDR212W,5,9.787668627229378e-05,0.21481855170531025,0.0017313483794320257,0.3,4.158351409978308,0.0,3.0,1,0.03578,-0.03506,40.3746,6.08392,73.0,68.0,12920.0,0.0,0.21362,0.0001,0.08971985818844534,0.0,0.5
YIL142W,6,0.00010591624266745145,0.24759665029094396,0.01404793631439689,0.4,4.7554630593132154,0.0,7.5,1,0.04364,-0.15332,34.99734,5.79474,72.0,65.0,8200.0,0.0,0.14335,0.0001,0.08971985818844534,0.0,0.5
YDL144C,1,0.0,0.16643195805726668,1.0465085986495317e-06,0.0,0.0,0.5,0.0,0,0.07584,-0.09635,40.27753,6.2829,44.0,41.0,40505.0,0.0,1.01817,0.00016,0.0,0.0,0.0
YDR088C,4,0.0003583786661732199,0.2011273812280158,3.2906920004955925e-05,0.0,1.9501625135427951,1.0,0.0,1,0.06283,-1.4212,41.36754,8.89093,70.0,77.0,50225.0,0.0,1.12521,0.0002,0.08971985818844534,0.08233295696528463,0.521109255355266
YDL146W,2,0.000214568661971831,0.22990829067139845,0.0007597881295898785,0.0,1.0,0.0,0.0,0,0.09369,-0.20611,43.8811,5.67328,60.0,53.0,46395.0,0.0,0.82044,0.0001,0.0,0.0,0.5
YKL070W,1,0.0,0.18566487488228978,2.2072485141728658e-05,0.0,0.0,0.0,0.0,0,0.12426,-0.57278,40.89822,9.18463,22.0,27.0,28210.0,0.0,1.42277,0.00046,0.0,0.0,0.0
YDL147W,6,0.0017377269991622434,0.2603240082688397,0.0019512682957070007,0.0,4.516161616161616,0.0,0.0,1,0.06966,-0.44899,41.64876,5.79352,70.0,61.0,54570.0,0.0,1.05413,0.00011,0.08971985818844534,0.0,0.5
YDR179C,4,0.00030846531856554694,0.2101427814102784,7.279752127902831e-05,0.0,1.0,0.5,0.0,0,0.09259,-0.58457,60.01667,5.0722,31.0,23.0,21805.0,0.0,1.11958,0.00026,0.0,0.0,0.5
YDR201W,13,0.0007803651850083966,0.25968454865629037,0.0050229218022450565,0.08974358974358974,5.612307692307692,0.25,6.0,1,0.02424,-0.74061,47.38909,4.76495,35.0,26.0,4595.0,0.0,0.243,0.00025,0.08971985818844534,0.06602488493524936,0.5058821512072248
YDR341C,1,0.0,0.20500815389145452,5.657544561439252e-05,0.0,1.0,0.0,0.0,1,0.10214,-0.31895,33.21763,6.32501,84.0,79.0,85635.0,0.0,1.23173,9e-05,0.08971985818844534,0.0,0.5
YDL149W,1,0.0,0.13760830427331702,3.291491068788096e-08,0.0,0.0,0.2,0.0,0,0.12136,-0.54554,41.08008,5.65863,131.0,110.0,130040.0,0.0,1.12685,5e-05,0.0,0.0,0.0
YLR065C,2,0.000214568661971831,0.16050036779591725,1.003725254244772e-06,0.0,0.0,0.5,0.0,0,0.12707,-0.13702,28.57127,10.21014,9.0,30.0,31650.0,0.0,1.52594,0.00049,0.0,0.0,0.0
YDL150W,1,0.0,0.00022002200220022002,4.36630699855352e-12,0.0,1.0,1.0,0.0,1,0.03555,-0.94408,44.85924,8.59259,75.0,78.0,8480.0,0.0,0.18171,0.00018,0.08971985818844534,0.08233295696528463,0.5411664784826423
YKR025W,1,0.0,0.00022002200220022002,4.36630699855352e-12,0.0,1.0,1.0,0.0,1,0.07092,-0.85922,48.04897,4.39069,65.0,32.0,26930.0,0.0,0.83785,0.00014,0.08971985818844534,0.08233295696528463,0.5411664784826423
YDL153C,32,0.004532599465133866,0.2521437714101146,0.0011106162505419394,0.0020161290322580645,17.515704154002027,0.5,0.0,1,0.06721,-1.29934,53.92756,4.59491,158.0,97.0,44935.0,0.0,0.63957,7e-05,0.05900181244167522,0.05277425862356333,0.5015064840716525
YBR041W,2,0.00012699023652290245,0.23461513483794008,0.002694778512036213,0.0,0.0,0.0,0.0,0,0.13303,-0.17339,36.11212,8.54303,71.0,77.0,123285.0,0.0,1.5982,0.00011,0.0,0.0,0.0
YDR040C,2,0.00017015082835103112,0.23141811362770384,0.00029354948966298593,0.0,1.9913419913419914,0.0,0.0,0,0.08616,-0.0549,34.40541,5.34515,130.0,102.0,127250.0,0.0,1.05728,4e-05,0.0,0.0,0.5
YDR269C,2,0.00016605713693837275,0.2458405435915954,0.0010193765155002347,0.0,1.5361635220125787,0.0,0.0,0,0.05607,0.81215,50.51963,6.2226,4.0,3.0,7490.0,0.0,0.651,0.00054,0.0,0.0,0.5
YDR307W,4,0.0007615090405402433,0.2300208436857611,0.0003699118504988099,0.16666666666666666,3.775201612903226,0.5,2.333333333333333,0,0.16616,0.06934,36.66307,6.34064,64.0,60.0,159640.0,0.0,2.05805,8e-05,0.0,0.0,0.5
YDR422C,8,0.0016477469868507906,0.2629627007225317,0.0019450437062903225,0.03571428571428571,6.998989898989899,0.0,0.0,0,0.06135,-0.76663,49.95607,6.10272,104.0,88.0,51270.0,0.0,0.56298,7e-05,0.0,0.0,0.5
YFL001W,2,4.539117199091487e-05,0.2312662395580548,0.0025255597038368917,0.0,1.2966867469879517,1.0,0.0,0,0.09502,-0.44887,49.44799,9.34027,51.0,69.0,46965.0,0.0,0.92291,0.00018,0.0,0.0,0.5
YGL120C,1,0.0,0.19990087880869017,3.400920626525266e-05,0.0,1.0,1.0,0.0,1,0.08214,-0.47119,44.81095,5.99799,112.0,99.0,62075.0,0.0,0.70894,7e-05,0.05900181244167522,0.055714552844473776,0.5278572764222369
YGL198W,10,0.0020177047903187097,0.2556961658192667,0.0014060005441886908,0.2222222222222222,4.758767268862912,0.0,17.1,0,0.10213,0.52128,49.68894,6.49835,17.0,16.0,43930.0,0.0,1.68993,0.00025,0.0,0.0,0.5
YGR160W,3,0.00014411923468255616,0.22465617544063285,0.0005954216706238415,0.0,0.0,0.0,0.0,0,0.08374,-0.52463,101.40842,3.16193,64.0,2.0,7365.0,0.0,0.33208,0.00014,0.0,0.0,0.0
YGR290W,2,3.251352208440073e-05,0.2113506192682443,0.0001654041269357591,0.0,1.5216374269005848,0.0,0.0,0,0.19728,0.4619,45.56741,7.67755,9.0,10.0,24325.0,0.0,1.44945,0.00046,0.0,0.0,0.5
YJL175W,1,0.0,0.19990087880869017,3.400920626525266e-05,0.0,0.0,0.0,0.0,0,0.1,0.97353,49.45412,4.64825,9.0,6.0,23000.0,0.0,1.29713,0.00026,0.0,0.0,0.0
YJR002W,3,2.4378626153116403e-05,0.20409784209271836,4.724157332018317e-05,0.0,1.0,0.5,0.0,1,0.0489,-0.94755,58.50573,4.54584,140.0,84.0,33015.0,0.0,0.49312,7e-05,0.05900181244167522,0.05277425862356333,0.5263871293117817
YNL125C,2,6.7108141271873665e-06,0.2060369903683021,4.2384974373941665e-05,0.0,1.0,0.5,0.0,0,0.09955,0.21486,31.56374,8.62604,54.0,61.0,87790.0,0.0,1.18955,0.00012,0.0,0.0,0.5
YNL280C,2,6.751795263381978e-05,0.23266592518949283,0.0007931313273742821,0.0,0.0,0.0,0.0,0,0.15068,0.21347,32.00824,8.99677,34.0,43.0,109625.0,0.0,2.16587,0.00018,0.0,0.0,0.0
YOL118C,1,0.0,0.19990087880869017,3.400920626525266e-05,0.0,0.0,0.0,0.0,0,0.15686,-0.48922,50.66088,10.20319,5.0,20.0,18825.0,0.0,1.53419,0.00083,0.0,0.0,0.0
YOR252W,2,9.021603390243405e-06,0.20350850331195108,4.6561882845795076e-05,0.0,1.0,1.0,0.0,0,0.0618,-0.97079,39.46404,10.065,24.0,39.0,7115.0,0.0,0.34143,0.00048,0.0,0.0,0.5
YOR309C,2,5.726941017950291e-06,0.21489496850894563,0.00019172700812273335,0.0,0.0,0.0,0.0,0,0.07143,-1.23968,138.20246,12.53302,4.0,56.0,3105.0,0.0,0.19056,0.00077,0.0,0.0,0.0
YOR314W,4,0.0017765085978024792,0.2636184271753028,0.0016717050197204294,0.0,2.818590704647676,0.0,0.0,0,0.12844,0.20826,42.44413,7.65839,11.0,12.0,6460.0,0.0,0.51583,0.00061,0.0,0.0,0.5
YPL026C,2,0.000275586015068281,0.20382239313245443,3.726744770157613e-05,0.0,1.0,0.0,0.0,0,0.09163,-0.46414,46.79902,5.01898,64.0,40.0,47800.0,0.0,0.82637,9e-05,0.0,0.0,0.5
YPL076W,3,2.8304336311001582e-05,0.22252818977630015,0.001111912546080903,0.0,2.8121085594989563,0.0,0.0,1,0.15357,0.39393,42.91079,9.42548,18.0,27.0,72100.0,0.0,2.21322,0.00029,0.08971985818844534,0.0,0.5
YPR029C,5,0.00013432546060625897,0.21323701226962996,6.638670692448864e-05,0.1,1.0,0.0,2.05,0,0.07091,-0.13942,38.68846,5.2608,114.0,91.0,53385.0,0.0,0.57021,6e-05,0.0,0.0,0.5
YGL170C,5,0.0005555940414323069,0.24316867109367638,0.0005958840196053217,0.1,4.454285714285715,0.0,2.0,0,0.10654,-0.9753,51.45521,5.84723,58.0,50.0,43235.0,0.0,0.90641,0.00012,0.0,0.0,0.5
YDL156W,2,1.1687106384939774e-05,0.20190523254006074,6.838991232511064e-05,0.0,1.610200364298725,0.5,0.0,0,0.08046,-0.64617,39.55862,6.7923,77.0,76.0,54360.0,0.0,0.91894,0.00011,0.0,0.0,0.5
YGR040W,8,0.00021003984565606826,0.22909866672006893,0.00034754731769884306,0.17857142857142858,6.813978494623656,0.5,3.9,0,0.09511,-0.28397,40.02337,5.40082,54.0,42.0,56100.0,0.0,1.31407,0.00013,0.0,0.0,0.5
YGR178C,8,0.0009238863143850097,0.24889365452142623,0.0007502411695238512,0.0,5.402918069584736,0.3333333333333333,0.0,0,0.06648,-0.84557,50.09698,6.42572,90.0,84.0,44475.0,0.0,0.56454,8e-05,0.0,0.0,0.5
YJR122W,3,1.9333599655751005e-05,0.22610967759164965,0.0004452599141254578,0.0,2.3092105263157894,0.0,0.0,0,0.11268,-0.433,37.18111,7.69916,60.0,61.0,58580.0,0.0,1.02674,0.00013,0.0,0.0,0.5
YDL161W,5,0.000539207510115288,0.21790699733685623,0.00042856677226681074,0.0,2.27363184079602,0.0,0.0,0,0.07269,-1.10066,66.74229,5.63715,59.0,53.0,36580.0,0.0,0.69874,0.00011,0.0,0.0,0.5
YDL164C,2,3.248976497858036e-05,0.21745876737216047,0.0011393149440899711,0.0,1.694949494949495,0.3333333333333333,0.0,1,0.07285,-0.4151,40.42119,7.44171,101.0,102.0,52770.0,0.0,0.62209,9e-05,0.08971985818844534,0.07069233844701739,0.5208538185526064
YGL207W,10,0.002895886842235573,0.2482216007465973,0.005996801386284291,0.06666666666666667,9.458585858585858,0.5,2.1984126984126986,1,0.09565,-0.64812,47.96427,4.99261,176.0,138.0,110795.0,0.0,0.93396,4e-05,0.05900181244167522,0.05277425862356333,0.5027897541668799
YDL165W,6,0.0006019348514414985,0.2533219427495976,0.0024993217379914692,0.0,2.3163841807909606,0.5,0.0,1,0.13089,-0.40576,44.70534,5.59576,25.0,21.0,32680.0,0.0,1.46139,0.00025,0.08971985818844534,0.07606989737809992,0.5164199656535654
YGR014W,7,0.00035186208867373235,0.24670107871880473,0.009359642751667677,0.0,1.4260485651214128,0.0,0.0,0,0.06049,-0.17167,61.0654,4.06317,88.0,27.0,82420.0,0.0,0.61917,3e-05,0.0,0.0,0.5
YDL166C,2,6.216519935983727e-05,0.1923974334737264,2.9216569827797784e-05,0.0,0.0,0.5,0.0,1,0.08122,-0.74772,47.22487,4.53973,43.0,22.0,30410.0,0.0,1.3383,0.0002,0.08971985818844534,0.07606989737809992,0.5
YLR222C,4,0.0009568891726419119,0.23423825349354857,0.0008689406782364062,0.0,1.8726315789473684,0.5,0.0,1,0.06854,-0.19412,38.35681,5.22369,109.0,82.0,109915.0,0.0,1.20745,6e-05,0.05900181244167522,0.05277425862356333,0.5140909347083713
YDL167C,2,0.000214568661971831,0.1756543653036069,3.317641870643867e-06,0.0,0.0,0.0,0.0,0,0.07232,-0.70834,48.49638,6.40045,62.0,56.0,75215.0,0.0,0.94851,8e-05,0.0,0.0,0.0
YBL081W,2,0.000429137323943662,0.2147312847366593,9.284687363844665e-05,0.0,1.0,0.0,0.0,0,0.09239,-0.96495,62.48995,8.56525,13.0,15.0,49280.0,0.0,1.20884,0.00021,0.0,0.0,0.5
YBR212W,1,0.0,0.14859975367463304,1.081856429241715e-07,0.0,0.0,0.0,0.0,0,0.0744,-0.70074,53.30493,8.17487,51.0,53.0,54820.0,0.0,0.73071,0.00011,0.0,0.0,0.0
YNR073C,1,0.0,0.1911451064647214,3.8458533150555805e-05,0.0,0.0,0.0,0.0,0,0.0,0.0,0.0,0.0,0.0,0.0,0.0,0.0,0.0,0.0,0.0,0.0,0.0
YDL179W,3,2.354607627157418e-05,0.23743420495895745,0.003837539907208625,0.0,2.7071352502662407,0.0,0.0,0,0.07895,-0.37105,53.85987,9.65448,24.0,35.0,34295.0,0.0,0.98556,0.00028,0.0,0.0,0.5
YKR054C,27,0.003123582145776242,0.2780760958978781,0.0666440942416522,0.18233618233618235,8.452235772357724,0.0,45.10274725274725,0,0.09555,-0.19765,40.9783,5.90216,544.0,485.0,476425.0,0.0,1.01078,1e-05,0.0,0.0,0.5
YDL185W1,1,0.0,0.19156941153932372,5.405208861049347e-05,0.0,0.0,0.0,0.0,0,0.0,0.0,0.0,0.0,0.0,0.0,0.0,0.0,0.0,0.0,0.0,0.0,0.0
YDL186W,2,0.000214568661971831,0.19935428956812332,4.000363391005048e-05,0.0,1.9950738916256157,0.0,0.0,0,0.09747,-0.9361,73.26498,5.45428,41.0,32.0,32930.0,0.0,1.02277,0.00017,0.0,0.0,0.5
YJL167W,1,0.0,0.16521598711932142,1.2459281751408188e-06,0.0,1.0,0.0,0.0,1,0.11364,-0.32017,36.80259,5.32037,55.0,46.0,52550.0,0.0,1.29808,0.00013,0.08971985818844534,0.0,0.5
YDL188C,2,0.0,0.19711477137552005,8.740810600869172e-05,1.0,2.0,0.0,2.9,0,0.09814,-0.57454,32.77695,4.62921,62.0,32.0,50975.0,0.0,1.18418,0.00011,0.0,0.0,0.5
YDR320C,5,9.961405095485332e-05,0.240787107978535,0.0036975092608080265,0.3,2.6684378320935176,0.3333333333333333,11.745129870129867,0,0.07036,-0.71018,44.7337,5.14203,103.0,83.0,61100.0,0.0,0.81446,7e-05,0.0,0.0,0.5
YGL206C,7,0.00022785666498957276,0.22880116818088042,0.0011534322008217761,0.14285714285714285,5.371601208459214,0.0,0.0,0,0.09135,-0.16679,40.42354,5.11371,227.0,170.0,183050.0,0.0,0.97766,3e-05,0.0,0.0,0.5
YGR130C,3,5.397608079225833e-05,0.223021105971153,0.0007833179064648663,0.3333333333333333,2.9374358974358974,0.0,0.0,0,0.03799,-1.25809,52.9136,4.96429,160.0,116.0,47455.0,0.0,0.51194,5e-05,0.0,0.0,0.5
YDL193W,3,0.00041228072218367165,0.2258801981902159,0.0008481403006573396,0.0,2.5327291037260826,0.6666666666666666,0.0,1,0.08533,-0.34693,41.00195,6.4798,50.0,48.0,42330.0,0.0,0.99468,0.00015,0.08971985818844534,0.0790776102254787,0.5156111465117098
YGR062C,1,0.0,0.1830290508275204,2.4468553687858434e-05,0.0,1.0,0.0,0.0,0,0.08861,0.19937,54.13484,11.24518,10.0,36.0,47690.0,0.0,1.33774,0.00032,0.0,0.0,0.5
YDR345C,2,0.00038326129857852516,0.21810930422524408,0.0001898599636692048,0.0,0.0,0.0,0.0,0,0.14462,0.31869,34.51155,6.80658,41.0,41.0,104095.0,0.0,1.664,0.00011,0.0,0.0,0.0
YHR092C,1,0.0,0.1714107495062437,3.258241453379362e-06,0.0,0.0,0.0,0.0,0,0.14063,0.26233,40.96259,6.28168,49.0,47.0,111865.0,0.0,1.75037,0.0001,0.0,0.0,0.0
YHR094C,2,3.4271327461941126e-05,0.17524671323327942,3.892770310519419e-06,0.0,0.0,0.0,0.0,0,0.14561,0.3007,35.19237,7.38824,40.0,41.0,111460.0,0.0,1.76192,0.00012,0.0,0.0,0.0
YKL038W,2,0.00038326129857852516,0.21810930422524408,0.0001898599636692048,0.0,0.0,0.5,0.0,0,0.06581,-0.53171,48.77274,8.04156,105.0,108.0,81845.0,0.0,0.63822,6e-05,0.0,0.0,0.0
YMR011W,1,0.0,0.1714107495062437,3.258241453379362e-06,0.0,0.0,0.0,0.0,0,0.14233,0.38078,30.46364,8.60577,38.0,44.0,92135.0,0.0,1.53969,0.00014,0.0,0.0,0.0
YDL195W,4,1.4097917034144619e-05,0.19163886478378647,6.926107608953803e-05,0.3333333333333333,1.813027744270205,0.3333333333333333,0.0,1,0.06834,-0.50628,47.56671,5.48749,134.0,109.0,142625.0,0.0,1.02818,4e-05,0.05900181244167522,0.05012875095612841,0.513824595656231
YIL109C,7,0.0009381914129600903,0.22859090709330407,0.0010410806190045698,0.23809523809523808,2.4554455445544554,0.25,0.0,1,0.07775,-0.24471,55.99594,5.82721,93.0,80.0,68910.0,0.0,0.66493,6e-05,0.08971985818844534,0.06602488493524936,0.5134445834243149
YPR181C,11,0.0013127925447609053,0.23107667706661378,0.001085561198908955,0.18181818181818182,5.811475409836065,0.25,0.0,1,0.09505,-0.21146,41.76773,5.3858,81.0,61.0,76095.0,0.0,0.89121,6e-05,0.08971985818844534,0.06602488493524936,0.5056805613272922
YDL196W,2,0.000214568661971831,0.20015634923647616,0.0002682420533587491,0.0,0.0,0.0,0.0,1,0.18349,-0.04679,64.22211,9.54083,7.0,15.0,19075.0,0.0,1.47813,0.00074,0.08971985818844534,0.0,0.0
YDL094C,1,0.0,0.16576649119243558,7.5942070698793585e-06,0.0,0.0,0.0,0.0,0,0.13609,0.06686,39.30533,9.56244,14.0,23.0,10805.0,0.0,0.54867,0.00049,0.0,0.0,0.0
YER071C,10,0.0011165270935291993,0.2525201952895636,0.009691931752408475,0.022222222222222223,1.0,0.0,3.75,0,0.07143,-0.57778,52.70794,4.93427,21.0,15.0,18575.0,0.0,1.28119,0.00034,0.0,0.0,0.5
YDL198C,1,0.0,0.18826869642130947,2.6687790126444724e-05,0.0,0.0,0.0,0.0,0,0.11,-0.126,28.68267,10.02216,22.0,41.0,28545.0,0.0,0.8594,0.0003,0.0,0.0,0.0
YMR072W,3,0.00022800392132650988,0.23391432627055161,0.0009244873850812244,0.0,1.0,0.5,0.0,0,0.10929,-0.97322,43.15355,9.67914,22.0,35.0,27390.0,0.0,1.27032,0.00045,0.0,0.0,0.5
YDL203C,6,0.0002809299971022211,0.23684906409314618,0.0006478743616735007,0.0,3.983375959079284,0.0,0.0,0,0.10273,-0.54254,42.32106,8.56842,62.0,69.0,92025.0,0.0,1.32659,0.00012,0.0,0.0,0.5
YGR058W,7,0.0003001535424375167,0.2443630852539169,0.0017645301930177663,0.0,3.507726269315673,0.3333333333333333,0.0,0,0.09851,-0.66418,36.01433,9.25909,36.0,44.0,30620.0,0.0,0.79861,0.00024,0.0,0.0,0.5
YOR372C,1,0.0,0.1901651837171845,1.98448374902745e-05,0.0,0.0,0.5,0.0,1,0.05957,-0.78069,49.29224,9.50494,40.0,54.0,12295.0,0.0,0.20315,0.00016,0.08971985818844534,0.07606989737809992,0.5
YDL207W,7,0.00014570460190800784,0.23740754493145252,0.00036247364473857897,0.2857142857142857,0.0,0.25,11.777380952380952,1,0.06506,-0.63253,55.05967,9.00897,74.0,83.0,53565.0,0.0,0.86294,0.00015,0.08971985818844534,0.06602488493524936,0.5
YEL024W,2,0.0,0.19909148730315593,3.8706692225874466e-05,1.0,1.0,0.0,3.4,0,0.07442,-0.08791,32.09442,8.24017,22.0,24.0,24575.0,0.0,1.0518,0.00035,0.0,0.0,0.5
YER107C,9,0.0006402616140264913,0.24983476251441758,0.0008800691081478486,0.1388888888888889,4.741648106904232,0.25,11.285714285714286,0,0.09589,-0.48301,43.78219,8.76556,32.0,38.0,63005.0,0.0,1.55483,0.00022,0.0,0.0,0.5
YIL115C,5,3.279325084093106e-05,0.2177274837977053,0.00011772803828912599,0.0,1.4094754653130288,0.25,0.0,1,0.07603,-0.59452,48.69062,4.72821,219.0,141.0,52550.0,0.0,0.3307,3e-05,0.05900181244167522,0.047735814213720786,0.5169338932774964
YDL208W,4,0.000653075121698374,0.24675866197811938,0.0010003592456317015,0.16666666666666666,3.8728557013118063,0.5,0.6666666666666666,1,0.04487,-0.57244,43.64936,9.72748,20.0,33.0,4595.0,0.0,0.26837,0.00057,0.08971985818844534,0.07606989737809992,0.5098209051982409
YHR072W-A,2,0.0,0.2021465266178609,4.000361699061073e-05,1.0,2.0,0.5,2.1666666666666665,1,0.08621,-0.79483,46.81379,10.16327,5.0,12.0,4470.0,0.0,0.67364,0.00153,0.08971985818844534,0.07606989737809992,0.5190174743445249
YHR089C,6,0.0011408243538447533,0.23499323091520044,0.0003239989299860626,0.06666666666666667,5.080084299262381,0.5,1.5,1,0.09268,-0.68341,34.88639,11.45856,13.0,39.0,4845.0,0.0,0.22556,0.00053,0.08971985818844534,0.07606989737809992,0.5074870703808149
YNL124W,5,0.0006331974402266414,0.2108027512621651,6.634773526375817e-05,0.0,4.6986584107327145,0.5,0.0,1,0.06504,-1.0437,66.199,4.67609,78.0,47.0,24995.0,0.0,0.45488,9e-05,0.08971985818844534,0.07606989737809992,0.5080948529057082
YDL209C,1,0.0,0.19029354649982144,3.583086437316985e-05,0.0,0.0,1.0,0.0,1,0.0885,-0.66342,38.96283,8.08563,49.0,51.0,38680.0,0.0,1.0065,0.00021,0.08971985818844534,0.08233295696528463,0.5
YLR426W,3,0.0005213295838858246,0.2370482196490292,0.0012405393269873013,0.0,1.0,0.0,0.0,0,0.09202,0.2227,41.05862,9.18512,25.0,36.0,34265.0,0.0,0.93425,0.00025,0.0,0.0,0.5
YDL210W,3,0.0003327446943135685,0.2216185310161434,0.0004153793717268401,0.0,1.0,0.0,0.0,0,0.12259,0.47356,36.5811,6.24249,41.0,39.0,114510.0,0.0,1.85075,0.0001,0.0,0.0,0.5
YGL230C,4,0.00023422095168362857,0.2125831083007758,0.0007676791168660504,0.0,0.0,0.0,0.0,0,0.12925,-0.19728,23.33061,8.54205,15.0,18.0,25035.0,0.0,1.4503,0.00049,0.0,0.0,0.0
YDL212W,1,0.0,0.19569175761576343,8.572443594267619e-05,0.0,1.0,0.5,0.0,1,0.10952,0.07381,33.96052,8.21344,18.0,20.0,29045.0,0.0,1.23532,0.00035,0.08971985818844534,0.07606989737809992,0.53803494868905
YDR508C,6,0.00044473077992006067,0.2454837565493459,0.00293429448713695,0.06666666666666667,2.2596291012838803,0.0,0.0,0,0.11614,0.11071,37.92765,7.84344,61.0,63.0,111865.0,0.0,1.51996,0.00011,0.0,0.0,0.5
YDL213C,2,0.000214568661971831,0.22990829067139845,0.0007597881295898785,0.0,1.859470468431772,0.5,0.0,0,0.02667,-1.22711,33.76711,10.08246,33.0,55.0,0.0,0.0,0.0,0.0004,0.0,0.0,0.5
YFR032C,1,0.0,0.18566487488228978,2.2072485141728658e-05,0.0,1.0,0.0,0.0,0,0.06228,-0.51211,42.89066,6.23431,34.0,32.0,17795.0,0.0,0.55846,0.0002,0.0,0.0,0.5
YDL214C,4,0.0005579253275138034,0.23435508702721303,0.0015810492918844961,0.0,2.9894179894179893,0.0,0.0,0,0.08584,-0.46867,50.53549,6.25726,90.0,83.0,70845.0,0.0,0.89748,8e-05,0.0,0.0,0.5
YEL013W,9,0.0009879231214491402,0.26384870470574856,0.0032973027890840553,0.0,5.047830923248053,0.0,0.0,0,0.04325,-0.11782,44.84431,5.0025,74.0,53.0,29015.0,0.0,0.45905,8e-05,0.0,0.0,0.5
YLR432W,4,0.00015265656536965608,0.22350439695132304,0.00019666644346849515,0.0,2.150127226463104,0.0,0.0,0,0.06501,-0.13958,31.34228,7.04376,54.0,54.0,25745.0,0.0,0.45499,0.00012,0.0,0.0,0.5
YPR048W,4,0.00010966130746435257,0.21666768408664405,0.0012069513411212538,0.0,0.0,0.0,0.0,1,0.11075,-0.47897,36.40193,8.70831,81.0,89.0,93835.0,0.0,1.29737,0.00012,0.08971985818844534,0.0,0.0
YDL216C,2,0.00029329758884470805,0.2274352277910521,0.0006009845340369877,0.0,1.0,0.3333333333333333,0.0,0,0.08182,-0.70636,49.85843,5.45038,67.0,55.0,38695.0,0.0,0.76154,0.00011,0.0,0.0,0.5
YMR025W,6,0.005198190711202833,0.23606895496672986,0.000488676081628128,0.06666666666666667,1.7677595628415301,0.5,2.3956043956043955,0,0.07797,-0.38644,30.03492,5.14777,45.0,37.0,30410.0,0.0,0.88096,0.00015,0.0,0.0,0.5
YJL054W,4,0.00021924032805898996,0.20884547561828487,0.000815056124569609,0.16666666666666666,0.0,0.0,2.225,1,0.07741,-0.53703,47.85801,5.61298,72.0,65.0,61350.0,0.0,1.13229,0.0001,0.08971985818844534,0.0,0.0
YDR082W,3,0.0020083677194934857,0.2158933573451285,0.000341719917397497,0.0,1.2461752433936022,0.0,0.0,1,0.11134,-0.35223,34.72551,5.44257,66.0,53.0,82250.0,0.0,1.43019,9e-05,0.08971985818844534,0.0,0.5
YMR106C,2,0.0,0.15865172920833767,1.5728208734869197e-06,1.0,2.0,0.5,4.897435897435898,0,0.06518,-0.42321,41.41781,5.14191,95.0,76.0,44695.0,0.0,0.62738,7e-05,0.0,0.0,0.5
YMR284W,3,0.003500074598011191,0.18539625543947705,4.422144905003772e-05,0.3333333333333333,2.9505549949545915,0.5,4.564102564102564,0,0.12458,-0.59086,41.85821,6.00726,95.0,89.0,63650.0,0.0,0.90096,9e-05,0.0,0.0,0.5
YBL098W,1,0.0,0.19499691922526202,2.6007608732469366e-05,0.0,1.0,0.0,0.0,0,0.09565,-0.28239,40.06285,8.59845,58.0,63.0,42705.0,0.0,0.81453,0.00016,0.0,0.0,0.5
YEL064C,4,8.105070658078182e-05,0.19928852397940677,3.1988056451499257e-05,0.0,3.353211009174312,0.0,0.0,0,0.1,0.3875,27.22752,8.7757,34.0,41.0,38275.0,0.0,0.71779,0.00016,0.0,0.0,0.5
YER123W,2,4.437778594130795e-05,0.20645948590562602,7.89034355630649e-05,0.0,1.5619469026548674,0.2,0.0,0,0.09924,-0.83397,51.37311,8.97467,55.0,68.0,66835.0,0.0,1.10911,0.00015,0.0,0.0,0.5
YKR088C,1,0.0,0.19499691922526202,2.6007608732469366e-05,0.0,1.0,0.0,0.0,0,0.11869,0.25045,40.01964,5.89264,31.0,27.0,41495.0,0.0,1.08311,0.00015,0.0,0.0,0.5
YOL129W,4,0.0003238054707705489,0.22680092198010363,0.00027147231903039426,0.0,2.5382513661202184,0.0,0.0,0,0.13587,0.58587,22.66793,5.19574,14.0,11.0,34295.0,0.0,1.70613,0.00026,0.0,0.0,0.5
YPR113W,2,1.3978849146060084e-05,0.2025726079194746,5.1117383990358206e-05,0.0,1.0,0.3333333333333333,0.0,1,0.13636,0.10045,38.36232,8.89435,14.0,19.0,41995.0,0.0,1.69175,0.00036,0.08971985818844534,0.07069233844701739,0.5353461692235086
YPR183W,3,0.00024943418167858747,0.22189763290754222,0.00018062239760987977,0.0,2.4900221729490024,0.5,0.0,1,0.11985,-0.02959,37.66562,7.70148,28.0,29.0,30745.0,0.0,1.01262,0.00025,0.08971985818844534,0.07606989737809992,0.5152749437744982
YDL229W,2,0.0,0.16300605929839765,1.07533652659556e-06,1.0,1.0,0.0,0.0,0,0.05873,-0.24421,36.1956,5.31866,88.0,76.0,19285.0,0.0,0.28956,8e-05,0.0,0.0,0.5
YKR084C,3,0.000429137323943662,0.19613651161034473,3.638339190405889e-05,0.3333333333333333,1.0,0.0,0.0,0,0.08183,-0.45974,34.45025,5.19598,91.0,70.0,61475.0,0.0,0.89446,8e-05,0.0,0.0,0.5
YNL209W,2,0.0,0.16300605929839765,1.07533652659556e-06,1.0,0.0,0.0,0.0,0,0.0,0.0,0.0,0.0,0.0,0.0,0.0,0.0,0.0,0.0,0.0,0.0,0.0
YDL231C,1,0.0,0.1837767575106055,2.0581005054112153e-05,0.0,0.0,0.0,0.0,0,0.12444,-0.16462,43.68394,9.11395,111.0,135.0,202330.0,0.0,1.5597,7e-05,0.0,0.0,0.0
YCR016W,2,0.00021454101493382404,0.22702008859821934,0.0007176053494781902,0.0,0.0,0.0,0.0,0,0.06552,-1.08138,46.93448,7.64532,55.0,56.0,35075.0,0.0,1.04413,0.00023,0.0,0.0,0.0
YDL232W,1,0.0,0.1776691395453566,2.2218414694434025e-05,0.0,1.0,0.5,0.0,1,0.05556,0.66111,38.83889,4.5351,3.0,1.0,1490.0,0.0,0.37393,0.00114,0.08971985818844534,0.07606989737809992,0.53803494868905
YOR085W,6,0.005380255950833507,0.21777233444840002,0.0007580580092661505,0.0,1.6305309734513274,0.5,0.0,0,0.13143,0.40343,35.58714,8.68768,24.0,28.0,36035.0,0.0,0.91267,0.00022,0.0,0.0,0.5
YDL235C,6,8.669240937568838e-05,0.2091553660262653,0.00027318256718233963,0.26666666666666666,2.8073593073593073,0.5,6.0,1,0.07186,-0.3491,30.71976,4.57684,28.0,17.0,15595.0,0.0,0.81358,0.00024,0.08971985818844534,0.07606989737809992,0.5135483009208489
YJL128C,7,0.00022672666738665043,0.22732519031926848,0.0005067983308959733,0.19047619047619047,5.726538849646821,0.0,10.596969696969696,0,0.0524,-0.53503,55.56528,9.09601,63.0,74.0,35590.0,0.0,0.48942,0.00013,0.0,0.0,0.5
YLR113W,30,0.001932568023811571,0.2584939904834667,0.00781845510234477,0.009195402298850575,9.027455121436114,0.5,0.9666666666666666,0,0.09425,-0.24184,28.50115,5.27423,56.0,38.0,45100.0,0.0,0.92309,0.00011,0.0,0.0,0.5
YNR031C,3,2.033208033394513e-06,0.18649187167889889,2.407484266011035e-05,0.6666666666666666,2.6851664984863772,0.0,0.0,0,0.09373,-0.46048,42.66024,5.61224,208.0,180.0,207345.0,0.0,1.14856,3e-05,0.0,0.0,0.5
YDL236W,1,0.0,0.22938449635579236,0.0005139831439820477,0.0,1.0,0.0,0.0,0,0.10577,-0.17917,34.73561,6.00397,36.0,34.0,30995.0,0.0,0.89518,0.00017,0.0,0.0,0.5
YDL237W,2,3.562103345588984e-06,0.2314054498368738,0.0025221594944186696,0.0,0.0,0.0,0.0,0,0.11282,-0.20641,34.93285,5.3432,52.0,40.0,66070.0,0.0,1.48866,0.00012,0.0,0.0,0.0
YDL238C,1,0.0,0.18002908554297894,4.4060592424063475e-05,0.0,0.0,0.0,0.0,0,0.08589,-0.34213,32.21597,5.65594,64.0,52.0,55235.0,0.0,1.00058,0.0001,0.0,0.0,0.0
YBR072W,4,0.00013422886056837003,0.24086940022323036,0.0009640885939916128,0.0,3.7759674134419554,0.0,0.0,0,0.09346,-0.68785,48.11495,5.31268,33.0,28.0,21430.0,0.0,0.89743,0.00022,0.0,0.0,0.5
YDR148C,11,0.002278448336974002,0.273578520432104,0.0024529239317013325,0.09090909090909091,9.778112449799197,0.0,14.933333333333334,0,0.05184,-0.37948,37.20778,8.87714,60.0,65.0,17545.0,0.0,0.34791,0.00018,0.0,0.0,0.5
YDR273W,2,1.814277384190124e-05,0.21514643552882382,0.00014222316786270483,0.0,1.0,0.0,0.0,0,0.04658,-0.75534,47.48603,4.77216,68.0,46.0,9315.0,0.0,0.23194,0.00012,0.0,0.0,0.5
YHR184W,3,0.00023344139867750638,0.2250986474139802,0.00040921384208725476,0.0,1.5485651214128036,0.0,0.0,0,0.07881,-0.91138,54.76692,5.59747,89.0,78.0,52870.0,0.0,0.80332,9e-05,0.0,0.0,0.5
YLR072W,2,0.003108088415233985,0.21128725843504706,8.719703910361112e-05,0.0,1.0,0.4,0.0,0,0.09524,-0.43304,40.77994,5.86432,84.0,75.0,92790.0,0.0,1.1864,7e-05,0.0,0.0,0.5
YML042W,8,0.002481953663647821,0.2626850037469892,0.0023146862783985354,0.0,3.167507568113017,0.0,0.0,0,0.11493,-0.54448,45.26575,8.35443,75.0,79.0,104585.0,0.0,1.35401,0.00011,0.0,0.0,0.5
YMR124W,7,0.0008654466941846179,0.2552331717961753,0.005799590809476,0.09523809523809523,2.711775043936731,0.0,12.5,0,0.0562,-1.06957,59.43022,6.43524,114.0,110.0,38280.0,0.0,0.36143,6e-05,0.0,0.0,0.5
YNR012W,10,0.0019753507319040225,0.2568610332454007,0.0009399271488045822,0.022222222222222223,4.067164179104478,0.5,0.0,0,0.07784,-0.06387,37.54575,7.60492,57.0,58.0,49360.0,0.0,0.8768,0.00014,0.0,0.0,0.5
YOL091W,4,7.26531417113416e-05,0.22736185764390732,0.0003330889237890651,0.0,1.7265917602996255,0.0,0.0,0,0.07389,-0.878,48.90034,8.89447,80.0,92.0,43875.0,0.0,0.62788,0.00013,0.0,0.0,0.5
YOR324C,7,0.0005157991682194033,0.24750969799935804,0.0017453483816330464,0.0,5.007667031763417,0.5,0.0,0,0.07143,-0.61844,54.90002,9.40399,64.0,79.0,22975.0,0.0,0.34142,0.00014,0.0,0.0,0.5
YPL070W,30,0.0022123430842601243,0.2609988390519092,0.0018615347415969054,0.05517241379310345,23.737704918032787,0.0,70.7,0,0.08497,-0.5902,46.18237,8.60602,71.0,76.0,34435.0,0.0,0.4952,0.00012,0.0,0.0,0.5
YDL243C,2,2.120450207584351e-05,0.22998331377163386,0.000927580573938771,0.0,0.0,0.0,0.0,0,0.1003,-0.36231,43.00277,6.33221,42.0,39.0,63620.0,0.0,1.72055,0.00017,0.0,0.0,0.0
YNL331C,5,5.9159586473816926e-05,0.24099294411118893,0.0009979523030197207,0.2,3.356512141280353,0.0,2.5,0,0.09574,-0.2758,49.34418,6.28363,47.0,44.0,69120.0,0.0,1.64609,0.00015,0.0,0.0,0.5
YDL246C,6,0.00020071611819392622,0.25320059818687696,0.0024242778738988893,0.3333333333333333,3.3620309050772628,0.0,9.9,0,0.08683,-0.01457,25.85546,6.26373,40.0,37.0,21610.0,0.0,0.56725,0.00016,0.0,0.0,0.5
YJR159W,6,0.0006538815089400109,0.2568142348062087,0.003222935557993502,0.26666666666666666,4.235099337748345,0.0,9.5,0,0.08683,-0.02493,25.64426,6.46344,40.0,38.0,21610.0,0.0,0.56622,0.00017,0.0,0.0,0.5
YMR308C,13,0.0008617563734283664,0.25090205235071983,0.0033377841693990468,0.02564102564102564,9.309236947791165,0.5,0.0,1,0.07713,0.02746,45.34014,4.61334,148.0,86.0,107075.0,0.0,0.8847,4e-05,0.05900181244167522,0.05277425862356333,0.502834510439445
YDR001C,1,0.0,0.14156076561057285,4.816623341907459e-08,0.0,0.0,0.0,0.0,0,0.11984,-0.54381,39.14089,7.61005,93.0,94.0,129330.0,0.0,1.50597,9e-05,0.0,0.0,0.0
YLR270W,2,0.000214568661971831,0.16590306368704272,1.3920322095672533e-06,0.0,0.0,0.0,0.0,0,0.10286,-0.42229,50.48057,5.84991,47.0,40.0,63300.0,0.0,1.55264,0.00014,0.0,0.0,0.0
YDR002W,2,4.7237875638440176e-05,0.23022121027433756,0.000570462842470579,0.0,1.7290167865707433,0.5,0.0,1,0.0796,-0.98905,44.2791,5.84552,44.0,41.0,15845.0,0.0,0.69033,0.00025,0.08971985818844534,0.07606989737809992,0.5219980216412398
YDR076W,10,1.4874911083257575e-06,0.2521437714101146,0.019241084845297858,0.8,8.75609756097561,1.0,116.5,0,0.08867,-0.35591,52.14975,6.36591,53.0,51.0,29295.0,0.0,0.63205,0.00014,0.0,0.0,0.5
YJL023C,2,2.9268858607509445e-06,0.21112902243342313,0.000745711850069355,0.0,1.960088691796009,0.0,0.0,0,0.10375,-0.59337,37.91905,9.74994,37.0,59.0,37275.0,0.0,0.93627,0.00024,0.0,0.0,0.5
YDR006C,3,5.8888335898276386e-05,0.20225287881763115,6.46790066491242e-05,0.0,0.0,1.0,0.0,0,0.06548,-0.5576,53.68768,9.19073,86.0,103.0,72405.0,0.0,0.71631,9e-05,0.0,0.0,0.0
YKL093W,4,0.00022963780565294785,0.1960455813777947,5.5794036662924813e-05,0.0,0.0,0.0,0.0,0,0.05605,-0.78289,56.4469,6.02094,39.0,36.0,8950.0,0.0,0.24232,0.00016,0.0,0.0,0.0
YDR009W,1,0.0,0.1513277694789233,2.8811762376601247e-07,0.0,1.0,0.0,0.0,0,0.10192,-0.24462,35.31425,6.51349,59.0,56.0,47800.0,0.0,0.82232,0.00011,0.0,0.0,0.5
YDR013W,2,5.480141326383861e-06,0.1965193414963766,2.507870332103976e-05,0.0,0.0,1.0,0.0,1,0.08173,-0.45433,51.24231,5.04364,31.0,25.0,20900.0,0.0,0.86352,0.00021,0.08971985818844534,0.08233295696528463,0.5
YDR016C,6,0.0007854717947154848,0.24013078877450494,0.0008075912390362505,0.2,2.761111111111111,0.25,3.619047619047619,1,0.05319,-0.45745,63.28723,4.2077,16.0,7.0,8480.0,0.0,0.80642,0.0004,0.08971985818844534,0.06602488493524936,0.511956216587872
YGL061C,6,0.0005649816012146789,0.2492604297270281,0.0056195768023039805,0.2,2.582051282051282,0.25,3.619047619047618,1,0.04049,-0.7919,48.93806,9.96271,22.0,36.0,17085.0,0.0,0.62189,0.00036,0.08971985818844534,0.06602488493524936,0.5127853550768358
YKR037C,7,0.0013116293118093502,0.2624567521300293,0.003738107142499952,0.23809523809523808,1.7327044025157232,0.25,11.166666666666666,1,0.07458,-0.66508,53.61627,8.3327,46.0,48.0,19160.0,0.0,0.56225,0.00024,0.08971985818844534,0.06602488493524936,0.5190525530030937
YDR479C,4,0.0003783389037261805,0.24768366369818032,0.0011801977235953688,0.0,1.9793478260869566,0.0,0.0,0,0.10108,-0.32996,43.9367,5.80914,67.0,59.0,86540.0,0.0,1.36194,9e-05,0.0,0.0,0.5
YDR020C,1,0.0,0.2028544176493827,2.9308446086058505e-05,0.0,0.0,0.5,0.0,0,0.07328,-0.44741,40.36853,4.80402,38.0,26.0,22140.0,0.0,0.8325,0.00018,0.0,0.0,0.0
YDR021W,2,0.000214568661971831,0.18827707882097203,1.3922154989482265e-05,0.0,1.8737745098039216,0.5,0.0,1,0.07268,-0.25063,36.04965,9.08795,49.0,58.0,30535.0,0.0,0.67536,0.0002,0.08971985818844534,0.07606989737809992,0.5202985730086754
YER127W,5,0.0005866889658748843,0.2339013878156442,0.0004588589431580072,0.1,4.583838383838384,0.5,4.333333333333333,1,0.05322,-1.10308,42.67678,6.45477,65.0,63.0,26025.0,0.0,0.63796,0.00016,0.08971985818844534,0.07606989737809992,0.5082976199211457
YDR022C,4,0.0006236430233180095,0.24906957181758937,0.0019389863470456988,0.0,2.571879936808847,0.0,0.0,0,0.06122,-0.67245,35.2602,4.03241,43.0,15.0,10555.0,0.0,0.47565,0.00018,0.0,0.0,0.5
YDR026C,4,0.00032440621817974604,0.21460051714382297,0.00017626876113961532,0.0,1.0,0.5,0.0,0,0.07193,-0.99649,47.25877,9.3299,90.0,111.0,91175.0,0.0,1.37412,0.00014,0.0,0.0,0.5
YBL092W,2,7.591986182260879e-05,0.17581503369029736,5.264742767661548e-06,0.0,1.0,0.0,0.0,1,0.06154,-0.67846,43.48154,11.16583,7.0,30.0,9970.0,0.0,0.67497,0.00076,0.08971985818844534,0.0,0.5
YKR092C,6,0.0001668927899539921,0.22204910682204537,0.00014964509406901867,0.0,1.0,0.0,0.0,0,0.02217,-1.36133,110.82241,4.20599,81.0,37.0,15470.0,0.0,0.37718,0.0001,0.0,0.0,0.5
YDR484W,7,0.00047797585737068855,0.24193049890262786,0.0012264124130248247,0.09523809523809523,2.230252100840336,0.0,0.7142857142857143,0,0.10608,-0.5092,45.02435,5.52582,82.0,71.0,55990.0,0.0,0.75324,7e-05,0.0,0.0,0.5
YJL029C,2,0.0,0.20147235172323752,0.00010286851574646853,1.0,0.0,0.0,0.0,0,0.10462,-0.41022,41.43286,5.41302,116.0,101.0,115585.0,0.0,1.21098,6e-05,0.0,0.0,0.0
YDR473C,4,0.00023311182884665216,0.2493192140981683,0.0018160066539088604,0.16666666666666666,3.5313568985176738,1.0,0.0,1,0.08529,-1.17527,48.27874,8.68817,84.0,90.0,60445.0,0.0,1.0819,0.00016,0.08971985818844534,0.08233295696528463,0.5116574109232409
YER027C,4,3.080231847407567e-05,0.2212011921493452,0.00029150538402429897,0.3333333333333333,3.0,0.3333333333333333,1.4,0,0.07194,-0.81631,43.83118,4.6861,58.0,29.0,42985.0,0.0,0.92148,0.0001,0.0,0.0,0.5
YHR165C,3,0.00022818558085562602,0.19652847470925464,3.373910119288548e-05,0.0,1.951403887688985,1.0,0.0,1,0.10568,-0.46763,41.19574,6.85809,313.0,306.0,419290.0,0.0,1.50014,2e-05,0.05900181244167522,0.055714552844473776,0.5142755052390655
YJL005W,2,9.802910631495715e-06,0.1987826442118663,0.000160149098655381,0.0,1.988998899889989,0.0,0.0,1,0.0696,-0.52414,49.08047,6.883,243.0,237.0,150450.0,0.0,0.66036,3e-05,0.05900181244167522,0.0,0.5
YMR140W,4,0.00014330231105539974,0.22990829067139845,0.0008626936791754527,0.3333333333333333,1.0,0.0,0.0,0,0.07157,-0.89918,56.18387,7.94342,71.0,73.0,40100.0,0.0,0.71788,0.00014,0.0,0.0,0.5
YMR235C,6,0.0005905972643888449,0.2323974054912636,0.0003049932837725476,0.06666666666666667,4.6843891402714934,0.0,0.3333333333333333,1,0.06634,-0.27666,35.6027,4.5307,82.0,41.0,19535.0,0.0,0.42639,0.0001,0.08971985818844534,0.0,0.5
YNR011C,3,3.0910950668156346e-05,0.22121276367017326,0.002357808856305532,0.0,1.0,1.0,0.0,1,0.06963,-0.48082,43.59509,8.57391,112.0,120.0,69355.0,0.0,0.69485,9e-05,0.05900181244167522,0.055714552844473776,0.5278572764222369
YPR178W,8,0.0010459730832516913,0.2588262449699493,0.001608858985184617,0.10714285714285714,7.6387487386478305,1.0,0.0,1,0.06237,-0.4643,44.62,5.33527,68.0,51.0,67420.0,0.0,1.28562,0.0001,0.08971985818844534,0.08233295696528463,0.5053891651487845
YDR030C,1,0.0,0.17300262612277675,2.4725601728487725e-06,0.0,1.0,1.0,0.0,0,0.09091,-0.6832,44.96958,6.49176,66.0,64.0,72070.0,0.0,1.23768,0.00011,0.0,0.0,0.5
YDR034C,63,0.02137565704957645,0.2766932663952779,0.005749842015982177,0.0015360983102918587,32.76160337552743,1.0,6.057142857142858,0,0.08354,-0.54392,38.81723,6.49738,96.0,92.0,78990.0,0.0,0.8836,7e-05,0.0,0.0,0.5
YBR144C,2,0.00023095908249750314,0.2357005289738048,0.00042920048360118923,0.0,0.0,0.0,0.0,0,0.17308,-0.09904,51.34346,8.86285,10.0,13.0,18825.0,0.0,1.52824,0.00072,0.0,0.0,0.0
YBR145W,2,0.00023095908249750314,0.2357005289738048,0.00042920048360118923,0.0,1.3767019667170952,0.0,0.0,0,0.08547,0.04416,29.25815,5.94293,37.0,31.0,46630.0,0.0,1.23859,0.00016,0.0,0.0,0.5
YBR180W,1,0.0,0.21502609530758834,0.00016966020020345597,0.0,1.0,0.0,0.0,0,0.12413,0.26084,40.78951,8.97333,40.0,49.0,85800.0,0.0,1.35318,0.00014,0.0,0.0,0.5
YDL247W,1,0.0,0.21502609530758834,0.00016966020020345597,0.0,0.0,0.0,0.0,0,0.0,0.0,0.0,0.0,0.0,0.0,0.0,0.0,0.0,0.0,0.0,0.0,0.0
YDR023W,1,0.0,0.21502609530758834,0.00016966020020345597,0.0,1.0,0.0,0.0,1,0.10173,-0.65281,41.21517,5.79596,75.0,67.0,65290.0,0.0,1.22475,0.00011,0.08971985818844534,0.0,0.5
YDR277C,10,0.005209632720485549,0.2557270918190029,0.00290452346074042,0.022222222222222223,5.207407407407407,0.0,2.5,0,0.06928,-0.66605,65.36446,9.1441,46.0,54.0,49890.0,0.0,1.01692,0.00019,0.0,0.0,0.5
YDR342C,2,2.7939456125377785e-05,0.21621347736573432,0.0001767399195036384,0.0,1.0,0.0,0.0,0,0.12807,0.36246,37.04446,7.89435,44.0,46.0,110125.0,0.0,1.75542,0.00013,0.0,0.0,0.5
YDR417C,1,0.0,0.21502609530758834,0.00016966020020345597,0.0,0.0,0.0,0.0,0,0.0,0.0,0.0,0.0,0.0,0.0,0.0,0.0,0.0,0.0,0.0,0.0,0.0
YDR438W,3,0.0004661834459328298,0.25241468335934053,0.001510719607048153,0.0,2.142857142857143,0.0,0.0,0,0.13514,0.7273,31.89784,5.74982,26.0,22.0,54025.0,0.0,1.30545,0.00014,0.0,0.0,0.5
YDR449C,1,0.0,0.21502609530758834,0.00016966020020345597,0.0,1.0,0.5,0.0,1,0.11364,-0.62773,41.57955,9.0329,58.0,69.0,71335.0,0.0,1.36089,0.00017,0.08971985818844534,0.07606989737809992,0.53803494868905
YDR456W,3,0.00027704829461149894,0.23962731287578806,0.0018951449643310949,0.0,2.8842794759825328,0.0,0.0,0,0.11216,0.38483,41.99259,4.66449,59.0,35.0,73645.0,0.0,1.04986,7e-05,0.0,0.0,0.5
YER038C,2,0.00022118323159179488,0.21509171873443703,0.00017001731736575218,0.0,1.0,0.5,0.0,1,0.11638,-0.41832,43.84075,5.12445,73.0,57.0,30465.0,0.0,0.56657,0.0001,0.08971985818844534,0.07606989737809992,0.53803494868905
YER043C,1,0.0,0.21502609530758834,0.00016966020020345597,0.0,1.0,0.0,0.0,1,0.0735,0.00379,35.82762,5.8266,55.0,44.0,41255.0,0.0,0.8398,0.00012,0.08971985818844534,0.0,0.5
YER044C,5,0.0008600392161779903,0.2433225841716458,0.0012984111037021822,0.1,2.768025078369906,0.5,2.05,0,0.16892,0.33108,33.00209,9.41998,8.0,14.0,35660.0,0.0,2.08112,0.00055,0.0,0.0,0.5
YER064C,5,0.0005402662899946963,0.23377208194588048,0.001021643268121232,0.0,2.10989010989011,1.0,0.0,0,0.05743,-0.55921,55.61069,9.19977,59.0,70.0,22390.0,0.0,0.39532,0.00016,0.0,0.0,0.5
YFR021W,1,0.0,0.21502609530758834,0.00016966020020345597,0.0,1.0,0.0,0.0,0,0.076,-0.2526,45.89062,5.32733,59.0,46.0,27320.0,0.0,0.49581,0.0001,0.0,0.0,0.5
YFR046C,2,0.0001454461436940441,0.22579577052109312,0.0004418078664266869,0.0,0.0,0.5,0.0,0,0.04155,-0.82438,55.61274,4.6015,70.0,42.0,12950.0,0.0,0.31347,0.00011,0.0,0.0,0.0
YFR055W,3,0.00029139607353033316,0.23443304082043642,0.0011043641354142634,0.0,1.816304347826087,0.0,0.0,0,0.07647,-0.06706,28.08444,5.74738,41.0,34.0,46910.0,0.0,1.26883,0.00016,0.0,0.0,0.5
YGL125W,1,0.0,0.21502609530758834,0.00016966020020345597,0.0,1.0,0.0,0.0,0,0.10167,-0.33833,40.31237,5.48187,74.0,57.0,110000.0,0.0,1.60445,8e-05,0.0,0.0,0.5
YGL169W,1,0.0,0.21502609530758834,0.00016966020020345597,0.0,1.0,0.3333333333333333,0.0,1,0.05634,-0.14061,37.27394,6.77142,50.0,49.0,23545.0,0.0,0.50593,0.00015,0.08971985818844534,0.07069233844701739,0.5353461692235086
YGL181W,23,0.0030784043696202392,0.26304448807657577,0.0012985160521207517,0.011857707509881422,18.837448559670783,1.0,2.1142857142857143,0,0.09596,-0.86263,55.38997,7.04706,43.0,43.0,37985.0,0.0,0.8554,0.00016,0.0,0.0,0.5
YGL223C,2,2.4184468125440803e-05,0.22491905698202394,0.0004408228983156312,0.0,0.0,0.0,0.0,0,0.08153,-0.41175,37.01058,5.12445,55.0,40.0,33515.0,0.0,0.69337,0.00011,0.0,0.0,0.0
YGR111W,2,6.359627847811823e-05,0.21691219237337944,0.0001761293615184174,0.0,1.8834285714285715,0.0,0.0,0,0.125,-0.5445,36.39577,5.94781,58.0,50.0,78560.0,0.0,1.6834,0.00013,0.0,0.0,0.5
YGR113W,18,0.002124923743732288,0.263585563193856,0.011516377281889095,0.0457516339869281,3.3200883002207506,0.25,13.69047619047619,1,0.04665,-0.8621,44.48659,9.19806,44.0,50.0,14565.0,0.0,0.37909,0.00024,0.08971985818844534,0.06602488493524936,0.5099432423123896
YGR124W,2,1.2948842347499917e-05,0.21787331600386584,0.00019272943668613483,0.0,1.0,0.0,0.0,0,0.1014,-0.38549,36.94948,5.53375,85.0,66.0,94405.0,0.0,1.46155,9e-05,0.0,0.0,0.5
YGR189C,3,0.00011770061376417974,0.23563485959651354,0.0004207055616011156,0.0,2.2085987261146496,0.0,0.0,0,0.0789,-0.30355,49.59531,4.46356,50.0,29.0,65570.0,0.0,1.24286,8e-05,0.0,0.0,0.5
YGR295C,1,0.0,0.21502609530758834,0.00016966020020345597,0.0,1.0,0.0,0.0,0,0.16798,-0.13701,41.55493,9.11896,43.0,53.0,108120.0,0.0,2.36702,0.0002,0.0,0.0,0.5
YIL145C,3,0.0005098725277771572,0.23329489078224827,0.0010178893075370127,0.0,1.7026666666666668,0.5,0.0,0,0.08414,-0.09773,34.64919,5.27252,40.0,32.0,24910.0,0.0,0.71107,0.00015,0.0,0.0,0.5
YIR026C,1,0.0,0.21502609530758834,0.00016966020020345597,0.0,1.0,0.0,0.0,0,0.09341,-0.42005,41.61923,8.25739,44.0,47.0,38025.0,0.0,0.92328,0.0002,0.0,0.0,0.5
YJL002C,3,0.00040664691910926416,0.21557418384579077,0.0001710382768601174,0.3333333333333333,1.636061946902655,0.5,1.0,1,0.14286,-0.15861,35.51683,5.01312,53.0,34.0,81040.0,0.0,1.49876,9e-05,0.08971985818844534,0.07606989737809992,0.5232478658653829
YJL185C,3,2.0645518373196262e-05,0.2290738456294167,0.0009571441130856124,0.0,0.0,0.0,0.0,0,0.09898,-0.6802,57.73891,4.99847,46.0,32.0,34420.0,0.0,1.02016,0.00015,0.0,0.0,0.0
YLR063W,3,0.000214568661971831,0.22137489217459072,0.00020842752898904039,0.3333333333333333,0.0,0.5,2.128571428571429,0,0.11781,-0.2863,39.97455,8.02252,41.0,43.0,53705.0,0.0,1.27745,0.00019,0.0,0.0,0.0
YLR328W,7,0.0019457295296781427,0.24806142959576655,0.0013080725030543314,0.14285714285714285,4.337197049525817,0.5,7.0,0,0.07481,-0.55761,47.37681,6.40192,56.0,50.0,40840.0,0.0,0.89057,0.00014,0.0,0.0,0.5
YMR064W,1,0.0,0.21502609530758834,0.00016966020020345597,0.0,0.0,0.0,0.0,0,0.09266,-0.1749,44.67956,9.35333,51.0,69.0,44320.0,0.0,0.7418,0.00016,0.0,0.0,0.0
YMR094W,14,0.0021831100793469507,0.24539828170375072,0.010589067399813417,0.14285714285714285,7.5588235294117645,0.5,11.260784313725493,1,0.11715,-0.36987,45.69205,9.17706,60.0,73.0,81540.0,0.0,1.44741,0.00016,0.08971985818844534,0.07606989737809992,0.5050318609160611
YMR187C,3,0.0005301540457505133,0.24934861668253033,0.001157127930954333,0.0,1.2940251572327044,0.0,0.0,0,0.14385,0.01323,50.93923,9.13214,31.0,48.0,106405.0,0.0,2.11594,0.00018,0.0,0.0,0.5
YOR009W,1,0.0,0.21502609530758834,0.00016966020020345597,0.0,0.0,0.0,0.0,0,0.0308,0.17967,61.23203,4.04449,37.0,12.0,22515.0,0.0,0.47055,8e-05,0.0,0.0,0.0
YPL114W,2,0.000214568661971831,0.21504796533355533,0.00016983016477527032,0.0,0.0,0.0,0.0,0,0.07914,0.39353,75.85036,9.96075,3.0,11.0,8980.0,0.0,0.59417,0.00066,0.0,0.0,0.0
YPL138C,2,0.000214568661971831,0.21504796533355533,0.00016983016477527032,0.0,0.0,1.0,0.0,0,0.09348,-0.74363,48.72581,6.34601,59.0,56.0,60120.0,0.0,1.4498,0.00015,0.0,0.0,0.0
YPL178W,4,0.0007635317386522569,0.23662375862117577,0.0006865065029085019,0.0,3.5806451612903225,0.3333333333333333,0.0,0,0.12019,-0.70337,47.28659,5.01605,34.0,27.0,13910.0,0.0,0.58509,0.00021,0.0,0.0,0.5
YPR136C,2,0.00023638372907889557,0.22635173912423895,0.00045088834621729847,0.0,1.816304347826087,0.0,0.0,1,0.12353,0.45294,53.05353,9.07965,9.0,15.0,10845.0,0.0,0.58803,0.00049,0.08971985818844534,0.0,0.5
YPR187W,1,0.0,0.21502609530758834,0.00016966020020345597,0.0,1.0,0.5,0.0,1,0.09032,-0.87548,31.53484,4.53229,35.0,20.0,12950.0,0.0,0.72307,0.00025,0.08971985818844534,0.07606989737809992,0.53803494868905
YDR042C,2,0.0002618632236145882,0.2358714407808474,0.0007884355011561078,0.0,1.0,0.0,0.0,0,0.135,-0.2205,35.17855,9.99371,12.0,25.0,28420.0,0.0,1.22244,0.00043,0.0,0.0,0.5
YLR413W,2,2.725976537921515e-05,0.2455835524896354,0.0010086765478833828,0.0,1.0,0.0,0.0,0,0.06815,0.33244,37.92194,5.02179,53.0,38.0,54985.0,0.0,0.75636,7e-05,0.0,0.0,0.5
YDR044W,2,0.0002234218779066624,0.22948408261350367,0.0005145512755172935,0.0,1.922425952045134,0.0,0.0,1,0.1128,-0.67134,45.4732,6.31757,44.0,40.0,65235.0,0.0,1.72986,0.00017,0.08971985818844534,0.0,0.5
YBR215W,5,0.0002628219312385176,0.25986008666619753,0.006944632358113711,0.1,1.0,1.0,3.333333333333333,0,0.032,-0.95568,46.76448,9.23834,80.0,94.0,18910.0,0.0,0.27901,0.00014,0.0,0.0,0.5
YDL062W,2,0.00014267584785791055,0.22158369263880903,0.0013074565376196205,0.0,0.0,0.0,0.0,0,0.11348,0.21986,43.98298,8.79694,12.0,15.0,12990.0,0.0,0.81266,0.00055,0.0,0.0,0.0
YER177W,10,0.0008317592210351155,0.26572220625355236,0.036824802446731086,0.4222222222222222,8.70392749244713,0.0,9.208333333333332,0,0.07116,-0.65768,57.98509,4.81793,45.0,28.0,29130.0,0.0,0.96806,0.00016,0.0,0.0,0.5
YGL129C,3,0.00024762810126781695,0.25060466933264386,0.0023445221836654816,0.0,2.283975659229209,0.0,0.0,0,0.09111,-0.35933,29.06111,9.72943,39.0,65.0,37945.0,0.0,0.74598,0.00019,0.0,0.0,0.5
YIL128W,3,7.388573758601585e-05,0.2413367874853916,0.0029725346720367737,0.0,2.081818181818182,1.0,0.0,0,0.09496,-0.00107,36.06348,5.64203,126.0,110.0,82305.0,0.0,0.6982,5e-05,0.0,0.0,0.5
YLR320W,4,2.517530135468757e-05,0.24696041524960766,0.006060634634236309,0.0,3.574074074074074,0.5,0.0,0,0.10179,-0.34952,47.42016,5.84222,201.0,177.0,136915.0,0.0,0.81652,3e-05,0.0,0.0,0.5
YDR139C,3,8.160112411018992e-06,0.20406829409897848,0.00011684024208448497,0.6666666666666666,1.984732824427481,0.0,0.0,0,0.02597,-0.1974,25.07792,5.86115,12.0,10.0,1490.0,0.0,0.1714,0.00067,0.0,0.0,0.5
YLR306W,2,0.0,0.19575517036936543,4.001075619250358e-05,1.0,1.9445606694560669,0.0,0.0,0,0.06383,-0.38777,59.57287,5.49774,26.0,23.0,13325.0,0.0,0.62845,0.00026,0.0,0.0,0.5
YPL003W,4,0.0005385044117820842,0.23637245334371337,0.0009193375276964019,0.16666666666666666,3.4361924686192467,0.0,1.0,0,0.09957,-0.21667,38.85154,5.19769,62.0,50.0,68395.0,0.0,1.29409,0.0001,0.0,0.0,0.5
YPR066W,4,0.001014467373949393,0.23160823695470656,0.0002547695658896341,0.16666666666666666,3.4581589958158996,0.0,1.0,0,0.08027,0.13779,34.57595,4.73944,35.0,22.0,17930.0,0.0,0.53879,0.00014,0.0,0.0,0.5
YDR060W,3,4.202223580349735e-05,0.2120182095923305,0.00045984506363299255,0.0,2.878688524590164,0.5,0.0,1,0.08,-0.80702,42.29935,4.88983,193.0,139.0,73940.0,0.0,0.63373,4e-05,0.05900181244167522,0.05277425862356333,0.5091663717996509
YLR398C,5,0.00016544146383652223,0.24398241347328825,0.002573829747637552,0.1,2.9475409836065576,0.0,4.333333333333333,0,0.07615,-0.40326,42.44608,6.31256,185.0,175.0,99710.0,0.0,0.68268,4e-05,0.0,0.0,0.5
YDR063W,3,6.814920098392928e-05,0.2233981293422279,0.00016524836495431357,0.0,1.0,0.5,0.0,0,0.07383,-0.49866,55.84564,4.47699,31.0,18.0,18700.0,0.0,1.09164,0.00026,0.0,0.0,0.5
YGL239C,2,2.9907485364986826e-05,0.22505072859601022,0.001962462342155958,0.0,0.0,0.0,0.0,1,0.08654,0.32692,47.0875,8.79803,7.0,10.0,500.0,0.0,0.04382,0.00077,0.08971985818844534,0.0,0.0
YKL013C,3,1.0995848047157669e-05,0.20160682671366062,7.800028513752808e-05,0.3333333333333333,0.0,0.0,0.0,1,0.09357,-0.17778,65.15971,5.30695,25.0,19.0,8940.0,0.0,0.44889,0.00027,0.08971985818844534,0.0,0.0
YDR069C,3,0.00023827886186979864,0.2464853806434502,0.0011490284548215286,0.0,1.78714859437751,0.0,0.0,0,0.08747,-0.42527,48.68198,8.43817,92.0,100.0,84670.0,0.0,0.80492,8e-05,0.0,0.0,0.5
YDR070C,2,1.5568472552878407e-05,0.22118962183905388,0.000992903099449419,0.0,1.8357030015797788,0.0,0.0,0,0.06452,-1.33871,38.36559,9.64203,15.0,20.0,2980.0,0.0,0.27478,0.00089,0.0,0.0,0.5
YER089C,1,0.0,0.14118266527507453,5.0413858170126864e-08,0.0,1.0,0.0,0.0,0,0.05172,-0.39806,40.40843,4.83868,73.0,45.0,28430.0,0.0,0.56423,0.0001,0.0,0.0,0.5
YML068W,1,0.0,0.18791730837306278,1.6127629391253352e-05,0.0,1.0,0.0,0.0,1,0.10345,-0.22974,45.74528,5.41095,73.0,61.0,53155.0,0.0,0.98262,0.0001,0.08971985818844534,0.0,0.5
YER019C-A,2,0.0001142559060831435,0.24551226139799304,0.0010209341126133035,0.0,1.0,0.5,0.0,1,0.07955,0.03068,55.0875,10.43927,4.0,11.0,2980.0,0.0,0.31022,0.00109,0.08971985818844534,0.07606989737809992,0.53803494868905
YKL128C,1,0.0,0.19106737711544516,3.556680337832129e-05,0.0,0.0,0.0,0.0,0,0.0,0.0,0.0,0.0,0.0,0.0,0.0,0.0,0.0,0.0,0.0,0.0,0.0
YHL006C,7,0.00028961707945978764,0.21646804148037022,0.0003181157938782153,0.047619047619047616,4.1866666666666665,1.0,2.05,0,0.09333,-0.12533,51.76473,7.88519,14.0,15.0,27055.0,0.0,1.58027,0.00046,0.0,0.0,0.5
YIL152W,2,2.339107687586643e-06,0.1877171034899912,3.691364321887679e-05,0.0,1.0,0.0,0.0,0,0.05957,-0.85745,76.81791,9.99957,16.0,29.0,32095.0,0.0,1.17995,0.00037,0.0,0.0,0.5
YLR376C,4,6.432113465615864e-05,0.21322626010079831,0.00014020709186824258,0.16666666666666666,1.0,1.0,2.05,0,0.10744,-0.14256,44.4736,8.23846,29.0,31.0,31900.0,0.0,1.12918,0.00029,0.0,0.0,0.5
YDR084C,9,0.0008070007096578686,0.24234644909846018,0.0009800607703176418,0.027777777777777776,4.6279547790339155,0.0,2.0,0,0.17588,0.1794,50.72281,8.8974,12.0,16.0,57910.0,0.0,2.50177,0.00038,0.0,0.0,0.5
YPL242C,4,3.758959280527556e-05,0.22168824064582082,0.0012414429818065767,0.0,1.8706015891032917,0.0,0.0,1,0.09967,-0.42054,50.85039,9.0423,180.0,211.0,154350.0,0.0,0.89308,5e-05,0.05900181244167522,0.0,0.5
YLR378C,2,0.000429137323943662,0.204235845946343,0.0012738737218874552,0.0,2.0,0.5,0.0,1,0.10833,0.43833,28.27067,9.38641,30.0,41.0,54695.0,0.0,1.03323,0.00018,0.08971985818844534,0.07606989737809992,0.5190174743445249
YGR006W,2,1.2240583653435767e-05,0.17575657482622742,2.458222823918874e-06,0.0,0.0,1.0,0.0,0,0.05179,-0.43028,51.01076,6.18658,33.0,30.0,29700.0,0.0,1.04662,0.00022,0.0,0.0,0.0
YGR232W,3,0.0003378331143438696,0.22596468901993333,0.00019361098470546098,0.0,2.9272727272727272,0.0,0.0,0,0.09211,-0.22807,27.00921,5.97614,28.0,23.0,35450.0,0.0,1.3839,0.00023,0.0,0.0,0.5
YDR091C,3,4.456440396221393e-05,0.23139278743195799,0.0003299885857860438,0.0,1.9490521327014219,0.5,0.0,1,0.07566,-0.19737,36.64655,8.89301,72.0,84.0,31090.0,0.0,0.45493,0.00013,0.08971985818844534,0.07606989737809992,0.5195145876556584
YLR192C,3,6.205798389648514e-05,0.24224926617318013,0.0021173151422824903,0.0,2.104781281790437,0.0,0.0,0,0.04906,-0.91585,38.12528,5.02887,55.0,45.0,19480.0,0.0,0.65891,0.00017,0.0,0.0,0.5
YDR097C,3,0.0,0.18489367278733035,3.468243661787752e-05,1.0,3.0,1.0,0.0,0,0.08213,-0.54026,45.25106,5.58502,183.0,160.0,118410.0,0.0,0.84531,4e-05,0.0,0.0,0.5
YDR098C,3,5.694562472095941e-05,0.20118479424896676,6.864223399191695e-05,0.0,3.0,0.0,0.0,0,0.088,-0.47,51.7924,4.37335,47.0,19.0,18825.0,0.0,0.66611,0.00015,0.0,0.0,0.5
YGL071W,2,4.139204125501142e-06,0.18294195069517769,4.125182874431193e-05,0.0,1.6306400839454354,1.0,0.0,0,0.06377,-0.88942,45.70291,6.39349,83.0,72.0,32860.0,0.0,0.42301,8e-05,0.0,0.0,0.5
YGL220W,3,6.370563012364392e-05,0.21606985796939512,0.0011002562543502591,0.0,3.0,0.5,0.0,0,0.1,-0.51917,62.83917,8.43915,17.0,19.0,17335.0,0.0,1.22926,0.0006,0.0,0.0,0.5
YNL042W,3,2.5316205644603308e-05,0.21614716777341197,0.0004280846572352748,0.0,1.6565096952908587,0.5,0.0,0,0.03535,-0.85076,65.59066,9.72272,35.0,48.0,11585.0,0.0,0.26481,0.00022,0.0,0.0,0.5
YDR100W,6,0.000382872143720486,0.24070487194438933,0.0006875574539175166,0.13333333333333333,1.7942583732057416,0.0,6.666666666666666,0,0.16783,0.86154,32.02035,4.31842,12.0,6.0,12045.0,0.0,0.75844,0.00027,0.0,0.0,0.5
YER132C,1,0.0,0.1887645384483096,4.596993614182012e-05,0.0,0.0,0.0,0.0,0,0.07872,-0.63474,56.05683,7.78741,190.0,192.0,142835.0,0.0,0.73106,4e-05,0.0,0.0,0.0
YGR179C,6,0.00010279235782265257,0.22953390817559746,0.004239554610748828,0.2,1.0,0.5,2.5,1,0.05911,-1.00911,47.79239,6.07794,72.0,65.0,29005.0,0.0,0.61258,0.00013,0.08971985818844534,0.07606989737809992,0.53803494868905
YDR104C,1,0.0,0.2127221283927276,0.00027214766624028677,0.0,1.0,0.0,0.0,0,0.0996,-0.64715,49.38067,9.21747,156.0,190.0,185720.0,0.0,1.27924,6e-05,0.0,0.0,0.5
YDR105C,2,0.000214568661971831,0.21633515067882705,0.00028149578315056993,0.0,1.434782608695652,0.0,0.0,0,0.12685,0.37696,32.35353,5.2807,33.0,25.0,105905.0,0.0,2.02768,0.0001,0.0,0.0,0.5
YNL160W,1,0.0,0.17671137443873933,7.925423418451357e-06,0.0,1.0,0.0,0.0,0,0.0791,0.12062,34.6404,5.29144,26.0,22.0,30620.0,0.0,0.82031,0.00014,0.0,0.0,0.5
YDR106W,1,0.0,0.22787644502446688,0.002212093921950209,0.0,0.0,0.0,0.0,0,0.10563,-0.11232,59.24616,8.01056,34.0,36.0,35505.0,0.0,1.07533,0.00024,0.0,0.0,0.0
YDR107C,4,0.0002769933584670907,0.236055777063695,0.003303717237263483,0.0,0.0,0.0,0.0,0,0.15179,0.29673,33.99421,7.21063,55.0,55.0,129035.0,0.0,1.69014,9e-05,0.0,0.0,0.0
YDR072C,1,0.0,0.18965345967255828,9.462731206859715e-05,0.0,0.0,0.0,0.0,0,0.16888,0.14668,40.24687,7.73785,41.0,42.0,105935.0,0.0,1.74028,0.00013,0.0,0.0,0.0
YGR234W,1,0.0,0.20420625798334133,0.00021591956904613128,0.0,1.0,0.0,0.0,0,0.07769,-0.19123,37.02333,5.8576,51.0,41.0,43360.0,0.0,0.9712,0.00013,0.0,0.0,0.5
YER161C,9,0.0008277370731857942,0.254633780352805,0.004353608654876254,0.0,7.803497942386831,1.0,0.0,0,0.05405,-1.47988,67.49009,9.41339,65.0,78.0,22920.0,0.0,0.59454,0.00024,0.0,0.0,0.5
YLR095C,2,0.000214568661971831,0.20005218991006868,4.59862512231497e-05,0.0,0.0,1.0,0.0,0,0.08005,-0.72131,55.68904,5.51288,119.0,97.0,107270.0,0.0,1.14795,6e-05,0.0,0.0,0.0
YGR098C,1,0.0,0.16854809638961427,1.318930372108947e-06,0.0,1.0,0.25,0.0,1,0.09693,-0.09337,45.44235,8.46515,173.0,186.0,169690.0,0.0,0.90528,5e-05,0.05900181244167522,0.047735814213720786,0.5238679071068604
YDR115W,4,0.0019514541216336112,0.23047215992582473,0.001526894704916503,0.0,2.45989847715736,0.0,0.0,0,0.10476,-0.51143,78.54381,12.52911,0.0,23.0,12615.0,0.0,1.04862,0.00104,0.0,0.0,0.5
YKL142W,6,0.005314299606174351,0.2022045230392116,7.809823692436253e-05,0.0,3.3767605633802815,0.0,0.0,0,0.07306,-0.61233,45.74114,4.66205,48.0,32.0,8480.0,0.0,0.33789,0.00019,0.0,0.0,0.5
YDR120C,4,3.6867816543368434e-05,0.2187637449725314,9.411691036062406e-05,0.16666666666666666,3.602787456445993,0.3333333333333333,0.0,0,0.08246,-0.53596,48.17181,9.18866,62.0,80.0,63145.0,0.0,0.98585,0.00014,0.0,0.0,0.5
YCL011C,2,5.6803066214342994e-05,0.23023374477699307,0.0005173736240061413,0.0,1.6259541984732824,0.5,0.0,0,0.09602,-0.96112,44.7007,5.95282,71.0,67.0,32610.0,0.0,0.66922,0.00012,0.0,0.0,0.5
YLR035C,5,0.0005432883533648454,0.24790146502046148,0.001029920614792188,0.0,3.9750283768444947,1.0,0.0,0,0.06619,-0.44763,46.06578,8.30829,90.0,94.0,60945.0,0.0,0.77888,0.00011,0.0,0.0,0.5
YDR122W,1,0.0,0.2083618226321277,0.00012149177602395672,0.0,1.0,0.0,0.0,0,0.06673,-0.70367,53.62134,8.80731,129.0,139.0,72950.0,0.0,0.60757,7e-05,0.0,0.0,0.5
YOL108C,6,0.0004326971272101876,0.23665024289658246,0.0017839597651205135,0.0,2.5612745098039214,1.0,0.0,0,0.03974,-0.83642,63.22517,9.39496,23.0,28.0,15470.0,0.0,0.89023,0.00054,0.0,0.0,0.5
YDR126W,45,0.010690775886930145,0.27315439508552625,0.019902625531642293,0.0595959595959596,6.526908635794744,0.5,86.64960317460317,0,0.14881,0.17738,48.65607,7.09161,30.0,30.0,75885.0,0.0,1.93035,0.00018,0.0,0.0,0.5
YEL027W,2,5.749179777098666e-06,0.22716643515009574,0.0011362804803559657,0.0,0.0,0.0,0.0,0,0.0875,1.20187,22.78812,8.24554,5.0,7.0,9690.0,0.0,0.59265,0.0005,0.0,0.0,0.0
YGL007W,1,0.0,0.2128827622995888,0.0005811241830920593,0.0,0.0,0.0,0.0,0,0.0,0.0,0.0,0.0,0.0,0.0,0.0,0.0,0.0,0.0,0.0,0.0,0.0
YGR228W,5,0.00031414951113673965,0.2469892640803126,0.009639293025076118,0.0,0.0,0.0,0.0,0,0.13158,1.22105,50.63596,6.47504,2.0,2.0,875.0,0.0,0.07338,0.00054,0.0,0.0,0.0
YHR151C,2,0.000214568661971831,0.21290419848550154,0.0005816581262047238,0.0,0.0,0.0,0.0,0,0.11977,-0.14144,42.99772,5.07428,50.0,39.0,116990.0,0.0,1.95577,8e-05,0.0,0.0,0.0
YKL110C,3,0.00010987120373610076,0.23790172660022682,0.005711104388044821,0.0,0.0,0.5,0.0,0,0.07668,-0.3246,37.86709,8.11566,33.0,35.0,30660.0,0.0,0.86802,0.00023,0.0,0.0,0.0
YKR031C,2,0.00020070900114832794,0.22369356698682988,0.0007893234802851341,0.0,1.0,0.0,0.0,0,0.08972,-0.72989,41.63506,7.26105,237.0,235.0,235540.0,0.0,1.20665,4e-05,0.0,0.0,0.5
YKR033C,1,0.0,0.2128827622995888,0.0005811241830920593,0.0,0.0,0.0,0.0,0,0.0,0.0,0.0,0.0,0.0,0.0,0.0,0.0,0.0,0.0,0.0,0.0,0.0
YLR374C,4,0.0002807605900894047,0.23842485285966578,0.003581760148404281,0.0,0.0,0.0,0.0,0,0.07752,0.06124,27.51318,9.03619,8.0,13.0,10720.0,0.0,0.75672,0.00064,0.0,0.0,0.0
YNR049C,2,2.4967850122347613e-05,0.2137111836215208,0.000586017656507201,0.0,1.0,0.0,0.0,0,0.08095,-1.11286,51.30624,10.02924,19.0,31.0,16960.0,0.0,0.72632,0.00043,0.0,0.0,0.5
YOL112W,2,1.3664581925070684e-06,0.2207969502046278,0.0009006913738650236,0.0,0.0,0.0,0.0,0,0.11992,-0.5061,46.1551,5.3869,76.0,66.0,88655.0,0.0,1.55284,9e-05,0.0,0.0,0.0
YPL051W,33,0.006796933191342882,0.268557296476504,0.012183262799731476,0.10984848484848485,3.5319905213270144,0.0,101.4345238095238,0,0.08081,-0.34141,52.59949,5.99176,29.0,27.0,31190.0,0.0,1.36906,0.00026,0.0,0.0,0.5
YDR128W,2,4.157343714173388e-05,0.17893970845967466,4.331125974533385e-06,0.0,1.9747729566094854,0.0,0.0,0,0.10627,-0.58824,44.35768,5.60638,156.0,128.0,205850.0,0.0,1.57203,4e-05,0.0,0.0,0.5
YDR424C,18,0.00016623962470572911,0.267554773193232,0.06289356129200042,0.39869281045751637,0.0,0.0,45.42933455433455,0,0.11957,-0.27935,9.4088,7.92572,12.0,13.0,12950.0,0.0,1.24032,0.00076,0.0,0.0,0.0
YDR130C,2,2.3581545801376735e-06,0.2194790673337329,0.0025682999120280065,0.0,1.0,0.2,0.0,1,0.03436,-0.86804,67.66564,9.82062,35.0,51.0,1740.0,0.0,0.05243,0.0003,0.08971985818844534,0.06193559443901699,0.5309677972195085
YDR132C,3,1.79795357749488e-05,0.20382239313245443,9.040433950136207e-05,0.0,1.5885057471264368,0.5,0.0,0,0.11919,-0.43879,50.58404,7.05939,63.0,63.0,63815.0,0.0,1.11577,0.00012,0.0,0.0,0.5
YHR170W,4,0.0007431513814081328,0.22987079747331116,0.0017088313449856929,0.0,3.874463519313305,0.5,0.0,1,0.07529,-0.36371,37.1979,5.26605,77.0,58.0,52965.0,0.0,0.89628,9e-05,0.08971985818844534,0.07606989737809992,0.509816829736415
YJL218W,4,0.00011571240099731286,0.23718117619154366,0.0008976207286939622,0.16666666666666666,3.3598326359832638,0.0,15.0,0,0.07653,-0.0949,42.30571,5.21661,24.0,19.0,20775.0,0.0,0.96721,0.00024,0.0,0.0,0.5
YDR138W,5,0.00011218825785132004,0.22883831323767695,0.0017409781852783105,0.2,4.139462809917355,1.0,0.0,0,0.10771,-0.72287,49.65977,5.18475,124.0,102.0,97595.0,0.0,1.11121,6e-05,0.0,0.0,0.5
YGL162W,2,9.184048494109424e-06,0.1987826442118663,6.977436796868216e-05,0.0,1.954352441613588,0.5,0.0,0,0.05351,-0.38562,50.1709,9.48309,29.0,44.0,18420.0,0.0,0.55497,0.00029,0.0,0.0,0.5
YKR010C,4,3.648665098233199e-05,0.23169706812333746,0.001943031276725049,0.16666666666666666,2.162891046386192,1.0,0.0,0,0.05188,-0.89987,49.28132,7.97235,112.0,114.0,26525.0,0.0,0.30713,9e-05,0.0,0.0,0.5
YNR046W,1,0.0,0.16844067677032593,6.504399749096261e-06,0.0,0.0,0.5,0.0,1,0.07407,-0.08148,39.8163,4.60699,17.0,9.0,10595.0,0.0,0.70323,0.00031,0.08971985818844534,0.07606989737809992,0.5
YDR142C,8,0.0007304083127289357,0.2390853841985092,0.0006073278783225824,0.10714285714285714,7.071356783919598,0.0,2.0,0,0.11733,-0.27653,28.9584,8.58954,33.0,37.0,76275.0,0.0,1.80224,0.0002,0.0,0.0,0.5
YGR239C,8,0.0004973511094997128,0.24905490254544038,0.0027104958579621144,0.0,5.681330472103005,0.0,0.0,0,0.07639,-0.89062,63.17118,6.21564,39.0,35.0,22055.0,0.0,0.66734,0.00019,0.0,0.0,0.5
YHR160C,1,0.0,0.19160413186764985,1.7892287493290293e-05,0.0,1.0,0.0,0.0,0,0.08481,-0.75901,46.33714,4.93134,44.0,29.0,17335.0,0.0,0.54109,0.00015,0.0,0.0,0.5
YDR335W,11,0.004166584285464134,0.26630790291070167,0.011184542754983437,0.01818181818181818,8.825102880658436,0.0,4.564102564102564,0,0.10458,-0.18023,40.43236,5.19501,171.0,137.0,201925.0,0.0,1.42084,4e-05,0.0,0.0,0.5
YDR150W,46,0.004035942854736291,0.2869446420790549,0.08704459548573922,0.14396135265700483,11.964430894308943,0.0,101.23785103785102,0,0.0655,-0.7056,39.72405,5.26105,476.0,353.0,217610.0,0.0,0.69517,2e-05,0.0,0.0,0.5
YGL124C,9,2.5708460404847834e-05,0.2607895892888703,0.02169852247343202,0.25,0.0,0.0,2.5,0,0.09472,-0.34208,36.23214,6.92084,73.0,72.0,53425.0,0.0,0.7271,9e-05,0.0,0.0,0.0
YGL216W,22,0.00037990699563746923,0.27022194327554677,0.0489562082487494,0.19913419913419914,5.74822695035461,0.0,94.16356275303644,0,0.05466,-0.46161,54.64571,6.6629,104.0,101.0,41715.0,0.0,0.45796,7e-05,0.0,0.0,0.5
YGL217C,13,0.0008380938169703856,0.27568310778532057,0.02917711549968102,0.20512820512820512,4.201515151515151,0.0,27.775641025641026,0,0.0531,0.53982,53.11681,4.89362,9.0,7.0,7115.0,0.0,0.58801,0.0004,0.0,0.0,0.5
YJR112W,16,0.0010685398694859035,0.26444269841279666,0.021182041754601987,0.18333333333333332,13.001006036217303,0.5,10.480158730158731,1,0.06468,-0.75473,42.61891,4.78448,39.0,24.0,21930.0,0.0,0.92769,0.0002,0.08971985818844534,0.07606989737809992,0.5029255388839213
YLL001W,6,0.005435229954749577,0.2513942803827972,0.022870688566073643,0.4,1.9782608695652173,0.0,1.2000000000000002,0,0.05945,-0.36262,42.58099,5.35187,111.0,95.0,39530.0,0.0,0.46522,6e-05,0.0,0.0,0.5
YLR216C,9,0.0009270893242390689,0.2501599142403592,0.012620836592630622,0.1111111111111111,8.024390243902438,0.0,9.666666666666668,0,0.09164,-0.55633,26.8876,5.83575,57.0,52.0,21735.0,0.0,0.51662,0.00014,0.0,0.0,0.5
YLR217W,5,0.00027133116578545354,0.24667229716613384,0.011101950878462115,0.4,0.0,0.0,7.666666666666667,0,0.16822,0.13832,34.47673,10.00458,5.0,13.0,13075.0,0.0,1.0347,0.00079,0.0,0.0,0.0
YLR319C,13,0.0005141570277886885,0.2540829892638966,0.01030772976055004,0.15384615384615385,8.49536560247168,0.0,14.048917748917749,0,0.05203,-0.69657,44.29912,7.61505,114.0,115.0,41995.0,0.0,0.47283,9e-05,0.0,0.0,0.5
YOR322C,3,2.1082998056209946e-05,0.2423047897271964,0.005168753004789237,0.3333333333333333,1.0,0.0,0.0,0,0.0489,-0.5945,53.10183,8.72821,81.0,88.0,53830.0,0.0,0.59928,0.0001,0.0,0.0,0.5
YPL205C,5,0.00038691649445662794,0.2491576237520052,0.008526333477208542,0.0,2.6716899892357375,0.0,0.0,0,0.24561,-0.21667,60.47114,9.8902,5.0,17.0,21805.0,0.0,1.5771,0.00072,0.0,0.0,0.5
YGR173W,4,0.0002832099086448785,0.1991758838641153,3.4043176764769074e-05,0.0,3.664648910411622,0.0,0.0,0,0.06522,-0.36196,34.7962,8.71539,48.0,53.0,32485.0,0.0,0.79221,0.00021,0.0,0.0,0.5
YDR154C,2,8.464427804727731e-06,0.22913590844318787,0.002317842670061567,0.0,0.0,0.0,0.0,0,0.0,0.0,0.0,0.0,0.0,0.0,0.0,0.0,0.0,0.0,0.0,0.0,0.0
YDR155C,4,0.00023951504943881297,0.2543427878214262,0.013693890247615385,0.16666666666666666,2.186868686868687,0.25,0.875,0,0.11111,-0.23642,19.17346,6.89789,17.0,17.0,13200.0,0.0,0.75904,0.0004,0.0,0.0,0.5
YKR105C,2,1.1569137782103896e-05,0.24711916726969566,0.0013610335976295541,0.0,1.5424528301886793,0.0,0.0,0,0.11684,0.62491,33.00278,8.58282,35.0,40.0,63465.0,0.0,1.00166,0.00014,0.0,0.0,0.5
YDR156W,6,0.007546121984037713,0.26472412609985174,0.004513460267399245,0.06666666666666667,4.145804676753783,0.5,0.0,0,0.0365,-0.38321,33.52263,5.11639,16.0,12.0,0.0,0.0,0.0,0.00035,0.0,0.0,0.5
YJR063W,18,0.00705078202885307,0.24309877495366672,0.0011078840371099884,0.0,7.2805247225025225,0.5,0.0,0,0.072,-0.3216,37.30328,8.09564,13.0,15.0,6960.0,0.0,0.5095,0.00059,0.0,0.0,0.5
YNL248C,1,0.0,0.2077272284874506,0.00013028597079466197,0.0,1.0,0.5,0.0,0,0.07229,-0.4294,40.22386,9.54803,51.0,68.0,20985.0,0.0,0.44984,0.0002,0.0,0.0,0.5
YDR158W,1,0.0,0.18993456657918756,2.4523802770520535e-05,0.0,1.0,0.0,0.0,0,0.05479,-0.04356,39.07562,6.27313,45.0,42.0,22555.0,0.0,0.57039,0.00016,0.0,0.0,0.5
YFR029W,2,0.000214568661971831,0.13279851742357918,2.2197281427443256e-08,0.0,0.0,0.0,0.0,1,0.07375,-0.47832,42.0472,7.23309,77.0,77.0,52560.0,0.0,0.68899,9e-05,0.08971985818844534,0.0,0.0
YGL211W,4,5.806924593913627e-06,0.2453840416827617,0.008834733086043335,0.16666666666666666,0.0,0.0,0.0,0,0.0,0.0,0.0,0.0,0.0,0.0,0.0,0.0,0.0,0.0,0.0,0.0,0.0
YGL252C,2,4.184193255306181e-05,0.2255067827601873,0.001386759885935513,0.0,1.6167400881057268,0.0,0.0,0,0.07993,-0.21139,39.90939,8.16779,73.0,76.0,68520.0,0.0,1.04497,0.00012,0.0,0.0,0.5
YGR118W,2,0.000214568661971831,0.2172911561748642,0.001303705455949687,0.0,0.0,0.0,0.0,0,0.0,0.0,0.0,0.0,0.0,0.0,0.0,0.0,0.0,0.0,0.0,0.0,0.0
YIL133C,2,2.4111508717762214e-05,0.22113178843900183,0.0013174446475985259,0.0,0.0,0.0,0.0,0,0.0,0.0,0.0,0.0,0.0,0.0,0.0,0.0,0.0,0.0,0.0,0.0,0.0
YLL002W,5,3.179125955006189e-05,0.2524749650915895,0.010358669274923269,0.2,1.5366568914956011,1.0,2.857142857142857,0,0.10092,-0.28807,49.15528,9.41168,48.0,62.0,50350.0,0.0,1.00508,0.00019,0.0,0.0,0.5
YML026C,1,0.0,0.2172688275352737,0.0013026574468764597,0.0,0.0,0.0,0.0,0,0.0,0.0,0.0,0.0,0.0,0.0,0.0,0.0,0.0,0.0,0.0,0.0,0.0
YNL135C,5,0.0002472328332866134,0.23195124734348263,0.002168549256829737,0.0,4.836528758829465,0.0,0.0,0,0.07895,-0.13421,29.84386,5.72162,12.0,11.0,10095.0,0.0,0.83034,0.00047,0.0,0.0,0.5
YER013W,2,4.492372446324192e-05,0.21856022277853174,0.00011092415835275892,0.0,1.0,1.0,0.0,1,0.07074,-0.47153,48.27129,7.79498,153.0,155.0,85620.0,0.0,0.65857,6e-05,0.05900181244167522,0.055714552844473776,0.5278572764222369
YFL033C,3,0.00029158418333250137,0.24575482014988273,0.003388240195486014,0.0,1.9946062567421792,0.5,0.0,0,0.06723,-0.59153,47.48188,6.01495,205.0,180.0,126445.0,0.0,0.64339,3e-05,0.0,0.0,0.5
YGR097W,3,0.0004818047244837445,0.22426300330499746,0.00020210995459618342,0.0,1.854854854854855,0.0,0.0,0,0.07766,-0.68211,45.1818,9.32465,98.0,127.0,92445.0,0.0,0.7287,7e-05,0.0,0.0,0.5
YIL129C,2,2.2457424200653698e-05,0.22384750359001812,0.00015809690856050408,0.0,1.0,0.0,0.0,1,0.09049,-0.16124,44.12589,5.9516,283.0,253.0,262620.0,0.0,0.97319,2e-05,0.05900181244167522,0.0,0.5
YKL012W,6,0.00028293483418001194,0.22666719502138893,0.00032286336054437176,0.13333333333333333,2.782442748091603,1.0,0.0,1,0.09777,-0.93122,40.73911,8.91583,91.0,99.0,107385.0,0.0,1.55486,0.00013,0.05900181244167522,0.055714552844473776,0.5100118057923541
YLR228C,1,0.0,0.21449166575293088,9.786486694865868e-05,0.0,0.0,0.5,0.0,0,0.05897,-0.46523,50.51991,6.09271,76.0,65.0,47870.0,0.0,0.53615,7e-05,0.0,0.0,0.0
YML015C,5,0.000722719459051217,0.2504414089617431,0.0011461925087998892,0.3,1.798780487804878,1.0,7.166666666666667,1,0.09538,-0.87052,51.57488,5.5025,48.0,43.0,47455.0,0.0,1.16818,0.00014,0.08971985818844534,0.08233295696528463,0.5228857710886554
YML098W,4,0.00011079489720737934,0.23154482781136898,0.0002771456419772812,0.3333333333333333,1.0,1.0,8.333333333333334,1,0.05389,-1.14311,47.0479,5.65582,32.0,30.0,6210.0,0.0,0.32459,0.0003,0.08971985818844534,0.08233295696528463,0.5411664784826423
YML114C,1,0.0,0.21449166575293088,9.786486694865868e-05,0.0,0.0,1.0,0.0,1,0.04706,-0.7602,59.78431,4.95026,83.0,52.0,25565.0,0.0,0.44089,9e-05,0.08971985818844534,0.08233295696528463,0.5
YOR250C,2,5.580538015873343e-06,0.2209584695537168,0.00012258902191155597,0.0,1.9818956336528222,1.0,0.0,1,0.08539,-0.14022,39.63553,5.60455,53.0,44.0,61600.0,0.0,1.22648,0.00011,0.08971985818844534,0.08233295696528463,0.5207712645326175
YPL011C,3,0.0002462679352042891,0.23739421716269196,0.00037939454799183607,0.0,1.9834605597964376,1.0,0.0,1,0.06516,-0.65949,46.59833,4.66486,62.0,39.0,28670.0,0.0,0.71149,0.00012,0.08971985818844534,0.08233295696528463,0.5207548762587279
YPR115W,4,0.00014087643921024788,0.23381085869285814,0.0007984493181256412,0.0,2.91742195367573,0.0,0.0,0,0.06925,-0.71477,49.85837,9.31488,118.0,153.0,84715.0,0.0,0.70365,8e-05,0.0,0.0,0.5
YDR169C,1,0.0,0.2030297287458725,0.00024138749223882972,0.0,1.0,0.0,0.0,0,0.04094,-0.80585,59.24327,6.98981,59.0,58.0,24200.0,0.0,0.43012,0.00012,0.0,0.0,0.5
YLL026W,2,0.00024698600300504,0.1912921012539144,3.5460994115037e-05,0.0,2.0,0.3333333333333333,0.0,0,0.05286,-0.46839,43.97974,5.30914,150.0,124.0,33530.0,0.0,0.32862,5e-05,0.0,0.0,0.5
YDR174W,10,0.0009696854994032784,0.2514391241716632,0.0017199670007429328,0.044444444444444446,5.254413291796469,0.5,4.35,0,0.05691,-0.92886,45.91711,8.43243,40.0,42.0,19940.0,0.0,0.72394,0.00031,0.0,0.0,0.5
YIL013C,1,0.0,0.19945772323565078,5.074631376531562e-05,0.0,0.0,0.0,0.0,0,0.1297,0.01658,41.60004,6.42047,136.0,126.0,210975.0,0.0,1.31419,4e-05,0.0,0.0,0.0
YCL010C,2,3.204443441265585e-05,0.21198632395824302,8.90097094755778e-05,0.0,0.0,1.0,0.0,0,0.07336,-0.69537,42.20274,5.35529,41.0,35.0,30285.0,0.0,1.03078,0.00018,0.0,0.0,0.0
YDR457W,1,0.0,0.204235845946343,6.493174026676231e-05,0.0,0.0,0.5,0.0,0,0.09272,-0.2967,42.97989,5.05597,506.0,370.0,293870.0,0.0,0.78537,1e-05,0.0,0.0,0.0
YGL013C,1,0.0,0.204235845946343,6.493174026676231e-05,0.0,0.0,1.0,0.0,0,0.10393,-0.41676,47.70304,6.49799,120.0,114.0,102130.0,0.0,0.83856,5e-05,0.0,0.0,0.0
YJR080C,2,9.551424345672285e-05,0.20773743320490431,7.521040539442757e-05,0.0,1.9303733602421795,0.0,0.0,0,0.08122,-0.31751,41.75685,9.80804,34.0,53.0,41285.0,0.0,0.92927,0.00022,0.0,0.0,0.5
YKR060W,1,0.0,0.17255787114661844,2.634135414497906e-06,0.0,0.0,0.5,0.0,0,0.06569,-0.46022,38.59931,9.60333,31.0,47.0,15400.0,0.0,0.4871,0.0003,0.0,0.0,0.0
YDR184C,4,0.000354993788992054,0.2375542492174053,0.0008324759876915729,0.0,2.453488372093023,0.3333333333333333,0.0,0,0.03401,-0.79116,35.00918,5.77777,46.0,38.0,4720.0,0.0,0.14254,0.00017,0.0,0.0,0.5
YDR189W,4,8.151512545561422e-06,0.20884547561828487,0.0001885141756310712,0.16666666666666666,0.0,0.0,2.011111111111111,1,0.07808,-0.33108,36.95872,5.08551,88.0,70.0,53540.0,0.0,0.71695,7e-05,0.08971985818844534,0.0,0.0
YMR316W,2,1.7565077659388067e-05,0.21411155394020415,0.000126277169491504,0.0,1.0,0.0,0.0,0,0.09821,-0.50923,52.56637,8.93317,38.0,44.0,35340.0,0.0,0.91177,0.00023,0.0,0.0,0.5
YPL235W,1,0.0,0.16184565180339222,1.2468292205799857e-06,0.0,1.0,1.0,0.0,1,0.04459,-0.26879,38.79958,5.21124,69.0,55.0,17670.0,0.0,0.34237,0.0001,0.08971985818844534,0.08233295696528463,0.5411664784826423
YOR134W,1,0.0,0.19630039877072844,1.7357334331014547e-05,0.0,0.0,0.0,0.0,0,0.06601,-0.5687,51.16626,7.02875,51.0,50.0,23170.0,0.0,0.50134,0.00015,0.0,0.0,0.0
YDR200C,4,8.207016248887879e-06,0.22222414159015358,0.000385494755666128,0.5,3.0978809283551967,0.5,3.6666666666666665,0,0.03974,-0.72301,48.6293,6.97003,76.0,75.0,9315.0,0.0,0.13845,0.0001,0.0,0.0,0.5
YLR238W,3,2.541857729709121e-06,0.2158272439299256,0.0003416441698850035,0.3333333333333333,2.760593220338983,0.0,2.083333333333333,0,0.06276,-0.6841,42.84184,9.1358,61.0,72.0,17015.0,0.0,0.31456,0.00017,0.0,0.0,0.5
YMR052W,10,0.001200143670684628,0.27290759537392917,0.0086906414200027,0.1111111111111111,4.912099276111686,1.0,10.500000000000002,0,0.09314,-0.94167,50.59902,7.70563,33.0,34.0,24535.0,0.0,1.02094,0.00032,0.0,0.0,0.5
YHR083W,2,3.7217802435009803e-06,0.2271298308260303,0.0002445737403168282,0.0,1.0,0.0,0.0,1,0.08511,-0.131,37.73161,6.71136,35.0,34.0,29880.0,0.0,0.79885,0.00018,0.08971985818844534,0.0,0.5
YKL179C,2,1.6821556393498628e-06,0.2174699506463889,0.00034598443667207076,0.0,0.0,0.0,0.0,0,0.05596,-0.87275,44.00959,5.82294,112.0,103.0,49405.0,0.0,0.63738,8e-05,0.0,0.0,0.0
YKR083C,5,4.917185838746338e-05,0.2364517552180179,0.0006374187884031492,0.0,3.16728624535316,0.25,0.0,1,0.03008,-0.91729,49.78872,4.16876,31.0,13.0,13980.0,0.0,0.92759,0.00028,0.08971985818844534,0.06602488493524936,0.5104229425161866
YDR205W,1,0.0,0.00022002200220022002,4.36630699855352e-12,0.0,0.0,0.6666666666666666,0.0,0,0.10083,0.33785,34.62818,7.46771,51.0,51.0,63675.0,0.0,0.79024,9e-05,0.0,0.0,0.0
YNR039C,1,0.0,0.00022002200220022002,4.36630699855352e-12,0.0,0.0,0.5,0.0,0,0.09752,-0.08066,43.79855,6.64703,51.0,49.0,60320.0,0.0,0.89416,0.0001,0.0,0.0,0.0
YJR094C,3,1.5055558165712894e-05,0.24058162316203177,0.0007715328000645426,0.6666666666666666,1.0,1.0,0.0,0,0.13889,-1.05139,49.33503,5.09686,49.0,32.0,40145.0,0.0,0.95908,0.00012,0.0,0.0,0.5
YMR139W,6,0.0001682433196103522,0.2510659140485087,0.0010867019790434275,0.13333333333333333,3.9296969696969697,0.0,0.0,0,0.10541,-0.37378,44.31976,6.08978,46.0,41.0,38695.0,0.0,0.8998,0.00014,0.0,0.0,0.5
YDR214W,2,0.000214568661971831,0.22107398527389335,0.0027991025282896615,0.0,1.0,0.0,0.0,0,0.10571,-0.5,36.42371,7.02472,45.0,45.0,50795.0,0.0,1.28807,0.00018,0.0,0.0,0.5
YDR215C,2,0.000214568661971831,0.18078334360732898,3.099975217489084e-05,0.0,1.7117021276595745,0.0,0.0,0,0.07299,-0.30438,55.54745,10.94672,7.0,16.0,8480.0,0.0,0.55858,0.00072,0.0,0.0,0.5
YKR024C,3,0.000643705985915493,0.22244624883319472,0.0010610707532400414,0.0,1.6322869955156951,0.5,0.0,0,0.06873,-0.49272,39.89852,9.33014,86.0,108.0,46965.0,0.0,0.56376,0.00011,0.0,0.0,0.5
YPL175W,1,0.0,0.15225402139839533,9.507919857688197e-07,0.0,1.0,0.5,0.0,1,0.09292,0.00642,37.93232,6.78717,49.0,47.0,53245.0,0.0,1.0391,0.00013,0.08971985818844534,0.07606989737809992,0.53803494868905
YDR216W,5,0.0004823881271690264,0.23684906409314618,0.0005514864059639783,0.1,4.69967707212056,1.0,2.056140350877193,0,0.09675,-0.49766,40.57954,6.26813,161.0,147.0,97760.0,0.0,0.64768,4e-05,0.0,0.0,0.5
YGR123C,6,0.0003199127243167865,0.21995855346262844,0.0005261103846815943,0.0,5.648044692737431,1.0,0.0,0,0.10721,-0.44795,31.24487,7.59369,65.0,66.0,35965.0,0.0,0.62015,0.00013,0.0,0.0,0.5
YDR218C,3,0.0006402508098454291,0.21905839154159926,0.0011155650237127824,0.3333333333333333,1.8114143920595533,0.0,6.095238095238096,0,0.06856,-0.66336,37.05272,5.62238,67.0,58.0,31455.0,0.0,0.65269,0.00012,0.0,0.0,0.5
YGR059W,3,8.182754305196866e-05,0.2090726386986568,0.0002012310345478822,0.0,1.0,0.0,0.0,0,0.08984,-0.6834,42.78652,7.07428,80.0,80.0,49610.0,0.0,0.82898,0.00012,0.0,0.0,0.5
YDR225W,9,0.0007648659330519493,0.2572203887055372,0.011196522688134019,0.2222222222222222,8.140932642487046,0.5,13.5,0,0.0303,-0.31591,53.03106,10.6734,8.0,21.0,4470.0,0.0,0.31954,0.00076,0.0,0.0,0.5
YDR226W,2,0.00010496078556903377,0.24382766478227713,0.000995441897522786,0.0,1.0,0.0,0.0,1,0.04505,-0.42523,34.13248,5.98236,31.0,28.0,15595.0,0.0,0.64297,0.00025,0.08971985818844534,0.0,0.5
YOR176W,5,0.00015206160537379525,0.21707921921555604,0.0003387654491321858,0.0,1.0,0.0,0.0,1,0.10687,-0.38957,41.79415,9.08783,41.0,49.0,57215.0,0.0,1.28298,0.0002,0.08971985818844534,0.0,0.5
YLR442C,2,0.0,0.19733553550417807,6.27909710041412e-05,1.0,1.9666666666666666,1.0,0.0,0,0.07157,-0.50624,46.6488,6.02118,145.0,136.0,86135.0,0.0,0.77349,5e-05,0.0,0.0,0.5
YDR228C,9,0.000699079599079582,0.2450427762831913,0.0008222405648822239,0.08333333333333333,7.452356020942409,1.0,0.0,1,0.07508,-0.70527,45.17669,7.88678,72.0,74.0,67030.0,0.0,0.9323,0.00011,0.08971985818844534,0.08233295696528463,0.5055239548898305
YGL044C,21,0.0018970508705843428,0.2511852206901712,0.0012076869932220826,0.023809523809523808,17.559183673469388,1.0,0.0,1,0.06757,-0.52264,41.30777,4.92328,32.0,25.0,20440.0,0.0,0.62335,0.00015,0.08971985818844534,0.08233295696528463,0.5023444414756503
YPR049C,2,1.0352244186744857e-05,0.21264724883430716,0.00034975524043904,0.0,0.0,0.0,0.0,0,0.08234,-0.48455,39.61784,5.51678,166.0,142.0,97930.0,0.0,0.72528,4e-05,0.0,0.0,0.0
YDR229W,5,0.0006895148529294178,0.24367311226916166,0.0010769368507856636,0.0,1.7216494845360826,0.0,0.0,0,0.05298,-0.87417,47.72589,4.88995,72.0,49.0,27765.0,0.0,0.55558,0.0001,0.0,0.0,0.5
YDR236C,1,0.0,0.14642831089438804,9.91247031078374e-08,0.0,1.0,0.3333333333333333,0.0,1,0.11009,-0.0633,31.27486,5.03107,25.0,18.0,20650.0,0.0,0.84159,0.00021,0.08971985818844534,0.07069233844701739,0.5353461692235086
YDR398W,4,0.0004363784625562373,0.17262831443170443,3.0977266785425026e-06,0.0,3.0601374570446733,0.5,0.0,1,0.06998,-0.42426,40.76487,4.83051,100.0,65.0,82695.0,0.0,1.14853,7e-05,0.08971985818844534,0.07606989737809992,0.5124291634682915
YDR238C,1,0.0,0.14319539434218387,1.4704065844528395e-07,0.0,1.0,0.0,0.0,1,0.06269,-0.111,39.91955,5.43085,136.0,111.0,63020.0,0.0,0.57807,5e-05,0.05900181244167522,0.0,0.5
YFR051C,2,0.000214568661971831,0.16815266384281183,4.28977617740686e-06,0.0,1.0,0.0,0.0,1,0.07509,-0.41099,52.61795,5.05634,77.0,53.0,34965.0,0.0,0.57672,8e-05,0.08971985818844534,0.0,0.5
YNL214W,4,0.0003033880901835297,0.24961355234750204,0.001200693238473376,0.6666666666666666,2.0,0.0,0.0,0,0.11055,-0.42563,54.69749,9.39252,19.0,23.0,25440.0,0.0,1.09801,0.00041,0.0,0.0,0.5
YDR251W,1,0.0,0.2104774869503276,0.00030579768948307693,0.0,0.0,0.0,0.0,0,0.07349,-0.62048,49.22135,8.57062,81.0,86.0,49905.0,0.0,0.53736,9e-05,0.0,0.0,0.0
YDR252W,3,1.222918973621635e-05,0.2111817414262401,0.00011902347692328536,0.0,0.0,0.5,0.0,0,0.04027,-0.70604,30.28926,8.8504,15.0,18.0,4720.0,0.0,0.284,0.00053,0.0,0.0,0.0
YHR193C,4,0.00036774394756637554,0.25454181606687726,0.0012697276261200252,0.0,1.9217877094972067,0.3333333333333333,0.0,0,0.03448,-0.47126,35.81782,4.83917,27.0,20.0,2980.0,0.0,0.15928,0.00026,0.0,0.0,0.5
YGR140W,12,0.00031158353468389226,0.23984477286138234,0.006257746373016837,0.19696969696969696,4.299277605779154,0.25,4.233333333333333,1,0.10983,-0.72354,41.88978,5.81818,143.0,124.0,112995.0,0.0,1.00964,5e-05,0.05900181244167522,0.047735814213720786,0.5055516087341689
YKL089W,5,7.197527592624541e-06,0.23042192623795946,0.004350701435698164,0.5,0.0,0.5,2.8166666666666664,1,0.07468,-0.97614,51.46667,4.65497,113.0,77.0,37945.0,0.0,0.60739,7e-05,0.05900181244167522,0.05277425862356333,0.5
YDR255C,1,0.0,0.1948980591933923,2.8745682208920177e-05,0.0,1.0,0.0,0.0,0,0.09976,-0.50641,45.25394,8.4632,55.0,60.0,40100.0,0.0,0.81557,0.00017,0.0,0.0,0.5
YKL144C,3,0.0005255452334908844,0.24423606274223358,0.000989537465724739,0.0,2.7888198757763973,1.0,0.0,1,0.10849,-0.24953,32.44717,4.74323,34.0,22.0,36940.0,0.0,1.51857,0.00019,0.08971985818844534,0.08233295696528463,0.5147612539770722
YDR256C,4,0.0002464627775441613,0.23795527490400273,0.0006986122271635063,0.16666666666666666,2.0,0.0,1.4285714285714286,0,0.11845,-0.63146,30.25847,6.99567,54.0,53.0,78895.0,0.0,1.34737,0.00012,0.0,0.0,0.5
YMR314W,2,2.694018575446765e-06,0.2007264057682172,5.0440255122539636e-05,0.0,1.0,0.5,0.0,1,0.0812,-0.2188,26.32863,6.90289,26.0,26.0,18255.0,0.0,0.71298,0.00027,0.08971985818844534,0.07606989737809992,0.53803494868905
YDR262W,1,0.0,0.00022002200220022002,4.36630699855352e-12,0.0,0.0,0.0,0.0,0,0.08456,-0.34632,43.54669,5.26337,37.0,30.0,24535.0,0.0,0.80092,0.00017,0.0,0.0,0.0
YDR454C,1,0.0,0.00022002200220022002,4.36630699855352e-12,0.0,0.0,0.0,0.0,1,0.09626,-0.39251,21.06203,6.6275,26.0,26.0,14565.0,0.0,0.70577,0.00032,0.08971985818844534,0.0,0.0
YDR263C,1,0.0,0.00022002200220022002,4.36630699855352e-12,0.0,0.0,1.0,0.0,0,0.08605,-0.23279,35.7414,9.35297,45.0,64.0,40100.0,0.0,0.8178,0.00019,0.0,0.0,0.0
YOR214C,1,0.0,0.00022002200220022002,4.36630699855352e-12,0.0,0.0,0.0,0.0,0,0.09746,0.08347,41.01864,4.26129,32.0,10.0,13410.0,0.0,0.51269,0.00016,0.0,0.0,0.0
YJR086W,5,0.00041260224355031894,0.20594668048112952,0.00012455429843130552,0.2,1.5168141592920354,0.0,8.833333333333334,0,0.04545,-0.82,61.60545,9.62457,7.0,14.0,10345.0,0.0,0.81939,0.00076,0.0,0.0,0.5
YDR267C,2,0.00017351444835371656,0.21161503229340098,0.00029366219294979095,0.0,1.8763102725366876,0.5,0.0,1,0.11212,-0.27333,29.72182,4.59808,59.0,32.0,105140.0,0.0,2.82072,0.00012,0.08971985818844534,0.07606989737809992,0.5202711402510356
YDR268W,3,0.00031908644728660354,0.2535649811308408,0.0015430161202853794,0.0,2.9421965317919074,0.0,0.0,0,0.08443,-0.37968,38.50055,9.15033,44.0,52.0,40130.0,0.0,0.93293,0.00021,0.0,0.0,0.5
YOR308C,6,9.235626732242978e-05,0.2530945170169399,0.005767028412515423,0.2,4.528455284552845,1.0,7.966666666666667,0,0.03918,-1.09455,47.10273,6.34955,105.0,100.0,21430.0,0.0,0.3226,0.0001,0.0,0.0,0.5
YNL259C,1,0.0,0.16493888721113317,5.263959322561267e-06,0.0,0.0,0.0,0.0,0,0.06849,-0.15342,27.73151,8.58063,9.0,11.0,4720.0,0.0,0.57417,0.00104,0.0,0.0,0.0
YDR271C,6,0.002436720114449373,0.2656387455442573,0.0014818042512749576,0.0,3.9526066350710902,0.0,0.0,0,0.08943,0.16748,77.47967,5.70636,11.0,10.0,13575.0,0.0,0.99701,0.00042,0.0,0.0,0.5
YDR509W,1,0.0,0.20828998080578426,4.426502827328407e-05,0.0,0.0,0.0,0.0,0,0.22609,0.53217,41.41757,10.09821,4.0,16.0,16055.0,0.0,1.13777,0.00072,0.0,0.0,0.0
YOR244W,2,1.5604549652862574e-05,0.2114034489986018,4.9582928781946596e-05,0.0,1.0,0.0,0.0,1,0.11011,-0.72584,42.02274,7.5788,68.0,69.0,78115.0,0.0,1.48473,0.00014,0.08971985818844534,0.0,0.5
YDR275W,1,0.0,0.21376520019811102,0.0005061506858402242,0.0,0.0,0.0,0.0,0,0.08511,-0.0434,53.97617,5.20966,33.0,25.0,16555.0,0.0,0.62281,0.0002,0.0,0.0,0.0
YDR279W,5,0.0001304304391614065,0.22899941461708176,0.0020243832264578627,0.2,1.0,1.0,5.0,0,0.09714,-0.49457,31.43489,7.05548,42.0,42.0,29715.0,0.0,0.7526,0.00018,0.0,0.0,0.5
YIL131C,3,5.217768371925325e-06,0.1998064255489998,0.00013080651686648719,0.0,0.0,1.0,0.0,0,0.06612,-0.5093,47.27048,8.46259,48.0,51.0,51840.0,0.0,0.96916,0.00016,0.0,0.0,0.0
YLR154C,2,0.0,0.21395988617279052,0.0005636786470741851,1.0,0.0,0.5,3.0,0,0.10909,-0.67273,25.76555,4.69257,17.0,12.0,8940.0,0.0,0.71625,0.00038,0.0,0.0,0.0
YDR280W,1,0.0,0.17166821703889223,2.655106906403165e-06,0.0,1.0,0.3333333333333333,0.0,1,0.0623,-0.12426,51.83246,4.97968,48.0,33.0,12710.0,0.0,0.37425,0.00015,0.08971985818844534,0.07069233844701739,0.5353461692235086
YDR292C,2,1.3155446109516795e-05,0.1886971526246779,2.1920783604065424e-05,0.0,1.0,0.3333333333333333,0.0,1,0.08052,-0.48293,35.20823,6.69464,75.0,73.0,50350.0,0.0,0.72679,0.0001,0.08971985818844534,0.07069233844701739,0.5353461692235086
YKL154W,2,0.0001782495732728069,0.22711763200596338,0.0007176513565898545,0.0,1.8943089430894309,0.5,0.0,1,0.06148,-0.11352,38.54426,7.61444,31.0,32.0,18825.0,0.0,0.6979,0.00028,0.08971985818844534,0.07606989737809992,0.5200785351448634
YMR163C,2,4.9474534808540824e-05,0.20054553686422422,3.920515164075334e-05,0.0,0.0,0.0,0.0,0,0.09645,-0.35504,41.40145,9.03522,82.0,98.0,56865.0,0.0,0.69802,0.00011,0.0,0.0,0.0
YDR293C,8,0.00029024368838602877,0.25960483702615456,0.029105992172729023,0.25,2.0,0.0,4.437229437229437,0,0.0672,-0.70192,55.52841,7.26019,150.0,149.0,93920.0,0.0,0.67108,5e-05,0.0,0.0,0.5
YJR066W,6,9.873375300507785e-05,0.222586755991106,0.0008980766404938478,0.3333333333333333,1.8639667705088265,0.0,0.0,0,0.08138,-0.16818,41.00398,6.81122,284.0,276.0,315115.0,0.0,1.12086,2e-05,0.0,0.0,0.5
YPL180W,6,0.00010373517030586626,0.22511063030710846,0.001079066889610053,0.26666666666666666,2.2589073634204277,0.0,0.0,0,0.04756,-1.01389,59.50101,7.8465,102.0,103.0,26150.0,0.0,0.29434,9e-05,0.0,0.0,0.5
YDR295C,8,0.00016834619577229631,0.24937802620269103,0.008543981045082517,0.35714285714285715,7.7152917505030185,1.0,10.408333333333331,0,0.06825,-0.70519,46.66068,8.81195,86.0,95.0,54500.0,0.0,0.70726,0.00011,0.0,0.0,0.5
YLR131C,3,6.659083100131439e-05,0.21579420240452296,0.0003851403041342545,0.0,1.0,1.0,0.0,0,0.05065,-0.90909,53.52221,8.47345,92.0,97.0,41800.0,0.0,0.4825,0.0001,0.0,0.0,0.5
YDR298C,1,0.0,0.15015102049920223,1.1019210255386665e-06,0.0,1.0,0.0,0.0,0,0.05189,-0.09387,24.26745,9.58185,21.0,30.0,4595.0,0.0,0.20141,0.00042,0.0,0.0,0.5
YDR299W,6,0.0002351733437331784,0.21953603936865498,0.00014145794866591104,0.06666666666666667,3.9,0.5,0.0,1,0.0618,-1.03352,52.95489,4.68085,116.0,75.0,37485.0,0.0,0.61248,8e-05,0.08971985818844534,0.07606989737809992,0.5097525509459102
YDR300C,1,0.0,0.16933778593300625,2.636696270608445e-06,0.0,1.0,0.0,0.0,0,0.05374,-0.22266,26.46565,6.28241,54.0,50.0,31775.0,0.0,0.67375,0.00013,0.0,0.0,0.5
YNL317W,6,1.2773504482151828e-05,0.19983475215344418,6.446331198735763e-05,0.8,5.983461962513782,1.0,12.366666666666664,1,0.09892,-0.54301,41.97333,8.31293,49.0,52.0,85215.0,0.0,1.60351,0.00016,0.08971985818844534,0.08233295696528463,0.5068800434832793
YDR304C,1,0.0,0.2137976232528961,0.00015029403248971316,0.0,0.0,1.0,0.0,0,0.10222,-0.28267,34.20493,5.35321,32.0,23.0,13200.0,0.0,0.52119,0.00021,0.0,0.0,0.0
YMR153W,25,0.005752858577877667,0.27051581309615097,0.0014815825646755203,0.013333333333333334,18.328205128205127,0.25,11.877380952380951,0,0.07579,-0.77284,48.02295,9.53033,50.0,65.0,47565.0,0.0,0.90397,0.00018,0.0,0.0,0.5
YDR308C,4,7.302541317469868e-05,0.2320785462004847,0.0008859075140841586,0.5,1.81640625,1.0,4.80952380952381,1,0.03571,-0.50643,43.15643,4.9079,27.0,19.0,1740.0,0.0,0.10827,0.00031,0.08971985818844534,0.08233295696528463,0.5226636956807665
YDR116C,2,2.0666641881457894e-06,0.23093786195833282,0.0027844267779289634,0.0,1.4899193548387097,0.0,0.0,0,0.05965,-0.23088,44.22772,9.9798,24.0,44.0,10805.0,0.0,0.3486,0.00032,0.0,0.0,0.5
YKL082C,5,0.00031783472497509777,0.22192092313403475,0.0008259939224726243,0.3,1.0,0.5,4.688636363636364,1,0.03226,-1.45853,56.94954,9.57111,91.0,116.0,22460.0,0.0,0.44492,0.00019,0.08971985818844534,0.07606989737809992,0.53803494868905
YDR311W,24,0.008528568430848484,0.27667516293634076,0.00504998187506542,0.014492753623188406,19.829896907216494,1.0,5.380219780219781,1,0.05919,-0.65156,37.60625,6.43646,89.0,85.0,39475.0,0.0,0.54154,9e-05,0.08971985818844534,0.08233295696528463,0.5020759804589635
YBR286W,2,2.6857590091895974e-05,0.21592642924423164,0.00015673401150657036,0.0,1.0,0.0,0.0,0,0.11546,-0.41583,34.84529,5.12982,73.0,50.0,67200.0,0.0,1.11745,9e-05,0.0,0.0,0.5
YBR302C,3,0.00025825596755187053,0.22015322731773385,0.00019335601420828052,0.0,1.0,0.0,0.0,0,0.16359,0.03773,38.1462,8.78156,39.0,46.0,109985.0,0.0,2.43521,0.00019,0.0,0.0,0.5
YHR113W,4,0.0001025073070588384,0.23471931562605639,0.0005986288792097541,0.16666666666666666,1.9481236203090508,0.0,0.0,0,0.08163,-0.23898,38.22184,6.53424,59.0,55.0,37400.0,0.0,0.69038,0.00012,0.0,0.0,0.5
YIL071C,2,0.000214568661971831,0.2150370297645071,0.0001470976233842612,0.0,1.0,0.5,0.0,0,0.09685,-0.12117,42.33313,4.75214,66.0,40.0,37120.0,0.0,0.72377,9e-05,0.0,0.0,0.5
YKL028W,3,0.0002635100497190805,0.21579420240452296,0.0001498716383555531,0.0,1.9492924528301887,1.0,0.0,1,0.05394,-0.94772,57.94172,4.39032,111.0,56.0,30870.0,0.0,0.56392,8e-05,0.08971985818844534,0.08233295696528463,0.5211186774067034
YKL104C,1,0.0,0.21501516196262938,0.0001469574853625599,0.0,1.0,0.0,0.0,1,0.07252,-0.1735,38.54156,6.00568,93.0,81.0,55290.0,0.0,0.69073,8e-05,0.08971985818844534,0.0,0.5
YMR294W,42,0.006675599290208605,0.29652220673999247,0.08351303564081129,0.1835075493612079,12.55421686746988,0.0,308.5833333333333,0,0.03753,-0.90349,54.09678,4.84015,81.0,60.0,14690.0,0.0,0.33688,0.00011,0.0,0.0,0.5
YPL170W,2,6.27591246032432e-05,0.22338632806756642,0.0005461845333837368,0.0,1.808,0.0,0.0,0,0.10526,-0.55197,22.58954,4.65399,23.0,14.0,17210.0,0.0,1.02701,0.00028,0.0,0.0,0.5
YDR313C,3,9.74483156041029e-05,0.24816333276520144,0.001039891573627253,0.0,1.9005524861878453,0.0,0.0,0,0.07692,-0.70455,56.17622,5.55621,43.0,32.0,20950.0,0.0,0.64116,0.00017,0.0,0.0,0.5
YDR315C,7,0.0006847607745282091,0.2462127039487064,0.008231544481918063,0.047619047619047616,3.0,1.0,2.6,0,0.10676,-0.28505,33.57972,7.99188,30.0,32.0,61975.0,0.0,1.88273,0.00024,0.0,0.0,0.5
YLR323C,1,0.0,0.19615470777989757,0.00023025726644485152,0.0,1.0,1.0,0.0,1,0.0695,-1.061,46.99768,9.11029,40.0,52.0,21190.0,0.0,0.7125,0.00031,0.08971985818844534,0.08233295696528463,0.5411664784826423
YDL026W,1,0.0,0.22414413178835113,0.0019570564365295304,0.0,0.0,0.0,0.0,0,0.12621,0.61262,37.28058,9.20636,5.0,8.0,13075.0,0.0,1.148,0.00081,0.0,0.0,0.0
YDL046W,2,0.0002270466320879544,0.2545111760649433,0.0029424237457645126,0.0,1.2358490566037736,0.0,0.0,0,0.07514,0.02254,37.94855,4.3598,27.0,13.0,10930.0,0.0,0.57337,0.00023,0.0,0.0,0.5
YDL050C,1,0.0,0.22414413178835113,0.0019570564365295304,0.0,0.0,0.0,0.0,0,0.1626,0.05691,36.78374,7.70941,12.0,13.0,10345.0,0.0,0.73399,0.00055,0.0,0.0,0.0
YDL053C,2,5.4359855984396326e-05,0.23039681760482905,0.0021245724513468157,0.0,1.8848920863309353,0.5,0.0,0,0.04865,-0.92378,50.74811,10.34222,9.0,29.0,18575.0,0.0,0.93431,0.00052,0.0,0.0,0.5
YDL061C,1,0.0,0.22414413178835113,0.0019570564365295304,0.0,1.0,0.0,0.0,0,0.125,-0.90357,37.33036,10.06549,4.0,12.0,8980.0,0.0,1.33479,0.0015,0.0,0.0,0.5
YDL067C,1,0.0,0.22414413178835113,0.0019570564365295304,0.0,0.0,0.0,0.0,1,0.13559,-0.24576,46.2239,9.77313,6.0,10.0,19480.0,0.0,2.79759,0.0014,0.08971985818844534,0.0,0.0
YDL096C,3,0.000172275096776311,0.23027135647566066,0.0021252217061030407,0.0,0.0,0.0,0.0,0,0.0463,0.17037,27.89815,8.88007,4.0,8.0,3730.0,0.0,0.33316,0.00079,0.0,0.0,0.0
YDL118W,2,0.00015000216668149236,0.24206899022949407,0.0022097758879063094,0.0,1.0,0.0,0.0,0,0.13492,0.43968,41.76111,9.05902,10.0,15.0,10595.0,0.0,0.74958,0.00064,0.0,0.0,0.5
YDR455C,5,0.0007054016958731689,0.24216602853734007,0.002215875148091983,0.0,1.0,0.0,0.0,0,0.05882,-0.01569,68.53824,6.23773,7.0,6.0,375.0,0.0,0.03508,0.00058,0.0,0.0,0.5
YDR478W,2,0.0002301290749222904,0.2242986893501847,0.001959435578762518,0.0,0.0,1.0,0.0,1,0.07576,-0.85455,41.91515,9.66351,18.0,35.0,16680.0,0.0,0.74,0.00043,0.08971985818844534,0.08233295696528463,0.5
YDR542W,2,1.749047097512067e-05,0.22653362566663268,0.001967081724299225,0.0,1.0,0.0,0.0,0,0.09167,0.31833,18.44917,5.51361,9.0,7.0,15930.0,0.0,1.24128,0.00043,0.0,0.0,0.5
YER029C,8,0.0010510459729630211,0.26522222719010485,0.0033385371310587874,0.0,4.691817215727949,1.0,0.0,1,0.03571,-1.0352,47.62551,10.36505,21.0,45.0,4595.0,0.0,0.20533,0.00046,0.08971985818844534,0.08233295696528463,0.5087741010763684
YER035W,1,0.0,0.22414413178835113,0.0019570564365295304,0.0,0.0,0.5,0.0,0,0.04828,-1.04759,34.80069,10.14301,14.0,30.0,3105.0,0.0,0.1932,0.00063,0.0,0.0,0.0
YER084W,5,0.0005944931567591298,0.26320821550597734,0.007011180852199235,0.2,2.7444168734491314,0.5,4.5064935064935066,0,0.11719,-0.15859,64.25234,10.02679,5.0,15.0,11835.0,0.0,0.8269,0.0007,0.0,0.0,0.5
YFL015C,1,0.0,0.22414413178835113,0.0019570564365295304,0.0,0.0,0.0,0.0,0,0.19512,0.09512,57.63122,9.91888,6.0,17.0,33055.0,0.0,1.71266,0.00051,0.0,0.0,0.0
YFR054C,1,0.0,0.22414413178835113,0.0019570564365295304,0.0,1.0,0.0,0.0,0,0.09375,0.16927,59.12349,5.87347,12.0,9.0,10930.0,0.0,0.53425,0.00029,0.0,0.0,0.5
YGR018C,3,0.00034433194627259654,0.2566272114527875,0.0029823812625524295,0.0,1.2358490566037736,0.0,0.0,0,0.09174,-0.14862,65.54587,7.71063,7.0,8.0,18615.0,0.0,1.56464,0.00065,0.0,0.0,0.5
YGR036C,2,2.872304102249109e-05,0.23771449717910126,0.0025122127337934364,0.0,1.0,0.5,0.0,0,0.17155,0.25983,31.12184,8.73932,16.0,20.0,43485.0,0.0,1.57276,0.00032,0.0,0.0,0.5
YGR146C,2,1.0250668399289125e-05,0.22982082556081695,0.002208621724392763,0.0,1.5401234567901234,0.0,0.0,0,0.06161,-0.791,55.38199,5.58295,28.0,21.0,17920.0,0.0,0.74678,0.00023,0.0,0.0,0.5
YHL042W,2,5.557549471694234e-06,0.23143077880467558,0.002732572685191482,0.0,1.7357142857142858,0.0,0.0,0,0.14,0.014,40.40267,8.88141,15.0,19.0,16095.0,0.0,0.91603,0.00051,0.0,0.0,0.5
YLL033W,2,9.196851493665398e-05,0.2373142819641412,0.0028037340894105623,0.0,1.4981036662452591,0.0,0.0,0,0.1087,-0.51739,27.72309,9.79865,24.0,44.0,25370.0,0.0,0.92666,0.00036,0.0,0.0,0.5
YGR167W,5,4.863470678734879e-05,0.22320945844914394,0.0002476900011328411,0.2,2.8233502538071065,0.0,0.0,0,0.06867,-1.21288,51.91979,4.31305,64.0,33.0,13980.0,0.0,0.52693,0.00016,0.0,0.0,0.5
YDR321W,4,5.111176783388931e-05,0.23237186450813452,0.0004677354813789949,0.16666666666666666,2.8995584988962473,0.0,7.5,0,0.07349,-0.06719,41.73963,5.237,42.0,32.0,26580.0,0.0,0.64211,0.00013,0.0,0.0,0.5
YKR014C,5,0.0004463070655886057,0.2413367874853916,0.0021282533767138707,0.0,1.5717439293598234,0.25,0.0,0,0.06838,-0.62906,40.38462,4.68988,40.0,27.0,21805.0,0.0,0.83443,0.00018,0.0,0.0,0.5
YDR326C,2,0.00021454101493382404,0.18299736845763512,6.366701350262757e-06,0.0,1.4094036697247707,0.3333333333333333,0.0,0,0.07232,-0.70132,43.09347,7.01019,172.0,169.0,94950.0,0.0,0.59131,4e-05,0.0,0.0,0.5
YER007C-A,1,0.0,0.15382136664068355,2.278249107322247e-07,0.0,1.0,0.0,0.0,0,0.07182,-0.18453,33.81768,6.53326,25.0,24.0,11710.0,0.0,0.57749,0.00032,0.0,0.0,0.5
YJR089W,3,3.144917612818404e-05,0.2034106109153414,0.00025972456010987647,0.0,1.0,0.0,0.0,1,0.06394,-0.90294,45.53743,6.05682,151.0,140.0,64300.0,0.0,0.59172,6e-05,0.05900181244167522,0.0,0.5
YLR097C,1,0.0,0.19541142284283883,7.898723098098334e-05,0.0,1.0,0.0,0.0,1,0.12791,-0.52413,31.5143,7.58734,50.0,51.0,67560.0,0.0,1.66919,0.00019,0.08971985818844534,0.0,0.5
YLR224W,2,0.0,0.19935428956812332,8.340480606473712e-05,1.0,1.7415929203539824,0.0,7.333333333333334,0,0.12466,-0.29566,45.91415,6.37555,40.0,37.0,86135.0,0.0,2.01469,0.00015,0.0,0.0,0.5
YLR352W,4,0.00018900987110961737,0.24606943208141008,0.0021679384331649678,0.16666666666666666,3.020234291799787,0.0,0.0,0,0.09913,-0.47076,45.82924,7.35736,90.0,90.0,113410.0,0.0,1.21787,8e-05,0.0,0.0,0.5
YML088W,3,0.00022172511355931842,0.23306344743821825,0.0005652284421424359,0.0,2.704057279236277,0.0,0.0,0,0.08383,-0.58204,44.06557,5.19476,102.0,75.0,92205.0,0.0,1.19966,7e-05,0.0,0.0,0.5
YNL311C,3,4.041830555545941e-05,0.2107817361339364,0.00011810914963873848,0.0,2.7583756345177664,0.0,0.0,0,0.10747,-0.41533,48.24159,6.49786,96.0,92.0,79575.0,0.0,0.89469,7e-05,0.0,0.0,0.5
YOR057W,5,0.0005489976719213948,0.21577218034080173,0.00013731965552320256,0.1,2.776330076004343,0.0,6.266666666666667,1,0.09114,-0.75392,43.78937,6.08502,63.0,59.0,59485.0,0.0,1.32605,0.00014,0.08971985818844534,0.0,0.5
YLR002C,3,0.0001056848634863949,0.19448572829503896,1.4450820754959534e-05,0.0,1.7272727272727273,0.5,0.0,1,0.06335,-0.57119,45.37481,5.72626,108.0,98.0,35840.0,0.0,0.47419,8e-05,0.08971985818844534,0.07606989737809992,0.5220202334515552
YDR332W,25,0.006466353577293457,0.2627666184253422,0.04907451628287031,0.23333333333333334,7.972010178117048,0.0,126.0604700854701,0,0.08128,-0.31306,36.70653,9.0119,83.0,97.0,68520.0,0.0,0.87236,0.00011,0.0,0.0,0.5
YBL058W,1,0.0,0.20651998389915177,0.0013636665623109356,0.0,1.0,0.5,0.0,0,0.07565,-0.96099,41.91586,4.888,67.0,48.0,34630.0,0.0,0.73702,0.0001,0.0,0.0,0.5
YDR014W,5,1.9225339783800845e-07,0.24434896511724444,0.017059418149793924,0.7,0.0,0.0,2.2403846153846154,0,0.0,0.0,0.0,0.0,0.0,0.0,0.0,0.0,0.0,0.0,0.0,0.0,0.0
YDR265W,1,0.0,0.20651998389915177,0.0013636665623109356,0.0,0.0,0.0,0.0,0,0.10682,-0.22493,50.98433,9.34674,31.0,49.0,44485.0,0.0,1.13777,0.00024,0.0,0.0,0.0
YGL033W,2,0.00021454101493382404,0.2065401577766451,0.0013647037389005613,0.0,0.0,0.0,0.0,0,0.0,0.0,0.0,0.0,0.0,0.0,0.0,0.0,0.0,0.0,0.0,0.0,0.0
YMR074C,1,0.0,0.20651998389915177,0.0013636665623109356,0.0,0.0,0.0,0.0,0,0.04828,-0.82207,28.16483,4.78082,25.0,18.0,1490.0,0.0,0.09326,0.0003,0.0,0.0,0.0
YLR293C,12,0.002031740798181068,0.2622288968323845,0.001839396396086705,0.045454545454545456,8.189710610932476,1.0,0.7272727272727273,1,0.10959,-0.35662,33.75438,6.11505,28.0,26.0,30285.0,0.0,1.22067,0.00025,0.08971985818844534,0.08233295696528463,0.5050266096616026
YOR359W,3,7.793551893857461e-06,0.21751469524813705,0.0006377405684971177,0.0,1.5741379310344827,0.0,0.0,0,0.05736,-0.73805,62.1304,8.84491,35.0,39.0,42985.0,0.0,0.74684,0.00015,0.0,0.0,0.5
YDR346C,1,0.0,0.18436968914889398,8.1265953679112e-06,0.0,0.0,0.5,0.0,0,0.09771,-0.63534,49.6011,4.43915,98.0,43.0,68215.0,0.0,1.25471,8e-05,0.0,0.0,0.0
YLR077W,2,0.00021454101493382404,0.22792557485684428,0.00025986639372549994,0.0,1.0,0.0,0.0,0,0.10292,-0.57719,36.44991,9.02094,66.0,79.0,107715.0,0.0,1.61518,0.00014,0.0,0.0,0.5
YDR348C,2,0.000643705985915493,0.18387264937468614,2.0600184176994506e-05,0.0,0.0,0.0,0.0,0,0.06012,-1.13146,57.95553,9.49164,59.0,71.0,24870.0,0.0,0.45222,0.00017,0.0,0.0,0.0
YMR295C,2,0.000858274647887324,0.22709323829649491,0.000717606101386956,0.0,1.0,0.0,0.0,0,0.08629,-0.87208,42.83046,6.52301,27.0,26.0,14565.0,0.0,0.65672,0.00029,0.0,0.0,0.5
YDR349C,3,0.0002529587110078046,0.23306344743821825,0.0019934327800713494,0.0,1.9565656565656566,0.3333333333333333,0.0,0,0.09899,-0.02181,39.1329,4.79059,51.0,36.0,71335.0,0.0,1.10601,7e-05,0.0,0.0,0.5
YLR099C,1,0.0,0.1877171034899912,5.8029074834762386e-05,0.0,0.0,0.0,0.0,0,0.11421,-0.39924,40.43581,9.18097,37.0,48.0,67435.0,0.0,1.4939,0.0002,0.0,0.0,0.0
YOR007C,5,5.005408980304993e-05,0.21935383288302895,0.00018454841654656643,0.0,5.0,0.0,0.0,0,0.05491,-0.59942,47.79827,4.6806,55.0,37.0,16515.0,0.0,0.44374,0.00013,0.0,0.0,0.5
YDR350C,1,0.0,0.19964605969118698,0.00022737950781460335,0.0,0.0,0.0,0.0,0,0.12135,-0.2367,46.36304,9.2901,64.0,88.0,86315.0,0.0,1.08226,0.00012,0.0,0.0,0.0
YDR351W,5,0.0007430520749360619,0.24141945594422426,0.002863013425229703,0.0,0.0,0.0,0.0,0,0.07407,-0.6169,51.67353,8.56085,106.0,115.0,89905.0,0.0,0.9084,9e-05,0.0,0.0,0.0
YHR103W,1,0.0,0.19310028724229564,8.265891954497378e-05,0.0,0.0,0.0,0.0,0,0.07394,-0.64507,49.54673,8.12677,105.0,108.0,78935.0,0.0,0.81885,8e-05,0.0,0.0,0.0
YJR005W,3,5.8332125317544925e-05,0.20349870983248472,9.955225475452475e-05,0.0,1.0,0.0,0.0,0,0.07571,-0.12671,47.13914,6.01361,93.0,85.0,55530.0,0.0,0.69022,7e-05,0.0,0.0,0.5
YDR357C,3,3.4970974995244783e-05,0.2329478978856956,0.00042493710195425896,0.0,1.0,0.0,0.0,0,0.06557,-0.67049,24.0,5.02142,21.0,16.0,9190.0,0.0,0.65847,0.00036,0.0,0.0,0.5
YGL079W,3,2.0752507908336185e-05,0.2107502212967372,0.0003466377945288506,0.0,0.0,0.0,0.0,0,0.06422,-0.7422,55.64587,4.24518,44.0,19.0,6085.0,0.0,0.24895,0.00017,0.0,0.0,0.0
YPR182W,7,0.0005142379456592958,0.2505749697984731,0.001153735162883039,0.0,4.831715210355987,1.0,0.0,1,0.09302,-0.22791,28.36047,6.05634,9.0,8.0,4595.0,0.0,0.47568,0.00063,0.08971985818844534,0.08233295696528463,0.5085200548232662
YBR099C,5,0.0005857028747946632,0.2331019894338257,0.0028911585591439738,0.2,3.6187214611872145,0.0,0.0,0,0.16535,0.32283,20.69213,9.02448,7.0,14.0,16720.0,0.0,1.13094,0.00061,0.0,0.0,0.5
YBR174C,3,0.00017088546957829532,0.26035606392802807,0.004899360431736575,0.0,1.0,0.0,0.0,0,0.06731,-0.03846,48.86058,6.23346,8.0,7.0,10720.0,0.0,0.93567,0.00054,0.0,0.0,0.5
YGR071C,5,0.0006719737563607247,0.24378549465692562,0.0030970088347147162,0.0,0.0,1.0,0.0,0,0.08837,-0.27244,48.9921,5.59503,111.0,85.0,60540.0,0.0,0.61708,6e-05,0.0,0.0,0.0
YGR072W,7,0.000525579479999302,0.25146902892001854,0.004545712842318585,0.047619047619047616,1.4511873350923483,1.0,0.0,0,0.07494,-1.25375,38.73592,9.88507,52.0,91.0,19410.0,0.0,0.43207,0.00022,0.0,0.0,0.5
YHR134W,6,0.00024322544613643166,0.25291287023439185,0.022188009782238456,0.26666666666666666,0.0,0.2,3.2965367965367967,0,0.0632,-0.59554,37.57888,8.8476,35.0,39.0,21805.0,0.0,0.71196,0.00029,0.0,0.0,0.0
YHR167W,3,6.517912136638373e-05,0.23377208194588048,0.002172717640070119,0.0,0.0,1.0,0.0,0,0.06897,-0.68084,40.41877,4.99469,49.0,36.0,33140.0,0.0,1.09377,0.00016,0.0,0.0,0.0
YIL052C,4,0.00026507838237744744,0.23216773857027737,0.00070078980976673,0.0,1.0,0.0,0.0,0,0.04132,-0.79835,49.45041,10.83929,7.0,32.0,4970.0,0.0,0.36435,0.00079,0.0,0.0,0.5
YJL176C,7,0.0009263413261940968,0.2597962272113431,0.004797569127623834,0.0,3.093093093093093,1.0,0.0,0,0.05697,-0.94739,46.88656,4.77521,145.0,94.0,53080.0,0.0,0.57121,5e-05,0.0,0.0,0.5
YML128C,4,4.4352397012882616e-05,0.2508127633641181,0.015150866127752209,0.3333333333333333,0.0,0.0,0.0,1,0.0,0.0,0.0,0.0,0.0,0.0,0.0,0.0,0.0,0.0,0.08971985818844534,0.0,0.0
YNL072W,2,5.45365055352965e-05,0.23029643776925346,0.0008989389066626854,0.0,0.0,0.5,0.0,0,0.08795,-0.46743,44.84691,8.99469,34.0,40.0,50225.0,0.0,1.44016,0.00026,0.0,0.0,0.0
YNL218W,9,0.0005616612028395104,0.25202355267411836,0.004955896388180526,0.05555555555555555,4.230684326710817,1.0,0.0,0,0.06644,-0.51687,51.86167,8.58063,79.0,85.0,52925.0,0.0,0.79535,0.00013,0.0,0.0,0.5
YOR076C,5,0.00048805810436837287,0.23617443118229722,0.0011682307486717697,0.0,2.8375262054507338,0.0,0.0,1,0.06827,-0.40402,39.84806,7.61432,89.0,90.0,56810.0,0.0,0.6701,9e-05,0.08971985818844534,0.0,0.5
YOR243C,1,0.0,0.21376520019811102,0.0005061506858402242,0.0,1.0,0.3333333333333333,0.0,0,0.07249,-0.61213,36.90917,7.60712,101.0,102.0,55280.0,0.0,0.71791,0.0001,0.0,0.0,0.5
YPL079W,2,1.889687819159956e-05,0.21941073991174348,0.0006665343392840048,0.0,0.0,0.0,0.0,0,0.0,0.0,0.0,0.0,0.0,0.0,0.0,0.0,0.0,0.0,0.0,0.0,0.0
YER008C,4,2.3576819610401866e-06,0.22124748549777806,0.000606823824849756,0.5,0.0,0.0,2.1666666666666665,1,0.0741,-0.69461,53.13685,5.33636,210.0,167.0,127755.0,0.0,0.82586,3e-05,0.05900181244167522,0.0,0.0
YPL029W,2,6.508923162604681e-07,0.2135061693587313,0.00034173758274220995,0.0,0.0,0.0,0.0,0,0.09634,-0.31452,31.79864,9.08771,86.0,102.0,88210.0,0.0,1.04609,0.00011,0.0,0.0,0.0
YPR055W,5,7.792646142282623e-05,0.23160823695470656,0.0021977092928060936,0.3,1.0,0.0,0.0,1,0.08357,-0.36685,48.68361,6.29523,128.0,119.0,85105.0,0.0,0.69631,5e-05,0.05900181244167522,0.0,0.5
YDR364C,4,0.00034527614250599034,0.2015779955343232,4.576315505700869e-05,0.0,1.2179034157832744,1.0,0.0,1,0.1033,-0.84418,41.04576,6.72626,63.0,60.0,73185.0,0.0,1.40613,0.00013,0.08971985818844534,0.08233295696528463,0.5338011027386492
YKR086W,1,0.0,0.1667403962903289,1.411714242325229e-06,0.0,1.0,1.0,0.0,1,0.07656,-0.42054,39.09936,8.4201,139.0,146.0,84950.0,0.0,0.69831,7e-05,0.05900181244167522,0.055714552844473776,0.5278572764222369
YDR365C,1,0.0,0.1734070036217105,6.519485083937961e-06,0.0,1.0,0.5,0.0,1,0.06847,-1.29984,39.55955,5.14056,146.0,120.0,36705.0,0.0,0.50691,7e-05,0.05900181244167522,0.05277425862356333,0.5263871293117817
YDR370C,1,0.0,0.15175679850418203,2.24145307844514e-07,0.0,0.0,0.0,0.0,0,0.08371,-0.4086,40.85158,8.57135,52.0,58.0,48370.0,0.0,0.95798,0.00017,0.0,0.0,0.0
YFL049W,2,0.000214568661971831,0.1800827523345129,5.745684507694563e-06,0.0,0.0,1.0,0.0,0,0.07705,-0.55265,32.20273,8.77069,71.0,77.0,52050.0,0.0,0.74066,0.00012,0.0,0.0,0.0
YDR371W,1,0.0,0.19596381622498873,2.19466002128769e-05,0.0,1.0,0.0,0.0,0,0.13894,-0.47886,39.46403,8.27704,58.0,61.0,93335.0,0.0,1.57881,0.00014,0.0,0.0,0.5
YJL053W,5,0.0003369375118622033,0.24860101060076614,0.0027786201638414234,0.2,2.513157894736842,0.0,4.857142857142857,0,0.08707,-0.42586,37.94248,8.43097,44.0,47.0,34310.0,0.0,0.80641,0.0002,0.0,0.0,0.5
YDR373W,3,0.00021850731768321605,0.2089899767875374,5.606499730973703e-05,0.0,1.0,0.0,0.0,1,0.13158,-0.37895,34.88789,4.8797,32.0,22.0,21680.0,0.0,0.98497,0.00022,0.08971985818844534,0.0,0.5
YNL267W,1,0.0,0.17177979405772564,2.2234471617862334e-06,0.0,0.0,1.0,0.0,1,0.07129,-0.52692,40.68903,6.07697,143.0,131.0,68730.0,0.0,0.57312,5e-05,0.05900181244167522,0.055714552844473776,0.5
YOR136W,5,0.000843890129968627,0.24475911271164158,0.0008163391646145368,0.0,4.24265505984766,0.0,0.0,0,0.06233,-0.04444,32.43713,8.82416,34.0,38.0,19285.0,0.0,0.48529,0.00022,0.0,0.0,0.5
YIR024C,2,0.00021892931163342277,0.20399938204057275,0.00020839590682928592,0.0,1.0,0.0,0.0,0,0.04167,-0.3963,26.35972,8.84137,37.0,40.0,8480.0,0.0,0.34476,0.00036,0.0,0.0,0.5
YGL251C,1,0.0,0.2136463997533993,0.0002578979059575116,0.0,0.0,1.0,0.0,0,0.08509,-0.41853,44.02243,7.68304,148.0,150.0,107420.0,0.0,0.79529,6e-05,0.0,0.0,0.0
YJL139C,6,0.00012594994173838935,0.24539828170375072,0.0049871928099031165,0.06666666666666667,2.0070323488045005,0.0,3.6,0,0.17056,-0.54042,51.8568,5.13202,66.0,50.0,99545.0,0.0,1.95818,0.0001,0.0,0.0,0.5
YLR053C,3,0.0001909804338659436,0.22037121216942165,0.00027756234688164604,0.0,1.9296296296296296,0.0,0.0,0,0.09259,-0.98981,42.82231,5.13544,19.0,13.0,4595.0,0.0,0.36201,0.0004,0.0,0.0,0.5
YMR221C,1,0.0,0.2136463997533993,0.0002578979059575116,0.0,0.0,0.0,0.0,0,0.12302,0.48353,39.58062,6.65289,36.0,35.0,65665.0,0.0,1.16889,0.00012,0.0,0.0,0.0
YOR320C,3,0.0,0.23061041557065123,0.0008601665096180292,1.0,2.0,0.0,10.666666666666666,0,0.12424,-0.25988,38.49819,8.46991,60.0,64.0,71210.0,0.0,1.23678,0.00015,0.0,0.0,0.5
YDR379W,2,0.0,0.21438292473100287,0.0008713958743397247,1.0,0.0,0.0,0.0,0,0.04757,-0.76333,47.15293,8.05658,136.0,140.0,47435.0,0.0,0.41871,7e-05,0.0,0.0,0.0
YDR380W,2,0.0,0.00044004400440044003,2.3758850191347864e-11,0.0,0.0,0.0,0.0,0,0.10236,-0.21591,33.6074,6.09821,70.0,63.0,77710.0,0.0,1.08863,9e-05,0.0,0.0,0.0
YDR038C,1,0.0,0.0002933626696002933,1.680004841240319e-11,0.0,0.0,0.0,0.0,0,0.08524,-0.05729,36.3473,5.32745,131.0,104.0,127250.0,0.0,1.05782,4e-05,0.0,0.0,0.0
YOR382W,1,0.0,0.0002933626696002933,1.680004841240319e-11,0.0,0.0,0.0,0.0,0,0.05229,0.09673,19.31503,7.94183,7.0,8.0,7450.0,0.0,0.48687,0.00052,0.0,0.0,0.0
YLR315W,7,0.0008874876304324374,0.255804439557137,0.009828691680957504,0.09523809523809523,1.3942528735632185,0.5,20.0,0,0.07843,-0.33529,63.20065,4.59454,23.0,12.0,12950.0,0.0,0.72501,0.00026,0.0,0.0,0.5
YDR385W,3,0.0005823487873055649,0.20362609863336215,0.00014156338720244178,0.0,0.0,0.0,0.0,0,0.0,0.0,0.0,0.0,0.0,0.0,0.0,0.0,0.0,0.0,0.0,0.0,0.0
YPL108W,1,0.0,0.20179924554135203,0.00024457421542560873,0.0,1.0,0.0,0.0,0,0.09524,-0.91071,48.35958,8.2597,28.0,30.0,17920.0,0.0,0.90421,0.00042,0.0,0.0,0.5
YJR083C,7,0.002511018320138094,0.26066098689015793,0.003816748536075816,0.047619047619047616,4.580952380952381,0.0,0.0,0,0.05502,-1.15469,59.55955,8.51678,41.0,43.0,8940.0,0.0,0.25169,0.00024,0.0,0.0,0.5
YLR144C,2,0.0,0.2301335069561378,0.002648511744486329,1.0,1.0,0.0,1.6666666666666667,0,0.12067,-0.38383,42.92544,5.20624,85.0,60.0,130150.0,0.0,1.47225,6e-05,0.0,0.0,0.5
YMR192W,6,0.0005365544567420353,0.23945091677910713,0.004067198732289568,0.06666666666666667,3.39150401836969,0.0,0.7142857142857143,0,0.06806,-0.56694,50.70669,5.25372,116.0,92.0,48540.0,0.0,0.59101,6e-05,0.0,0.0,0.5
YNL086W,10,0.00048990688219545,0.24529863625030643,0.003223979186091669,0.022222222222222223,2.699712643678161,0.0,6.333333333333334,0,0.04902,-0.36569,40.33627,5.33905,15.0,13.0,5960.0,0.0,0.52003,0.00047,0.0,0.0,0.5
YDR390C,3,2.096490823343153e-05,0.197004574438343,6.153774991945659e-05,0.3333333333333333,2.95752009184845,1.0,2.6545454545454548,1,0.06761,-0.3434,46.23868,4.99603,91.0,70.0,41255.0,0.0,0.57895,7e-05,0.08971985818844534,0.08233295696528463,0.5139192557291853
YPR180W,4,0.00023569244882728314,0.19815853750323487,5.757939602339789e-05,0.0,3.94090382387022,0.0,0.0,1,0.07493,-0.16167,43.75793,5.01923,51.0,41.0,27180.0,0.0,0.69208,0.00013,0.08971985818844534,0.0,0.5
YKL058W,6,0.0003252089656215911,0.23556922680179557,0.0008906737017534164,0.4,2.625592417061611,0.5,17.25,1,0.06557,-0.28443,28.87213,4.96271,18.0,14.0,11835.0,0.0,0.87941,0.00037,0.08971985818844534,0.07606989737809992,0.5144862349700172
YOR194C,8,0.00015887338035885397,0.22384750359001812,0.00030904243713757146,0.25,2.5556872037914693,0.5,14.25,1,0.04895,-0.94685,41.97448,4.28986,61.0,29.0,28210.0,0.0,0.87607,0.00013,0.08971985818844534,0.07606989737809992,0.5148824741277507
YPL082C,2,0.0,0.20334214225423314,0.00013112299558152402,1.0,1.9124513618677044,0.5,0.0,1,0.06695,-0.22234,42.66213,6.13251,234.0,213.0,150060.0,0.0,0.71466,3e-05,0.05900181244167522,0.05277425862356333,0.5137975426920202
YOR117W,7,0.0004591825445270379,0.21017411482698967,0.0001729214851604282,0.047619047619047616,6.55050505050505,0.5,1.1428571428571428,1,0.04608,-0.43018,39.19357,4.93207,73.0,57.0,14565.0,0.0,0.30183,0.0001,0.08971985818844534,0.07606989737809992,0.5058064146803638
YOR259C,3,1.3529788983418016e-05,0.19668386931716428,3.487626106190024e-05,0.3333333333333333,2.9101010101010103,0.0,2.017857142857143,1,0.05721,-0.6,40.22517,5.53021,74.0,63.0,13660.0,0.0,0.27648,0.00011,0.08971985818844534,0.0,0.5
YOL070C,3,0.00018544268592319473,0.2318240880609085,0.0002470133577778938,0.0,1.0,0.0,0.0,0,0.03992,-0.90878,56.63713,5.64789,79.0,72.0,17880.0,0.0,0.31973,0.0001,0.0,0.0,0.5
YOL127W,1,0.0,0.1847967132945432,1.4787200739122142e-05,0.0,1.0,0.0,0.0,1,0.07042,-0.35352,26.36408,10.11127,11.0,29.0,11920.0,0.0,0.75647,0.00064,0.08971985818844534,0.0,0.5
YDR397C,1,0.0,0.18566487488228978,2.2072485141728658e-05,0.0,0.0,1.0,0.0,1,0.05479,-0.52055,68.85753,4.89069,28.0,19.0,1490.0,0.0,0.08949,0.00029,0.08971985818844534,0.08233295696528463,0.5
YER159C,2,0.000214568661971831,0.22990829067139845,0.0007597881295898785,0.0,1.0,1.0,0.0,1,0.04225,-0.49789,40.6338,5.09955,22.0,17.0,125.0,0.0,0.00806,0.00033,0.08971985818844534,0.08233295696528463,0.5411664784826423
YMR093W,2,0.0005750272627054598,0.20892802323710633,9.93624569154049e-05,0.0,1.5687285223367697,0.5,0.0,1,0.08187,-0.42534,42.26628,9.35358,51.0,64.0,61475.0,0.0,1.06569,0.00016,0.08971985818844534,0.07606989737809992,0.5242457175651994
YDR403W,1,0.0,0.00022002200220022002,4.36630699855352e-12,0.0,0.0,0.0,0.0,0,0.11194,-0.37257,34.64965,6.08099,75.0,66.0,68310.0,0.0,1.11272,0.0001,0.0,0.0,0.0
YKR053C,1,0.0,0.00022002200220022002,4.36630699855352e-12,0.0,0.0,0.5,0.0,0,0.14604,0.23985,34.95822,7.59381,35.0,36.0,97175.0,0.0,2.09034,0.00016,0.0,0.0,0.0
YDR404C,2,0.00010566691677059102,0.20221419234501875,3.7513378800525105e-05,0.0,1.9489795918367347,0.5,0.0,1,0.09942,-0.00936,37.39591,7.66681,18.0,19.0,9440.0,0.0,0.49533,0.0004,0.08971985818844534,0.07606989737809992,0.5195153139870518
YDR412W,2,3.4032787057129365e-05,0.2129899864167942,0.0009913387848412567,0.0,1.7602739726027397,0.5,0.0,1,0.06809,-1.41021,55.23234,9.36908,46.0,55.0,14440.0,0.0,0.51619,0.00033,0.08971985818844534,0.07606989737809992,0.5216074027572035
YDR415C,3,0.0002384658215117425,0.21528882956516812,0.0001576775757703944,0.0,0.0,0.0,0.0,0,0.1123,-0.31337,40.44898,5.47589,49.0,36.0,53080.0,0.0,1.24943,0.00013,0.0,0.0,0.0
YGR129W,1,0.0,0.19813996768433287,4.007076243486412e-05,0.0,0.0,1.0,0.0,0,0.06047,-1.34977,45.17819,9.33795,38.0,46.0,17420.0,0.0,0.70235,0.00038,0.0,0.0,0.0
YJR050W,3,0.005303119750703091,0.24685949739165394,0.00102672833147162,0.0,1.0,0.5,0.0,0,0.08511,-1.0966,50.58643,9.3548,35.0,43.0,50545.0,0.0,1.80367,0.00033,0.0,0.0,0.5
YKL095W,2,7.657870148705727e-06,0.20665118459263215,0.00015303566295428222,0.0,1.9071949947862357,1.0,0.0,1,0.04676,-1.09928,36.13525,9.41412,43.0,56.0,12420.0,0.0,0.38438,0.00029,0.08971985818844534,0.08233295696528463,0.5215848293410902
YDR420W,16,0.0006790396355807754,0.24797415060804737,0.005026258297164142,0.0,0.0,0.0,0.0,1,0.0,0.0,0.0,0.0,0.0,0.0,0.0,0.0,0.0,0.0,0.08971985818844534,0.0,0.0
YOL023W,2,2.4175207367805525e-05,0.19881068125618392,0.00016962730158114,0.0,0.0,0.0,0.0,0,0.0,0.0,0.0,0.0,0.0,0.0,0.0,0.0,0.0,0.0,0.0,0.0,0.0
YOR141C,1,0.0,0.19727109490198882,0.00014893486492713564,0.0,0.0,0.5,0.0,0,0.07832,-0.58797,43.85019,4.68842,158.0,97.0,79270.0,0.0,0.79106,5e-05,0.0,0.0,0.0
YOR375C,2,2.235788523942654e-05,0.22573550367367917,0.000605746919642092,0.0,1.0,0.0,0.0,0,0.09471,-0.26366,29.0978,5.5567,53.0,47.0,62060.0,0.0,1.25198,0.00011,0.0,0.0,0.5
YDR425W,7,0.0017274246181297106,0.22749640576280566,0.00035029872458062,0.14285714285714285,1.0,0.0,4.5,0,0.0752,-0.4096,58.32944,6.52814,66.0,61.0,58830.0,0.0,0.83163,9e-05,0.0,0.0,0.5
YJR110W,2,2.1518958923791002e-05,0.2140898739529684,0.00011082403224737462,0.0,1.7672849915682969,0.0,0.0,0,0.11192,-0.5468,41.78621,7.32135,85.0,85.0,107020.0,0.0,1.33523,9e-05,0.0,0.0,0.5
YDR427W,1,0.0,0.00022002200220022002,4.36630699855352e-12,0.0,1.0,0.0,0.0,1,0.10687,-0.30305,28.70545,5.5069,58.0,49.0,48485.0,0.0,1.05904,0.00012,0.08971985818844534,0.0,0.5
YNR059W,1,0.0,0.00022002200220022002,4.36630699855352e-12,0.0,1.0,0.0,0.0,0,0.13276,-0.35224,54.83641,8.66962,69.0,76.0,104375.0,0.0,1.5331,0.00013,0.0,0.0,0.5
YDR429C,6,0.0018633491939488913,0.21801934369555745,0.00033608159591025453,0.13333333333333333,4.379041248606466,0.0,5.066666666666666,1,0.05474,-0.68321,51.12117,6.41644,44.0,43.0,25940.0,0.0,0.85046,0.00021,0.08971985818844534,0.0,0.5
YMR146C,4,0.0002493023701460923,0.19792666465335979,6.401034821221219e-05,0.5,3.3797752808988766,0.0,5.875757575757576,1,0.10663,-0.40432,28.51501,5.40765,49.0,36.0,52090.0,0.0,1.34409,0.00014,0.08971985818844534,0.0,0.5
YPL105C,6,0.0011074792790469637,0.23606895496672986,0.0016117775070259382,0.13333333333333333,2.0,0.0,2.0090909090909093,0,0.05889,-0.82839,58.78257,7.57465,113.0,114.0,79215.0,0.0,0.83954,8e-05,0.0,0.0,0.5
YDR431W,1,0.0,0.2137976232528961,0.00015029403248971316,0.0,0.0,0.0,0.0,0,0.20388,0.1233,50.88262,9.78265,2.0,13.0,21025.0,0.0,1.697,0.00079,0.0,0.0,0.0
YOR160W,6,0.00012388286333811873,0.2187637449725314,0.0002095092600745706,0.0,1.6580310880829014,1.0,0.0,1,0.09774,0.08169,38.68725,4.68829,126.0,77.0,120885.0,0.0,1.09157,4e-05,0.05900181244167522,0.055714552844473776,0.5168014198421617
YDR433W,2,3.0890767211798544e-05,0.22313878899894635,0.00039826672945282853,0.0,0.0,0.0,0.0,0,0.00685,0.59521,54.94658,3.88068,26.0,2.0,0.0,0.0,0.0,0.00025,0.0,0.0,0.0
YNL116W,5,8.598356458302917e-05,0.22394233915792153,0.00016289826739547986,0.0,2.0,0.0,0.0,0,0.05939,-0.56667,46.50326,6.60309,52.0,49.0,31285.0,0.0,0.5433,0.00011,0.0,0.0,0.5
YDR441C,2,2.882231837997683e-06,0.20418653743694024,6.20070315048735e-05,0.0,1.0,0.0,0.0,0,0.10497,0.21215,41.10994,4.836,27.0,15.0,4595.0,0.0,0.22991,0.00024,0.0,0.0,0.5
YML022W,3,0.0003097377062240953,0.2417230587812411,0.0011287801687054956,0.0,1.6703601108033241,0.5,0.0,0,0.1123,0.15027,25.92727,5.03278,24.0,18.0,9065.0,0.0,0.44034,0.00024,0.0,0.0,0.5
YDR442W,1,0.0,0.19369289072549614,2.9004432444099446e-05,0.0,0.0,0.0,0.0,0,0.07692,0.22077,59.21538,8.97955,9.0,15.0,9605.0,0.0,0.66439,0.00062,0.0,0.0,0.0
YDR445C,2,3.9324310303149744e-05,0.231760560688317,0.0005207562054832102,0.0,0.0,0.0,0.0,0,0.17778,0.39185,51.24237,7.77106,7.0,8.0,20315.0,0.0,1.32014,0.0005,0.0,0.0,0.0
YDR446W,2,4.977461665045785e-06,0.23465419179396438,0.0004910926126673357,0.0,1.2730496453900708,1.0,0.0,0,0.0596,-0.90695,50.48742,8.21136,45.0,47.0,20650.0,0.0,0.60534,0.00024,0.0,0.0,0.5
YDR464W,2,1.1027381890864563e-05,0.19985364101890601,8.07828205816982e-05,0.0,1.679127725856698,1.0,0.0,1,0.03206,-1.08467,54.0607,8.93243,236.0,254.0,66725.0,0.0,0.41291,6e-05,0.05900181244167522,0.055714552844473776,0.5165903260325381
YJR021C,2,4.1531278313153766e-05,0.23229527523176402,0.000523630183079212,0.0,1.0,0.5,0.0,0,0.03185,-0.86083,46.29427,6.43719,50.0,47.0,15720.0,0.0,0.44055,0.00018,0.0,0.0,0.5
YKL196C,6,9.748509038565848e-06,0.22644870891715926,0.0003948524412529192,0.3333333333333333,0.0,0.0,5.236111111111112,1,0.095,-0.3995,46.70605,5.51556,29.0,25.0,20775.0,0.0,0.91493,0.00024,0.08971985818844534,0.0,0.0
YGL208W,2,0.0,0.2117527886990001,0.00017632722382422835,1.0,1.9892125134843581,0.2,0.0,0,0.06024,-0.82602,49.65012,5.43573,59.0,49.0,34880.0,0.0,0.75166,0.00012,0.0,0.0,0.5
YJL089W,1,0.0,0.20102220908533144,6.506596949823838e-05,0.0,1.0,1.0,0.0,0,0.11339,-0.40109,35.09099,6.11224,91.0,84.0,101115.0,0.0,1.05324,6e-05,0.0,0.0,0.5
YNL257C,1,0.0,0.20102220908533144,6.506596949823838e-05,0.0,1.0,0.5,0.0,0,0.11554,-0.31749,42.03744,8.78949,156.0,174.0,163720.0,0.0,1.14635,6e-05,0.0,0.0,0.5
YNL221C,3,0.00021673771101976368,0.1912661445709454,8.546761072015088e-05,0.0,0.0,0.5,0.0,1,0.08343,-0.58526,42.82401,9.83344,83.0,141.0,113855.0,0.0,1.13408,0.0001,0.05900181244167522,0.05277425862356333,0.5
YHR039C,2,8.030066918837823e-05,0.2153546134813115,0.0010888219952659404,0.0,1.8961937716262975,1.0,0.0,0,0.09627,-0.11289,36.32284,7.80011,60.0,62.0,86800.0,0.0,1.21705,0.00011,0.0,0.0,0.5
YHR084W,4,5.510178285547478e-05,0.19903526265268906,4.739233096801982e-05,0.5,1.0,1.0,2.321428571428571,1,0.10174,-0.8189,58.68304,5.46771,83.0,71.0,76055.0,0.0,0.97674,7e-05,0.05900181244167522,0.055714552844473776,0.5278572764222369
YDR482C,3,0.0013635208580190612,0.24505697672224339,0.0009940486215297363,0.0,1.8690095846645367,0.5,0.0,0,0.02222,-1.4363,75.11926,9.66522,20.0,26.0,8605.0,0.0,0.54592,0.00061,0.0,0.0,0.5
YGL028C,2,0.00017548547791004782,0.223906766404693,0.0001971903884544803,0.0,1.0,0.0,0.0,0,0.06089,-0.20554,43.35076,4.34064,46.0,21.0,39600.0,0.0,0.70156,8e-05,0.0,0.0,0.5
YOR276W,3,5.0186117627249334e-05,0.20606711126743493,6.162499889859609e-05,0.3333333333333333,2.76845298281092,0.0,3.5,0,0.06211,-0.88385,51.08758,5.61871,30.0,23.0,7115.0,0.0,0.39044,0.00031,0.0,0.0,0.5
YGR245C,2,9.24469586330226e-05,0.2004029757034753,4.0432744345392155e-05,0.0,1.20630081300813,0.5,0.0,1,0.05606,-0.67353,46.43729,6.49847,126.0,122.0,53370.0,0.0,0.61616,8e-05,0.05900181244167522,0.05277425862356333,0.5218744189071551
YDR488C,19,0.0005467303673961937,0.2681825970521963,0.06481826223804907,0.4327485380116959,11.007106598984771,0.0,58.91254578754579,0,0.06567,-0.40769,51.70131,5.21783,74.0,58.0,78475.0,0.0,1.30632,9e-05,0.0,0.0,0.5
YIL135C,2,0.000214568661971831,0.20987161597692353,0.0017896930565139183,0.0,0.0,0.0,0.0,0,0.05505,-1.00734,70.65874,9.21027,36.0,41.0,16515.0,0.0,0.34435,0.00019,0.0,0.0,0.0
YFR043C,3,6.401751779422775e-05,0.23025881787743163,0.00027185995654216313,0.0,0.0,0.0,0.0,0,0.09283,-0.42954,49.22025,4.82196,39.0,22.0,38430.0,0.0,1.37849,0.00017,0.0,0.0,0.0
YDR490C,8,0.0015638196803158075,0.24164018230394466,0.0006725949729007045,0.0,3.751196172248804,0.0,0.0,0,0.08094,-0.54112,41.35537,9.258,92.0,111.0,67895.0,0.0,0.78717,0.00011,0.0,0.0,0.5
YGR086C,3,0.0019069096113331896,0.22995830063184688,0.000869203415694445,0.0,2.213375796178344,0.0,0.0,0,0.0708,-0.859,65.36608,4.54095,70.0,40.0,34380.0,0.0,0.89651,0.00012,0.0,0.0,0.5
YHR207C,2,0.000214568661971831,0.1932591376225507,2.027005220758795e-05,0.0,1.0,0.5,0.0,0,0.08555,-0.64202,30.03232,6.02972,85.0,75.0,73725.0,0.0,1.21766,0.0001,0.0,0.0,0.5
YIR044C,1,0.0,0.1932414746752745,2.0245496830431214e-05,0.0,0.0,0.0,0.0,0,0.0,0.0,0.0,0.0,0.0,0.0,0.0,0.0,0.0,0.0,0.0,0.0,0.0
YLR466W,1,0.0,0.1932414746752745,2.0245496830431214e-05,0.0,0.0,0.0,0.0,0,0.09117,-0.38669,39.12115,6.82721,170.0,167.0,186595.0,0.0,1.19333,4e-05,0.0,0.0,0.0
YOL100W,1,0.0,0.1932414746752745,2.0245496830431214e-05,0.0,1.0,0.3333333333333333,0.0,1,0.07586,-0.7445,44.53035,9.64996,112.0,167.0,78215.0,0.0,0.64291,8e-05,0.05900181244167522,0.05012875095612841,0.5250643754780642
YPL004C,4,0.0007813341802956202,0.24675866197811938,0.0010081426088811869,0.0,2.685185185185185,0.0,0.0,0,0.06452,-0.6563,47.0654,4.61505,67.0,38.0,32890.0,0.0,0.86392,0.00012,0.0,0.0,0.5
YDR492W,2,0.000429137323943662,0.1901737358481306,6.081791321364378e-05,0.0,0.0,0.5,0.0,0,0.17089,0.39778,41.52127,8.7934,19.0,26.0,55235.0,0.0,1.51365,0.00024,0.0,0.0,0.0
YJR067C,2,0.000214568661971831,0.15887226923842027,1.7106394822099778e-06,0.0,0.0,0.5,0.0,1,0.08511,-0.66525,38.25532,5.07513,25.0,19.0,22585.0,0.0,1.4049,0.00032,0.08971985818844534,0.07606989737809992,0.5
YDR498C,3,0.0,0.22473975288685333,0.0009133424108061666,1.0,1.0,0.5,6.75,1,0.08355,-0.3,46.98332,5.69916,56.0,48.0,48525.0,0.0,1.10582,0.00013,0.08971985818844534,0.07606989737809992,0.53803494868905
YGL145W,7,0.0012537466394777499,0.24672986698868263,0.0017160108856537322,0.14285714285714285,2.34478672985782,0.5,7.666666666666667,1,0.09986,-0.34593,32.8769,5.94232,83.0,75.0,81305.0,0.0,1.00172,7e-05,0.08971985818844534,0.07606989737809992,0.5162210695773412
YOR075W,5,5.419100947004124e-05,0.22717863921344322,0.0010184148571408204,0.3,1.0,0.5,6.5,1,0.08092,-0.61936,50.12139,5.44562,55.0,45.0,24910.0,0.0,0.61448,0.00013,0.08971985818844534,0.07606989737809992,0.53803494868905
YER070W,3,7.082073239332404e-05,0.21604777961063873,0.0008317635940723863,0.3333333333333333,1.8560267857142858,0.0,9.0,1,0.09459,-0.33232,42.11916,5.83099,108.0,95.0,120820.0,0.0,1.21354,6e-05,0.05900181244167522,0.0,0.5
YML058W,4,0.0002644219995355237,0.2290738456294167,0.0002830611190311169,0.16666666666666666,3.8160676532769555,0.5,5.25,0,0.07692,-0.78846,48.60394,4.72467,14.0,9.0,8605.0,0.0,0.72714,0.0004,0.0,0.0,0.5
YDR503C,3,1.836199488721542e-05,0.20885579050323663,7.714613886701275e-05,0.0,1.0,0.0,0.0,0,0.11679,0.27409,46.22993,8.63287,24.0,29.0,54650.0,0.0,1.7302,0.00027,0.0,0.0,0.5
YKL130C,19,0.0031424520747219964,0.25061952174000074,0.0009775775397091709,0.005847953216374269,13.053481331987891,0.5,4.5,0,0.10163,-0.09878,47.13947,4.85883,39.0,26.0,27430.0,0.0,0.97094,0.00017,0.0,0.0,0.5
YDR506C,1,0.0,0.17308760142110563,1.1142441987557218e-05,0.0,0.0,0.0,0.0,0,0.10691,-0.30197,30.37207,5.9422,76.0,63.0,114095.0,0.0,1.64686,9e-05,0.0,0.0,0.0
YDR513W,1,0.0,0.2137976232528961,0.00015029403248971316,0.0,0.0,0.0,0.0,0,0.06993,0.02448,32.23566,6.7309,16.0,16.0,4720.0,0.0,0.29758,0.00042,0.0,0.0,0.0
YDR514C,1,0.0,0.1653322590733484,1.433738389446647e-06,0.0,0.0,0.5,0.0,0,0.09524,-0.46356,36.70251,8.92987,62.0,73.0,64050.0,0.0,1.15428,0.00016,0.0,0.0,0.0
YNL173C,2,0.000214568661971831,0.19952360056237764,3.915461741919066e-05,0.0,1.0,0.0,0.0,0,0.06284,-0.90328,47.01861,5.69318,61.0,57.0,25440.0,0.0,0.63162,0.00014,0.0,0.0,0.5
YDR524C,2,0.000214568661971831,0.21633515067882705,0.00028149578315056993,0.0,1.0,0.0,0.0,0,0.07676,-0.42386,43.91973,9.54034,38.0,61.0,46755.0,0.0,0.85799,0.00018,0.0,0.0,0.5
YOR066W,1,0.0,0.17671137443873933,7.925423418451357e-06,0.0,0.0,0.0,0.0,0,0.05405,-0.74913,63.28951,9.96893,39.0,68.0,23295.0,0.0,0.33913,0.00015,0.0,0.0,0.0
YDR529C,2,0.00030233862700609714,0.23120301751334235,0.0009154939092107716,0.0,1.8256410256410256,0.0,0.0,0,0.07874,-0.30394,53.34882,5.61981,19.0,16.0,14565.0,0.0,1.00003,0.00039,0.0,0.0,0.5
YHR079C,4,0.0002636829029424959,0.21821059860256115,0.00018971033788412218,0.0,2.511581067472306,0.5,0.0,0,0.08879,-0.36448,47.14702,6.14484,144.0,132.0,103860.0,0.0,0.81796,5e-05,0.0,0.0,0.5
YDR534C,2,9.415775460647156e-06,0.2351761965585358,0.000819440229761177,0.0,1.6655052264808363,0.0,0.0,0,0.03598,-0.06458,31.55417,4.43304,49.0,21.0,36440.0,0.0,0.69423,8e-05,0.0,0.0,0.5
YDR536W,1,0.0,0.1723749873764484,5.0544165042279616e-05,0.0,0.0,0.0,0.0,0,0.13181,0.09525,29.0436,6.12958,53.0,49.0,85925.0,0.0,1.35249,0.0001,0.0,0.0,0.0
YDR541C,1,0.0,0.19673877316083707,7.031156375833416e-05,0.0,0.0,0.0,0.0,0,0.0814,-0.28256,37.82267,6.05902,44.0,37.0,27305.0,0.0,0.70765,0.00016,0.0,0.0,0.0
YLR025W,8,0.000412202651684035,0.24713360939273168,0.0024117092225872357,0.07142857142857142,1.7863945578231293,0.25,2.5,0,0.02083,-0.81125,50.27792,4.66156,49.0,30.0,11000.0,0.0,0.40761,0.00017,0.0,0.0,0.5
YGL022W,4,1.7464099858095325e-05,0.17996779122096573,7.826080229434711e-06,0.6666666666666666,2.0,0.5,2.0,1,0.1546,0.32368,31.91485,8.02448,62.0,64.0,171255.0,0.0,2.10057,0.0001,0.05900181244167522,0.05277425862356333,0.5131935646558908
YMR149W,5,0.0002850663721199778,0.18832738889814873,2.4505519473976e-05,0.3,2.0,0.5,0.0,1,0.1049,0.36573,35.76294,6.52911,26.0,25.0,16180.0,0.0,0.51118,0.00021,0.08971985818844534,0.07606989737809992,0.5190174743445249
YPL227C,9,0.0004663441422731033,0.1901309828838196,3.487159777780223e-05,0.1111111111111111,7.8942598187311175,0.3333333333333333,1.0,0,0.10479,0.01737,33.2997,8.89972,39.0,45.0,36495.0,0.0,0.95172,0.00023,0.0,0.0,0.5
YDL069C,1,0.0,0.2349410072959071,0.006378957764061444,0.0,0.0,0.0,0.0,0,0.07424,-0.25939,28.71659,9.94366,19.0,35.0,20190.0,0.0,0.75943,0.00037,0.0,0.0,0.0
YDR149C,12,1.1356225768245468e-05,0.26035606392802807,0.053029254143757476,0.5606060606060606,0.0,0.0,29.859890109890117,0,0.0,0.0,0.0,0.0,0.0,0.0,0.0,0.0,0.0,0.0,0.0,0.0,0.0
YDR276C,7,0.00012737783923104989,0.25673627529105897,0.038648078898348585,0.7142857142857143,1.583625730994152,0.0,11.998015873015872,0,0.12727,1.31636,49.46364,4.32941,4.0,2.0,14105.0,0.0,2.29783,0.00071,0.0,0.0,0.5
YGL087C,5,0.0,0.25310966602735574,0.03161471063288272,1.0,2.535632183908046,0.0,5.5,0,0.08029,-0.74015,36.55912,6.29803,19.0,18.0,17335.0,0.0,1.11519,0.00041,0.0,0.0,0.5
YHL002W,21,0.0067125079472458715,0.27063700418041803,0.01740943556713223,0.02857142857142857,16.03423967774421,0.0,2.833333333333333,0,0.06195,-0.73496,60.76571,5.99493,58.0,52.0,45060.0,0.0,0.88077,0.00012,0.0,0.0,0.5
YHR111W,13,0.00034463272329658456,0.2701011235512923,0.04811550939980926,0.38461538461538464,4.798087141339001,0.0,35.49184981684983,0,0.08636,-0.28795,37.35389,6.12323,53.0,49.0,34405.0,0.0,0.69701,0.00012,0.0,0.0,0.5
YJL190C,7,0.00023808195947774472,0.25196348628487353,0.033974520995157374,0.47619047619047616,2.6670113753877973,0.0,14.333333333333332,0,0.07692,-0.17385,35.25308,9.94489,11.0,20.0,11585.0,0.0,0.79209,0.00068,0.0,0.0,0.5
YJR129C,2,0.0,0.24322461695151457,0.013192023716332308,1.0,0.0,0.0,0.0,0,0.0,0.0,0.0,0.0,0.0,0.0,0.0,0.0,0.0,0.0,0.0,0.0,0.0
YLL006W,6,0.00028156550271619767,0.24993812815881744,0.02692801156818916,0.4,1.0,0.3333333333333333,4.083333333333333,0,0.10798,-0.39554,38.12817,5.4549,57.0,46.0,44265.0,0.0,0.90969,0.00011,0.0,0.0,0.5
YLL007C,3,0.0,0.24460337750572836,0.02022648740113675,1.0,0.0,0.0,0.0,0,0.0,0.0,0.0,0.0,0.0,0.0,0.0,0.0,0.0,0.0,0.0,0.0,0.0
YLL049W,17,0.0018103340165973303,0.27468029816947265,0.06057563078425874,0.4485294117647059,1.5717821782178218,0.0,259.5,0,0.12291,-0.11285,45.05251,4.6579,25.0,17.0,19535.0,0.0,0.93708,0.00022,0.0,0.0,0.5
YLR089C,5,0.0,0.24855717335678787,0.033775571103009217,1.0,0.0,0.0,3.619047619047619,0,0.0,0.0,0.0,0.0,0.0,0.0,0.0,0.0,0.0,0.0,0.0,0.0,0.0
YLR212C,8,4.155885138610186e-05,0.2577534554625766,0.036112327245690766,0.6071428571428571,1.3333333333333333,0.0,12.875937950937953,1,0.09091,-0.34123,49.76237,4.55524,64.0,34.0,44725.0,0.0,0.84985,9e-05,0.08971985818844534,0.0,0.5
YLR292C,5,0.0003144375833278127,0.26884755485530115,0.028206200940358226,0.6,1.8640576725025746,0.0,9.666666666666666,0,0.05181,-0.1,36.43109,5.56244,25.0,22.0,14355.0,0.0,0.66437,0.00026,0.0,0.0,0.5
YMR154C,12,0.0008527883576155281,0.2693441522496199,0.03904076129321005,0.2727272727272727,6.386951631046119,0.0,65.5,0,0.09904,-0.28817,46.81391,6.21991,85.0,79.0,95545.0,0.0,1.14944,7e-05,0.0,0.0,0.5
YMR299C,20,0.00014160723285916031,0.26698044007317584,0.06688270391893639,0.4052631578947368,9.076327433628318,0.0,68.28131868131868,0,0.10577,-0.46987,49.99779,5.02985,51.0,36.0,55765.0,0.0,1.51435,0.00014,0.0,0.0,0.5
YNL294C,10,0.00020136402919172742,0.26912131294590674,0.041074775916709036,0.3333333333333333,0.0,0.0,3.619047619047619,0,0.0,0.0,0.0,0.0,0.0,0.0,0.0,0.0,0.0,0.0,0.0,0.0,0.0
YOL116W,3,4.170516094296752e-05,0.24545525831895934,0.013431683248119624,0.3333333333333333,0.0,1.0,0.0,0,0.06806,-0.87487,55.71466,6.23236,42.0,38.0,40130.0,0.0,0.93196,0.00014,0.0,0.0,0.0
YOR266W,8,0.000429137323943662,0.24863024402157993,0.036049690368517066,0.5357142857142857,1.9618163054695563,0.0,26.0,0,0.11111,-0.23688,36.68794,9.48993,40.0,58.0,78310.0,0.0,1.60034,0.00019,0.0,0.0,0.5
YPL224C,2,2.887973694935515e-05,0.23830392732144445,0.006391714992232455,0.0,1.0,0.0,0.0,0,0.05372,-0.14628,31.0936,7.14484,42.0,41.0,42650.0,0.0,0.81341,0.00014,0.0,0.0,0.5
YPL253C,12,0.0009835137085812955,0.2590164884429151,0.046171022883088844,0.4393939393939394,6.02475780409042,0.3333333333333333,43.86666666666667,0,0.07264,-0.75549,46.6008,7.62225,94.0,95.0,35590.0,0.0,0.46996,0.0001,0.0,0.0,0.5
YPR050C,8,0.0014484602456375007,0.27586295194200744,0.024559239209241357,0.10714285714285714,0.0,0.0,0.0,0,0.0,0.0,0.0,0.0,0.0,0.0,0.0,0.0,0.0,0.0,0.0,0.0,0.0
YPR070W,8,0.00019838289438265579,0.26061279368415086,0.03792155392340321,0.42857142857142855,2.408014571948998,1.0,3.619047619047619,0,0.09011,-0.55883,47.92193,4.68622,88.0,54.0,58175.0,0.0,0.90544,7e-05,0.0,0.0,0.5
YEL005C,6,0.0002564429791665845,0.22520653940027865,0.000282480659500955,0.0,0.0,0.0,0.0,0,0.05674,-0.41241,45.60358,5.85101,37.0,32.0,18045.0,0.0,0.57534,0.00019,0.0,0.0,0.0
YGR107W,1,0.0,0.1825864935370912,8.867256714444678e-06,0.0,0.0,0.0,0.0,0,0.16779,-0.00671,54.02215,10.367,4.0,21.0,23420.0,0.0,1.34403,0.00059,0.0,0.0,0.0
YHR145C,2,0.000858274647887324,0.13957958774488485,6.166825324131252e-08,0.0,0.0,0.0,0.0,0,0.08475,0.35254,72.75263,10.11835,5.0,14.0,10345.0,0.0,0.75289,0.00074,0.0,0.0,0.0
YPL038W,1,0.0,0.1082728182691272,1.9409599079507433e-10,0.0,0.0,0.5,0.0,0,0.0226,-0.53164,40.25198,9.42206,20.0,28.0,2115.0,0.0,0.10814,0.00048,0.0,0.0,0.0
YEL012W,2,4.5852464447766224e-05,0.22766787931081253,0.0002992006318214882,0.0,1.0,0.0,0.0,0,0.07798,-0.77064,49.15229,4.06256,51.0,18.0,30035.0,0.0,1.21932,0.00016,0.0,0.0,0.5
YHR195W,2,9.066313467436234e-06,0.21103419454631359,0.0001289724663606254,0.0,1.220030349013657,0.5,0.0,0,0.05919,-0.75607,43.37757,5.04999,56.0,41.0,25940.0,0.0,0.71223,0.00014,0.0,0.0,0.5
YKL061W,7,0.0004136959471073708,0.2463561427508903,0.0009347704075274359,0.047619047619047616,3.344298245614035,0.0,3.333333333333333,0,0.0885,-0.91947,52.82212,4.74042,25.0,18.0,13075.0,0.0,0.96701,0.00035,0.0,0.0,0.5
YLR254C,6,0.00016517282335721048,0.24402465175826832,0.005080486360192803,0.06666666666666667,3.319634703196347,0.5,0.0,0,0.01587,-0.74709,52.56878,5.40546,29.0,25.0,3230.0,0.0,0.15002,0.00025,0.0,0.0,0.5
YPR185W,6,0.00029549451822418317,0.22655789929381365,0.00025958048901775487,0.06666666666666667,1.0,0.0,2.761904761904762,0,0.06775,-0.84959,65.7668,6.53217,83.0,78.0,67310.0,0.0,0.80823,8e-05,0.0,0.0,0.5
YLR264W,7,0.0001541688537440796,0.24655723808052193,0.0017860685210636757,0.47619047619047616,6.993311036789297,0.0,15.2,0,0.01493,-0.39851,34.50149,10.78046,9.0,14.0,0.0,0.0,0.0,0.00143,0.0,0.0,0.5
YEL016C,2,1.5230523501756279e-05,0.20343018185976966,0.00014741716508071334,0.0,0.0,0.0,0.0,0,0.12373,-0.34665,38.55986,5.42804,66.0,50.0,89895.0,0.0,1.56737,9e-05,0.0,0.0,0.0
YEL018W,1,0.0,0.20502803347001367,5.2409257910082836e-05,0.0,1.0,1.0,0.0,0,0.03943,-0.53584,26.5871,7.88275,37.0,38.0,11460.0,0.0,0.36216,0.00025,0.0,0.0,0.5
YEL020C,1,0.0,0.19745532267085508,0.00013771624302624506,0.0,1.0,0.0,0.0,0,0.07143,-0.05929,36.26286,7.56244,53.0,54.0,56350.0,0.0,0.91943,0.00012,0.0,0.0,0.5
YEL022W,1,0.0,0.15947140288565947,5.260948975612293e-07,0.0,0.0,0.0,0.0,0,0.08225,-0.23235,45.34298,5.0296,211.0,156.0,96785.0,0.0,0.58422,3e-05,0.0,0.0,0.0
YJR031C,2,0.000214568661971831,0.19105011251102522,1.5456641137272252e-05,0.0,0.0,0.0,0.0,0,0.08239,-0.1027,42.2179,4.86469,200.0,141.0,98150.0,0.0,0.61561,3e-05,0.0,0.0,0.0
YEL036C,6,0.00033230613169812304,0.2400081270400722,0.003463791952348578,0.13333333333333333,1.21822272215973,0.3333333333333333,3.1666666666666665,0,0.112,-0.7466,53.34064,5.13617,74.0,53.0,95465.0,0.0,1.64082,9e-05,0.0,0.0,0.5
YHR080C,1,0.0,0.19219630898641177,9.94684201421786e-05,0.0,0.0,0.5,0.0,0,0.0632,-0.6942,46.75704,8.74677,166.0,176.0,105700.0,0.0,0.70618,6e-05,0.0,0.0,0.0
YOL038W,3,1.5712020165763358e-05,0.20546636170832475,0.0001959072437716874,0.0,1.515881708652793,0.5,0.0,1,0.06299,-0.52795,54.92756,6.91644,35.0,35.0,19410.0,0.0,0.68252,0.00024,0.08971985818844534,0.07606989737809992,0.5250909740990626
YER012W,2,0.000214568661971831,0.19651020913234965,0.0003608373519518305,0.0,2.0,0.5,0.0,1,0.09091,-0.36061,37.17732,5.82977,28.0,25.0,16515.0,0.0,0.73347,0.00026,0.08971985818844534,0.07606989737809992,0.5190174743445249
YER162C,6,0.0004648164278919115,0.24709028808688976,0.0062180075588498095,0.0,2.7439024390243905,0.5,0.0,0,0.08488,-0.72109,48.93859,8.15741,124.0,128.0,105000.0,0.0,1.2045,9e-05,0.0,0.0,0.5
YGL048C,4,0.0004080558007418596,0.23149412548962786,0.0006150383771525525,0.0,4.0,0.5,0.0,1,0.04444,-0.26222,39.74025,9.08636,55.0,63.0,12420.0,0.0,0.27435,0.0002,0.08971985818844534,0.07606989737809992,0.5095087371722625
YLR441C,2,0.000214568661971831,0.19651020913234965,0.0003608373519518305,0.0,1.8487804878048781,0.0,0.0,0,0.05882,-0.49412,33.51373,9.99738,29.0,49.0,14105.0,0.0,0.49073,0.00035,0.0,0.0,0.5
YMR276W,2,5.618489527078916e-06,0.20373401379451878,0.00043505412351439303,0.0,1.0,1.0,0.0,1,0.0563,-0.47212,47.08123,4.78265,33.0,21.0,12950.0,0.0,0.32914,0.00012,0.08971985818844534,0.08233295696528463,0.5411664784826423
YOR157C,4,0.00025718899998152363,0.23447203716767573,0.0006380981101122114,0.0,2.3206106870229006,0.5,0.0,1,0.06897,-0.17969,23.74674,6.12994,27.0,23.0,30410.0,0.0,1.07579,0.00022,0.08971985818844534,0.07606989737809992,0.5163900601258735
YEL041W,6,0.000751670827813274,0.2510361050946294,0.013911798205221067,0.06666666666666667,3.2452830188679247,0.0,2.023809523809524,0,0.08283,-0.27455,33.12568,5.55292,68.0,58.0,48120.0,0.0,0.86124,0.0001,0.0,0.0,0.5
YHR115C,5,0.0004192844774258972,0.21618031748474167,0.0004628176999823335,0.0,4.381125226860254,0.0,0.0,0,0.0625,-0.4262,33.33798,6.31964,45.0,41.0,26690.0,0.0,0.57899,0.00014,0.0,0.0,0.5
YJR049C,2,4.712488733977271e-05,0.23262752724826888,0.0006404723553954533,0.0,1.3575129533678756,0.0,0.0,1,0.0717,-0.48849,35.24849,6.72003,68.0,66.0,45015.0,0.0,0.75696,0.00011,0.08971985818844534,0.0,0.5
YKL009W,3,0.0001778651690657759,0.20622790491680235,0.0003922499746289702,0.3333333333333333,2.2996742671009773,0.3333333333333333,1.1428571428571428,0,0.08475,-0.56144,42.52415,8.63812,35.0,38.0,27640.0,0.0,1.02152,0.00032,0.0,0.0,0.5
YOR315W,6,0.0011738732389945529,0.23680927313205086,0.002114129392287551,0.0,2.6552511415525113,1.0,0.0,0,0.07225,-0.65809,45.14075,8.14349,47.0,49.0,30410.0,0.0,0.77933,0.00021,0.0,0.0,0.5
YEL042W,6,0.005152770217694564,0.22488317327797447,0.00044741550202002006,0.0,3.18848167539267,0.0,0.0,0,0.08494,-0.21409,39.30427,5.17926,65.0,50.0,47215.0,0.0,0.83094,9e-05,0.0,0.0,0.5
YER073W,4,0.0009620837193172287,0.23143077880467558,0.0002335378888033345,0.0,2.8827225130890053,0.0,0.0,0,0.08654,-0.13481,24.64675,8.29877,58.0,61.0,56100.0,0.0,0.98956,0.00015,0.0,0.0,0.5
YJL152W,3,0.0003138517986842577,0.230862214899767,0.0008344941536632251,0.3333333333333333,1.0,0.0,2.017857142857143,0,0.09244,-0.11597,45.82017,10.43292,6.0,16.0,14355.0,0.0,1.05143,0.00076,0.0,0.0,0.5
YLR250W,1,0.0,0.18237388149907416,1.3739407388750057e-05,0.0,0.0,0.0,0.0,0,0.08974,-0.72051,36.57094,4.97833,52.0,28.0,23950.0,0.0,0.87764,0.00018,0.0,0.0,0.0
YPR193C,4,0.0010533688533102565,0.23826364606260042,0.0009085700912215727,0.16666666666666666,3.992670157068063,0.0,5.0,0,0.16026,-0.57564,26.35263,5.21332,24.0,20.0,42525.0,0.0,2.31954,0.00028,0.0,0.0,0.5
YEL047C,2,1.6412174972914407e-05,0.20594668048112952,0.00014932286907224542,0.0,1.0,0.0,0.0,0,0.05745,-0.13511,34.6947,5.9295,56.0,50.0,23545.0,0.0,0.46309,0.00012,0.0,0.0,0.5
YBR249C,3,0.0002409992673808837,0.2169901062355825,0.00028604811843260905,0.0,1.6645367412140575,0.0,0.0,0,0.04865,-0.26514,34.91919,6.46771,42.0,40.0,22055.0,0.0,0.55486,0.00016,0.0,0.0,0.5
YEL048C,6,0.0004925221275349555,0.2562850418375171,0.003249260661579571,0.06666666666666667,1.0,0.0,3.6,0,0.09211,0.06579,20.99013,4.65167,25.0,16.0,11710.0,0.0,0.67478,0.00027,0.0,0.0,0.5
YIL136W,1,0.0,0.20249500504329032,9.500783408615599e-05,0.0,0.0,0.0,0.0,0,0.07379,-1.17023,43.29618,8.55145,71.0,74.0,69900.0,0.0,1.56797,0.00019,0.0,0.0,0.0
YPR051W,5,3.208854185390535e-05,0.2553564728453522,0.017821221335282734,0.5,3.159682899207248,0.5,6.75,0,0.10227,-0.22159,33.14148,6.90131,23.0,23.0,22390.0,0.0,1.09451,0.00034,0.0,0.0,0.5
YEL054C,1,0.0,0.19369289072549614,2.9004432444099446e-05,0.0,1.0,0.0,0.0,0,0.03636,-0.33636,33.53818,9.43158,20.0,26.0,3105.0,0.0,0.17422,0.00053,0.0,0.0,0.5
YEL056W,4,1.796151220586277e-05,0.2523845532867223,0.01634383320744795,0.3333333333333333,3.133956386292835,0.3333333333333333,3.023809523809524,0,0.0798,-0.51521,54.35536,4.71698,62.0,31.0,66140.0,0.0,1.46783,0.0001,0.0,0.0,0.5
YPL001W,2,0.0,0.23172246097424692,0.002903845708821062,1.0,1.9090909090909092,0.5,1.0,0,0.12834,-0.50455,39.55561,5.25861,63.0,52.0,61560.0,0.0,1.40317,0.00012,0.0,0.0,0.5
YEL059C-A,1,0.0,0.00022002200220022002,4.36630699855352e-12,0.0,0.0,0.0,0.0,0,0.0,0.0,0.0,0.0,0.0,0.0,0.0,0.0,0.0,0.0,0.0,0.0,0.0
YMR150C,1,0.0,0.00022002200220022002,4.36630699855352e-12,0.0,0.0,0.0,0.0,0,0.11053,-0.07737,23.44,7.00372,18.0,18.0,38305.0,0.0,1.78725,0.00033,0.0,0.0,0.0
YML031C-A,1,0.0,0.18449034467601902,1.8133886669908466e-05,0.0,0.0,0.0,0.0,0,0.0,0.0,0.0,0.0,0.0,0.0,0.0,0.0,0.0,0.0,0.0,0.0,0.0
YBR122C,4,0.0003430842085051836,0.2663917846994477,0.009466890345434272,0.16666666666666666,3.123732251521298,0.0,12.333333333333334,0,0.0678,-0.93164,53.20791,9.71893,24.0,34.0,12950.0,0.0,0.64458,0.00048,0.0,0.0,0.5
YDR435C,2,0.00012694295467306684,0.22964609483648485,0.004346356852066172,0.0,0.0,0.0,0.0,0,0.08841,-0.20244,57.99756,6.96027,39.0,39.0,49110.0,0.0,1.30285,0.00018,0.0,0.0,0.0
YGL168W,11,0.000652476748676567,0.2647406993250505,0.023346782125212684,0.23636363636363636,3.228310502283105,0.0,27.30952380952381,0,0.12727,0.42091,39.32364,9.33722,5.0,9.0,11585.0,0.0,0.92572,0.00075,0.0,0.0,0.5
YLR454W,2,0.000358360658190783,0.2300333563792108,0.004361897824329709,0.0,0.0,0.0,0.0,1,0.1035,-0.32664,40.78487,8.18878,329.0,338.0,274290.0,0.0,0.90383,3e-05,0.05900181244167522,0.0,0.0
YOL076W,5,3.661962190158743e-05,0.24475911271164158,0.010770131666770535,0.5,0.0,0.0,4.386363636363637,0,0.0,0.0,0.0,0.0,0.0,0.0,0.0,0.0,0.0,0.0,0.0,0.0,0.0
YPL152W,7,0.0015306224595624785,0.26232650064013846,0.010365155070486368,0.09523809523809523,3.360233918128655,0.0,2.571428571428571,0,0.11732,-0.38659,42.7157,6.22076,48.0,41.0,60110.0,0.0,1.45011,0.00015,0.0,0.0,0.5
YEL062W,5,0.00011917401878985066,0.2488790059631,0.005735065237600803,0.0,3.7453416149068324,0.0,0.0,0,0.10081,-0.35203,48.43937,8.76678,61.0,70.0,53760.0,0.0,0.76956,0.00013,0.0,0.0,0.5
YOR138C,2,8.309254473199349e-07,0.21354929756181357,0.000325769220845854,0.0,0.0,0.5,0.0,0,0.08197,-0.50417,44.872,4.61835,108.0,61.0,64510.0,0.0,0.85602,6e-05,0.0,0.0,0.0
YEL063C,3,0.000429137323943662,0.15941729587269216,1.100387496652519e-06,0.0,1.5426829268292683,0.0,0.0,0,0.14746,0.33186,31.39442,8.55341,47.0,51.0,119915.0,0.0,1.82284,0.00013,0.0,0.0,0.5
YGR057C,4,0.0012140453335253757,0.19093796858802692,3.639991283288523e-05,0.0,1.301123595505618,0.0,0.0,0,0.11983,-0.28017,55.22975,6.38971,30.0,28.0,25035.0,0.0,0.88979,0.00023,0.0,0.0,0.5
YPL139C,1,0.0,0.13681138795558032,3.709580314197641e-08,0.0,1.0,0.5,0.0,0,0.08913,-0.21217,36.97222,5.12543,61.0,44.0,58620.0,0.0,1.14893,0.0001,0.0,0.0,0.5
YIR034C,2,3.80060536556748e-05,0.20691408672109565,0.00010834374712231579,0.0,1.9957537154989384,0.0,0.0,0,0.08311,-0.21046,34.71209,9.17743,40.0,48.0,41410.0,0.0,0.99869,0.00022,0.0,0.0,0.5
YNR058W,3,6.683800718491007e-05,0.20736052519585307,5.922509201044092e-05,0.0,2.3211009174311927,0.0,0.0,0,0.08958,-0.13417,42.87062,5.97943,53.0,43.0,65330.0,0.0,1.21639,0.00011,0.0,0.0,0.5
YOR242C,3,0.0001318720538868158,0.1906710790115895,1.5562590804615995e-05,0.0,2.3128295254833042,0.0,0.0,0,0.12668,-0.67412,49.26313,8.88348,48.0,55.0,52425.0,0.0,1.21638,0.00021,0.0,0.0,0.5
YEL066W,6,0.000397493130651185,0.24401057070507975,0.0010786344336454758,0.13333333333333333,4.0551876379690945,0.5,25.0,0,0.13665,-0.48323,43.06398,6.21344,23.0,21.0,43890.0,0.0,2.33282,0.00033,0.0,0.0,0.5
YPL112C,2,0.00016986592326570933,0.20998625436086166,7.921753327631656e-05,0.0,0.0,0.0,0.0,0,0.09137,-0.26777,45.14876,9.09662,44.0,53.0,48860.0,0.0,1.08795,0.0002,0.0,0.0,0.0
YLR225C,2,1.8930421768388613e-05,0.2067117950001971,9.346922312566724e-05,0.0,0.0,0.0,0.0,0,0.10811,-0.42162,32.17961,7.98846,54.0,56.0,46255.0,0.0,0.99639,0.00017,0.0,0.0,0.0
YPR110C,6,0.0006427961689148877,0.2435187555611306,0.0030894214617851394,0.06666666666666667,5.90134994807892,0.5,0.875,1,0.08955,-0.36746,36.81642,5.34198,49.0,41.0,25035.0,0.0,0.6643,0.00014,0.08971985818844534,0.07606989737809992,0.5064451267970359
YEL070W,2,0.00011739032876074421,0.243602925878163,0.0009875639074974696,0.0,1.4920273348519362,0.0,0.0,0,0.08765,-0.21255,29.80737,5.77911,66.0,56.0,69635.0,0.0,1.23314,0.0001,0.0,0.0,0.5
YEL077C,2,8.445959433426916e-06,0.21282919071513573,0.0018837873788256942,0.0,1.0,0.0,0.0,0,0.08457,-0.44346,35.56579,6.79364,150.0,147.0,157800.0,0.0,1.1028,5e-05,0.0,0.0,0.5
YFR053C,2,1.5554498836116542e-05,0.21641265047692076,0.00033413085238751135,0.0,1.6193353474320242,0.0,0.0,0,0.07629,-0.32619,35.36414,5.28082,71.0,57.0,46340.0,0.0,0.86234,0.0001,0.0,0.0,0.5
YER006W,19,0.0014818979946282186,0.22270398095212934,0.0001380366971785245,0.04678362573099415,18.017017017017018,1.0,11.187590187590184,1,0.05192,-0.57635,46.11848,8.92169,77.0,84.0,44140.0,0.0,0.76489,0.00015,0.08971985818844534,0.08233295696528463,0.502284866492814
YCR072C,3,0.0005958057461536949,0.22475169759867297,0.0003245229146610958,0.3333333333333333,2.893292682926829,0.5,0.0,1,0.07573,-0.42544,24.39243,9.06122,51.0,64.0,108870.0,0.0,1.90916,0.00016,0.08971985818844534,0.07606989737809992,0.5131459042887337
YDL031W,1,0.0,0.18093805101703103,4.685166033140012e-06,0.0,1.0,0.5,0.0,1,0.07337,-0.75095,43.81558,9.14801,149.0,168.0,67980.0,0.0,0.60189,8e-05,0.05900181244167522,0.05277425862356333,0.5263871293117817
YDR101C,1,0.0,0.18093805101703103,4.685166033140012e-06,0.0,1.0,0.5,0.0,0,0.05565,-0.23086,40.67403,6.74432,65.0,63.0,56475.0,0.0,0.86602,0.0001,0.0,0.0,0.5
YGR103W,24,0.0021703731688179546,0.21918328877411664,0.00018993461670544772,0.08333333333333333,22.268762677484787,0.5,8.625,1,0.07934,-0.81603,58.52005,5.48285,113.0,101.0,55280.0,0.0,0.79111,8e-05,0.05900181244167522,0.05277425862356333,0.501184939176637
YHR052W,2,0.0,0.1841529064285604,1.1317902648306012e-05,1.0,1.9989858012170385,0.5,0.8888888888888888,1,0.06117,-0.59335,37.19657,8.80145,57.0,62.0,23045.0,0.0,0.54186,0.00021,0.08971985818844534,0.07606989737809992,0.5190271229870134
YHR197W,3,0.0012133730686350913,0.23723440057890782,0.0005898532935541972,0.0,2.9375,1.0,0.0,1,0.07602,-0.14338,44.84837,5.44562,105.0,83.0,56475.0,0.0,0.6511,6e-05,0.08971985818844534,0.08233295696528463,0.5140141203345165
YLR106C,1,0.0,0.18093805101703103,4.685166033140012e-06,0.0,1.0,0.5,0.0,1,0.08473,-0.39261,41.92397,4.89557,797.0,564.0,500505.0,0.0,0.89488,1e-05,0.05900181244167522,0.05277425862356333,0.5263871293117817
YMR049C,5,0.0026060196355895235,0.24827989609670217,0.0010881730381861027,0.2,4.66497461928934,0.5,2.2857142857142856,1,0.07435,-0.75452,50.614,5.03729,146.0,107.0,117855.0,0.0,1.28517,5e-05,0.05900181244167522,0.05277425862356333,0.5056564357719489
YNL002C,3,4.451098299106362e-06,0.18541251327746008,1.540547847450777e-05,0.6666666666666666,2.997967479674797,0.5,0.0,1,0.04658,-0.53571,50.10435,9.4704,47.0,58.0,6210.0,0.0,0.16986,0.00026,0.08971985818844534,0.07606989737809992,0.5126869116983136
YNL061W,2,4.451098299106362e-06,0.1837368320799058,8.772741859341768e-06,0.0,2.0,0.5,0.0,1,0.06958,-0.73786,44.15728,4.95441,122.0,90.0,30215.0,0.0,0.43281,7e-05,0.08971985818844534,0.07606989737809992,0.5190174743445249
YOR206W,3,0.0012905327278713789,0.23287092848279267,0.000669621053078832,0.0,2.8032454361054766,0.5,0.0,1,0.08169,-0.57606,47.1189,8.58722,103.0,109.0,59415.0,0.0,0.72812,0.00011,0.05900181244167522,0.05277425862356333,0.5094130642190364
YPL093W,3,4.451098299106362e-06,0.18541251327746008,1.540547847450777e-05,0.6666666666666666,2.9330628803245435,0.5,2.0,1,0.07264,-0.63292,48.86015,8.91376,98.0,108.0,45685.0,0.0,0.61397,0.00012,0.05900181244167522,0.05277425862356333,0.5089964417363129
YPL211W,6,0.0008105835276498468,0.21859411684254496,0.000391052471851447,0.13333333333333333,3.8131147540983608,0.3333333333333333,2.2857142857142856,1,0.09392,-0.15304,33.31271,9.27643,19.0,24.0,14565.0,0.0,0.71466,0.00046,0.08971985818844534,0.07069233844701739,0.5092696316536287
YJL120W,1,0.0,0.2148076394554014,0.00200821856431908,0.0,0.0,0.0,0.0,0,0.2243,0.22804,38.71776,9.38678,6.0,12.0,35450.0,0.0,2.76893,0.00073,0.0,0.0,0.0
YFL005W,10,0.00011370952580032786,0.23977677422992924,0.0028635409786614175,0.2222222222222222,2.6806495263870094,0.0,9.5,1,0.07442,-0.22558,23.58512,6.61053,26.0,26.0,17335.0,0.0,0.73749,0.00028,0.08971985818844534,0.0,0.5
YOR122C,12,0.0005691859861228844,0.26578901259076254,0.004785944838450383,0.09090909090909091,4.308375634517766,0.0,2.0296052631578947,1,0.07937,-0.14683,35.54444,5.47113,13.0,10.0,20065.0,0.0,1.46703,0.0004,0.08971985818844534,0.0,0.5
YER009W,2,0.0,0.18774210576802663,1.101726462216575e-05,0.0,1.6858877086494688,0.0,0.0,1,0.128,-0.3872,32.95368,4.50116,15.0,8.0,8940.0,0.0,0.61856,0.00031,0.08971985818844534,0.0,0.5
YDL202W,2,0.0001433487126492467,0.22709323829649491,0.0002805924391407196,0.0,1.4737945492662474,0.0,0.0,0,0.08032,-0.54418,37.20486,9.70587,24.0,37.0,20065.0,0.0,0.70367,0.00034,0.0,0.0,0.5
YER004W,2,7.121994932258435e-05,0.21395988617279052,7.643995585902269e-05,0.0,1.963450292397661,0.0,0.0,0,0.06926,-0.12468,33.42511,9.29877,23.0,29.0,14690.0,0.0,0.5856,0.00037,0.0,0.0,0.5
YER011W,2,1.6086300011991055e-05,0.22502677683690037,0.0001364380680194988,0.0,1.5281456953642385,0.0,0.0,0,0.03937,0.02283,60.09488,4.65912,20.0,13.0,12950.0,0.0,0.51995,0.00019,0.0,0.0,0.5
YFR050C,1,0.0,0.16325778666971785,1.0076094834277344e-05,0.0,1.0,0.5,0.0,1,0.09023,-0.21955,27.24098,5.66974,28.0,25.0,35870.0,0.0,1.21829,0.00019,0.08971985818844534,0.07606989737809992,0.53803494868905
YDR159W,3,2.176900236876962e-05,0.24554077286720657,0.00758077624032197,0.0,1.0,0.5,0.0,0,0.08224,-0.65388,51.83583,8.9715,156.0,177.0,104195.0,0.0,0.69664,6e-05,0.0,0.0,0.5
YDR359C,5,5.874787371301488e-05,0.25317028020828786,0.011987246426392931,0.2,1.3132530120481927,1.0,11.0,0,0.05804,-0.87077,65.45959,9.10297,128.0,144.0,91635.0,0.0,0.81453,8e-05,0.0,0.0,0.5
YLR190W,7,0.0013443424788280708,0.25472581111493475,0.009427790728985763,0.0,2.9936642027455123,0.0,0.0,0,0.04073,-0.81242,49.55153,7.53546,67.0,68.0,16680.0,0.0,0.30429,0.00014,0.0,0.0,0.5
YNL136W,3,4.489523928977382e-06,0.24748072747229075,0.00839839891147699,0.3333333333333333,1.0,1.0,8.0,0,0.04235,-1.56871,60.18588,5.14862,101.0,79.0,34045.0,0.0,0.6893,0.0001,0.0,0.0,0.5
YNL170W,1,0.0,0.23384964830609037,0.005108023582939635,0.0,0.0,0.0,0.0,0,0.0,0.0,0.0,0.0,0.0,0.0,0.0,0.0,0.0,0.0,0.0,0.0,0.0
YNL201C,14,0.002288207637886781,0.26517233274716445,0.0076591684142874785,0.0,3.3389423076923075,1.0,0.0,0,0.08159,-0.43159,44.81669,4.95013,136.0,91.0,55710.0,0.0,0.56817,5e-05,0.0,0.0,0.5
YPR164W,3,2.1862637727755256e-06,0.23829049872191096,0.006843235723671884,0.3333333333333333,1.0,1.0,2.4,0,0.10092,-0.2602,41.12605,5.63422,174.0,148.0,169760.0,0.0,1.05287,3e-05,0.0,0.0,0.5
YER018C,6,2.4417844098734045e-05,0.23702164622605412,0.005570113686435822,0.4666666666666667,1.0,0.5,8.0,1,0.04977,-0.56878,57.36697,6.40594,28.0,25.0,19730.0,0.0,0.78157,0.00025,0.08971985818844534,0.07606989737809992,0.53803494868905
YER104W,2,7.769638429332753e-05,0.23221873642608631,0.0007883128096009257,0.0,1.0,0.5,0.0,1,0.0625,-1.23173,78.70673,5.36053,37.0,29.0,18700.0,0.0,0.766,0.00022,0.08971985818844534,0.07606989737809992,0.53803494868905
YPR065W,2,1.960078585177295e-05,0.22827007775001523,0.0012832642652306579,0.0,0.0,1.0,0.0,0,0.05978,-0.90217,62.2231,9.88373,22.0,40.0,34380.0,0.0,0.82175,0.00024,0.0,0.0,0.0
YAL056W,1,0.0,0.16662213603053833,4.431635564474667e-06,0.0,0.0,0.0,0.0,0,0.08864,-0.47182,43.99752,6.75702,104.0,101.0,93305.0,0.0,0.94577,7e-05,0.0,0.0,0.0
YOR371C,2,0.00013529036115867001,0.2147749093564443,8.047253499557395e-05,0.0,1.6690476190476191,0.0,0.0,0,0.09142,-0.46689,48.28619,6.20477,110.0,100.0,89140.0,0.0,0.88311,6e-05,0.0,0.0,0.5
YBL065W,1,0.0,0.22705665755578994,0.0002801933827298521,0.0,1.0,0.0,0.0,0,0.14035,0.10965,39.51316,9.73846,7.0,13.0,20400.0,0.0,1.47503,0.0007,0.0,0.0,0.5
YBR047W,2,5.473739007495568e-05,0.22989579157981035,0.0002948237967016315,0.0,1.596551724137931,0.0,0.0,0,0.10286,-0.41829,38.61429,7.06915,26.0,26.0,9065.0,0.0,0.44193,0.00034,0.0,0.0,0.5
YFR038W,1,0.0,0.22705665755578994,0.0002801933827298521,0.0,1.0,1.0,0.0,0,0.07268,-0.47093,32.79041,5.92303,120.0,110.0,73310.0,0.0,0.75605,6e-05,0.0,0.0,0.5
YGL027C,17,0.0019734579801543722,0.2667278409435494,0.008589646491040902,0.09558823529411764,2.962068965517241,0.5,37.83333333333333,0,0.13085,-0.44322,41.08562,4.95807,123.0,84.0,166590.0,0.0,1.72622,5e-05,0.0,0.0,0.5
YGL261C,1,0.0,0.22705665755578994,0.0002801933827298521,0.0,0.0,0.0,0.0,0,0.0,0.0,0.0,0.0,0.0,0.0,0.0,0.0,0.0,0.0,0.0,0.0,0.0
YGR090W,1,0.0,0.22705665755578994,0.0002801933827298521,0.0,1.0,0.5,0.0,1,0.10671,-0.30744,36.84383,8.60516,137.0,147.0,112425.0,0.0,0.80028,6e-05,0.05900181244167522,0.05277425862356333,0.5263871293117817
YGR218W,39,0.01226581638726112,0.27487670243883466,0.0024606908577663954,0.012145748987854251,25.292410714285715,0.3333333333333333,15.296969696969697,1,0.09041,-0.09354,41.51656,5.32135,139.0,110.0,116670.0,0.0,0.94011,4e-05,0.05900181244167522,0.05012875095612841,0.5009909840450245
YGR243W,1,0.0,0.22705665755578994,0.0002801933827298521,0.0,1.0,0.0,0.0,0,0.13014,0.02877,27.93904,10.49005,5.0,17.0,32095.0,0.0,1.97756,0.00065,0.0,0.0,0.5
YHL044W,4,0.0017560601215731392,0.2541746222467411,0.0012210995657319429,0.0,1.7772511848341233,0.0,0.0,0,0.11489,0.16128,36.34643,8.09503,23.0,25.0,32735.0,0.0,1.21366,0.0003,0.0,0.0,0.5
YHL045W,4,0.000693316630994973,0.2433786008816709,0.0004727126923243759,0.0,3.4974721941354905,0.0,0.0,0,0.17391,0.28696,45.90609,8.63275,9.0,13.0,19910.0,0.0,1.49535,0.00065,0.0,0.0,0.5
YHR116W,1,0.0,0.22705665755578994,0.0002801933827298521,0.0,1.0,0.0,0.0,0,0.09934,-1.42252,58.08477,7.57623,20.0,21.0,24910.0,0.0,1.43842,0.00044,0.0,0.0,0.5
YIL078W,1,0.0,0.22705665755578994,0.0002801933827298521,0.0,1.0,0.0,0.0,1,0.10354,-0.54755,42.58219,6.58673,108.0,104.0,108760.0,0.0,1.2868,8e-05,0.05900181244167522,0.0,0.5
YJL142C,1,0.0,0.22705665755578994,0.0002801933827298521,0.0,1.0,0.0,0.0,0,0.09231,0.79154,40.58,10.25507,3.0,14.0,8855.0,0.0,0.59654,0.00069,0.0,0.0,0.5
YJR148W,3,1.276450831971507e-05,0.23711467928221555,0.0006749642970318975,0.3333333333333333,1.0,0.0,0.6666666666666666,0,0.09309,-0.2875,27.22686,6.91229,41.0,41.0,64120.0,0.0,1.54045,0.00017,0.0,0.0,0.5
YKL051W,1,0.0,0.22705665755578994,0.0002801933827298521,0.0,1.0,0.0,0.0,0,0.17847,0.21756,41.6921,6.82098,25.0,24.0,105030.0,0.0,2.59576,0.00017,0.0,0.0,0.5
YKL063C,2,9.944647986883816e-05,0.22990829067139845,0.00030707352727049955,0.0,1.0,0.0,0.0,0,0.0479,-1.04311,50.55569,9.40424,23.0,31.0,9065.0,0.0,0.47702,0.00049,0.0,0.0,0.5
YKL143W,5,0.0007616245568529603,0.25495617932708503,0.0008698924246695959,0.1,4.724724724724725,0.5,0.0,0,0.07775,-1.11857,50.80326,4.53485,113.0,66.0,29340.0,0.0,0.54954,8e-05,0.0,0.0,0.5
YKR093W,1,0.0,0.22705665755578994,0.0002801933827298521,0.0,1.0,0.0,0.0,0,0.15474,0.13894,39.09537,5.24591,60.0,47.0,116210.0,0.0,1.7079,8e-05,0.0,0.0,0.5
YLL020C,3,0.000429137323943662,0.2271054344961886,0.0002807971652129086,0.0,1.0,0.0,0.0,0,0.18812,0.55149,43.55356,9.73248,1.0,7.0,21345.0,0.0,1.81678,0.00083,0.0,0.0,0.5
YLL065W,3,0.0005122188474304846,0.2619852047778348,0.002057626084955351,0.3333333333333333,2.150943396226415,0.0,0.0,0,0.13793,-0.08621,58.42414,9.57367,1.0,9.0,13785.0,0.0,1.02212,0.00071,0.0,0.0,0.5
YLR175W,4,0.0009780847469735541,0.24684508728731727,0.001104420426458102,0.0,3.930443548387097,0.25,0.0,1,0.05176,-0.73789,44.02464,9.01508,79.0,92.0,54985.0,0.0,1.00513,0.00016,0.08971985818844534,0.06602488493524936,0.5083991646391084
YLR331C,1,0.0,0.22705665755578994,0.0002801933827298521,0.0,1.0,0.0,0.0,0,0.016,-0.7408,61.2344,3.89349,48.0,13.0,375.0,0.0,0.02578,0.00027,0.0,0.0,0.5
YML055W,5,0.00012591864642838205,0.23653111032101085,0.0005026584423626782,0.0,3.1344827586206896,0.5,0.0,0,0.15169,-0.34157,27.15112,9.2215,22.0,28.0,30370.0,0.0,1.45998,0.00044,0.0,0.0,0.5
YML082W,1,0.0,0.22705665755578994,0.0002801933827298521,0.0,1.0,0.0,0.0,0,0.10478,-0.37596,45.63222,5.22736,100.0,75.0,74730.0,0.0,1.00562,7e-05,0.0,0.0,0.5
YMR039C,5,0.0011325805476320224,0.25974835321369977,0.003172404272891691,0.1,1.9681978798586572,1.0,2.1666666666666665,0,0.03425,-1.44932,66.38836,5.52765,61.0,55.0,10430.0,0.0,0.31509,0.00017,0.0,0.0,0.5
YMR042W,2,7.820596635164604e-05,0.22856619589854774,0.0002874897454766671,0.0,1.0,1.0,0.0,0,0.03955,-0.85819,64.19379,5.15265,28.0,23.0,4595.0,0.0,0.23579,0.00026,0.0,0.0,0.5
YMR058W,1,0.0,0.22705665755578994,0.0002801933827298521,0.0,1.0,0.0,0.0,0,0.11321,-0.28318,26.242,4.59515,86.0,36.0,91970.0,0.0,1.27102,6e-05,0.0,0.0,0.5
YMR087W,2,3.8149020962476245e-05,0.22939693991098145,0.0003420016531860203,0.0,1.6895119418483904,0.0,0.0,0,0.10211,-0.07148,53.39331,7.17267,27.0,27.0,38360.0,0.0,1.19625,0.00022,0.0,0.0,0.5
YMR114C,1,0.0,0.22705665755578994,0.0002801933827298521,0.0,1.0,0.0,0.0,0,0.09511,-1.00652,41.48101,7.55389,63.0,64.0,69370.0,0.0,1.61698,0.00018,0.0,0.0,0.5
YMR118C,1,0.0,0.22705665755578994,0.0002801933827298521,0.0,1.0,0.0,0.0,0,0.12755,-0.00153,34.25974,9.76056,13.0,21.0,44920.0,0.0,2.01357,0.00044,0.0,0.0,0.5
YMR181C,5,0.0003006768538000771,0.2556034326836939,0.0010255290955090038,0.0,4.3958076448828605,0.0,0.0,0,0.11688,-0.71169,70.34039,4.78314,17.0,11.0,15025.0,0.0,0.85358,0.00027,0.0,0.0,0.5
YMR244W,1,0.0,0.22705665755578994,0.0002801933827298521,0.0,1.0,0.0,0.0,0,0.08732,-0.35155,37.38028,5.1264,30.0,23.0,61235.0,0.0,1.63808,0.00014,0.0,0.0,0.5
YMR293C,2,0.0002752468191575271,0.25455713883451914,0.0012655606919648342,0.0,1.5534591194968554,0.0,0.0,0,0.08405,-0.13254,41.69052,8.74847,50.0,56.0,26080.0,0.0,0.5122,0.00017,0.0,0.0,0.5
YNL006W,10,0.000873798678567236,0.2446458310858566,0.0005322583564456091,0.2,8.172995780590718,0.0,1.0,1,0.07591,-0.45017,34.78581,6.02789,36.0,28.0,62295.0,0.0,1.8304,0.00018,0.08971985818844534,0.0,0.5
YNL073W,1,0.0,0.22705665755578994,0.0002801933827298521,0.0,1.0,0.0,0.0,0,0.09375,-0.37153,49.60627,9.01666,66.0,78.0,52925.0,0.0,0.80035,0.00014,0.0,0.0,0.5
YNL159C,2,0.00012565371162453148,0.23230803660490204,0.000332602640622879,0.0,1.7298335467349553,0.5,0.0,0,0.12803,-0.14913,59.92979,9.54071,24.0,31.0,31525.0,0.0,0.95573,0.00029,0.0,0.0,0.5
YNL210W,2,0.0015450171176183954,0.22731297050578037,0.000282473648712834,0.0,1.4507512520868113,0.0,0.0,0,0.08519,-0.10926,45.75448,7.0069,32.0,32.0,11055.0,0.0,0.35534,0.00023,0.0,0.0,0.5
YNL211C,1,0.0,0.22705665755578994,0.0002801933827298521,0.0,1.0,0.0,0.0,0,0.19767,-0.88372,57.71872,10.36115,9.0,20.0,18450.0,0.0,1.73269,0.00097,0.0,0.0,0.5
YNL235C,3,0.00022111156841663084,0.24202742618584203,0.001485368449786255,0.0,1.0,0.0,0.0,0,0.08392,0.26154,39.61056,7.08063,10.0,10.0,11960.0,0.0,0.74043,0.00044,0.0,0.0,0.5
YNL281W,5,0.0007399706988357471,0.24342063034302508,0.0026205921590677036,0.0,1.0,0.5,0.0,0,0.0719,-0.49346,26.10131,4.5567,27.0,16.0,21095.0,0.0,1.22317,0.00026,0.0,0.0,0.5
YNL288W,6,0.0023615302176978287,0.2680635936810797,0.02133594698221193,0.2,1.8898104265402844,0.5,2.023809523809524,0,0.05898,-0.13914,36.91343,6.65778,32.0,31.0,23795.0,0.0,0.57818,0.00016,0.0,0.0,0.5
YNL301C,3,0.003832974692261136,0.24055425168206565,0.0009984119322353946,0.3333333333333333,2.540929203539823,0.0,0.0,0,0.05914,-0.39892,40.13925,11.70551,11.0,41.0,3105.0,0.0,0.151,0.00057,0.0,0.0,0.5
YNR001C,2,0.00018690173663181485,0.24150218105762603,0.001126871035610884,0.0,1.927061310782241,0.0,0.0,0,0.09186,-0.29165,27.08896,8.23077,58.0,60.0,62925.0,0.0,1.17927,0.00015,0.0,0.0,0.5
YNR071C,4,0.0006209492749904334,0.2593023786067594,0.001721129648570876,0.16666666666666666,2.443396226415094,0.0,0.0,0,0.08187,-0.41637,25.10731,6.25897,40.0,37.0,26985.0,0.0,0.71292,0.00017,0.0,0.0,0.5
YOL022C,1,0.0,0.22705665755578994,0.0002801933827298521,0.0,1.0,0.0,0.0,1,0.08088,-0.62647,48.47377,4.78815,71.0,50.0,34015.0,0.0,0.73956,0.0001,0.08971985818844534,0.0,0.5
YOL042W,2,1.2354042787939555e-05,0.23305060293849722,0.0003094935611794969,0.0,1.0,0.0,0.0,0,0.12672,-0.27328,26.31573,8.35126,41.0,44.0,67895.0,0.0,1.6014,0.0002,0.0,0.0,0.5
YOL106W,3,3.6649505356907384e-05,0.23430314662671942,0.00034014344061174945,0.0,1.0,0.0,0.0,0,0.12821,0.51966,45.32573,4.80206,9.0,4.0,19285.0,0.0,1.43473,0.00036,0.0,0.0,0.5
YOR028C,9,0.003662270923837898,0.25909583912254347,0.0019268326050287691,0.0,5.620639534883721,0.5,0.0,0,0.06102,-0.74339,53.49322,9.67194,28.0,40.0,10680.0,0.0,0.32388,0.00029,0.0,0.0,0.5
YOR072W,1,0.0,0.22705665755578994,0.0002801933827298521,0.0,1.0,0.0,0.0,0,0.18269,0.34615,42.09048,9.61005,6.0,14.0,14940.0,0.0,1.23063,0.00079,0.0,0.0,0.5
YOR143C,1,0.0,0.22705665755578994,0.0002801933827298521,0.0,1.0,0.0,0.0,1,0.09404,-0.2326,30.11163,5.92365,41.0,37.0,38360.0,0.0,1.04764,0.00016,0.08971985818844534,0.0,0.5
YOR187W,2,2.35276553401086e-05,0.2283563662554829,0.0003358576396328029,0.0,1.0,0.0,0.0,0,0.05034,-0.2,31.1087,6.18939,57.0,51.0,13785.0,0.0,0.28736,0.00013,0.0,0.0,0.5
YOR303W,6,0.0012102054310493885,0.25797359628593414,0.0013999914153076205,0.06666666666666667,4.521637426900585,0.0,1.5,0,0.09489,-0.20365,31.98321,6.85895,38.0,37.0,44320.0,0.0,0.97705,0.00015,0.0,0.0,0.5
YOR336W,1,0.0,0.22705665755578994,0.0002801933827298521,0.0,1.0,1.0,0.0,1,0.0989,-0.26557,42.89637,5.02448,194.0,142.0,154825.0,0.0,0.98945,3e-05,0.05900181244167522,0.055714552844473776,0.5278572764222369
YOR388C,2,0.0005405632605669131,0.2364914261125794,0.0005614215287436944,0.0,1.8130434782608695,0.0,0.0,0,0.07181,-0.38723,26.26968,6.04388,52.0,47.0,40840.0,0.0,0.97905,0.00014,0.0,0.0,0.5
YPL053C,2,2.8508344995753237e-05,0.23306344743821825,0.00031880298534396547,0.0,1.7081545064377683,0.0,0.0,0,0.1435,-0.49238,45.95812,5.32001,65.0,52.0,93695.0,0.0,1.79742,0.0001,0.0,0.0,0.5
YPL098C,2,0.0,0.23596357292109993,0.0006729816035523132,1.0,1.5123674911660778,0.0,1.25,0,0.0885,-0.20442,55.5823,9.7276,6.0,11.0,15595.0,0.0,1.27285,0.00079,0.0,0.0,0.5
YOL142W,1,0.0,0.18113180803216963,1.237897953259153e-05,0.0,1.0,0.3333333333333333,0.0,1,0.1,-0.06917,39.24292,5.55377,28.0,25.0,18295.0,0.0,0.68892,0.00021,0.08971985818844534,0.07069233844701739,0.5353461692235086
YLR220W,1,0.0,0.20803380677517747,9.535317622243894e-05,0.0,0.0,0.0,0.0,1,0.08075,0.07547,29.7873,4.96625,36.0,28.0,25900.0,0.0,0.75622,0.00015,0.08971985818844534,0.0,0.0
YNL187W,2,9.847650139407983e-06,0.21367878677711127,0.00011945153403823129,0.0,1.0,1.0,0.0,0,0.09524,-0.35798,41.84905,7.9848,38.0,40.0,47090.0,0.0,1.16828,0.0002,0.0,0.0,0.5
YER031C,9,0.00040595356740457045,0.24430661449644878,0.0009814975811204087,0.0,2.542372881355932,0.0,0.0,0,0.08072,-0.53408,25.55067,4.96747,30.0,22.0,24785.0,0.0,1.01292,0.0002,0.0,0.0,0.5
YGL210W,1,0.0,0.1949429831421276,3.075885426811074e-05,0.0,0.0,0.0,0.0,0,0.08559,-0.45766,21.91982,5.32062,30.0,25.0,24785.0,0.0,1.0108,0.00022,0.0,0.0,0.0
YNL146W,2,1.6658287503279568e-05,0.24422195728091436,0.001016126163503093,0.0,1.0,0.5,0.0,0,0.14,0.295,35.2161,9.86627,7.0,11.0,1490.0,0.0,0.12535,0.00083,0.0,0.0,0.5
YPL192C,6,0.0005609992303882438,0.24370119815116598,0.0013594205693792916,0.13333333333333333,1.0,0.25,0.0,0,0.03759,-0.76842,36.3512,10.32172,10.0,26.0,1490.0,0.0,0.10327,0.00072,0.0,0.0,0.5
YPR017C,7,0.000368072750830091,0.24911359000406666,0.0037278592955175415,0.09523809523809523,4.82618025751073,0.0,10.5,0,0.06993,-0.24615,39.16713,5.15057,21.0,16.0,14730.0,0.0,0.91342,0.00032,0.0,0.0,0.5
YLR456W,7,0.0008078744482007629,0.2461267208147973,0.0012359067002487105,0.0,1.699339207048458,0.5,0.0,0,0.09314,-0.21324,37.52255,5.85553,24.0,20.0,16305.0,0.0,0.69999,0.00025,0.0,0.0,0.5
YER036C,3,0.00027379595113019,0.2441937512455409,0.0009952375887228655,0.0,2.7502623294858344,0.5,0.0,1,0.07049,-0.36754,41.63311,6.08539,87.0,80.0,49195.0,0.0,0.71947,9e-05,0.08971985818844534,0.07606989737809992,0.5138295711944543
YML023C,3,0.0002196032040597819,0.18435361366810674,1.018517517785082e-05,0.0,1.0,0.5,0.0,1,0.10612,-0.04442,44.94406,5.69635,66.0,56.0,58020.0,0.0,0.90639,9e-05,0.08971985818844534,0.07606989737809992,0.53803494868905
YER039C,3,7.747815084852747e-05,0.23009594027201177,0.0002771917786113493,0.0,0.0,0.0,0.0,0,0.0,0.0,0.0,0.0,0.0,0.0,0.0,0.0,0.0,0.0,0.0,0.0,0.0
YMR119W,3,5.873617276007527e-06,0.21015322484440074,5.922267698216177e-05,0.0,1.0,0.5,0.0,0,0.1266,-0.02212,43.85679,5.60785,72.0,63.0,73655.0,0.0,1.03096,8e-05,0.0,0.0,0.5
YER040W,2,2.1805050221559427e-05,0.21821059860256115,0.00026584352903782677,0.0,1.8770114942528735,1.0,0.0,0,0.05753,-0.80945,54.85836,9.60699,49.0,66.0,35910.0,0.0,0.45237,0.00012,0.0,0.0,0.5
YER045C,3,3.739759185829873e-05,0.20588651785963444,0.00012398289312094056,0.0,1.0,1.0,0.0,0,0.06135,-0.74376,62.88282,8.27423,44.0,47.0,34350.0,0.0,0.62922,0.00015,0.0,0.0,0.5
YER047C,4,6.85330709825938e-05,0.2285291391222996,0.0009292588092488212,0.0,3.768421052631579,0.0,0.0,0,0.05909,-0.73835,52.50435,8.9903,115.0,126.0,63510.0,0.0,0.63301,9e-05,0.0,0.0,0.5
YER048C,3,2.865949793595622e-05,0.2085262187641911,0.0002519873052669667,0.0,1.0,0.0,0.0,0,0.08184,-0.84066,37.6757,5.62787,77.0,69.0,29005.0,0.0,0.64665,0.00013,0.0,0.0,0.5
YPR020W,3,0.00034715894704287915,0.22840570326882534,0.00021710205205164115,0.0,1.8921775898520083,0.0,0.0,0,0.11304,-0.14348,31.09748,9.8172,5.0,16.0,15025.0,0.0,1.16284,0.00076,0.0,0.0,0.5
YER049W,3,0.0002676992425550952,0.22613386044486802,0.0013765964972139463,0.0,1.0,1.0,0.0,0,0.10093,-0.62127,43.17981,5.22675,109.0,85.0,99530.0,0.0,1.34426,7e-05,0.0,0.0,0.5
YER051W,3,0.0002591077274733598,0.21868455242897203,0.0002938180356055804,0.0,1.2630434782608695,1.0,0.0,0,0.09756,-0.53862,35.65528,6.29803,68.0,63.0,72405.0,0.0,1.28083,0.00011,0.0,0.0,0.5
YER081W,95,0.02897571619072346,0.2788278511353707,0.009613880794180367,0.0004479283314669653,85.81644934804413,0.0,2.0,0,0.06397,-0.05075,43.29832,5.35785,49.0,36.0,37985.0,0.0,0.742,0.0001,0.0,0.0,0.5
YLR121C,3,0.00010028997167240156,0.22412037260541826,0.000425643986078584,0.0,0.0,0.0,0.0,0,0.10433,-0.14744,35.32091,8.79071,39.0,45.0,51730.0,0.0,0.94796,0.00016,0.0,0.0,0.0
YMR310C,1,0.0,0.17827585119388836,8.316439633154667e-06,0.0,1.0,1.0,0.0,0,0.10095,-0.24795,29.84921,9.56805,26.0,41.0,26860.0,0.0,0.74919,0.00027,0.0,0.0,0.5
YER052C,6,0.0018037946711329355,0.23598990961097338,0.0015060559128072459,0.0,1.8047767393561787,0.0,0.0,0,0.06641,-0.10266,34.18448,6.21649,63.0,58.0,30130.0,0.0,0.51851,0.00011,0.0,0.0,0.5
YER037W,1,0.0,0.18961094028871994,4.2746884035733594e-05,0.0,0.0,0.0,0.0,0,0.11215,-0.52399,43.53053,5.2392,51.0,40.0,44725.0,0.0,1.18576,0.00014,0.0,0.0,0.0
YIR014W,2,4.782827377945412e-05,0.21105526004786546,0.0002509461812288084,0.0,1.0,0.0,0.0,0,0.07851,0.25083,36.88554,5.08759,31.0,23.0,25285.0,0.0,0.91612,0.00018,0.0,0.0,0.5
YKR079C,1,0.0,0.18961094028871994,4.2746884035733594e-05,0.0,0.0,0.5,0.0,1,0.10501,-0.40716,31.66612,5.55768,124.0,98.0,84200.0,0.0,0.8697,6e-05,0.05900181244167522,0.05277425862356333,0.5
YER053C,2,3.697232948482395e-05,0.20993413048299817,0.00016872467954697352,0.0,0.0,0.0,0.0,0,0.13,0.03033,36.6634,9.45868,17.0,34.0,60820.0,0.0,1.81401,0.00028,0.0,0.0,0.0
YLR326W,2,1.914184599195527e-06,0.19236242507023754,4.3033192336925323e-05,0.0,1.0,0.0,0.0,0,0.09583,-0.58708,53.04046,9.43134,22.0,34.0,50140.0,0.0,1.82838,0.00034,0.0,0.0,0.5
YER056C-A,2,3.259824533980728e-05,0.22970846815791363,0.002226881122672275,0.0,0.0,0.0,0.0,0,0.0,0.0,0.0,0.0,0.0,0.0,0.0,0.0,0.0,0.0,0.0,0.0,0.0
YER059W,7,0.00025840258923496293,0.23740754493145252,0.0016988767631789387,0.0,4.725298588490771,0.5,0.0,0,0.06429,-0.71095,45.0155,5.8266,51.0,45.0,24005.0,0.0,0.51067,0.00012,0.0,0.0,0.5
YDL224C,4,9.710011936135704e-05,0.2398991995415574,0.0009451287106665207,0.0,2.6677704194260485,0.0,0.0,0,0.06626,-0.56857,57.0225,6.47357,55.0,50.0,29630.0,0.0,0.41916,9e-05,0.0,0.0,0.5
YER156C,3,7.309219029873342e-05,0.22338632806756642,0.0004624344479995473,0.0,1.3056603773584905,0.0,0.0,0,0.10651,-0.35296,38.75,7.05548,45.0,45.0,42900.0,0.0,1.1238,0.00018,0.0,0.0,0.5
YJL084C,3,9.705119514965832e-05,0.21260448417893574,0.00019533536863986696,0.0,1.9146198830409358,0.0,0.0,0,0.06883,-0.73107,56.17964,6.4212,124.0,114.0,65250.0,0.0,0.55667,5e-05,0.0,0.0,0.5
YOR392W,2,3.0440282303738308e-05,0.2194221248608879,0.0003302534780677542,0.0,1.8369565217391304,0.0,0.0,0,0.12245,0.25646,46.42653,8.87067,13.0,19.0,14075.0,0.0,0.83068,0.00052,0.0,0.0,0.5
YER061C,1,0.0,0.1808606642281781,3.691473175967859e-05,0.0,1.0,0.0,0.0,0,0.06335,-0.10475,34.06493,8.4444,38.0,42.0,25660.0,0.0,0.53959,0.00018,0.0,0.0,0.5
YPL073C,3,0.00021590671012235616,0.222586755991106,0.0013009657086426255,0.0,2.6453333333333333,0.0,0.0,0,0.09317,0.31677,45.19689,9.05756,16.0,21.0,5095.0,0.0,0.28233,0.0005,0.0,0.0,0.5
YER062C,2,7.097302894861877e-05,0.21401402856010082,7.64641903467268e-05,0.0,1.0,0.5,0.0,0,0.112,-0.282,23.5816,5.80231,36.0,32.0,41285.0,0.0,1.48436,0.00021,0.0,0.0,0.5
YPL201C,2,1.715943838870544e-06,0.1887055732214303,1.0744690693140966e-05,0.0,0.0,0.5,0.0,0,0.11931,-0.38807,31.97731,5.65692,52.0,40.0,52885.0,0.0,1.00023,0.00011,0.0,0.0,0.0
YER063W,7,0.0005558796746285119,0.2588579328060132,0.0036657966558353676,0.047619047619047616,2.4883227176220806,0.0,0.0,0,0.02294,-1.21697,65.6,6.68744,37.0,37.0,2980.0,0.0,0.12346,0.00028,0.0,0.0,0.5
YNL157W,4,0.00012010744521361006,0.21115010687167485,8.179055132565806e-05,0.0,1.3486111111111112,0.0,0.0,0,0.05357,-0.84881,49.0244,9.40741,14.0,20.0,9065.0,0.0,0.50219,0.00052,0.0,0.0,0.5
YPL212C,4,0.0001527822898625756,0.2065502461934759,6.27233548515264e-05,0.16666666666666666,2.558073654390935,1.0,2.9,0,0.09375,-0.7796,45.11324,8.22662,87.0,90.0,53915.0,0.0,0.86761,0.00013,0.0,0.0,0.5
YPR125W,1,0.0,0.18817653926303987,2.9553262088190194e-05,0.0,0.0,0.0,0.0,1,0.07048,-0.47907,52.76852,9.35175,60.0,74.0,40590.0,0.0,0.77798,0.00018,0.08971985818844534,0.0,0.0
YGL062W,2,3.2700610715575503e-06,0.19300334049835838,5.6808316594488346e-05,0.0,1.0,0.0,0.0,0,0.07301,-0.20467,33.82139,5.83636,152.0,131.0,91690.0,0.0,0.70478,4e-05,0.0,0.0,0.5
YER066W,3,0.0002186290768592787,0.22164176268772115,0.0011832879798978665,0.0,2.3578629032258065,0.0,0.0,0,0.08649,-0.06432,27.44757,5.82477,22.0,18.0,27555.0,0.0,1.33205,0.00028,0.0,0.0,0.5
YER069W,1,0.0,0.00022002200220022002,4.36630699855352e-12,0.0,1.0,0.0,0.0,0,0.08227,-0.16582,31.66085,8.41864,93.0,98.0,94170.0,0.0,0.99264,9e-05,0.0,0.0,0.5
YLR214W,1,0.0,0.00022002200220022002,4.36630699855352e-12,0.0,1.0,0.0,0.0,0,0.13848,0.05437,51.6272,9.28009,53.0,78.0,139295.0,0.0,1.76652,0.00012,0.0,0.0,0.5
YCL007C,1,0.0,0.20013740311037115,0.0002680367541064312,0.0,0.0,0.0,0.0,0,0.06923,-0.81385,49.57154,10.35394,9.0,27.0,18825.0,0.0,1.21696,0.00067,0.0,0.0,0.0
YDR366C,2,7.859657947686117e-08,0.20396002461385385,0.0008275066132439016,0.0,0.0,0.0,0.0,0,0.15152,0.9,45.95,9.15338,7.0,12.0,20775.0,0.0,1.33691,0.00059,0.0,0.0,0.0
YPL032C,3,0.00010591508332647223,0.24637049582376092,0.0012692262784101231,0.0,2.0,0.0,0.0,0,0.06424,-0.64242,57.50668,8.79547,73.0,79.0,37735.0,0.0,0.40953,0.0001,0.0,0.0,0.5
YPL257W,2,1.1003521126760564e-06,0.1932414746752745,1.526704585386304e-05,0.0,0.0,0.0,0.0,0,0.1399,0.35803,39.20984,9.05585,15.0,19.0,34170.0,0.0,1.53941,0.00041,0.0,0.0,0.0
YER077C,2,3.3190925019755854e-06,0.19911023591294058,3.2505581192384314e-05,0.0,0.0,0.0,0.0,0,0.08285,-0.3814,44.94725,9.46625,81.0,113.0,60290.0,0.0,0.75792,0.00012,0.0,0.0,0.0
YFR015C,6,0.00030464183646807257,0.23083701022539616,0.00036453132834695067,0.06666666666666667,0.0,0.0,2.5,0,0.10311,-0.34859,33.82487,5.66754,98.0,80.0,91065.0,0.0,1.13111,7e-05,0.0,0.0,0.0
YGR091W,1,0.0,0.17913679531979293,8.625644387737854e-06,0.0,1.0,1.0,0.0,1,0.0668,-0.48381,54.56822,8.12823,64.0,66.0,30410.0,0.0,0.54012,0.00014,0.08971985818844534,0.08233295696528463,0.5411664784826423
YER079W,4,0.0011756423570040064,0.24395426273906956,0.0008858785854241453,0.16666666666666666,2.864097363083164,0.0,0.0,0,0.05238,-1.09762,39.61819,9.23163,22.0,28.0,12045.0,0.0,0.51924,0.0004,0.0,0.0,0.5
YAL060W,1,0.0,0.21631301807350922,0.0002812281460308983,0.0,1.0,0.0,0.0,0,0.06545,-0.06361,36.17254,6.0954,47.0,39.0,37815.0,0.0,0.90942,0.00015,0.0,0.0,0.5
YBR018C,1,0.0,0.21631301807350922,0.0002812281460308983,0.0,1.0,0.0,0.0,0,0.10929,-0.54016,48.01505,7.21039,42.0,42.0,61600.0,0.0,1.45336,0.00017,0.0,0.0,0.5
YBR042C,3,0.0001902552096507837,0.22320945844914394,0.00043581596665191453,0.0,2.4467425025853156,0.0,0.0,0,0.11839,-0.00781,33.90579,9.37494,36.0,50.0,76820.0,0.0,1.68781,0.00021,0.0,0.0,0.5
YBR065C,1,0.0,0.21631301807350922,0.0002812281460308983,0.0,1.0,1.0,0.0,0,0.05769,-0.41154,42.225,9.54364,37.0,58.0,29210.0,0.0,0.71376,0.00023,0.0,0.0,0.5
YBR168W,1,0.0,0.21631301807350922,0.0002812281460308983,0.0,1.0,0.0,0.0,1,0.13075,-0.10412,47.71891,8.85345,43.0,49.0,94475.0,0.0,1.94481,0.00018,0.08971985818844534,0.0,0.5
YBR240C,1,0.0,0.21631301807350922,0.0002812281460308983,0.0,1.0,1.0,0.0,0,0.09111,-0.37333,45.92536,8.85919,44.0,56.0,72735.0,0.0,1.40355,0.00017,0.0,0.0,0.5
YBR241C,1,0.0,0.21631301807350922,0.0002812281460308983,0.0,1.0,0.0,0.0,0,0.12295,0.3666,37.20719,6.74994,31.0,30.0,97260.0,0.0,1.81708,0.00013,0.0,0.0,0.5
YBR243C,1,0.0,0.21631301807350922,0.0002812281460308983,0.0,1.0,0.5,0.0,1,0.12946,0.58817,33.28395,8.6767,31.0,37.0,73560.0,0.0,1.46047,0.00017,0.08971985818844534,0.07606989737809992,0.53803494868905
YDL105W,1,0.0,0.21631301807350922,0.0002812281460308983,0.0,1.0,1.0,0.0,1,0.06716,-0.84129,50.54729,9.30963,54.0,63.0,21555.0,0.0,0.46736,0.0002,0.08971985818844534,0.08233295696528463,0.5411664784826423
YDL168W,1,0.0,0.21631301807350922,0.0002812281460308983,0.0,1.0,0.0,0.0,0,0.06736,-0.04896,27.34922,6.3266,47.0,44.0,24795.0,0.0,0.60414,0.00015,0.0,0.0,0.5
YDR005C,3,0.0004973923181624331,0.25109573008247915,0.0013027948574572015,0.0,2.6739130434782608,0.5,0.0,0,0.10127,-0.85747,54.00281,5.14655,52.0,43.0,49445.0,0.0,1.10535,0.00012,0.0,0.0,0.5
YDR012W,1,0.0,0.21631301807350922,0.0002812281460308983,0.0,1.0,0.5,0.0,0,0.05525,-0.2989,32.58066,10.64386,23.0,57.0,42065.0,0.0,1.07689,0.00027,0.0,0.0,0.5
YDR194C,1,0.0,0.21631301807350922,0.0002812281460308983,0.0,1.0,0.0,0.0,0,0.08133,-0.60045,51.70979,9.07391,95.0,108.0,36175.0,0.0,0.47432,0.00012,0.0,0.0,0.5
YDR266C,1,0.0,0.21631301807350922,0.0002812281460308983,0.0,1.0,0.0,0.0,0,0.08451,-0.84194,48.93851,9.14044,71.0,93.0,46155.0,0.0,0.63439,0.00013,0.0,0.0,0.5
YDR306C,2,2.2545757394257265e-05,0.2232212410430232,0.00035361844740589,0.0,1.986960882647944,0.0,0.0,0,0.10042,-0.30188,44.24142,8.80109,50.0,60.0,67405.0,0.0,1.23824,0.00016,0.0,0.0,0.5
YDR331W,1,0.0,0.21631301807350922,0.0002812281460308983,0.0,1.0,0.5,0.0,1,0.11922,-0.24866,38.96645,4.95087,58.0,36.0,52300.0,0.0,1.10333,0.0001,0.08971985818844534,0.07606989737809992,0.53803494868905
YDR343C,1,0.0,0.21631301807350922,0.0002812281460308983,0.0,1.0,0.0,0.0,0,0.12807,0.36684,37.16253,7.89435,44.0,46.0,110125.0,0.0,1.75626,0.00013,0.0,0.0,0.5
YDR483W,1,0.0,0.21631301807350922,0.0002812281460308983,0.0,1.0,0.0,0.0,0,0.14932,-0.57443,41.72649,5.27313,64.0,49.0,108720.0,0.0,2.11575,0.0001,0.0,0.0,0.5
YDR512C,2,8.857153660278674e-05,0.23786158118568074,0.0028062600482558686,0.0,1.5869565217391304,0.0,0.0,0,0.10695,-0.57166,43.84925,8.72955,21.0,25.0,29045.0,0.0,1.37846,0.00041,0.0,0.0,0.5
YDR528W,3,0.0012375783384729574,0.23924770525143038,0.0009886523153145265,0.0,2.375,0.0,0.0,0,0.06856,-0.75319,68.557,6.2923,57.0,54.0,17140.0,0.0,0.36025,0.00013,0.0,0.0,0.5
YDR531W,1,0.0,0.21631301807350922,0.0002812281460308983,0.0,1.0,0.5,0.0,1,0.11444,-0.25341,32.40142,5.93488,36.0,30.0,43695.0,0.0,1.06827,0.00015,0.08971985818844534,0.07606989737809992,0.53803494868905
YER145C,4,0.0052182165547377726,0.22243454791010636,0.00033598770809777057,0.16666666666666666,2.917391304347826,0.0,2.333333333333333,0,0.12376,0.19678,40.05495,8.67169,34.0,39.0,73185.0,0.0,1.60066,0.00019,0.0,0.0,0.5
YFL016C,6,0.0007751887779094062,0.23276838169863115,0.00039233307646925516,0.06666666666666667,5.767676767676767,0.0,0.0,0,0.07632,-0.56145,34.85695,9.30646,53.0,71.0,31620.0,0.0,0.56911,0.00017,0.0,0.0,0.5
YFR017C,4,0.0005648958102334352,0.23795527490400273,0.0005927449210252228,0.0,2.2728260869565218,0.0,0.0,0,0.06667,-1.01897,53.54615,6.65192,23.0,22.0,7700.0,0.0,0.35349,0.00031,0.0,0.0,0.5
YGL039W,1,0.0,0.21631301807350922,0.0002812281460308983,0.0,1.0,0.0,0.0,0,0.09483,-0.1796,29.1506,5.67853,43.0,38.0,26565.0,0.0,0.69435,0.00015,0.0,0.0,0.5
YGL096W,4,0.001027961116034277,0.24129547448325434,0.001360574443914949,0.16666666666666666,3.7967391304347826,1.0,2.5,0,0.07971,-0.71848,56.6388,10.2276,17.0,34.0,24410.0,0.0,0.78095,0.00033,0.0,0.0,0.5
YGL110C,4,0.0007926698720226426,0.24851335157022988,0.002716551369030854,0.0,3.116304347826087,0.0,0.0,0,0.07532,-0.68109,45.11763,6.51227,100.0,96.0,71195.0,0.0,0.98824,9e-05,0.0,0.0,0.5
YGL135W,5,0.0012722657140671002,0.26193652070856244,0.0031961350460234447,0.0,0.0,0.0,0.0,0,0.0,0.0,0.0,0.0,0.0,0.0,0.0,0.0,0.0,0.0,0.0,0.0,0.0
YGR020C,5,0.0005981059321814978,0.25863628075345757,0.0028807657807022892,0.3,3.2978260869565217,0.0,25.0,0,0.07627,-0.47458,41.57627,4.97968,22.0,15.0,2980.0,0.0,0.22138,0.00037,0.0,0.0,0.5
YGR084C,2,0.000214568661971831,0.21633515067882705,0.00028149578315056993,0.0,1.8251821019771073,0.0,0.0,0,0.09145,-0.41003,38.1882,9.44904,37.0,48.0,45505.0,0.0,1.16717,0.00024,0.0,0.0,0.5
YGR210C,2,7.931183457627902e-05,0.22388305751371412,0.00042668469497645956,0.0,1.9293478260869565,0.0,0.0,0,0.07543,-0.2219,29.9382,8.40143,51.0,54.0,47035.0,0.0,1.04029,0.00019,0.0,0.0,0.5
YGR293C,1,0.0,0.21631301807350922,0.0002812281460308983,0.0,1.0,0.0,0.0,0,0.11111,0.21046,52.87784,9.48553,7.0,16.0,14035.0,0.0,0.81061,0.00055,0.0,0.0,0.5
YIL044C,1,0.0,0.21631301807350922,0.0002812281460308983,0.0,1.0,0.0,0.0,0,0.0604,-0.58456,36.85,9.46002,21.0,32.0,35575.0,0.0,1.08999,0.00029,0.0,0.0,0.5
YIL074C,5,0.0007438785139095115,0.23899079859381891,0.0006218201257796621,0.0,3.9445652173913044,0.0,0.0,0,0.0661,-0.09275,43.17292,5.9765,50.0,43.0,37860.0,0.0,0.73963,0.00012,0.0,0.0,0.5
YKR073C,1,0.0,0.21631301807350922,0.0002812281460308983,0.0,1.0,0.0,0.0,0,0.13208,0.66981,61.42736,8.44989,6.0,8.0,8980.0,0.0,0.74996,0.00071,0.0,0.0,0.5
YLR151C,3,0.00026130614747930605,0.23010846113723848,0.0003652851662358201,0.0,2.7673684210526317,0.0,0.0,0,0.11471,-0.39118,50.25676,6.15302,50.0,45.0,59985.0,0.0,1.50889,0.00015,0.0,0.0,0.5
YNL054W-B,3,0.0005449011498361925,0.21949045937501466,0.00029456974070698414,0.0,0.0,0.0,0.0,0,0.0,0.0,0.0,0.0,0.0,0.0,0.0,0.0,0.0,0.0,0.0,0.0,0.0
YNR042W,2,3.861196583142083e-05,0.2253505563719175,0.001554136797426464,0.0,1.6880434782608695,0.0,0.0,0,0.07042,0.07817,54.69014,4.36261,15.0,6.0,4720.0,0.0,0.30817,0.00028,0.0,0.0,0.5
YOR150W,1,0.0,0.21631301807350922,0.0002812281460308983,0.0,1.0,0.0,0.0,0,0.07362,-0.57853,38.47791,10.11505,13.0,29.0,17210.0,0.0,0.93212,0.00055,0.0,0.0,0.5
YOR167C,14,0.0054156418767797605,0.2761331585685668,0.003150907611916508,0.10989010989010989,11.977987421383649,0.0,15.2,0,0.01493,-0.43881,35.16119,10.78046,9.0,14.0,0.0,0.0,0.0,0.00142,0.0,0.0,0.5
YOR189W,2,0.0003262969703207584,0.2491576237520052,0.0012665954552658805,0.0,1.8782608695652174,1.0,0.0,0,0.06034,-1.32586,66.17155,4.80292,25.0,19.0,13980.0,0.0,1.06782,0.00037,0.0,0.0,0.5
YOR222W,1,0.0,0.21631301807350922,0.0002812281460308983,0.0,1.0,0.0,0.0,0,0.10098,-0.00912,25.40098,9.71832,22.0,41.0,36495.0,0.0,1.07318,0.00029,0.0,0.0,0.5
YOR246C,1,0.0,0.21631301807350922,0.0002812281460308983,0.0,1.0,0.0,0.0,0,0.11515,0.02091,24.40848,8.56024,30.0,34.0,65735.0,0.0,1.75368,0.00023,0.0,0.0,0.5
YOR258W,1,0.0,0.21631301807350922,0.0002812281460308983,0.0,1.0,0.5,0.0,0,0.12442,-0.62995,34.20276,8.48004,30.0,33.0,27555.0,0.0,1.06981,0.00033,0.0,0.0,0.5
YOR263C,2,0.0003062436517895879,0.23880185172346013,0.001073293539021415,0.0,1.7282608695652173,0.0,0.0,0,0.14815,0.18963,46.05704,9.00177,8.0,12.0,15970.0,0.0,1.04815,0.00059,0.0,0.0,0.5
YOR300W,2,2.2835081866436154e-05,0.22815923115997797,0.002085924304014928,0.0,1.7836956521739131,0.0,0.0,0,0.08824,-0.70686,52.25686,10.45404,6.0,24.0,17585.0,0.0,1.43947,0.00086,0.0,0.0,0.5
YOR318C,1,0.0,0.21631301807350922,0.0002812281460308983,0.0,1.0,0.0,0.0,0,0.06931,-0.04653,43.4495,5.47589,12.0,9.0,14230.0,0.0,1.22425,0.00047,0.0,0.0,0.5
YOR362C,4,0.0020294542515090688,0.24130924391229353,0.0005689116496041888,0.0,3.6857727737973387,0.5,0.0,1,0.07639,-0.46354,22.40174,5.0423,45.0,30.0,26275.0,0.0,0.83318,0.00016,0.08971985818844534,0.07606989737809992,0.510319395964788
YOR387C,1,0.0,0.21631301807350922,0.0002812281460308983,0.0,1.0,0.0,0.0,0,0.12136,0.2068,27.66311,4.28363,15.0,6.0,22180.0,0.0,1.00182,0.00019,0.0,0.0,0.5
YPL213W,6,0.0009332004553671323,0.2500120131440837,0.0028809879493181464,0.0,3.2548818088386433,1.0,0.0,1,0.03782,-0.42983,43.9479,7.06805,32.0,32.0,6210.0,0.0,0.22837,0.00026,0.08971985818844534,0.08233295696528463,0.5126476108505245
YPL229W,3,0.00010797988382466428,0.2207162790500043,0.0003160000672964899,0.0,1.9641304347826087,0.0,0.0,0,0.08738,-0.81456,81.09515,5.89948,15.0,13.0,9315.0,0.0,0.40048,0.00025,0.0,0.0,0.5
YPL233W,1,0.0,0.21631301807350922,0.0002812281460308983,0.0,1.0,0.5,0.0,1,0.06944,-0.86435,53.84722,4.69391,44.0,26.0,24410.0,0.0,0.96041,0.00018,0.08971985818844534,0.07606989737809992,0.53803494868905
YPR016C,3,0.00026918230900585945,0.21848117749000423,0.0002919484584722661,0.3333333333333333,2.998984771573604,0.3333333333333333,0.7272727272727273,1,0.04898,-0.00735,36.45718,4.53705,30.0,15.0,9440.0,0.0,0.3568,0.00017,0.08971985818844534,0.07069233844701739,0.5117860449171144
YPR038W,1,0.0,0.21631301807350922,0.0002812281460308983,0.0,0.0,0.0,0.0,0,0.0,0.0,0.0,0.0,0.0,0.0,0.0,0.0,0.0,0.0,0.0,0.0,0.0
YPR059C,1,0.0,0.21631301807350922,0.0002812281460308983,0.0,0.0,0.0,0.0,0,0.0,0.0,0.0,0.0,0.0,0.0,0.0,0.0,0.0,0.0,0.0,0.0,0.0
YPR126C,5,0.0007374027620756976,0.2616933715155042,0.003676667704809383,0.0,3.018478260869565,0.0,0.0,0,0.15686,1.09314,26.77461,6.69122,5.0,5.0,10220.0,0.0,0.88219,0.00058,0.0,0.0,0.5
YPR134W,1,0.0,0.21631301807350922,0.0002812281460308983,0.0,1.0,0.0,0.0,0,0.10075,-0.52948,46.32914,5.39606,38.0,31.0,31650.0,0.0,1.0224,0.00017,0.0,0.0,0.5
YPR149W,1,0.0,0.21631301807350922,0.0002812281460308983,0.0,1.0,0.0,0.0,0,0.13295,0.57861,37.42254,9.54572,5.0,12.0,13575.0,0.0,0.71572,0.0005,0.0,0.0,0.5
YER082C,3,0.0002212361241849375,0.21292563898887373,0.000202944297617754,0.0,1.7247259439707674,0.5,0.0,1,0.06859,-0.72274,40.40722,9.46002,62.0,80.0,58580.0,0.0,0.94005,0.00015,0.08971985818844534,0.07606989737809992,0.5220527492045975
YJL135W,2,4.954364056102317e-06,0.17650484975035613,6.2696884047124125e-06,0.0,0.0,0.0,0.0,0,0.10476,-0.40667,52.81048,10.06952,5.0,18.0,11835.0,0.0,0.95648,0.00081,0.0,0.0,0.0
YER126C,3,0.00022877197506445117,0.2178396450813431,0.00042633486059251083,0.0,2.8290946083418107,0.5,0.0,1,0.05364,-0.78582,46.77931,10.24237,28.0,57.0,24075.0,0.0,0.81,0.00034,0.08971985818844534,0.07606989737809992,0.5134442123557483
YPR175W,3,0.00023560570988418546,0.2180868071335241,0.0004218698670565791,0.0,1.3120481927710843,0.5,0.0,1,0.08708,-0.40798,41.78549,5.8161,83.0,73.0,75455.0,0.0,0.96318,7e-05,0.08971985818844534,0.07606989737809992,0.5289889875224164
YDL036C,1,0.0,0.15539847090691725,7.935947685124116e-07,0.0,1.0,0.0,0.0,0,0.08225,-0.7513,34.1119,9.1203,65.0,77.0,57715.0,0.0,1.08084,0.00017,0.0,0.0,0.5
YMR233W,2,4.066928156952201e-06,0.22423921891605852,0.0010998180449404739,0.0,1.8723872387238725,0.3333333333333333,0.0,0,0.03982,-0.88097,58.6646,9.46393,36.0,45.0,10095.0,0.0,0.38137,0.00036,0.0,0.0,0.5
YPL238C,1,0.0,0.20605706998923265,0.000583758295975731,0.0,1.0,0.0,0.0,1,0.17829,0.65581,49.58527,5.09601,7.0,6.0,125.0,0.0,0.00912,0.00037,0.08971985818844534,0.0,0.5
YPR011C,1,0.0,0.20605706998923265,0.000583758295975731,0.0,1.0,0.0,0.0,0,0.11043,0.03067,30.46288,9.56146,21.0,34.0,55975.0,0.0,1.55864,0.00027,0.0,0.0,0.5
YER099C,4,0.0005096778635149051,0.2204286483694241,0.0009989596578007705,0.16666666666666666,2.762857142857143,0.0,0.0,0,0.05031,0.02075,29.62516,5.99298,38.0,32.0,12670.0,0.0,0.36445,0.00017,0.0,0.0,0.5
YKL181W,4,3.629630550930604e-05,0.213657194337057,0.0004980511963185453,0.3333333333333333,1.8674101610904585,0.0,0.0,0,0.04918,-0.25714,41.50843,5.45319,62.0,49.0,21400.0,0.0,0.45486,0.00012,0.0,0.0,0.5
YER100W,3,1.9658982838729056e-05,0.19538433628974874,4.8540405768792555e-05,0.0,2.8561064087061667,0.5,0.0,0,0.092,-0.6352,39.1424,5.80548,34.0,30.0,31525.0,0.0,1.11071,0.0002,0.0,0.0,0.5
YJR077C,2,0.0001009802557044705,0.22796243613579686,0.0007184857547360507,0.0,1.901766004415011,0.0,0.0,0,0.11254,0.29453,32.41807,9.35504,17.0,26.0,19745.0,0.0,0.60177,0.00029,0.0,0.0,0.5
YER102W,3,0.0002209417047049695,0.2022045230392116,0.00012545571683154658,0.0,0.0,0.0,0.0,0,0.0,0.0,0.0,0.0,0.0,0.0,0.0,0.0,0.0,0.0,0.0,0.0,0.0
YDR459C,1,0.0,0.16716884844714705,3.65050257725386e-06,0.0,0.0,0.0,0.0,0,0.12567,0.0738,51.08131,8.68402,32.0,39.0,84935.0,0.0,1.9788,0.0002,0.0,0.0,0.0
YER103W,4,0.000858274647887324,0.18727649204247263,2.3447137658573567e-05,0.0,2.6952573158425834,0.0,0.0,0,0.06386,-0.4366,33.63617,5.03119,98.0,78.0,23630.0,0.0,0.33927,7e-05,0.0,0.0,0.5
YDR068W,2,0.000214568661971831,0.15684519084303372,6.881718722298015e-07,0.0,1.0,0.0,0.0,0,0.07097,-1.22839,52.87068,4.47992,84.0,46.0,38180.0,0.0,1.06163,0.00012,0.0,0.0,0.5
YGL065C,1,0.0,0.15683355673771582,6.873296695997954e-07,0.0,1.0,0.5,0.0,1,0.13718,-0.00537,27.86624,5.8952,59.0,52.0,76500.0,0.0,1.31791,0.0001,0.08971985818844534,0.07606989737809992,0.53803494868905
YER106W,1,0.0,0.21526691052326574,0.0013666543175952148,0.0,0.0,1.0,0.0,1,0.07616,-1.03874,64.95,9.03424,47.0,56.0,32150.0,0.0,0.89925,0.00025,0.08971985818844534,0.08233295696528463,0.5
YHL008C,2,7.764586759591576e-06,0.21790699733685623,0.00017240626376587603,0.0,1.2292397660818712,0.0,0.0,0,0.08293,-0.19633,48.46592,7.32135,68.0,68.0,49195.0,0.0,0.70311,0.0001,0.0,0.0,0.5
YER110C,4,5.4594844360269575e-05,0.2554027414579351,0.007221548981285244,0.16666666666666666,2.7761044176706826,0.3333333333333333,0.0,0,0.07367,0.00036,40.232,4.5401,163.0,88.0,60835.0,0.0,0.49621,4e-05,0.0,0.0,0.5
YDL145C,1,0.0,0.21370038358191995,0.0002910125260866785,0.0,1.0,0.0,0.0,1,0.09076,-0.29459,32.11133,5.66119,161.0,134.0,162495.0,0.0,1.19829,4e-05,0.05900181244167522,0.0,0.5
YDR452W,3,0.0007247808841381988,0.23818312438430955,0.0008272977999842999,0.0,1.75,0.0,0.0,0,0.10831,-0.62374,41.65358,6.42389,105.0,101.0,101355.0,0.0,1.29373,8e-05,0.0,0.0,0.5
YIL029C,1,0.0,0.21370038358191995,0.0002910125260866785,0.0,0.0,0.0,0.0,0,0.16901,0.28239,32.29155,9.98175,3.0,16.0,38430.0,0.0,2.31694,0.0006,0.0,0.0,0.0
YJR138W,3,0.0,0.21983277138277357,0.0006030181774753734,1.0,3.0,0.0,4.5,0,0.09343,-0.4988,34.35369,8.88727,195.0,216.0,205520.0,0.0,1.12956,5e-05,0.0,0.0,0.5
YKL209C,2,0.0,0.21871848506874067,0.00043646907503223974,1.0,1.9929824561403509,0.0,1.8,0,0.09225,0.07837,35.24661,8.26813,119.0,126.0,149820.0,0.0,1.03493,6e-05,0.0,0.0,0.5
YLL032C,2,8.5483209943059e-05,0.21374359029109544,0.000291651243613757,0.0,0.0,0.0,0.0,0,0.10061,-0.29794,38.64378,6.784,90.0,88.0,65765.0,0.0,0.69522,7e-05,0.0,0.0,0.0
YLR269C,4,0.0006009913856677652,0.2610794091695396,0.0031009821136373343,0.16666666666666666,2.8946540880503147,0.0,2.1666666666666665,0,0.12069,0.05603,48.8,9.71234,8.0,17.0,17795.0,0.0,1.29718,0.00071,0.0,0.0,0.5
YNL091W,7,0.0009498096511011014,0.23830392732144445,0.001155882762550725,0.0,2.5485564304461943,0.0,0.0,0,0.05887,-1.08056,64.28758,5.28461,213.0,160.0,71585.0,0.0,0.50586,4e-05,0.0,0.0,0.5
YOR219C,1,0.0,0.21370038358191995,0.0002910125260866785,0.0,0.0,0.0,0.0,0,0.12997,-0.49882,38.81657,5.62323,118.0,97.0,155050.0,0.0,1.44638,5e-05,0.0,0.0,0.0
YDL204W,3,0.00025680247883394687,0.21311879802031206,0.00020185642170558228,0.0,1.0,0.5,0.0,0,0.07379,-0.62137,34.36387,9.20831,44.0,51.0,24870.0,0.0,0.56066,0.00021,0.0,0.0,0.5
YLR096W,1,0.0,0.2112767019894595,0.00020077755955664426,0.0,1.0,0.0,0.0,0,0.0619,-0.6109,51.47377,9.42853,108.0,137.0,83380.0,0.0,0.6497,7e-05,0.0,0.0,0.5
YNL139C,1,0.0,0.2112767019894595,0.00020077755955664426,0.0,1.0,1.0,0.0,0,0.09831,-0.49092,43.16263,7.54803,201.0,202.0,185695.0,0.0,1.0096,4e-05,0.0,0.0,0.5
YER119C,3,0.00040321755911870396,0.24491504635231276,0.0010526253868629752,0.0,1.9304347826086956,0.0,0.0,0,0.08705,0.79732,41.98683,9.03192,21.0,30.0,40100.0,0.0,0.82105,0.00018,0.0,0.0,0.5
YKL055C,1,0.0,0.19533018570460675,3.0999905558480035e-05,0.0,0.0,0.0,0.0,0,0.08273,-0.23921,53.14101,9.09601,25.0,33.0,44765.0,0.0,1.43553,0.00029,0.0,0.0,0.0
YER176W,1,0.0,0.20395018762993306,0.00028482099965989444,0.0,0.0,0.0,0.0,0,0.07136,-0.7322,38.558,9.44647,129.0,177.0,82720.0,0.0,0.6515,7e-05,0.0,0.0,0.0
YHR003C,3,6.209827741600254e-05,0.2460264830299646,0.0010357590970024228,0.0,1.3883647798742138,0.0,0.0,0,0.07459,-0.30466,39.17298,6.3642,62.0,59.0,57505.0,0.0,1.17639,0.00013,0.0,0.0,0.5
YMR275C,3,9.709777243094577e-05,0.2447307824711518,0.002259457524716052,0.0,2.8669623059866964,0.0,0.0,0,0.06762,-0.54795,45.816,8.82001,113.0,125.0,68770.0,0.0,0.62992,8e-05,0.0,0.0,0.5
YOR340C,1,0.0,0.21224167789194098,0.00012054562709400413,0.0,1.0,0.5,0.0,1,0.06748,-0.65368,35.22454,4.80255,53.0,32.0,34170.0,0.0,0.94331,0.00013,0.08971985818844534,0.07606989737809992,0.53803494868905
YHR204W,5,8.035887325100358e-05,0.21264724883430716,0.000199518376603815,0.0,3.2102335928809786,1.0,0.0,0,0.12688,-0.20477,44.3322,4.95856,108.0,71.0,119525.0,0.0,1.30994,5e-05,0.0,0.0,0.5
YER128W,1,0.0,0.17899272763255164,1.3961079268959322e-05,0.0,0.0,0.0,0.0,0,0.07882,-0.87931,34.6064,8.58746,29.0,32.0,30285.0,0.0,1.28936,0.00037,0.0,0.0,0.0
YER129W,2,4.408958948395607e-06,0.21665658317035721,0.0002384411933509687,0.0,1.8263069139966273,0.0,0.0,0,0.05254,-0.71585,52.63346,8.86835,144.0,159.0,45195.0,0.0,0.35623,7e-05,0.0,0.0,0.5
YLR420W,2,4.9875225799575095e-05,0.24384172473296228,0.0009926207019266004,0.0,1.5833333333333333,0.0,0.0,0,0.08791,-0.15962,35.66574,6.06989,45.0,39.0,32150.0,0.0,0.79751,0.00015,0.0,0.0,0.5
YHR100C,1,0.0,0.19841888092713175,0.00018080290839929308,0.0,1.0,0.0,0.0,0,0.0973,-0.26541,29.93195,8.87238,19.0,23.0,28795.0,0.0,1.3748,0.00042,0.0,0.0,0.5
YER136W,4,0.0005272450504900109,0.2367562393101748,0.0005479871695217123,0.0,3.513903192584964,0.0,0.0,1,0.102,-0.39113,41.01441,5.659,64.0,54.0,52885.0,0.0,1.03279,0.00011,0.08971985818844534,0.0,0.5
YER140W,3,0.00016750923059244424,0.21438292473100287,0.00014936854045583556,0.0,1.9001122334455667,0.3333333333333333,0.0,0,0.10432,-0.08183,50.48059,9.78754,51.0,82.0,74885.0,0.0,1.15575,0.00015,0.0,0.0,0.5
YDL054C,2,5.5634742740051235e-06,0.1810775142516607,5.954116875233982e-06,0.0,1.35656836461126,0.0,0.0,0,0.11728,0.53971,36.4243,9.14618,21.0,31.0,83155.0,0.0,1.55241,0.00017,0.0,0.0,0.5
YER143W,4,1.4385923380005569e-05,0.24197202965890546,0.0021998602674244186,0.0,1.895096921322691,0.0,0.0,0,0.05841,-0.25234,37.54533,4.95746,55.0,43.0,15275.0,0.0,0.32257,0.0001,0.0,0.0,0.5
YOR034C,3,3.4119361295307597e-06,0.19068827517672404,5.429131620017595e-05,0.0,0.0,0.0,0.0,0,0.12417,0.03632,27.51351,6.26898,76.0,69.0,120805.0,0.0,1.41732,7e-05,0.0,0.0,0.0
YIL056W,1,0.0,0.18076016031114953,9.581907458511182e-06,0.0,1.0,0.5,0.0,0,0.075,-0.42922,59.88891,9.09589,54.0,64.0,27110.0,0.0,0.37959,0.00013,0.0,0.0,0.5
YJL001W,3,0.0008652264976646849,0.24437720702259777,0.001497051721746525,0.0,2.1989473684210528,0.5,0.0,1,0.09302,-0.17674,14.93074,5.59308,26.0,22.0,29380.0,0.0,1.2477,0.00024,0.08971985818844534,0.07606989737809992,0.5172968890639528
YCR024C,2,0.0,0.22541061782084393,0.0006022686036775734,1.0,1.963923337091319,0.0,1.6,0,0.11789,-0.38801,41.92994,8.67828,51.0,57.0,74800.0,0.0,1.31727,0.00015,0.0,0.0,0.5
YDL112W,1,0.0,0.20798264756635018,0.00014545654896261712,0.0,1.0,0.0,0.0,0,0.10724,-0.10884,37.77543,5.73822,183.0,157.0,195285.0,0.0,1.18321,3e-05,0.0,0.0,0.5
YER131W,1,0.0,0.20798264756635018,0.00014545654896261712,0.0,1.0,0.0,0.0,0,0.04202,-0.82269,55.88824,10.8996,8.0,31.0,6460.0,0.0,0.48042,0.00081,0.0,0.0,0.5
YFL066C,2,0.0,0.2114351595159516,0.00028190744021175883,1.0,2.0,0.0,0.0,0,0.08673,-0.07423,35.76355,7.0014,49.0,49.0,46505.0,0.0,1.06107,0.00016,0.0,0.0,0.5
YLR058C,3,0.00026980230215032514,0.23845174186979992,0.0007584921539511255,0.0,2.7426246185147507,0.0,0.0,0,0.08742,-0.3435,27.27228,6.97589,55.0,54.0,51395.0,0.0,0.98424,0.00013,0.0,0.0,0.5
YOR201C,1,0.0,0.20798264756635018,0.00014545654896261712,0.0,1.0,0.0,0.0,0,0.08738,-0.36456,38.21289,9.2254,42.0,53.0,37860.0,0.0,0.81618,0.0002,0.0,0.0,0.5
YPL090C,1,0.0,0.20798264756635018,0.00014545654896261712,0.0,1.0,0.3333333333333333,0.0,0,0.05932,-0.77119,37.35763,10.44452,29.0,56.0,7575.0,0.0,0.2806,0.00039,0.0,0.0,0.5
YPR010C,6,0.0010432687011894806,0.23257634970404972,0.0005456553997411752,0.06666666666666667,5.881126173096976,0.5,2.017857142857143,1,0.09227,-0.39061,38.80184,7.56122,138.0,139.0,130260.0,0.0,0.95963,6e-05,0.05900181244167522,0.05277425862356333,0.5044867476968083
YGL241W,1,0.0,0.19414642074831423,2.1740485996180103e-05,0.0,1.0,0.3333333333333333,0.0,0,0.08167,-0.01444,35.75876,4.54706,152.0,87.0,75355.0,0.0,0.66147,4e-05,0.0,0.0,0.5
YIR005W,5,0.00032003370775092726,0.2411578665708031,0.0025268874538250754,0.1,3.53502538071066,0.5,7.785714285714286,0,0.09459,-0.76554,48.50953,5.64728,23.0,20.0,18910.0,0.0,1.10598,0.00033,0.0,0.0,0.5
YDL233W,4,0.00027324057111329696,0.2519034485208216,0.0018403071141409554,0.0,1.9213161659513591,1.0,0.0,0,0.09825,-0.39345,47.20808,8.59332,39.0,42.0,39100.0,0.0,0.76189,0.00017,0.0,0.0,0.5
YIL040W,5,0.0005768696171613545,0.2498790516054501,0.007369071074948534,0.1,4.5983854692230075,0.6666666666666666,1.6,0,0.18116,0.52246,30.60819,9.09784,7.0,11.0,20650.0,0.0,1.25095,0.00055,0.0,0.0,0.5
YKL034W,1,0.0,0.21608089884103382,0.0007023004072690312,0.0,0.0,0.0,0.0,0,0.13588,-0.15198,47.98156,6.10297,73.0,63.0,137850.0,0.0,1.56864,7e-05,0.0,0.0,0.0
YER152C,1,0.0,0.19441419660333004,2.8647375932536266e-05,0.0,0.0,0.0,0.0,0,0.09707,-0.2754,41.39368,6.22882,47.0,43.0,47050.0,0.0,0.9507,0.00013,0.0,0.0,0.0
YJL107C,2,0.000214568661971831,0.24347669221090695,0.000986604067107961,0.0,1.0,0.0,0.0,0,0.04134,-0.86744,43.77339,5.29974,64.0,52.0,7825.0,0.0,0.18409,0.00012,0.0,0.0,0.5
YER153C,2,8.065874423468761e-06,0.1884532818003936,1.2847900471283903e-05,0.0,0.0,0.0,0.0,0,0.07087,-0.14252,62.19567,9.74689,26.0,33.0,31065.0,0.0,1.06552,0.00033,0.0,0.0,0.0
YGR222W,3,0.0003825091478688057,0.2283440353323091,0.0002603450212034325,0.0,1.0,0.0,0.0,0,0.12628,-0.62969,45.02427,9.16449,37.0,44.0,43320.0,0.0,1.25069,0.00026,0.0,0.0,0.5
YJL170C,2,5.4694050498324836e-05,0.21110794220553303,0.00016799365080241133,0.0,0.0,0.0,0.0,0,0.13876,-0.29761,55.82158,5.56268,30.0,24.0,52660.0,0.0,2.111,0.00022,0.0,0.0,0.0
YNR003C,4,9.039472860695796e-05,0.187850525979256,8.345724300690988e-06,0.16666666666666666,3.9138321995464853,1.0,1.0,1,0.09779,-0.32555,38.76817,5.25812,43.0,34.0,38765.0,0.0,1.07279,0.00015,0.08971985818844534,0.08233295696528463,0.5105182022079057
YOR121C,2,0.0005305277484252639,0.23045959945059852,0.0002656458570416003,0.0,1.0,0.0,0.0,0,0.19802,-0.36634,55.91881,9.98529,7.0,13.0,19940.0,0.0,1.61014,0.00081,0.0,0.0,0.5
YKL120W,2,0.0002563122286489487,0.20513744010473622,0.0001581157021862351,0.0,0.0,0.0,0.0,0,0.08333,0.13704,36.3596,9.57709,21.0,34.0,27765.0,0.0,0.78984,0.00027,0.0,0.0,0.0
YLR167W,1,0.0,0.19671131740796538,0.0001767227469546602,0.0,0.0,0.5,0.0,1,0.05921,-0.67434,27.41579,9.8819,15.0,33.0,9440.0,0.0,0.54833,0.00057,0.08971985818844534,0.07606989737809992,0.5
YIL123W,1,0.0,0.19950477402901642,6.0232041628901297e-05,0.0,0.0,0.0,0.0,0,0.0,0.0,0.0,0.0,0.0,0.0,0.0,0.0,0.0,0.0,0.0,0.0,0.0
YIR001C,2,8.436574262307829e-06,0.2008598864921404,6.669073421115711e-05,0.0,1.2842227378190256,0.0,0.0,0,0.104,-1.2524,58.4728,9.31171,29.0,38.0,33475.0,0.0,1.15615,0.00032,0.0,0.0,0.5
YJL189W,2,1.3572417721013568e-06,0.21271142808445834,0.0003244866753363612,0.0,1.7956298200514138,0.0,0.0,0,0.07843,-1.42745,81.90588,12.55109,0.0,17.0,12490.0,0.0,1.96956,0.00198,0.0,0.0,0.5
YOL139C,7,0.0003562610237534019,0.2335912937258483,0.0008695413305037415,0.2857142857142857,5.80241935483871,0.0,7.444444444444445,1,0.0939,-0.58873,36.70516,5.29108,35.0,26.0,46980.0,0.0,1.93701,0.00022,0.08971985818844534,0.0,0.5
YER169W,1,0.0,0.00022002200220022002,4.36630699855352e-12,0.0,0.0,1.0,0.0,0,0.08417,-0.6858,52.91146,9.17401,84.0,104.0,89490.0,0.0,0.99201,0.0001,0.0,0.0,0.0
YPL071C,1,0.0,0.00022002200220022002,4.36630699855352e-12,0.0,0.0,0.5,0.0,0,0.09615,-0.90064,35.26545,6.20099,27.0,25.0,36565.0,0.0,1.98351,0.00034,0.0,0.0,0.0
YER172C,2,2.0181213035583852e-05,0.20580635568788788,8.366171637908124e-05,0.0,1.9795037756202805,1.0,0.0,1,0.08877,-0.32372,43.82049,5.34161,304.0,242.0,254770.0,0.0,1.03488,2e-05,0.05900181244167522,0.055714552844473776,0.5140728584432771
YNL102W,5,8.308062934698205e-05,0.23719448004930627,0.006346712931030807,0.5,4.908805031446541,1.0,2.017857142857143,1,0.06948,-0.55668,45.49054,5.8924,214.0,197.0,115135.0,0.0,0.69023,4e-05,0.05900181244167522,0.055714552844473776,0.5056749608598791
YER178W,5,0.0006012071738865852,0.2665765107683939,0.00578640584513066,0.0,3.670419651995906,0.0,0.0,0,0.09524,-0.2969,39.0805,8.2879,48.0,51.0,48665.0,0.0,1.05012,0.00018,0.0,0.0,0.5
YKL124W,1,0.0,0.20886610640714373,0.0001660566022015692,0.0,0.0,0.0,0.0,0,0.10017,-0.57582,37.15769,5.05341,85.0,64.0,41510.0,0.0,0.63803,8e-05,0.0,0.0,0.0
YGR085C,2,0.00021590818784560426,0.23326915215793426,0.0007632875457329674,0.0,1.96353591160221,0.5,0.0,0,0.07471,-0.63678,31.87764,9.91901,21.0,33.0,13075.0,0.0,0.66205,0.0005,0.0,0.0,0.5
YJL125C,3,0.00047298279685468883,0.20715736003130514,5.2179491664213116e-05,0.0,1.3990825688073394,1.0,0.0,1,0.09399,-0.59634,41.31749,7.23492,54.0,54.0,44640.0,0.0,1.01641,0.00016,0.08971985818844534,0.08233295696528463,0.5294239092105444
YLR044C,2,8.635718148510429e-05,0.22539860296993933,0.0005249199497270782,0.0,1.6824742268041237,0.5,0.0,0,0.08348,-0.05861,30.8325,5.79584,59.0,50.0,64330.0,0.0,1.04611,9e-05,0.0,0.0,0.5
YLR067C,6,0.0005397422967816277,0.2524749650915895,0.004613813764219041,0.06666666666666667,4.622427983539095,0.0,3.333333333333333,0,0.11088,-0.26435,37.53721,9.33929,96.0,129.0,152875.0,0.0,1.35714,8e-05,0.0,0.0,0.5
YLR134W,5,0.0004416940975243122,0.23634603120495373,0.0010822299183837795,0.0,3.23972602739726,0.5,0.0,0,0.08171,-0.05524,30.42256,5.99359,60.0,52.0,65820.0,0.0,1.06313,0.0001,0.0,0.0,0.5
YNR016C,2,9.480329685463178e-05,0.21633515067882705,0.00011566098453476722,0.0,1.992835209825998,0.3333333333333333,0.0,1,0.0824,-0.29651,41.22638,5.8891,296.0,259.0,234820.0,0.0,0.93797,2e-05,0.05900181244167522,0.05012875095612841,0.51257724439757
YER180C,2,0.000214568661971831,0.20982996031950737,0.00016766578349658668,0.0,1.701348747591522,0.0,0.0,0,0.11236,-0.85843,52.65625,4.88666,52.0,36.0,28100.0,0.0,0.8877,0.00015,0.0,0.0,0.5
YGL026C,1,0.0,0.17234688581345908,4.692146990515798e-06,0.0,1.0,0.0,0.0,0,0.07921,-0.16223,30.60014,6.05341,82.0,72.0,56685.0,0.0,0.73977,8e-05,0.0,0.0,0.5
YER186C,1,0.0,0.20029855960207618,4.478481184463786e-05,0.0,1.0,0.0,0.0,0,0.14052,-0.32614,54.07879,6.94952,45.0,45.0,45015.0,0.0,1.25351,0.00019,0.0,0.0,0.5
YFL002C,1,0.0,0.19086040757894168,3.257773753676269e-05,0.0,1.0,0.5,0.0,1,0.08746,-0.35627,36.54871,9.11151,81.0,94.0,57590.0,0.0,0.82957,0.00013,0.08971985818844534,0.07606989737809992,0.53803494868905
YJR082C,16,0.002384950673937066,0.23792849773921296,0.0011126416813832581,0.0,5.898360655737705,1.0,0.0,0,0.09735,-1.33628,49.17434,5.94476,17.0,12.0,7450.0,0.0,0.57776,0.00046,0.0,0.0,0.5
YFL002W-B,1,0.0,0.15418030372694908,2.1131609158544744e-07,0.0,0.0,0.0,0.0,0,0.08219,-0.80137,47.64112,6.65265,41.0,38.0,53665.0,0.0,1.07844,0.00013,0.0,0.0,0.0
YFL003C,1,0.0,0.18889945458407184,2.942001894280447e-05,0.0,1.0,0.0,0.0,0,0.06492,-0.20478,40.94864,6.95172,109.0,108.0,56905.0,0.0,0.5735,7e-05,0.0,0.0,0.5
YNL272C,6,4.72657789541445e-05,0.2355298646718855,0.0025752933984364446,0.3333333333333333,1.0,0.0,5.2,1,0.04875,-0.79802,55.9996,5.0202,130.0,100.0,58995.0,0.0,0.69692,6e-05,0.05900181244167522,0.0,0.5
YFR031C,8,0.0010089183966901975,0.24817789719578803,0.0029310935490454524,0.25,5.842051282051282,0.3333333333333333,2.5,1,0.0547,-0.62171,44.50838,6.83356,184.0,182.0,57855.0,0.0,0.43199,5e-05,0.05900181244167522,0.05012875095612841,0.5042903381480184
YIL026C,4,3.0352723762907117e-05,0.2172911561748642,0.001006840933437992,0.3333333333333333,1.4820512820512821,0.5,0.0,1,0.08696,-0.43113,41.38934,4.99701,194.0,140.0,105545.0,0.0,0.79353,4e-05,0.05900181244167522,0.05277425862356333,0.517804464414524
YOL115W,8,0.0004297327236377312,0.22998331377163386,0.0012158419269969354,0.03571428571428571,5.5312820512820515,1.0,0.0,0,0.07705,-0.67997,41.59092,5.30707,103.0,79.0,51715.0,0.0,0.78321,8e-05,0.0,0.0,0.5
YOL133W,6,0.0006292659005910268,0.19344479370169404,2.5979394560606714e-05,0.0,4.404641775983855,0.5,0.0,1,0.07438,-0.59587,52.8562,5.49481,18.0,14.0,34125.0,0.0,2.44805,0.00039,0.08971985818844534,0.07606989737809992,0.5086351968272277
YFL011W,1,0.0,0.19335634157837367,0.00011616498612358637,0.0,0.0,0.0,0.0,0,0.14103,0.41685,30.89255,9.10846,35.0,48.0,107270.0,0.0,1.76834,0.00015,0.0,0.0,0.0
YJR045C,4,7.753758120430694e-05,0.20646956644299752,5.313190210012803e-05,0.16666666666666666,2.5717171717171716,0.5,0.0,1,0.0474,-0.32477,34.83028,5.48175,89.0,81.0,15930.0,0.0,0.22555,8e-05,0.08971985818844534,0.07606989737809992,0.5147897090346266
YKL189W,2,6.150599429189701e-05,0.1997214938987877,7.549941311375344e-05,0.0,1.939784946236559,0.0,0.0,1,0.09774,-0.18822,49.67421,8.64313,44.0,49.0,33765.0,0.0,0.73638,0.00019,0.08971985818844534,0.0,0.5
YFL018C,5,0.0005319346148683268,0.23351389863156619,0.0007817243462130362,0.0,4.947791164658635,0.0,0.0,0,0.05611,-0.18116,32.78377,8.07428,62.0,64.0,21025.0,0.0,0.38928,0.00015,0.0,0.0,0.5
YJR051W,1,0.0,0.1880092117339068,2.2824812288376726e-05,0.0,1.0,0.0,0.0,0,0.05988,-0.21756,26.96709,9.06293,52.0,60.0,29255.0,0.0,0.53129,0.00016,0.0,0.0,0.5
YFL020C,2,1.5303392780932185e-05,0.20460147040444318,0.00019405218805443238,0.0,1.5278551532033426,0.0,0.0,0,0.09016,0.30656,18.17049,4.70673,11.0,6.0,15930.0,0.0,1.24014,0.00037,0.0,0.0,0.5
YFL021W,4,0.00033196395723562844,0.20581637254546054,6.3388400015894e-05,0.0,1.0,1.0,0.0,0,0.06471,-0.60863,45.2798,8.8111,41.0,47.0,37440.0,0.0,0.66469,0.00016,0.0,0.0,0.5
YGL011C,1,0.0,0.16962987646191313,2.26159821263915e-06,0.0,0.0,0.5,0.0,1,0.09524,-0.25119,38.48929,5.89081,32.0,29.0,25245.0,0.0,0.90159,0.00021,0.08971985818844534,0.07606989737809992,0.5
YFL022C,2,9.670917606875069e-06,0.1870197333297524,2.576179823569519e-05,0.0,2.0,0.0,0.0,1,0.09344,-0.47416,29.64793,5.53033,73.0,60.0,55475.0,0.0,0.9646,0.0001,0.08971985818844534,0.0,0.5
YGR169C,2,2.6527519366865343e-05,0.19767685070676103,3.0359109038202284e-05,0.0,1.6837865055387713,0.0,0.0,0,0.09406,-0.42698,37.33495,8.63385,52.0,57.0,56225.0,0.0,1.201,0.00018,0.0,0.0,0.5
YLR243W,3,5.847750307925591e-05,0.21534364670362235,0.0004367776863101891,0.0,0.0,0.0,0.0,1,0.08088,-0.03566,37.50551,4.39691,42.0,19.0,22055.0,0.0,0.71951,0.00014,0.08971985818844534,0.0,0.0
YFL026W,5,0.00537941034310729,0.21113956412617496,0.00022902219563785103,0.1,2.367494824016563,0.0,2.0047619047619047,0,0.11369,0.12923,37.81097,6.44391,34.0,33.0,45060.0,0.0,0.94173,0.00013,0.0,0.0,0.5
YHR005C,6,0.0008178812423421789,0.22380011592056268,0.0002326203631477435,0.2,4.428859737638748,0.0,4.285714285714286,1,0.08686,-0.51822,44.84301,7.5025,68.0,69.0,42370.0,0.0,0.78354,0.00014,0.08971985818844534,0.0,0.5
YFL027C,3,0.000214568661971831,0.18668947023614993,2.1991969161483844e-05,0.0,2.322108345534407,0.0,0.0,0,0.09859,-0.21247,45.72119,8.81256,58.0,65.0,59540.0,0.0,1.03336,0.00015,0.0,0.0,0.5
YKL195W,1,0.0,0.15642166125320084,6.545204201301023e-07,0.0,1.0,0.0,0.0,1,0.03722,-1.36352,60.59132,4.46344,95.0,50.0,13950.0,0.0,0.31323,0.0001,0.08971985818844534,0.0,0.5
YFL028C,1,0.0,0.18880667903375595,5.7262163557559574e-05,0.0,1.0,0.5,0.0,0,0.07612,-0.25502,27.1519,6.18976,40.0,37.0,47815.0,0.0,1.44502,0.00019,0.0,0.0,0.5
YPR054W,5,3.325426557466384e-05,0.2204171587343775,0.0001678811102628767,0.0,3.7088204038257175,0.0,0.0,0,0.1134,-0.10258,41.86343,8.90985,37.0,46.0,54080.0,0.0,1.22077,0.0002,0.0,0.0,0.5
YFL030W,2,0.000214568661971831,0.17047785488083175,3.0320873031977783e-06,0.0,2.0,0.0,0.0,0,0.08831,0.05351,34.95922,8.117,36.0,38.0,43150.0,0.0,1.02967,0.00019,0.0,0.0,0.5
YIL077C,1,0.0,0.14487814137039304,9.743429417570211e-08,0.0,1.0,0.0,0.0,0,0.12188,-1.02031,47.34941,8.92023,43.0,47.0,56840.0,0.0,1.53848,0.00024,0.0,0.0,0.5
YFL034C-B,4,0.0002580254046375515,0.2311271966724438,0.0003000214461989967,0.0,1.5430711610486891,0.3333333333333333,0.0,1,0.12892,-0.49199,48.20422,9.59918,21.0,30.0,35410.0,0.0,1.06415,0.00029,0.08971985818844534,0.07069233844701739,0.5229063766569826
YIR016W,2,9.736440860203825e-06,0.18762548541658675,1.0873337447616402e-05,0.0,0.0,0.0,0.0,0,0.04528,-0.60679,69.18943,5.09332,42.0,29.0,17585.0,0.0,0.60887,0.00018,0.0,0.0,0.0
YOL036W,2,3.095118818806317e-05,0.22732519031926848,0.0008559270636055556,0.0,0.0,0.0,0.0,0,0.03942,-0.78068,57.77728,9.24823,87.0,100.0,28015.0,0.0,0.33212,0.00011,0.0,0.0,0.0
YMR238W,5,0.00022757973716881652,0.24608375176437572,0.0017735636483130715,0.0,0.0,0.0,0.0,0,0.12227,-0.1845,26.07402,4.5705,49.0,28.0,108510.0,0.0,2.14701,9e-05,0.0,0.0,0.0
YGR080W,3,9.100382301794157e-05,0.2358188261386924,0.000700232064993599,0.3333333333333333,2.8451776649746194,0.0,2.375,0,0.07229,-0.44066,48.17684,5.54901,42.0,37.0,13660.0,0.0,0.36849,0.00015,0.0,0.0,0.5
YHR179W,2,0.00021764525631896362,0.2101114573347427,0.00041871990505350074,0.0,1.9481981981981982,0.0,0.0,0,0.1125,-0.5385,30.36228,6.13019,52.0,48.0,73800.0,0.0,1.63963,0.00014,0.0,0.0,0.5
YIL138C,1,0.0,0.208773299941695,0.00041664343561393784,0.0,1.0,0.0,0.0,0,0.03727,-1.5,52.14224,4.49567,46.0,26.0,15595.0,0.0,0.81681,0.00024,0.0,0.0,0.5
YKL212W,3,0.00017388443369036416,0.22714203095660052,0.0009734788939132012,0.0,1.6826568265682658,0.5,0.0,0,0.12039,-0.33515,26.01287,7.33429,70.0,70.0,88740.0,0.0,1.24769,0.0001,0.0,0.0,0.5
YLL050C,4,0.0003436156674620539,0.2323974054912636,0.0008318060526556521,0.16666666666666666,3.605780346820809,0.5,2.796052631578948,1,0.11189,-0.37972,50.14336,5.05206,22.0,18.0,16055.0,0.0,1.00971,0.00032,0.08971985818844534,0.07606989737809992,0.5105483265841706
YFL040W,3,0.00021997025945657772,0.2085365021362576,0.00022439546510224048,0.0,0.0,0.0,0.0,0,0.11852,0.46981,36.42278,8.76678,38.0,46.0,95350.0,0.0,1.57319,0.00014,0.0,0.0,0.0
YLR349W,1,0.0,0.17147330563720173,6.358065067913805e-06,0.0,0.0,0.0,0.0,0,0.11905,0.10893,61.1631,9.23297,7.0,15.0,20120.0,0.0,1.08778,0.0005,0.0,0.0,0.0
YFL042C,3,0.00038970538285659865,0.22146764377914696,0.0001817240060521825,0.0,2.778436018957346,0.4,0.0,0,0.08309,-0.6132,48.24423,4.92316,106.0,74.0,71695.0,0.0,0.93908,6e-05,0.0,0.0,0.5
YMR303C,1,0.0,0.18012110535072762,5.767792143381443e-06,0.0,1.0,0.0,0.0,0,0.07471,-0.0046,20.85348,6.26361,36.0,32.0,47870.0,0.0,1.30324,0.00017,0.0,0.0,0.5
YFL051C,2,0.0,0.00044004400440044003,2.3758850191347864e-11,0.0,0.0,0.0,0.0,0,0.1375,-0.445,45.1245,4.63763,19.0,12.0,33975.0,0.0,1.87603,0.00026,0.0,0.0,0.0
YKL026C,1,0.0,0.0002933626696002933,1.680004841240319e-11,0.0,0.0,0.0,0.0,0,0.13174,-0.42874,41.64976,8.66937,19.0,23.0,16680.0,0.0,0.85607,0.00044,0.0,0.0,0.0
YFL052W,2,0.000214568661971831,0.1705534883568215,1.7906139380516667e-06,0.0,0.0,1.0,0.0,0,0.10323,-0.14065,40.32516,6.4715,57.0,55.0,69560.0,0.0,1.30654,0.00012,0.0,0.0,0.0
YOR366W,1,0.0,0.14493276177533782,6.186369664715796e-08,0.0,0.0,0.0,0.0,0,0.06838,0.15043,12.68889,9.44366,11.0,18.0,10470.0,0.0,0.7994,0.00072,0.0,0.0,0.0
YFL056C,2,3.795535777178375e-06,0.22602507832161164,0.0004179278557359392,0.0,0.0,0.0,0.0,0,0.09434,-0.07264,59.05995,6.90289,23.0,23.0,49305.0,0.0,2.06139,0.00029,0.0,0.0,0.0
YFL060C,3,9.291130545636374e-05,0.23115246475997772,0.00027909200442262794,0.3333333333333333,2.6496496496496498,0.0,3.5,0,0.09459,-0.12928,34.95054,7.04327,26.0,26.0,20565.0,0.0,0.81829,0.00028,0.0,0.0,0.5
YMR095C,3,0.0,0.20076452501158581,6.483599530699783e-05,1.0,3.0,0.0,4.1,0,0.08482,-0.01786,39.11429,6.70013,23.0,22.0,17710.0,0.0,0.71106,0.00027,0.0,0.0,0.5
YMR322C,4,7.813145359948203e-05,0.20556624327057665,7.770558571530302e-05,0.5,3.2882882882882885,0.0,2.9,0,0.11392,-0.17131,33.68907,7.79291,27.0,28.0,26025.0,0.0,0.99945,0.0003,0.0,0.0,0.5
YNL334C,5,0.00019590133038970868,0.21929695536581612,0.0002013349909278575,0.1,0.0,0.0,0.0,0,0.09459,-0.16171,36.41901,6.65521,27.0,26.0,20565.0,0.0,0.81582,0.00026,0.0,0.0,0.0
YMR096W,5,2.0120741485587998e-05,0.20631846166661943,7.571582166671422e-05,0.6,5.0,0.0,6.200000000000001,0,0.03704,0.02559,35.64545,5.40326,43.0,35.0,13115.0,0.0,0.41221,0.00017,0.0,0.0,0.5
YFL061W,1,0.0,0.22938449635579236,0.0005139831439820477,0.0,1.0,0.0,0.0,0,0.09333,-0.14978,35.52711,5.65887,25.0,20.0,30285.0,0.0,1.20407,0.00022,0.0,0.0,0.5
YFL065C,1,0.0,0.00022002200220022002,4.36630699855352e-12,0.0,0.0,0.0,0.0,0,0.08824,-0.29216,32.35882,9.32587,11.0,17.0,6460.0,0.0,0.54817,0.00079,0.0,0.0,0.0
YLR415C,1,0.0,0.00022002200220022002,4.36630699855352e-12,0.0,0.0,0.0,0.0,0,0.08036,0.23571,33.49554,10.50214,3.0,13.0,15720.0,0.0,1.27335,0.00085,0.0,0.0,0.0
YFR002W,8,0.00016411718228275982,0.2290738456294167,0.00042496306555070206,0.25,3.3272519954389965,0.25,17.25,1,0.08582,-0.36496,45.17607,6.37543,108.0,103.0,95285.0,0.0,0.99077,7e-05,0.05900181244167522,0.047735814213720786,0.5071734594012052
YMR129W,4,3.569638655957345e-05,0.2147749093564443,6.437998819881854e-05,0.5,0.0,0.3333333333333333,6.571428571428571,0,0.1077,-0.32438,36.27839,6.28864,164.0,153.0,123245.0,0.0,0.81269,4e-05,0.0,0.0,0.0
YFR003C,3,0.00021987527378052868,0.2188316699606206,0.0006952213675777103,0.0,0.0,1.0,0.0,1,0.04516,-1.62,95.55161,5.80597,30.0,26.0,11835.0,0.0,0.65075,0.00032,0.08971985818844534,0.08233295696528463,0.5
YOR147W,3,0.00015074115167974458,0.23307629335385724,0.0005535506842991719,0.0,1.9,0.0,0.0,0,0.09325,-0.24984,39.514,9.30646,60.0,75.0,80620.0,0.0,1.1193,0.00013,0.0,0.0,0.5
YFR004W,4,0.005062312326322049,0.19916650293514657,8.10102100556426e-05,0.0,3.232683982683983,0.0,0.0,1,0.06209,-0.38301,39.04085,5.81354,42.0,36.0,31525.0,0.0,0.91648,0.00017,0.08971985818844534,0.0,0.5
YOR261C,1,0.0,0.16508698771497296,2.356770845069035e-06,0.0,1.0,0.0,0.0,1,0.04734,-0.53935,42.32751,5.42645,55.0,45.0,21805.0,0.0,0.56914,0.00014,0.08971985818844534,0.0,0.5
YFR007W,1,0.0,0.00022002200220022002,4.36630699855352e-12,0.0,0.0,0.0,0.0,0,0.07082,-0.31331,42.45895,6.31769,46.0,42.0,21275.0,0.0,0.53341,0.00016,0.0,0.0,0.0
YBR056W,1,0.0,0.00022002200220022002,4.36630699855352e-12,0.0,0.0,0.0,0.0,0,0.12974,-0.61597,31.71758,6.00201,73.0,63.0,141790.0,0.0,2.45221,0.0001,0.0,0.0,0.0
YFR008W,9,0.0004569326146138295,0.2521137059750213,0.0026615878857249747,0.1388888888888889,2.898876404494382,0.0,26.0,0,0.04977,-0.75113,66.42262,5.74188,31.0,26.0,10430.0,0.0,0.40247,0.00022,0.0,0.0,0.5
YLR395C,1,0.0,0.19988198101337834,7.647687407627226e-05,0.0,0.0,0.0,0.0,0,0.14103,0.07308,49.37436,10.41559,2.0,13.0,4720.0,0.0,0.52995,0.00117,0.0,0.0,0.0
YMR029C,2,0.0,0.21818808061085765,0.00031739892059860693,1.0,0.0,0.5,2.5,0,0.05927,-0.45488,42.22065,5.09369,83.0,60.0,38640.0,0.0,0.6516,9e-05,0.0,0.0,0.0
YFR009W,1,0.0,0.00022002200220022002,4.36630699855352e-12,0.0,1.0,0.0,0.0,0,0.07314,-0.45957,36.43618,5.85931,111.0,98.0,58385.0,0.0,0.68667,7e-05,0.0,0.0,0.5
YGL195W,1,0.0,0.00022002200220022002,4.36630699855352e-12,0.0,1.0,0.0,0.0,0,0.07186,0.04409,40.36797,5.16144,358.0,283.0,161740.0,0.0,0.54514,2e-05,0.0,0.0,0.5
YFR011C,1,0.0,0.18220100781244483,5.318999897008283e-06,0.0,1.0,0.0,0.0,0,0.05294,-0.72412,30.61588,5.40338,27.0,25.0,6210.0,0.0,0.32936,0.00029,0.0,0.0,0.5
YNL113W,7,0.0009556959723067691,0.22462037556140613,0.00016956959063473386,0.047619047619047616,7.0,0.5,1.1428571428571428,1,0.04225,-0.81197,52.2,4.315,34.0,14.0,4720.0,0.0,0.29225,0.00027,0.08971985818844534,0.07606989737809992,0.5054335640984358
YFR013W,1,0.0,0.165695042918343,1.4697318365185821e-06,0.0,0.0,1.0,0.0,0,0.09276,-0.82948,41.28872,7.60822,116.0,117.0,89200.0,0.0,0.98135,8e-05,0.0,0.0,0.0
YJL137C,3,3.700052834388217e-06,0.19923218800089668,5.7210417310575286e-05,0.3333333333333333,0.0,0.0,2.0,0,0.11579,-0.38447,47.85924,5.67926,52.0,42.0,55975.0,0.0,1.25658,0.00013,0.0,0.0,0.0
YMR065W,6,0.0007243210508910735,0.22061264557173582,0.0007732201468510007,0.06666666666666667,1.6205128205128205,0.6666666666666666,0.0,0,0.10119,-0.21925,36.07778,4.79706,73.0,51.0,77445.0,0.0,1.32522,8e-05,0.0,0.0,0.5
YFR033C,1,0.0,0.19669301782962145,0.0001544860939912226,0.0,1.0,0.0,0.0,0,0.06122,-1.37891,62.79932,3.97906,58.0,12.0,11710.0,0.0,0.67857,0.00023,0.0,0.0,0.5
YOL001W,3,0.00023252925635653196,0.22774144713049504,0.0013810892673359113,0.0,1.557919621749409,0.5,0.0,0,0.08532,-0.42355,47.27611,9.10626,30.0,38.0,22975.0,0.0,0.69147,0.00027,0.0,0.0,0.5
YIL126W,5,0.00010825249586678643,0.2095076887791831,7.277901076396111e-05,0.4,1.3329842931937173,1.0,0.0,1,0.06549,-0.72671,40.74247,6.29718,226.0,216.0,100450.0,0.0,0.64087,4e-05,0.05900181244167522,0.055714552844473776,0.5208984281093765
YMR091C,1,0.0,0.19103285102633863,1.5436427029072374e-05,0.0,0.0,1.0,0.0,0,0.07816,-0.87862,53.06692,4.84393,84.0,56.0,35090.0,0.0,0.70675,0.0001,0.0,0.0,0.0
YFR039C,1,0.0,0.2035378894069615,6.937182840463013e-05,0.0,1.0,0.0,0.0,0,0.10784,-0.48333,38.29492,4.66949,92.0,53.0,77530.0,0.0,1.30612,8e-05,0.0,0.0,0.5
YFR042W,2,2.3468449660729573e-05,0.20493860571479267,0.0001427366267360358,0.0,0.0,0.5,0.0,1,0.17,0.56,35.3331,9.65485,9.0,21.0,46090.0,0.0,1.9567,0.00041,0.08971985818844534,0.07606989737809992,0.5
YNR025C,2,2.2178636446022278e-05,0.20328349150653938,4.613856726735536e-05,0.0,0.0,0.0,0.0,0,0.18487,0.77311,63.28151,8.66193,4.0,6.0,20190.0,0.0,1.47103,0.00063,0.0,0.0,0.0
YLL046C,2,3.314552720362579e-07,0.20120393920726232,8.124148274565027e-05,0.0,0.0,0.0,0.0,0,0.07631,-0.81325,32.12735,9.9118,31.0,55.0,6210.0,0.0,0.21517,0.00034,0.0,0.0,0.0
YFR049W,9,0.0016326927142914778,0.23938314125779972,0.0004753144971969761,0.0,2.8060046189376444,0.0,0.0,0,0.0813,-0.18537,26.37805,9.5528,10.0,16.0,10220.0,0.0,0.7466,0.0007,0.0,0.0,0.5
YOL062C,1,0.0,0.19179531886425216,1.4802520984691533e-05,0.0,1.0,0.0,0.0,0,0.08961,-0.2664,40.48413,8.39703,54.0,57.0,58495.0,0.0,1.05612,0.00015,0.0,0.0,0.5
YOR049C,5,0.0006692136967007572,0.23447203716767573,0.00040444259436280596,0.0,1.802132701421801,0.0,0.0,0,0.13089,0.47016,31.82016,6.85748,28.0,27.0,65610.0,0.0,1.51924,0.00016,0.0,0.0,0.5
YJR133W,4,0.0008380081217919526,0.26440962860745526,0.0018074005254977634,0.0,2.7829131652661063,0.0,0.0,0,0.0622,-0.3311,40.8201,5.82196,30.0,25.0,25690.0,0.0,1.0853,0.00025,0.0,0.0,0.5
YGL001C,1,0.0,0.1628742129306718,1.290982493805542e-06,0.0,1.0,0.5,0.0,1,0.09169,-0.16189,33.3135,6.20538,41.0,37.0,48525.0,0.0,1.25368,0.00016,0.08971985818844534,0.07606989737809992,0.53803494868905
YGR060W,4,0.000429137323943662,0.19595473541793476,4.117641547603039e-05,0.16666666666666666,3.089717741935484,0.5,2.05,1,0.18123,-0.10194,45.54178,8.17413,24.0,26.0,96425.0,0.0,2.64332,0.00022,0.08971985818844534,0.07606989737809992,0.5123101693636337
YGL003C,4,2.4843629302538437e-05,0.23211676310895993,0.0032769517839073533,0.0,3.7877412031782067,0.3333333333333333,0.0,1,0.07244,-0.50124,47.5986,8.80963,59.0,65.0,72600.0,0.0,1.15567,0.00014,0.08971985818844534,0.07069233844701739,0.5093317276253854
YGL010W,2,9.660813149908271e-05,0.227545371842393,0.00025331515390639945,0.0,0.0,0.5,0.0,0,0.13218,0.52356,47.97833,9.51373,11.0,17.0,14690.0,0.0,0.7282,0.00047,0.0,0.0,0.0
YGL014W,2,0.00025212206459230803,0.20733002502054482,0.00023341355925195984,0.0,1.0,0.0,0.0,1,0.06419,-0.55214,50.92038,6.13275,86.0,73.0,46645.0,0.0,0.47696,6e-05,0.08971985818844534,0.0,0.5
YNL231C,3,0.0008075892796635177,0.2224813589897949,0.0008846144022993443,0.0,0.0,0.5,0.0,0,0.09972,-0.52051,39.97977,7.72992,53.0,54.0,52620.0,0.0,1.29245,0.00019,0.0,0.0,0.0
YGL015C,2,1.6967973008049652e-06,0.22861562363188798,0.0016652297891534633,0.0,1.7325581395348837,0.0,0.0,0,0.07692,-0.76538,49.99615,6.41705,17.0,16.0,14480.0,0.0,0.96787,0.00043,0.0,0.0,0.5
YGL016W,4,2.1369942308237023e-05,0.21370038358191995,0.00019863557455041824,0.16666666666666666,3.7978021978021976,1.0,2.25,0,0.10176,-0.01166,42.51221,4.90448,116.0,77.0,132110.0,0.0,1.06946,4e-05,0.0,0.0,0.5
YGL018C,2,3.0870681703733835e-05,0.2338625810374423,0.0011513833321049984,0.0,1.0,0.0,0.0,1,0.09239,-0.81739,49.8294,7.79596,25.0,26.0,30035.0,0.0,1.37917,0.00036,0.08971985818844534,0.0,0.5
YOR061W,5,8.26598206054995e-06,0.2183796318074278,0.00041807671018560116,0.8,4.914914914914915,0.0,14.190873015873017,0,0.11799,-0.33481,28.47555,8.68475,41.0,46.0,59415.0,0.0,1.50788,0.00022,0.0,0.0,0.5
YMR023C,2,2.747855632226e-06,0.19929791640677877,0.00010610458142589364,0.0,1.0,0.0,0.0,0,0.06654,-0.14962,45.91407,7.58929,63.0,64.0,24130.0,0.0,0.41353,0.00013,0.0,0.0,0.5
YGL024W,1,0.0,0.18037464555191232,7.083291229257324e-06,0.0,0.0,0.0,0.0,0,0.08108,1.23514,45.41982,9.36407,3.0,9.0,6585.0,0.0,0.53932,0.00077,0.0,0.0,0.0
YOL130W,5,0.00031147870899704403,0.2218510671170994,0.00023979620318298643,0.0,1.6831785345717234,0.0,0.0,1,0.07567,-0.57206,49.87417,6.23517,106.0,96.0,75635.0,0.0,0.78895,7e-05,0.05900181244167522,0.0,0.5
YBR235W,1,0.0,0.20895899542022198,0.0002540502889068556,0.0,0.0,0.0,0.0,0,0.09643,0.10643,39.51912,8.78302,88.0,100.0,130690.0,0.0,1.05398,7e-05,0.0,0.0,0.0
YGL020C,7,0.0002760652845855388,0.25326125593334325,0.006316997235295242,0.19047619047619047,0.0,0.25,9.910714285714285,0,0.12766,-0.12936,37.81149,9.1557,24.0,29.0,54430.0,0.0,2.00907,0.00034,0.0,0.0,0.0
YMR214W,1,0.0,0.20895899542022198,0.0002540502889068556,0.0,1.0,1.0,0.0,0,0.08488,-0.52759,36.41621,7.09772,50.0,50.0,28850.0,0.0,0.69446,0.00017,0.0,0.0,0.5
YGL029W,1,0.0,0.20491874347349448,0.0002793418935106479,0.0,0.0,0.5,0.0,1,0.03333,-1.6175,48.20417,10.44415,20.0,42.0,12490.0,0.0,0.86635,0.00072,0.08971985818844534,0.07606989737809992,0.5
YGL030W,2,5.940383045864653e-05,0.23088742507884424,0.0007652835413544376,0.0,1.5133037694013303,0.0,0.0,1,0.07619,0.02095,26.59333,9.80194,7.0,15.0,8940.0,0.0,0.78316,0.00086,0.08971985818844534,0.0,0.5
YGL032C,1,0.0,0.00022002200220022002,4.36630699855352e-12,0.0,0.0,0.0,0.0,0,0.10345,0.1954,28.22874,6.51752,4.0,4.0,6335.0,0.0,0.6694,0.00069,0.0,0.0,0.0
YGR257C,1,0.0,0.00022002200220022002,4.36630699855352e-12,0.0,0.0,0.0,0.0,0,0.0929,-0.03115,34.5194,9.4798,27.0,42.0,62545.0,0.0,1.53436,0.00023,0.0,0.0,0.0
YPL025C,1,0.0,0.16568855067467408,5.202662341861929e-06,0.0,0.0,0.0,0.0,0,0.11351,-0.31514,31.43676,8.56464,18.0,21.0,24700.0,0.0,1.1985,0.00042,0.0,0.0,0.0
YGL038C,1,0.0,0.19633685534028378,5.2895826847651424e-05,0.0,0.0,0.3333333333333333,0.0,0,0.10625,-0.51917,44.98817,7.18549,56.0,56.0,87445.0,0.0,1.58544,0.00013,0.0,0.0,0.0
YJR132W,6,0.00015560360446814614,0.2183232583158156,0.0002983201036759634,0.0,4.768965517241379,0.5,0.0,0,0.10592,-0.09714,41.12617,4.57343,150.0,91.0,133600.0,0.0,1.11365,4e-05,0.0,0.0,0.5
YDL218W,1,0.0,0.19929791640677877,3.619940220837679e-05,0.0,1.0,0.0,0.0,0,0.10095,-0.17666,31.76722,8.15094,23.0,25.0,44070.0,0.0,1.27927,0.00024,0.0,0.0,0.5
YDR538W,1,0.0,0.19929791640677877,3.619940220837679e-05,0.0,1.0,0.0,0.0,0,0.07438,0.13678,33.73764,9.69147,20.0,30.0,21470.0,0.0,0.80313,0.00036,0.0,0.0,0.5
YGR004W,3,6.074576964287534e-06,0.2147749093564443,9.030944731887727e-05,0.3333333333333333,1.9664429530201342,0.0,0.0,0,0.10823,-0.15801,52.32359,9.34198,45.0,55.0,91580.0,0.0,1.72981,0.00018,0.0,0.0,0.5
YJR113C,2,0.00012623785013999078,0.20830024089054885,6.868292712034914e-05,0.0,2.0,0.0,0.0,0,0.06073,-0.43279,43.21296,9.75568,24.0,36.0,35325.0,0.0,1.26996,0.00035,0.0,0.0,0.5
YNL013C,3,0.0005326092849087525,0.2392883199592028,0.0011459860126166123,0.0,2.7236238532110093,0.0,0.0,0,0.176,0.4096,26.2608,10.44684,5.0,16.0,7490.0,0.0,0.50024,0.0007,0.0,0.0,0.5
YPL248C,2,4.631650821519814e-05,0.18779213030993128,1.8191773598953704e-05,0.0,1.8295454545454546,1.0,0.0,0,0.0874,-0.33008,46.47232,6.79254,85.0,83.0,108480.0,0.0,1.09133,7e-05,0.0,0.0,0.5
YGL052W,1,0.0,0.20653007034525186,0.00020254932297052703,0.0,0.0,0.0,0.0,0,0.08911,-0.73663,39.41386,9.96661,6.0,17.0,16305.0,0.0,1.35223,0.00083,0.0,0.0,0.0
YGL053W,6,0.000880631219512624,0.19251129883998142,3.3921004595448936e-05,0.0,1.0,0.5,0.0,0,0.1308,-0.22321,32.14814,5.01215,32.0,23.0,40380.0,0.0,1.48185,0.00018,0.0,0.0,0.5
YGL054C,4,5.899750119600384e-05,0.2416263750825114,0.003791423042891929,0.0,1.0,0.3333333333333333,0.0,0,0.15942,0.68768,27.16746,6.39288,11.0,10.0,21680.0,0.0,1.36097,0.0004,0.0,0.0,0.5
YGL057C,2,3.293838149332618e-05,0.18406473362579578,1.5682011245397527e-05,0.0,0.0,0.0,0.0,0,0.10801,-0.2547,42.22686,9.51996,27.0,35.0,34950.0,0.0,1.06042,0.00029,0.0,0.0,0.0
YOL080C,1,0.0,0.1724945213264953,1.2923189589766068e-05,0.0,0.0,1.0,0.0,0,0.06228,-0.7173,20.9128,9.84821,34.0,55.0,25565.0,0.0,0.77718,0.0003,0.0,0.0,0.0
YGL060W,3,6.147924541230436e-05,0.2411166147975272,0.005257299376860587,0.0,1.0,0.0,0.0,0,0.0858,-0.1181,50.62215,5.1524,82.0,59.0,63730.0,0.0,0.8718,7e-05,0.0,0.0,0.5
YJL179W,3,0.0002105298965008411,0.22938449635579236,0.0010193940258581076,0.0,1.0,0.0,0.0,0,0.05505,-0.7633,32.76972,8.96686,16.0,19.0,11585.0,0.0,0.90638,0.0007,0.0,0.0,0.5
YGL070C,44,0.006386003108165553,0.2681145821911636,0.005771941282550111,0.0010570824524312897,18.446700507614214,0.5,0.9,0,0.09836,-0.66311,59.57705,7.55402,16.0,17.0,5470.0,0.0,0.38284,0.00053,0.0,0.0,0.5
YAR064W,1,0.0,0.2098091386910956,0.00016751601483434107,0.0,1.0,0.0,0.0,0,0.11111,-0.29697,33.72323,8.5401,9.0,12.0,9355.0,0.0,0.83987,0.00077,0.0,0.0,0.5
YBR089W,1,0.0,0.2098091386910956,0.00016751601483434107,0.0,0.0,0.0,0.0,1,0.0804,0.04925,42.35176,8.84235,15.0,18.0,32345.0,0.0,1.46397,0.0004,0.08971985818844534,0.0,0.0
YBR106W,2,3.884273554376777e-05,0.22955882907111624,0.00027494965040974036,0.0,1.9441056910569106,0.3333333333333333,0.0,1,0.07447,-0.16649,41.24787,9.21381,19.0,24.0,17545.0,0.0,0.83007,0.00044,0.08971985818844534,0.07069233844701739,0.5181811973423589
YBR157C,1,0.0,0.2098091386910956,0.00016751601483434107,0.0,0.0,0.0,0.0,0,0.0902,-0.96314,60.22396,9.44135,29.0,38.0,12170.0,0.0,0.42299,0.00033,0.0,0.0,0.0
YBR176W,7,0.0010278263756173804,0.2567986391157486,0.002057184086955563,0.14285714285714285,6.070640176600442,0.0,12.0,0,0.08333,-0.03686,37.40801,8.34918,30.0,33.0,32275.0,0.0,0.93647,0.00024,0.0,0.0,0.5
YBR201W,3,0.0002441228356804259,0.23862666837757643,0.0021452930638481056,0.0,0.0,0.5,0.0,0,0.15166,0.4109,38.86161,8.34174,16.0,18.0,48735.0,0.0,1.99811,0.00034,0.0,0.0,0.0
YDL183C,1,0.0,0.2098091386910956,0.00016751601483434107,0.0,0.0,0.0,0.0,0,0.09375,-0.41281,43.56944,9.62958,31.0,51.0,50560.0,0.0,1.36476,0.00026,0.0,0.0,0.0
YDL219W,1,0.0,0.2098091386910956,0.00016751601483434107,0.0,1.0,0.0,0.0,0,0.05333,-0.18,38.44133,6.83929,22.0,22.0,8605.0,0.0,0.51388,0.00041,0.0,0.0,0.5
YDR056C,2,0.00017332004129459432,0.23435508702721303,0.0009266381359433704,0.0,1.0,1.0,0.0,0,0.07805,-0.32976,35.40537,4.76215,32.0,24.0,23295.0,0.0,1.02312,0.00021,0.0,0.0,0.5
YDR067C,1,0.0,0.2098091386910956,0.00016751601483434107,0.0,1.0,0.0,0.0,0,0.08929,-0.28214,46.4817,9.12836,26.0,34.0,25160.0,0.0,0.9668,0.00035,0.0,0.0,0.5
YDR079W,3,0.000368974816671614,0.22760660909193348,0.0009265438132228311,0.0,1.0,0.0,0.0,0,0.11712,-0.6009,29.82883,9.29974,18.0,23.0,11585.0,0.0,0.87849,0.00071,0.0,0.0,0.5
YDR199W,1,0.0,0.2098091386910956,0.00016751601483434107,0.0,0.0,0.0,0.0,0,0.0,0.0,0.0,0.0,0.0,0.0,0.0,0.0,0.0,0.0,0.0,0.0,0.0
YDR260C,6,0.00034144974444289027,0.24309877495366672,0.005544721389283593,0.06666666666666667,5.597376387487387,0.0,2.05,0,0.09412,-0.99529,52.16176,5.06061,25.0,16.0,30940.0,0.0,1.59849,0.00026,0.0,0.0,0.5
YDR286C,1,0.0,0.2098091386910956,0.00016751601483434107,0.0,0.0,0.0,0.0,0,0.08772,-0.41842,56.43158,8.30219,18.0,20.0,13115.0,0.0,0.97717,0.00062,0.0,0.0,0.0
YDR340W,1,0.0,0.2098091386910956,0.00016751601483434107,0.0,0.0,0.0,0.0,0,0.12,0.38,34.0391,8.70966,9.0,11.0,10555.0,0.0,0.91436,0.00075,0.0,0.0,0.0
YER109C,1,0.0,0.2098091386910956,0.00016751601483434107,0.0,0.0,1.0,0.0,0,0.05757,-0.89111,49.07109,9.34686,64.0,80.0,58830.0,0.0,0.6775,0.00011,0.0,0.0,0.0
YER181C,1,0.0,0.2098091386910956,0.00016751601483434107,0.0,0.0,0.0,0.0,0,0.11215,1.08692,53.86364,8.57404,4.0,6.0,6335.0,0.0,0.5085,0.00069,0.0,0.0,0.0
YJL182C,1,0.0,0.2098091386910956,0.00016751601483434107,0.0,0.0,0.0,0.0,0,0.19048,-0.06667,26.90486,10.22443,4.0,17.0,17420.0,0.0,1.39622,0.00082,0.0,0.0,0.0
YJR162C,1,0.0,0.2098091386910956,0.00016751601483434107,0.0,0.0,0.0,0.0,0,0.12931,-0.04569,59.44914,9.60504,1.0,9.0,13785.0,0.0,1.03008,0.00072,0.0,0.0,0.0
YKL036C,3,2.906225905248618e-05,0.22365807321727574,0.00028953642964136216,0.0,0.0,0.0,0.0,1,0.11538,-0.23077,52.07231,9.21625,10.0,17.0,34670.0,0.0,2.3254,0.00062,0.08971985818844534,0.0,0.0
YKL086W,2,1.2531826761863315e-05,0.21087633722231247,0.00017242282888650485,0.0,1.0,0.5,0.0,0,0.04724,-0.19921,64.12362,9.18024,12.0,16.0,6335.0,0.0,0.45727,0.00066,0.0,0.0,0.5
YKL150W,2,0.0001372111161287552,0.21501516196262938,0.00021427665038851286,0.0,1.9081225033288949,0.0,0.0,0,0.11589,-0.46523,30.24043,8.65509,35.0,38.0,30035.0,0.0,0.87983,0.00025,0.0,0.0,0.5
YKL190W,42,0.004495779395084229,0.2818759625595942,0.019008907889870107,0.04878048780487805,13.143295803480042,0.0,62.98730158730158,0,0.08571,-0.38971,25.56,4.36444,36.0,21.0,2980.0,0.0,0.15174,0.00022,0.0,0.0,0.5
YGL074C,1,0.0,0.1861880587495171,1.1971299835960747e-05,0.0,1.0,0.0,0.0,1,0.10185,1.07407,28.7787,9.40363,3.0,9.0,625.0,0.0,0.05435,0.00082,0.08971985818844534,0.0,0.5
YGL075C,3,3.517648048338119e-05,0.22403725511624012,0.000870753485874149,0.0,1.9830949284785435,0.25,0.0,1,0.10078,-0.52558,46.72791,8.28314,52.0,54.0,42650.0,0.0,0.9566,0.00019,0.08971985818844534,0.06602488493524936,0.5166469300049858
YGL090W,4,0.00022802875237158194,0.20857764576891744,0.00010296439367392569,0.0,2.423943661971831,0.5,0.0,0,0.05226,-0.76627,49.45392,4.86249,86.0,63.0,27680.0,0.0,0.57358,0.0001,0.0,0.0,0.5
YCR094W,2,0.0001724097158715938,0.24375738934280794,0.0009887561027900535,0.0,1.7164480322906155,0.0,0.0,0,0.11765,-0.42148,39.2512,7.58795,46.0,47.0,60570.0,0.0,1.34654,0.00017,0.0,0.0,0.5
YLR265C,4,0.00023485997324865714,0.21543141221249335,9.744002462957575e-05,0.0,2.9361702127659575,0.3333333333333333,0.0,0,0.07602,-0.43743,47.29216,8.08551,43.0,45.0,22180.0,0.0,0.56704,0.00021,0.0,0.0,0.5
YOR005C,1,0.0,0.17150112302060397,3.3887935550712834e-06,0.0,1.0,1.0,0.0,0,0.09534,-0.35773,44.2962,8.64825,123.0,135.0,121445.0,0.0,1.11917,8e-05,0.0,0.0,0.5
YLR347C,35,0.004067304829569008,0.2713838525426153,0.0023670286270201747,0.040336134453781515,27.96652719665272,0.3333333333333333,57.41407203907203,1,0.07666,-0.01614,44.74626,4.51556,107.0,62.0,86635.0,0.0,0.91411,5e-05,0.08971985818844534,0.07069233844701739,0.5012638740940183
YGL093W,1,0.0,0.20755390155683873,0.0005892836892260779,0.0,1.0,0.16666666666666666,0.0,1,0.06652,-0.7422,45.21104,5.117,158.0,123.0,47455.0,0.0,0.45271,5e-05,0.05900181244167522,0.04357558240211656,0.5217877912010582
YGL094C,2,3.677567266747091e-06,0.21153034817262928,0.0008588087321443304,0.0,0.0,0.0,0.0,0,0.10135,-0.39399,38.64791,6.2486,133.0,123.0,134075.0,0.0,1.0554,5e-05,0.0,0.0,0.0
YGL097W,4,0.0002503583301389336,0.22166499923043623,0.00011394129548901718,0.16666666666666666,1.7261904761904763,1.0,0.2857142857142857,1,0.07884,-0.43568,33.14483,5.71539,66.0,54.0,61515.0,0.0,1.16037,0.00011,0.08971985818844534,0.08233295696528463,0.5238481668451169
YIL063C,5,0.0006827003132788581,0.2504414089617431,0.001130017427407529,0.4,3.732047159699893,1.0,10.0,1,0.04893,-1.04771,39.18257,6.33453,61.0,60.0,11585.0,0.0,0.32133,0.00018,0.08971985818844534,0.08233295696528463,0.5110305354463829
YOR204W,4,2.242251847373511e-05,0.20432466130262042,0.00013959024609393785,0.3333333333333333,1.9185267857142858,0.0,1.2,1,0.08609,-0.52334,42.63098,7.6701,65.0,66.0,62840.0,0.0,0.95863,0.00012,0.08971985818844534,0.0,0.5
YOR364W,2,1.125650286718121e-05,0.18139598448520214,4.743991649966397e-06,0.0,0.0,0.0,0.0,0,0.14754,-0.02869,27.29426,10.48163,6.0,21.0,6460.0,0.0,0.4373,0.00071,0.0,0.0,0.0
YGL098W,1,0.0,0.18952595869124383,2.688014455770341e-05,0.0,0.0,0.5,0.0,1,0.09388,-0.52449,51.82494,5.15167,37.0,30.0,17880.0,0.0,0.63616,0.00018,0.08971985818844534,0.07606989737809992,0.5
YGL102C,1,0.0,0.18450644401234922,0.00010556355293971481,0.0,0.0,0.0,0.0,1,0.11972,0.07042,39.74789,4.39142,13.0,5.0,33375.0,0.0,2.06337,0.00027,0.08971985818844534,0.0,0.0
YHR194W,2,0.000214568661971831,0.2281346132023647,0.0038114991608497,0.0,0.0,0.0,0.0,0,0.12263,-0.21278,40.63715,9.25604,62.0,74.0,99155.0,0.0,1.48654,0.00014,0.0,0.0,0.0
YGL105W,3,0.00022468641911578264,0.17893213685605008,4.8453333113409784e-06,0.0,2.9694189602446484,0.5,0.0,0,0.06383,-0.60612,32.31702,7.68939,57.0,58.0,27305.0,0.0,0.64883,0.00018,0.0,0.0,0.5
YGL245W,3,0.00012234823906360552,0.19055079264235003,5.947722009293317e-05,0.0,2.9694189602446484,0.3333333333333333,0.0,1,0.08898,-0.45819,31.44703,7.21466,108.0,108.0,101145.0,0.0,1.25115,9e-05,0.05900181244167522,0.05012875095612841,0.5084408349962173
YGR264C,1,0.0,0.1509388631610163,1.5399835159159217e-07,0.0,1.0,0.5,0.0,1,0.10652,-0.46711,41.72104,6.15497,96.0,86.0,124900.0,0.0,1.4578,7e-05,0.05900181244167522,0.05277425862356333,0.5263871293117817
YGL106W,3,0.00015843024585318364,0.22370540074692016,0.001817513903988723,0.3333333333333333,2.3826291079812205,0.0,0.0,1,0.06711,-0.39933,29.65168,4.55304,28.0,19.0,5960.0,0.0,0.36244,0.00028,0.08971985818844534,0.0,0.5
YDL087C,2,5.744642964954327e-06,0.20788040459733714,0.000277497769422864,0.0,1.7375964718853363,1.0,0.0,1,0.0613,-0.63716,53.71149,9.31158,33.0,43.0,12670.0,0.0,0.41961,0.00031,0.08971985818844534,0.08233295696528463,0.5236916218171044
YNL016W,4,0.000535379798596045,0.22485925716893715,0.0009679486713226429,0.0,3.5942327497425333,0.5,0.0,0,0.07726,-0.84503,63.15475,4.94659,45.0,30.0,40255.0,0.0,0.79301,0.0001,0.0,0.0,0.5
YGL113W,1,0.0,0.00022002200220022002,4.36630699855352e-12,0.0,0.0,1.0,0.0,1,0.07335,-0.74611,51.84147,9.67133,83.0,120.0,65165.0,0.0,0.84305,0.00013,0.08971985818844534,0.08233295696528463,0.5
YPR194C,1,0.0,0.00022002200220022002,4.36630699855352e-12,0.0,0.0,0.0,0.0,0,0.1813,0.11722,31.95819,7.21222,69.0,69.0,253965.0,0.0,2.50805,7e-05,0.0,0.0,0.0
YML110C,1,0.0,0.20077405708475132,0.00011126125434304588,0.0,1.0,0.0,0.0,0,0.10423,-0.33648,35.01534,6.11859,41.0,38.0,33390.0,0.0,0.96269,0.00018,0.0,0.0,0.5
YMR291W,1,0.0,0.20077405708475132,0.00011126125434304588,0.0,1.0,0.5,0.0,0,0.08532,-0.53618,33.01109,6.50653,73.0,69.0,48050.0,0.0,0.72562,0.0001,0.0,0.0,0.5
YGL126W,1,0.0,0.21786209120654468,0.000975640177638187,0.0,0.0,0.0,0.0,0,0.11316,0.18895,40.90132,9.86249,18.0,36.0,111140.0,0.0,2.60072,0.00023,0.0,0.0,0.0
YBL009W,1,0.0,0.23117773837300634,0.0007920653930075726,0.0,1.0,0.0,0.0,0,0.07544,-0.54541,49.3682,9.41278,63.0,87.0,63715.0,0.0,0.83428,0.00012,0.0,0.0,0.5
YDL045C,2,0.00014477004054778996,0.24399649127684683,0.0010447848443843517,0.0,1.6318510858324715,0.0,0.0,1,0.13725,-0.35294,34.09216,5.15948,39.0,28.0,61475.0,0.0,1.72946,0.00015,0.08971985818844534,0.0,0.5
YDR092W,1,0.0,0.23117773837300634,0.0007920653930075726,0.0,1.0,0.0,0.0,0,0.07843,-0.52941,41.73529,5.30878,24.0,20.0,25565.0,0.0,1.46355,0.0003,0.0,0.0,0.5
YDR095C,1,0.0,0.23117773837300634,0.0007920653930075726,0.0,0.0,0.0,0.0,0,0.07353,-0.45147,57.54485,10.3454,5.0,19.0,11960.0,0.0,0.78745,0.00068,0.0,0.0,0.0
YEL038W,2,2.1663809169892782e-05,0.2515438219213034,0.007605131345278438,0.0,2.0,0.5,0.0,0,0.10573,-0.29559,46.33744,5.36823,27.0,22.0,24995.0,0.0,0.99237,0.00021,0.0,0.0,0.5
YER184C,1,0.0,0.23117773837300634,0.0007920653930075726,0.0,0.0,1.0,0.0,0,0.11461,-0.19484,41.60744,8.05426,89.0,94.0,119045.0,0.0,1.3071,9e-05,0.0,0.0,0.0
YFR026C,1,0.0,0.23117773837300634,0.0007920653930075726,0.0,1.0,0.0,0.0,0,0.09467,-0.39349,55.24379,6.09686,15.0,14.0,25160.0,0.0,1.33766,0.00032,0.0,0.0,0.5
YGL157W,3,0.0004515406902447886,0.25487934363926423,0.0017793630602454362,0.0,1.5974842767295598,0.5,0.0,0,0.08934,-0.17723,25.88334,5.61444,44.0,37.0,26440.0,0.0,0.69427,0.00015,0.0,0.0,0.5
YHR130C,3,0.0004515406902447886,0.25487934363926423,0.0017793630602454362,0.0,2.4578833693304536,0.0,0.0,0,0.22523,0.56937,28.55964,6.48566,8.0,7.0,19035.0,0.0,1.42088,0.00048,0.0,0.0,0.5
YIL025C,4,0.00033897021711941925,0.23228251526058952,0.0008232417870657024,0.0,1.5307781649245065,0.0,0.0,0,0.12903,-0.09355,48.55806,10.1004,7.0,20.0,10680.0,0.0,0.75835,0.00072,0.0,0.0,0.5
YIL031W,1,0.0,0.23117773837300634,0.0007920653930075726,0.0,1.0,0.0,0.0,1,0.0677,-0.71692,57.57237,6.37421,133.0,125.0,69885.0,0.0,0.59792,5e-05,0.05900181244167522,0.0,0.5
YIR017C,9,0.0005746747162084255,0.25348898155611027,0.0025175363494056757,0.08333333333333333,5.139227642276423,0.5,2.2403846153846154,0,0.03209,-0.97059,51.56791,10.09967,24.0,38.0,11000.0,0.0,0.50951,0.00047,0.0,0.0,0.5
YJL032W,1,0.0,0.23117773837300634,0.0007920653930075726,0.0,0.0,0.0,0.0,1,0.16346,0.17115,46.90288,9.99359,2.0,13.0,13700.0,0.0,1.10685,0.00081,0.08971985818844534,0.0,0.0
YJR069C,2,2.4696632880393364e-05,0.23465419179396438,0.0008094227273215312,0.0,0.0,0.5,0.0,0,0.11168,-0.33858,31.38376,5.44098,27.0,22.0,18575.0,0.0,0.84077,0.00025,0.0,0.0,0.0
YKL137W,3,0.00023249739595260907,0.23251240943085896,0.0007985087484930429,0.0,1.0,0.0,0.0,0,0.06306,-0.97207,43.93793,9.09723,16.0,22.0,10595.0,0.0,0.81457,0.0007,0.0,0.0,0.5
YLR019W,2,1.4406371178068215e-05,0.23535944733784336,0.0009711809337269459,0.0,1.6275787187839306,0.0,0.0,0,0.07053,-0.81436,46.82292,4.612,67.0,31.0,31330.0,0.0,0.69978,0.0001,0.0,0.0,0.5
YLR108C,4,0.0007793902114006974,0.2510063032183197,0.0013317853449912717,0.3333333333333333,1.9028248587570622,1.0,39.0,0,0.09897,-0.28948,31.99835,7.83087,60.0,62.0,43705.0,0.0,0.78606,0.00014,0.0,0.0,0.5
YML133C,2,2.9040080618830286e-05,0.23143077880467558,0.0008072323719740899,0.0,0.0,0.0,0.0,0,0.08879,-0.42838,38.64668,8.31512,172.0,180.0,159790.0,0.0,1.02725,5e-05,0.0,0.0,0.0
YNR010W,2,0.0,0.23153215014887385,0.0008349761772410967,1.0,1.6706652126499455,1.0,2.083333333333333,0,0.04698,-1.01477,37.49,5.94965,22.0,19.0,10095.0,0.0,0.58097,0.00034,0.0,0.0,0.5
YNR028W,7,0.0008446722915394208,0.23368165286908887,0.0008340295831354451,0.0,4.949044585987261,0.0,0.0,0,0.08117,-0.42955,43.18185,6.52203,42.0,40.0,21110.0,0.0,0.60408,0.00019,0.0,0.0,0.5
YOR162C,1,0.0,0.23117773837300634,0.0007920653930075726,0.0,0.0,0.5,0.0,0,0.1,-0.35827,49.95783,8.44806,93.0,100.0,102160.0,0.0,1.10483,9e-05,0.0,0.0,0.0
YOR289W,2,0.0001886488971468729,0.24488668000457678,0.0010516056764053058,0.0,1.6988950276243093,0.0,0.0,0,0.13944,-0.51394,49.39809,8.49664,32.0,35.0,40380.0,0.0,1.38768,0.00029,0.0,0.0,0.5
YOR377W,2,2.2267189306268746e-05,0.23560860209042966,0.0017625706323691076,0.0,1.0,0.5,0.0,0,0.1181,-0.36857,47.89676,6.50751,64.0,60.0,85520.0,0.0,1.40116,0.00011,0.0,0.0,0.5
YPL064C,1,0.0,0.23117773837300634,0.0007920653930075726,0.0,1.0,0.5,0.0,0,0.07641,-0.80631,56.19435,5.79694,56.0,53.0,35450.0,0.0,1.01212,0.00017,0.0,0.0,0.5
YPR168W,4,0.0004446837476571213,0.23638566662860036,0.001105087229896774,0.0,1.0,1.0,0.0,1,0.05732,-0.71783,48.26688,4.87555,25.0,18.0,7450.0,0.0,0.41602,0.00027,0.08971985818844534,0.08233295696528463,0.5411664784826423
YPL228W,1,0.0,0.15814148056540883,4.3887112702221066e-07,0.0,1.0,1.0,0.0,1,0.06011,-0.84098,49.27887,5.41071,87.0,73.0,39100.0,0.0,0.63218,9e-05,0.08971985818844534,0.08233295696528463,0.5411664784826423
YGL132W,2,0.0,0.00044004400440044003,2.3758850191347864e-11,0.0,1.3082191780821917,0.0,0.0,0,0.0991,0.1018,25.56847,8.8244,7.0,10.0,28335.0,0.0,2.31721,0.00072,0.0,0.0,0.5
YAL022C,1,0.0,0.0002933626696002933,1.680004841240319e-11,0.0,1.0,0.0,0.0,0,0.12186,0.26267,36.46074,4.93781,57.0,38.0,66850.0,0.0,1.14633,8e-05,0.0,0.0,0.5
YGL139W,1,0.0,0.16352293852741812,9.519522465742512e-07,0.0,0.0,0.5,0.0,0,0.13342,0.10287,39.02596,7.15802,68.0,68.0,135900.0,0.0,1.49735,8e-05,0.0,0.0,0.0
YOR010C,3,0.000429137323943662,0.196894500643434,3.114614810376246e-05,0.0,0.0,0.0,0.0,0,0.03187,0.28207,49.54104,4.0473,23.0,8.0,12950.0,0.0,0.52583,0.00016,0.0,0.0,0.0
YNL258C,7,0.0011603873956665416,0.20553626860693264,6.46863327664794e-05,0.0,1.0,0.5,0.0,1,0.09814,-0.47414,37.29074,4.86322,127.0,86.0,118105.0,0.0,1.34102,6e-05,0.05900181244167522,0.05277425862356333,0.5263871293117817
YPR105C,11,0.0004767263280820132,0.25958890057207074,0.001369522523581488,0.03636363636363636,3.3988505747126436,0.3333333333333333,6.959706959706959,1,0.08479,-0.26911,41.79351,5.75018,110.0,95.0,81290.0,0.0,0.82391,6e-05,0.05900181244167522,0.05012875095612841,0.50737436816568
YGL151W,3,7.2444836327955e-05,0.2501599142403592,0.009521277080451553,0.3333333333333333,1.0,1.0,0.0,0,0.09629,-0.1917,36.59657,5.00433,147.0,106.0,96495.0,0.0,0.74923,4e-05,0.0,0.0,0.5
YOL105C,3,2.2805972389319963e-05,0.21339842502619258,0.00016473152055569376,0.0,0.0,0.0,0.0,0,0.06115,-0.23669,47.29604,5.73724,34.0,29.0,45475.0,0.0,0.78097,0.0001,0.0,0.0,0.0
YGL154C,3,7.688179957932304e-05,0.2222124640209686,0.00012779928154231607,0.0,2.8932874354561102,0.0,0.0,0,0.12132,0.07316,27.60257,4.69403,35.0,23.0,27930.0,0.0,0.91028,0.00015,0.0,0.0,0.5
YGL254W,5,0.0004625300540095566,0.23811606454862505,0.0006319998837691096,0.0,3.653298835705045,1.0,0.0,0,0.08361,-0.84281,45.21037,7.95197,34.0,36.0,34390.0,0.0,1.01166,0.00023,0.0,0.0,0.5
YGL155W,1,0.0,0.16501612387103065,2.9382690957876675e-06,0.0,0.0,0.0,0.0,1,0.1117,-0.23032,36.53726,5.90387,46.0,38.0,47965.0,0.0,1.12359,0.00014,0.08971985818844534,0.0,0.0
YGL156W,2,0.0001032809754278142,0.20918640565515864,0.0001249221070932437,0.0,2.0,0.0,0.0,0,0.12096,-0.50009,34.69135,6.8443,135.0,132.0,213665.0,0.0,1.71622,5e-05,0.0,0.0,0.5
YNR064C,1,0.0,0.2016164389395934,5.15206861231051e-05,0.0,0.0,0.0,0.0,0,0.14138,-0.00138,31.60448,4.97101,34.0,23.0,46090.0,0.0,1.40707,0.00015,0.0,0.0,0.0
YGL158W,1,0.0,0.20387152590488053,0.00022728759423806244,0.0,1.0,0.0,0.0,0,0.10742,-0.46992,46.90025,5.27032,74.0,57.0,65790.0,0.0,1.1347,9e-05,0.0,0.0,0.5
YGL166W,8,0.005572598804393113,0.24743728439549628,0.0011817202923687148,0.0,2.1690929451287793,1.0,0.0,1,0.02222,-0.66711,51.56356,7.97333,27.0,29.0,5970.0,0.0,0.24442,0.00033,0.08971985818844534,0.08233295696528463,0.5189786604465666
YLL028W,1,0.0,0.19693117823867332,3.481977411414816e-05,0.0,1.0,0.0,0.0,0,0.12799,0.4686,38.58328,6.42499,44.0,41.0,89740.0,0.0,1.39626,0.0001,0.0,0.0,0.5
YML006C,2,4.880548005951613e-05,0.20379292483465214,4.250455761316187e-05,0.0,0.0,0.0,0.0,0,0.07623,-0.87907,43.50636,4.81561,114.0,68.0,82085.0,0.0,0.94201,6e-05,0.0,0.0,0.0
YOR220W,3,0.0003609407014011523,0.22987079747331116,0.0004971254612723938,0.0,1.8406169665809768,0.0,0.0,0,0.06038,-0.58566,54.65849,6.91046,27.0,27.0,10220.0,0.0,0.34934,0.00024,0.0,0.0,0.5
YGL171W,3,0.0004211584066070854,0.24638485056919143,0.0009974702231915328,0.0,1.5770440251572326,0.5,0.0,1,0.05851,-0.42216,44.81048,9.22931,78.0,95.0,25535.0,0.0,0.40117,0.00014,0.08971985818844534,0.07606989737809992,0.5241178737450009
YMR229C,1,0.0,0.19626395573744695,2.9059533652223584e-05,0.0,0.0,0.5,0.0,1,0.06593,-0.40619,39.78949,5.85858,272.0,247.0,112660.0,0.0,0.58333,3e-05,0.05900181244167522,0.05277425862356333,0.5
YGL213C,7,0.0007233104437712472,0.24265238941407194,0.001973268988596367,0.047619047619047616,4.395900755124056,0.3333333333333333,4.333333333333333,1,0.09824,-0.2665,35.15846,5.315,54.0,38.0,65065.0,0.0,1.47102,0.00012,0.08971985818844534,0.07069233844701739,0.5080407113791884
YPR189W,2,0.0,0.23325628497540032,0.001854657955317654,1.0,1.9341317365269461,0.5,3.082706766917293,0,0.09218,-0.2942,41.17696,5.22321,216.0,170.0,197875.0,0.0,1.20859,3e-05,0.0,0.0,0.5
YGL174W,3,1.284674740194726e-06,0.23688886842860524,0.004219986075945531,0.6666666666666666,1.9473684210526316,0.5,21.0,0,0.06767,-1.19586,41.81654,9.3111,41.0,50.0,28420.0,0.0,0.93267,0.00031,0.0,0.0,0.5
YGL177W,1,0.0,0.17168215623884667,2.339609987901159e-05,0.0,0.0,0.0,0.0,0,0.14783,-0.36609,34.75565,10.14557,8.0,23.0,13325.0,0.0,0.97412,0.00074,0.0,0.0,0.0
YLR452C,17,0.0017116215206741902,0.25124491654203746,0.0013073852977392019,0.007352941176470588,3.5824634655532357,0.0,10.0,0,0.09169,-0.39871,39.77206,8.75177,77.0,86.0,65540.0,0.0,0.82217,0.00011,0.0,0.0,0.5
YGL180W,2,9.847833535698259e-06,0.18982372807465242,1.7571241842859515e-05,0.0,1.0,0.0,0.0,1,0.08027,-0.47235,44.78953,6.18842,116.0,105.0,75190.0,0.0,0.73921,6e-05,0.05900181244167522,0.0,0.5
YML112W,4,0.00020233662498819359,0.21310805776944172,0.0003165414637634247,0.16666666666666666,2.373801916932907,0.3333333333333333,3.5,0,0.09797,-0.66689,38.73044,5.88055,43.0,36.0,41870.0,0.0,1.20286,0.00017,0.0,0.0,0.5
YIL010W,2,0.00019892740821597562,0.23488880688324348,0.0007556079922169436,0.0,1.9899856938483549,0.5,0.0,0,0.06512,-0.57674,46.38512,9.37604,29.0,37.0,6210.0,0.0,0.25747,0.00039,0.0,0.0,0.5
YIL057C,2,7.17378974587581e-05,0.21823312124266048,0.00010683420652214697,0.0,1.706060606060606,0.0,0.0,0,0.08537,-0.94817,28.32866,6.86664,30.0,29.0,13200.0,0.0,0.68647,0.00036,0.0,0.0,0.5
YIL122W,1,0.0,0.2066915875809684,3.860960263116925e-05,0.0,1.0,1.0,0.0,0,0.04274,-0.92707,71.17464,8.95319,33.0,37.0,17670.0,0.0,0.44737,0.00023,0.0,0.0,0.5
YNR068C,3,0.000174242751143717,0.22744746075296,0.0011905832067055705,0.0,1.3204577968526467,0.0,0.0,0,0.0625,-0.48162,40.28272,9.32477,32.0,42.0,20565.0,0.0,0.65874,0.0003,0.0,0.0,0.5
YOR331C,2,2.3804355897694726e-06,0.21641265047692076,7.988414041878945e-05,0.0,1.0,0.0,0.0,0,0.13514,0.79081,32.25243,8.74237,9.0,13.0,21845.0,0.0,1.06561,0.00043,0.0,0.0,0.5
YOR333C,2,0.0,0.2183119871099139,0.00014308418011686346,1.0,1.0,0.0,0.0,0,0.11594,-0.02899,58.51957,6.50848,18.0,17.0,12085.0,0.0,0.74568,0.0004,0.0,0.0,0.5
YPL013C,3,0.00027666855530363054,0.23381085869285814,0.00029852188203042,0.0,3.0,0.0,0.0,0,0.06612,-0.32975,37.35455,10.40204,11.0,24.0,15595.0,0.0,1.14343,0.00076,0.0,0.0,0.5
YPL156C,1,0.0,0.2066915875809684,3.860960263116925e-05,0.0,1.0,0.0,0.0,0,0.07042,-0.37289,48.87257,6.26105,38.0,36.0,13075.0,0.0,0.40844,0.0002,0.0,0.0,0.5
YPL188W,1,0.0,0.2066915875809684,3.860960263116925e-05,0.0,1.0,0.0,0.0,0,0.07729,-0.29903,41.03529,9.06488,40.0,47.0,35910.0,0.0,0.77649,0.0002,0.0,0.0,0.5
YGL183C,1,0.0,0.17012122099686336,3.7987377208468556e-05,0.0,0.0,1.0,0.0,0,0.09132,-0.78128,53.13384,9.45673,32.0,46.0,23420.0,0.0,0.8979,0.00036,0.0,0.0,0.0
YGL189C,4,0.0008607279985191485,0.24309877495366672,0.0015074292251919038,0.0,2.4861878453038675,0.0,0.0,1,0.04202,-0.86723,55.17479,10.76141,9.0,31.0,6460.0,0.0,0.47835,0.0008,0.08971985818844534,0.0,0.5
YLL027W,1,0.0,0.19417316513541336,4.3533234623370596e-05,0.0,1.0,0.0,0.0,0,0.072,-0.5296,45.396,10.03986,22.0,45.0,21595.0,0.0,0.78032,0.00036,0.0,0.0,0.5
YGL190C,4,1.8900180882124297e-05,0.23583197759851832,0.0025786366785966034,0.16666666666666666,3.790437436419125,0.0,0.5416666666666666,0,0.09506,-0.66958,43.19772,5.95782,69.0,60.0,55975.0,0.0,0.93821,0.0001,0.0,0.0,0.5
YGL197W,1,0.0,0.2127221283927276,0.00027214766624028677,0.0,1.0,0.0,0.0,0,0.08272,-0.61984,58.17837,7.13043,176.0,175.0,138030.0,0.0,0.82668,4e-05,0.0,0.0,0.5
YML012W,2,5.763354610019519e-06,0.21195444791333928,0.0002078282453883899,0.0,1.0,0.3333333333333333,0.0,0,0.08057,-0.25592,39.33839,5.35602,32.0,27.0,24200.0,0.0,1.0039,0.00022,0.0,0.0,0.5
YGL202W,1,0.0,0.19212645117305915,2.659975915195523e-05,0.0,1.0,0.0,0.0,0,0.11,-0.3664,36.807,5.68182,62.0,53.0,77280.0,0.0,1.37565,0.0001,0.0,0.0,0.5
YGR241C,8,0.0003198469641474518,0.2515438219213034,0.0012726582660494625,0.10714285714285714,6.442065491183879,0.0,0.0,0,0.06866,-0.65035,49.50775,6.28864,53.0,48.0,42415.0,0.0,0.65936,0.0001,0.0,0.0,0.5
YLR170C,2,1.0271935880174878e-06,0.1903192398541353,3.5671291390285515e-05,0.0,1.0,0.2,0.0,0,0.08974,-0.08013,25.39038,6.42169,21.0,20.0,17795.0,0.0,0.98033,0.00035,0.0,0.0,0.5
YHR164C,2,1.6222360737772903e-05,0.226145953811382,0.0013042287709594403,0.0,1.0,0.5,0.0,1,0.06242,-0.45414,48.16118,6.11469,211.0,199.0,97675.0,0.0,0.5689,4e-05,0.05900181244167522,0.05277425862356333,0.5263871293117817
YML069W,3,3.3748332061292637e-05,0.2011082508355463,0.0003520661730939471,0.3333333333333333,1.8364779874213837,0.5,0.0,1,0.09239,-0.7433,41.92486,4.75262,101.0,68.0,52175.0,0.0,0.82827,8e-05,0.08971985818844534,0.07606989737809992,0.5207108111012293
YMR053C,2,2.830905648257041e-05,0.21731348940433898,0.00040918187423878835,0.0,1.2435294117647058,0.0,0.0,0,0.10588,-0.57706,35.37294,6.21857,117.0,110.0,112715.0,0.0,1.15219,6e-05,0.0,0.0,0.5
YNL263C,7,0.0005920513879365703,0.24639920698747417,0.0005503183960210886,0.047619047619047616,3.540386803185438,0.25,2.0,1,0.13694,0.0379,38.51691,8.98151,18.0,23.0,44725.0,0.0,1.25995,0.00025,0.08971985818844534,0.06602488493524936,0.5093245298615173
YOR292C,3,0.0002453620450301413,0.20908297603555165,0.00017799087623174715,0.0,0.0,0.0,0.0,0,0.17476,-0.04498,39.2635,5.55585,29.0,22.0,72600.0,0.0,2.00582,0.00015,0.0,0.0,0.0
YHL022C,1,0.0,0.19388827099124403,5.7045428947212473e-05,0.0,0.0,0.5,0.0,0,0.08543,-0.24045,31.2141,9.3631,34.0,51.0,30130.0,0.0,0.66348,0.00021,0.0,0.0,0.0
YGL214W,1,0.0,0.18171557691199486,3.0010300548783186e-05,0.0,0.0,0.0,0.0,0,0.07453,-0.16708,50.98696,7.71735,12.0,13.0,10470.0,0.0,0.58376,0.00043,0.0,0.0,0.0
YGL215W,3,0.0003409892818527264,0.24391204881577155,0.0017737173149276672,0.0,2.6031746031746033,0.0,0.0,0,0.14159,-0.48916,55.22259,6.58917,27.0,25.0,68190.0,0.0,1.32228,0.00013,0.0,0.0,0.5
YBL031W,2,4.174755854967286e-05,0.22507468545449394,0.0014522272413546818,0.0,1.0,0.0,0.0,0,0.0503,-0.99793,52.37692,10.40546,27.0,53.0,12950.0,0.0,0.34066,0.00027,0.0,0.0,0.5
YGL152C,2,3.619652635958416e-06,0.2311271966724438,0.002878503341412712,0.0,0.0,0.0,0.0,0,0.0,0.0,0.0,0.0,0.0,0.0,0.0,0.0,0.0,0.0,0.0,0.0,0.0
YGL221C,2,6.7676601709901796e-06,0.23571366724186354,0.0008358683639550388,0.0,1.8631346578366446,0.0,0.0,0,0.07639,-0.18403,23.8476,7.0722,32.0,32.0,43150.0,0.0,1.35317,0.00022,0.0,0.0,0.5
YGL225W,3,0.0005573705257335978,0.2575964419053991,0.0017664360305568883,0.0,2.9723360655737703,0.25,0.0,1,0.1276,0.65519,26.84217,9.40558,13.0,24.0,50140.0,0.0,1.35447,0.00025,0.08971985818844534,0.06602488493524936,0.5111065645806279
YGL226C-A,4,4.244430378831956e-05,0.19925096312109652,0.00017623755343790793,0.0,1.0,0.5,0.0,0,0.17442,0.67209,22.38965,9.16827,3.0,6.0,7575.0,0.0,0.79594,0.00096,0.0,0.0,0.5
YJL178C,1,0.0,0.20946617744794097,0.0001804822551707037,0.0,0.0,0.0,0.0,0,0.09594,-0.34945,28.92325,5.54865,36.0,32.0,45460.0,0.0,1.50525,0.00018,0.0,0.0,0.0
YJL211C,1,0.0,0.20946617744794097,0.0001804822551707037,0.0,0.0,0.0,0.0,0,0.10884,-0.14694,53.5102,8.45575,13.0,16.0,13950.0,0.0,0.82926,0.0005,0.0,0.0,0.0
YOR062C,2,0.0,0.23583197759851832,0.0004400225385684369,1.0,1.0,0.0,3.633333333333333,0,0.1194,-0.71791,46.50302,8.2735,37.0,39.0,57215.0,0.0,1.79472,0.00026,0.0,0.0,0.5
YPR040W,10,0.0004355438488712967,0.24719139476933608,0.0027744840890385094,0.044444444444444446,5.010273972602739,0.5,10.0,1,0.07303,-0.59663,47.47728,7.69391,45.0,46.0,46910.0,0.0,1.14361,0.00019,0.08971985818844534,0.07606989737809992,0.507591390989202
YOR161C,1,0.0,0.1741999254508355,2.1956622047238888e-05,0.0,0.0,0.0,0.0,0,0.15584,0.341,41.83952,8.58575,31.0,37.0,106700.0,0.0,1.77095,0.00014,0.0,0.0,0.0
YPL179W,2,2.0858346522312078e-05,0.1999197801777152,7.232203257887179e-05,0.0,1.3696969696969696,0.0,0.0,0,0.09472,-0.50929,44.31332,9.35626,52.0,71.0,58300.0,0.0,0.94921,0.00015,0.0,0.0,0.5
YGL238W,3,0.00027198754609110144,0.24008988760114872,0.0007230135115984297,0.0,2.3651266766020864,0.5,0.0,1,0.09792,0.05177,40.91177,5.09149,112.0,84.0,78980.0,0.0,0.72224,5e-05,0.05900181244167522,0.05277425862356333,0.5111567509566513
YGL242C,3,1.3003995789471882e-05,0.24575482014988273,0.01390646464329793,0.3333333333333333,1.0,0.0,2.023809523809524,0,0.03315,-0.81326,33.19613,4.01031,47.0,14.0,10220.0,0.0,0.50913,0.0002,0.0,0.0,0.5
YKR099W,6,0.0004133123909983326,0.24694599336130765,0.0034380573587638663,0.0,3.863368669022379,1.0,0.0,0,0.04932,-0.91245,45.52282,8.10687,96.0,98.0,76235.0,0.0,0.85081,9e-05,0.0,0.0,0.5
YHL020C,2,0.00025894668424953705,0.2310135586079777,0.001718130239954336,0.0,1.8229813664596273,1.0,0.0,0,0.04703,-0.9797,71.03715,5.0274,69.0,51.0,23420.0,0.0,0.50842,0.00011,0.0,0.0,0.5
YHR215W,3,0.00011601007846455687,0.22675227574234716,0.00041266903119040817,0.0,2.1922626025791323,0.0,0.0,0,0.13062,-0.38672,27.82743,4.98785,57.0,40.0,81345.0,0.0,1.54358,9e-05,0.0,0.0,0.5
YJR020W,2,3.069957857836175e-05,0.21887697672458756,0.00010218461359375065,0.0,0.0,0.0,0.0,0,0.11818,0.26273,47.81182,8.24554,9.0,11.0,21720.0,0.0,1.76854,0.00067,0.0,0.0,0.0
YGR003W,1,0.0,0.1635545616058415,1.2902598188296214e-06,0.0,0.0,0.0,0.0,0,0.09812,-0.20228,48.51599,5.8808,100.0,89.0,98890.0,0.0,1.14836,7e-05,0.0,0.0,0.0
YLR297W,3,0.0050817505755806,0.19694034977268218,3.0132759632229612e-05,0.0,1.0,0.0,0.0,0,0.04651,0.13178,35.70543,4.58807,19.0,10.0,125.0,0.0,0.00896,0.00033,0.0,0.0,0.5
YMR183C,3,3.220911673982268e-05,0.20931065635395893,0.00010798973798603178,0.0,1.6916666666666667,0.0,0.0,0,0.05424,-0.70373,42.91492,4.8006,51.0,34.0,13785.0,0.0,0.40865,0.00014,0.0,0.0,0.5
YGR010W,6,0.00010866851779229954,0.23723440057890782,0.0007634113576040684,0.13333333333333333,2.19072708113804,1.0,4.5,0,0.07595,-0.40456,55.82532,5.57635,53.0,41.0,40840.0,0.0,0.9094,0.00012,0.0,0.0,0.5
YLR438W,4,2.191777990549018e-05,0.2121564915873486,9.351886616009328e-05,0.16666666666666666,1.978082191780822,0.0,2.0,0,0.07547,0.01038,38.14481,6.46344,44.0,39.0,39390.0,0.0,0.85472,0.00014,0.0,0.0,0.5
YGR013W,2,1.0425625702706862e-05,0.18573826987829015,1.3047199087426619e-05,0.0,0.0,0.5,0.0,1,0.06935,-0.92871,48.53727,4.87299,128.0,85.0,40840.0,0.0,0.57214,7e-05,0.08971985818844534,0.07606989737809992,0.5
YIL009W,3,4.9123029874336265e-05,0.196876166968622,9.153160630795956e-05,0.0,0.0,0.0,0.0,0,0.0951,-0.16095,33.63892,9.09637,78.0,95.0,101980.0,0.0,1.30835,0.00012,0.0,0.0,0.0
YGR016W,1,0.0,0.18839451084019568,4.275726076898632e-05,0.0,0.0,0.0,0.0,0,0.10526,0.20947,53.78895,8.98676,20.0,25.0,30410.0,0.0,1.36822,0.0004,0.0,0.0,0.0
YGR017W,2,5.494016123050802e-06,0.17937235165722298,9.801846767636347e-06,0.0,1.0,0.0,0.0,0,0.11111,-0.95017,44.93875,4.53046,61.0,34.0,42940.0,0.0,1.23823,0.00013,0.0,0.0,0.5
YLR403W,2,0.0019325893984140849,0.19970263000326005,0.00024663715207652966,0.0,1.597799511002445,0.3333333333333333,0.0,1,0.04539,-0.8798,45.38873,6.19696,61.0,47.0,40185.0,0.0,0.53734,8e-05,0.08971985818844534,0.07069233844701739,0.5221217799730911
YGR023W,1,0.0,0.1840967866921651,7.788340089004481e-06,0.0,0.0,0.0,0.0,0,0.07441,-0.29437,71.14392,4.48761,43.0,22.0,44155.0,0.0,0.76755,8e-05,0.0,0.0,0.0
YLR460C,2,0.000214568661971831,0.22750864530688286,0.0002530277367679008,0.0,1.0,0.0,0.0,0,0.07447,-0.07234,33.02314,6.72162,43.0,42.0,37860.0,0.0,0.92057,0.00016,0.0,0.0,0.5
YGR024C,5,0.0006487889983680039,0.23526778626455058,0.0006433445555975001,0.0,1.8181818181818181,0.0,0.0,1,0.1519,-0.30717,36.58907,8.39325,27.0,30.0,36620.0,0.0,1.31933,0.0003,0.08971985818844534,0.0,0.5
YKL090W,2,1.0427680029750593e-05,0.1903535084546042,2.14748547511213e-05,0.0,0.0,0.0,0.0,0,0.08126,-0.63386,43.27384,6.68988,64.0,62.0,45755.0,0.0,0.8994,0.00013,0.0,0.0,0.0
YPL110C,1,0.0,0.1891444822793323,1.8944858675095522e-05,0.0,0.0,0.0,0.0,0,0.07604,-0.32911,36.7579,6.31378,155.0,142.0,122420.0,0.0,0.88702,5e-05,0.0,0.0,0.0
YGR026W,1,0.0,0.2077272284874506,5.018407843305064e-05,0.0,0.0,0.0,0.0,0,0.16187,0.03273,43.35079,9.89655,18.0,42.0,81945.0,0.0,2.46419,0.0003,0.0,0.0,0.0
YGR032W,2,1.1799736398116117e-05,0.22902421957967029,0.001090431968568113,0.0,1.5430463576158941,0.0,0.0,0,0.13456,-0.14433,38.71396,6.58807,193.0,184.0,359480.0,0.0,1.65669,3e-05,0.0,0.0,0.5
YJL034W,4,0.00023120798940761154,0.2450427762831913,0.0010789603142133902,0.0,3.91422805247225,1.0,0.0,1,0.06452,-0.31833,26.89663,4.78778,114.0,80.0,32445.0,0.0,0.4357,6e-05,0.08971985818844534,0.08233295696528463,0.5105171384831911
YGR035C,4,0.000429137323943662,0.23816970939560866,0.0003610277728083797,0.16666666666666666,2.053291536050157,0.0,2.033333333333333,0,0.02586,-0.93276,64.25345,10.33026,11.0,20.0,1615.0,0.0,0.12512,0.0008,0.0,0.0,0.5
YOR031W,1,0.0,0.19101559266053988,1.1639161923717854e-05,0.0,1.0,0.0,0.0,0,0.0,-0.60435,59.45797,6.6546,10.0,10.0,2375.0,0.0,0.32439,0.00091,0.0,0.0,0.5
YOR118W,1,0.0,0.19101559266053988,1.1639161923717854e-05,0.0,0.0,0.0,0.0,0,0.08642,-0.3552,38.73353,5.88348,70.0,61.0,57590.0,0.0,0.89573,9e-05,0.0,0.0,0.0
YGR041W,1,0.0,0.00022002200220022002,4.36630699855352e-12,0.0,0.0,0.0,0.0,0,0.07861,-0.57276,35.3108,6.26154,63.0,58.0,37860.0,0.0,0.62321,0.0001,0.0,0.0,0.0
YPL251W,1,0.0,0.00022002200220022002,4.36630699855352e-12,0.0,0.0,0.0,0.0,1,0.15,0.186,49.837,9.91193,8.0,14.0,19730.0,0.0,1.73847,0.00087,0.08971985818844534,0.0,0.0
YGR045C,1,0.0,0.1800520816792571,5.736809545266949e-06,0.0,0.0,0.0,0.0,0,0.14167,0.30917,58.94175,9.41595,7.0,14.0,9440.0,0.0,0.69184,0.00069,0.0,0.0,0.0
YOR271C,2,0.005036311619718309,0.2213633036862813,0.00018081677590971157,0.0,1.0,0.0,0.0,1,0.06116,0.04037,29.65688,9.83466,23.0,36.0,29700.0,0.0,0.83866,0.00028,0.08971985818844534,0.0,0.5
YGR046W,1,0.0,0.19669301782962145,0.0001544860939912226,0.0,1.0,0.0,0.0,1,0.12468,-0.46831,31.44891,9.61871,34.0,54.0,49530.0,0.0,1.12061,0.00022,0.08971985818844534,0.0,0.5
YHR039C-A,4,0.00019501389647559345,0.2532157598993432,0.004777954957083751,0.16666666666666666,2.7290470723306544,0.0,2.0404040404040407,0,0.02632,-0.76228,28.92105,8.96136,21.0,24.0,2980.0,0.0,0.23441,0.0007,0.0,0.0,0.5
YPL222W,3,3.290622399393721e-05,0.20317605296300542,7.793473868265415e-05,0.0,1.9965556831228473,0.0,0.0,0,0.11192,-0.34738,34.24666,5.25812,94.0,75.0,87415.0,0.0,1.11624,7e-05,0.0,0.0,0.5
YGR278W,1,0.0,0.1951769219200144,2.913126573141997e-05,0.0,0.0,0.5,0.0,1,0.07799,-0.44801,51.70279,6.409,83.0,79.0,49235.0,0.0,0.73165,0.0001,0.08971985818844534,0.07606989737809992,0.5
YGR052W,2,2.912837865403122e-06,0.19380829507855687,4.260655671074567e-05,0.0,0.0,0.0,0.0,0,0.13279,-0.42846,38.8155,6.15424,45.0,41.0,71165.0,0.0,1.66187,0.00014,0.0,0.0,0.0
YJL086C,3,0.000173854731631248,0.23400493554972232,0.0008660557209815557,0.0,0.0,0.0,0.0,1,0.14754,0.2541,34.03197,10.01398,6.0,15.0,13200.0,0.0,0.93263,0.00071,0.08971985818844534,0.0,0.0
YPL060W,2,8.750693616969859e-05,0.22245795098737609,0.0006036677390328887,0.0,0.0,0.0,0.0,0,0.06538,-0.12203,42.95012,8.83185,51.0,56.0,23755.0,0.0,0.50454,0.00019,0.0,0.0,0.0
YGR054W,4,0.00012786467417922874,0.2451848547758469,0.020425813895637978,0.5,2.351937984496124,0.0,11.5,0,0.09502,-0.47383,47.07601,9.039,66.0,79.0,85465.0,0.0,1.1986,0.00013,0.0,0.0,0.5
YGR056W,3,0.00011640927757471982,0.2029225581994833,0.00010635905314072313,0.0,1.0,1.0,0.0,0,0.09159,-0.70054,50.55357,6.09821,123.0,113.0,98765.0,0.0,0.92591,6e-05,0.0,0.0,0.5
YOR100C,2,1.940647462214364e-06,0.1728470545807902,8.57664625344434e-06,0.0,0.0,0.0,0.0,0,0.08257,0.0318,34.46792,9.83051,19.0,36.0,21805.0,0.0,0.62741,0.00028,0.0,0.0,0.0
YOR097C,4,0.0002868789930192612,0.24867410704610596,0.0010708340267895134,0.0,1.0,0.0,0.0,0,0.09143,-0.11257,31.184,9.35822,16.0,23.0,20315.0,0.0,1.04714,0.00048,0.0,0.0,0.5
YGR061C,1,0.0,0.22463230758666838,0.0012347503629282907,0.0,1.0,0.0,0.0,0,0.07585,-0.2204,38.10022,5.1452,165.0,123.0,142440.0,0.0,0.95659,3e-05,0.0,0.0,0.5
YGR065C,1,0.0,0.21735816963860355,0.00010702617311959756,0.0,1.0,0.0,0.0,1,0.17369,-0.04553,40.27405,9.02191,51.0,66.0,184745.0,0.0,2.67429,0.00013,0.05900181244167522,0.0,0.5
YJL199C,11,0.0079585321072859,0.2805668252600207,0.0036732722495319663,0.03636363636363636,9.887295081967213,0.0,4.533333333333333,0,0.12963,-0.325,51.49074,6.72235,13.0,13.0,24535.0,0.0,1.95935,0.00054,0.0,0.0,0.5
YGR066C,3,7.353319251733789e-05,0.2445185145321517,0.0014116519953145839,0.0,1.551440329218107,0.0,0.0,0,0.14041,-0.58459,41.82195,5.16522,43.0,29.0,54040.0,0.0,1.58719,0.00015,0.0,0.0,0.5
YLR371W,9,0.000327423909533897,0.25458778990481834,0.006621689925250512,0.25,5.9600420609884335,0.0,7.000000000000001,1,0.08333,-0.55605,48.91911,9.2641,135.0,168.0,108915.0,0.0,0.71376,6e-05,0.05900181244167522,0.0,0.5
YPL128C,2,2.063923638615901e-05,0.1949429831421276,8.937249147775159e-05,0.0,0.0,0.5,0.0,1,0.07651,-0.47847,42.45125,6.16705,62.0,57.0,51630.0,0.0,0.82183,0.0001,0.08971985818844534,0.07606989737809992,0.5
YIL008W,10,0.0036552008563549496,0.27698324427320575,0.025983872530448877,0.2222222222222222,4.76890756302521,0.5,15.504761904761905,0,0.06061,-0.1,31.33232,4.28802,20.0,8.0,6990.0,0.0,0.63382,0.00039,0.0,0.0,0.5
YGR073C,2,0.00013277052589238996,0.22116648484932178,0.0003934269383665955,0.0,0.0,0.0,0.0,1,0.17073,0.92195,33.95772,9.34467,3.0,11.0,9815.0,0.0,0.69778,0.00066,0.08971985818844534,0.0,0.0
YML119W,2,3.685073863617954e-06,0.18652477571871695,1.9859500282578785e-05,0.0,0.0,0.0,0.0,0,0.07283,-0.75994,58.67146,9.60016,31.0,45.0,13785.0,0.0,0.34411,0.00024,0.0,0.0,0.0
YKL183W,3,0.00041254767024165453,0.22916074298591188,0.0007442333562656579,0.0,2.1225806451612903,0.5,0.0,0,0.0915,-0.51471,41.25265,4.48273,47.0,23.0,27110.0,0.0,0.78979,0.00013,0.0,0.0,0.5
YKL188C,2,0.000214568661971831,0.19214391086509597,2.662801115377462e-05,0.0,1.0,0.0,0.0,0,0.07855,-0.35346,43.45597,9.00861,100.0,115.0,75635.0,0.0,0.77874,9e-05,0.0,0.0,0.5
YLR440C,3,5.9408981151775715e-05,0.20236902710179133,3.775051371818746e-05,0.0,1.0,0.5,0.0,1,0.10296,-0.26883,42.90255,4.81525,116.0,73.0,94280.0,0.0,1.14424,6e-05,0.05900181244167522,0.05277425862356333,0.5263871293117817
YDL170W,2,0.0,0.24365907175563423,0.013367803424173895,1.0,0.0,0.0,2.083333333333333,0,0.0,0.0,0.0,0.0,0.0,0.0,0.0,0.0,0.0,0.0,0.0,0.0,0.0
YDR144C,4,0.00024698084144285544,0.2546951268035314,0.02123466408790132,0.5,0.0,0.0,2.023809523809524,0,0.10067,-0.15906,30.38862,4.56171,62.0,35.0,62855.0,0.0,0.97801,7e-05,0.0,0.0,0.0
YEL039C,1,0.0,0.23994003576481118,0.006813065952287921,0.0,0.0,0.0,0.0,0,0.0885,-0.90177,34.45575,9.61151,11.0,20.0,13200.0,0.0,1.05329,0.00077,0.0,0.0,0.0
YEL052W,1,0.0,0.23994003576481118,0.006813065952287921,0.0,0.0,0.0,0.0,0,0.0,0.0,0.0,0.0,0.0,0.0,0.0,0.0,0.0,0.0,0.0,0.0,0.0
YGR112W,3,4.658496556547923e-07,0.24923104793534695,0.01503870617533757,0.3333333333333333,0.0,0.0,2.023809523809524,0,0.0,0.0,0.0,0.0,0.0,0.0,0.0,0.0,0.0,0.0,0.0,0.0,0.0
YHR114W,110,0.04170636086934407,0.3017915494090089,0.02678601134689544,0.004003336113427856,70.4136546184739,0.0,33.43333333333333,0,0.07267,-0.81785,38.45311,5.69525,95.0,85.0,75790.0,0.0,1.06491,8e-05,0.0,0.0,0.5
YMR172W,3,2.093249511183647e-05,0.2468883226482387,0.014074817231313368,0.3333333333333333,0.0,1.0,0.0,0,0.04312,-0.80181,48.29332,7.76752,76.0,77.0,36120.0,0.0,0.45483,0.0001,0.0,0.0,0.0
YNL166C,5,0.00023668618535612737,0.24685949739165394,0.02052301795906779,0.3,1.0,0.0,4.6000000000000005,0,0.04241,-0.98147,48.14286,4.78973,83.0,55.0,21805.0,0.0,0.43879,0.0001,0.0,0.0,0.5
YOR313C,1,0.0,0.23994003576481118,0.006813065952287921,0.0,0.0,0.0,0.0,0,0.08284,-0.58491,35.28698,9.56793,37.0,51.0,30495.0,0.0,0.79022,0.00025,0.0,0.0,0.0
YPL165C,3,0.0,0.2473793840130474,0.02036214965416039,1.0,0.0,0.0,3.619047619047619,0,0.0,0.0,0.0,0.0,0.0,0.0,0.0,0.0,0.0,0.0,0.0,0.0,0.0
YGR079W,3,0.0002635391192775735,0.20418653743694024,2.98394962133306e-05,0.0,2.1419753086419755,0.0,0.0,0,0.07838,-0.58162,47.44676,5.39301,51.0,42.0,23795.0,0.0,0.58212,0.00013,0.0,0.0,0.5
YNL081C,1,0.0,0.16852122864221225,1.0522748528294965e-06,0.0,1.0,0.0,0.0,0,0.06993,-0.31469,45.40713,10.42816,8.0,25.0,15720.0,0.0,0.97708,0.00065,0.0,0.0,0.5
YGR082W,7,0.0009799866449984348,0.2461697048736193,0.001083207999481281,0.23809523809523808,1.0,0.0,6.433333333333333,1,0.0765,-0.33115,47.84377,5.60736,24.0,22.0,11920.0,0.0,0.5867,0.00028,0.08971985818844534,0.0,0.5
YMR203W,8,8.330719124128692e-05,0.2172911561748642,0.00019941997825975426,0.25,0.0,0.0,15.999999999999998,1,0.09044,-0.19587,35.04832,5.34003,35.0,29.0,33390.0,0.0,0.79428,0.00013,0.08971985818844534,0.0,0.0
YNL070W,9,0.002821280430065797,0.23410857500520577,0.0004742151552261791,0.19444444444444445,0.0,0.0,9.266666666666666,0,0.13333,0.21167,56.34667,8.24811,3.0,4.0,13980.0,0.0,2.03497,0.0012,0.0,0.0,0.0
YNL121C,6,0.0004430212676413074,0.23889628779837477,0.001643512488861457,0.2,1.4568273092369477,0.0,5.233333333333333,0,0.09724,-0.67147,41.24718,5.24017,101.0,88.0,46105.0,0.0,0.65749,7e-05,0.0,0.0,0.5
YNL131W,4,0.0003381329595599056,0.2349540610245045,0.0007706988412268195,0.5,0.0,0.0,5.4,1,0.06579,-0.33092,41.5625,3.97443,31.0,11.0,5500.0,0.0,0.32757,0.00024,0.08971985818844534,0.0,0.0
YGR251W,1,0.0,0.17671137443873933,7.925423418451355e-06,0.0,1.0,0.5,0.0,1,0.05102,-1.19643,49.16633,9.67889,32.0,45.0,8480.0,0.0,0.37993,0.00043,0.08971985818844534,0.07606989737809992,0.53803494868905
YGR089W,10,0.005080631337448589,0.24876187954109255,0.015732563167371805,0.13333333333333333,4.459487179487179,0.5,2.05,0,0.09722,-0.42479,34.74615,8.74481,101.0,111.0,49500.0,0.0,0.46494,8e-05,0.0,0.0,0.5
YHL010C,1,0.0,0.19776930082868918,0.00043694742374875996,0.0,1.0,0.0,0.0,0,0.08034,-0.71709,35.18619,6.11786,90.0,82.0,58840.0,0.0,0.87167,9e-05,0.0,0.0,0.5
YLR086W,4,1.6705240637475004e-05,0.22168824064582082,0.0017781574323846034,0.3333333333333333,3.1887179487179487,0.3333333333333333,1.0,1,0.05007,-0.74069,46.77765,5.91974,243.0,225.0,56825.0,0.0,0.35037,4e-05,0.05900181244167522,0.05012875095612841,0.5078603300389555
YKL116C,2,0.000214568661971831,0.18198146018500805,6.630908889289933e-06,0.0,1.0,0.0,0.0,0,0.08108,-0.42761,49.13282,5.67548,68.0,60.0,66445.0,0.0,1.12704,0.0001,0.0,0.0,0.5
YGR101W,2,0.000214568661971831,0.15531856278259867,2.5957829847905665e-07,0.0,1.0,0.0,0.0,0,0.15318,0.20491,51.63295,10.28839,9.0,33.0,83225.0,0.0,2.14415,0.00027,0.0,0.0,0.5
YJL213W,1,0.0,0.13378161885282772,1.0785682248422972e-08,0.0,0.0,0.0,0.0,0,0.07251,-0.09456,26.37764,6.60614,38.0,37.0,17515.0,0.0,0.48782,0.00018,0.0,0.0,0.0
YER002W,2,0.0,0.18045931764259943,1.0720312458423642e-05,1.0,1.99645390070922,0.5,2.6666666666666665,0,0.05628,-1.24242,58.05541,9.25714,45.0,52.0,26930.0,0.0,1.00108,0.00034,0.0,0.0,0.5
YFR001W,1,0.0,0.17860716296329754,6.632736632221885e-06,0.0,1.0,0.5,0.0,0,0.02941,-1.27255,51.85294,10.31281,30.0,61.0,4470.0,0.0,0.18949,0.00044,0.0,0.0,0.5
YGL111W,2,0.0,0.18045931764259943,1.0720312458423642e-05,1.0,1.9979695431472082,0.5,2.6666666666666665,1,0.07559,-0.37106,34.67905,7.63287,67.0,68.0,44265.0,0.0,0.85279,0.00015,0.08971985818844534,0.07606989737809992,0.5190368010460946
YHR088W,2,0.0,0.18045931764259943,1.0720312458423642e-05,1.0,1.993485342019544,0.5,1.3333333333333333,1,0.09153,-0.82814,47.20142,9.47455,44.0,55.0,17545.0,0.0,0.49956,0.00027,0.08971985818844534,0.07606989737809992,0.519079622953494
YKL172W,2,0.0,0.18045931764259943,1.0720312458423642e-05,1.0,2.0,0.5,0.0,1,0.04215,-1.48876,63.22485,6.05035,104.0,97.0,12950.0,0.0,0.26039,0.00012,0.05900181244167522,0.05277425862356333,0.5131935646558908
YLL008W,2,0.0,0.18045931764259943,1.0720312458423642e-05,1.0,1.993485342019544,0.5,1.3333333333333333,1,0.04787,-0.74122,48.9298,5.58612,141.0,128.0,30035.0,0.0,0.35401,7e-05,0.05900181244167522,0.05277425862356333,0.5132366808802565
YLR009W,3,0.0011134707936977931,0.25577349484782147,0.0017089984354529783,0.0,2.9584699453551915,0.5,0.0,1,0.07538,-1.14774,71.0297,9.61456,36.0,49.0,12085.0,0.0,0.50406,0.0004,0.08971985818844534,0.07606989737809992,0.5128562903769784
YNL110C,2,0.00029866747359661214,0.22891263954522992,0.0007236311262179962,0.0,1.9989837398373984,0.3333333333333333,0.0,1,0.06364,-1.08045,46.75636,9.26495,38.0,46.0,15930.0,0.0,0.62601,0.00036,0.08971985818844534,0.07069233844701739,0.5176820694031177
YOL077C,2,0.0,0.18045931764259943,1.0720312458423642e-05,1.0,2.0,0.5,1.1428571428571428,1,0.08591,-0.63608,44.72924,9.31158,36.0,45.0,26150.0,0.0,0.77988,0.00028,0.08971985818844534,0.07606989737809992,0.5190174743445249
YOR272W,2,0.0,0.18045931764259943,1.0720312458423642e-05,1.0,1.993485342019544,0.5,0.0,1,0.06739,-0.47152,38.23239,6.47467,59.0,56.0,59860.0,0.0,1.16554,0.00013,0.08971985818844534,0.07606989737809992,0.519079622953494
YFR018C,1,0.0,0.19993868512146723,0.00019188284961872264,0.0,0.0,0.0,0.0,0,0.10193,-0.20551,41.10964,5.1181,49.0,29.0,59735.0,0.0,1.45586,0.00012,0.0,0.0,0.0
YJL064W,4,0.00034020997515300154,0.2279870169462493,0.003127541192725669,0.0,0.0,0.0,0.0,0,0.0916,0.51527,43.30534,6.50446,8.0,8.0,17095.0,0.0,1.23396,0.00047,0.0,0.0,0.0
YLR329W,2,4.0020549942935205e-05,0.20735035747371933,0.0003260084553602265,0.0,1.0,1.0,0.0,0,0.10985,-0.03523,44.80534,5.86627,26.0,23.0,33265.0,0.0,1.10016,0.00019,0.0,0.0,0.5
YPR045C,5,0.0002714641428643426,0.24262454474261475,0.003982582704493662,0.0,3.2587412587412588,1.0,0.0,0,0.08936,-0.58447,39.12085,9.0965,46.0,58.0,40310.0,0.0,0.75039,0.00017,0.0,0.0,0.5
YGR115C,1,0.0,0.16971838137417852,3.7736454311987448e-06,0.0,0.0,0.0,0.0,1,0.08108,0.17606,85.71085,6.30292,18.0,18.0,16345.0,0.0,0.60012,0.00023,0.08971985818844534,0.0,0.0
YKL180W,1,0.0,0.17734873302797485,3.75165236843086e-05,0.0,0.0,0.0,0.0,1,0.07065,-0.70163,42.79728,10.9212,13.0,36.0,19940.0,0.0,0.97035,0.00053,0.08971985818844534,0.0,0.0
YPR083W,2,0.0,0.23292223576530058,0.0025034239049240834,1.0,0.0,0.0,3.333333333333333,0,0.05009,-0.60121,60.30002,5.27045,80.0,60.0,45670.0,0.0,0.70307,8e-05,0.0,0.0,0.0
YOR353C,3,0.0001056636007887292,0.2197642235900131,0.00022741420943175962,0.0,2.5737265415549597,0.0,0.0,1,0.05057,-0.34387,41.44869,7.03607,79.0,78.0,48455.0,0.0,0.55488,8e-05,0.08971985818844534,0.0,0.5
YGR121C,2,0.0,0.2029225581994833,4.8826744753524425e-05,1.0,1.0,0.0,0.0,0,0.13415,0.21728,38.27419,5.34979,43.0,33.0,126250.0,0.0,2.32927,0.0001,0.0,0.0,0.5
YGR122W,2,3.2802450759321465e-05,0.23121565915681733,0.00032303101513511326,0.0,0.0,0.0,0.0,0,0.08955,-0.18433,38.11846,8.4455,40.0,44.0,42830.0,0.0,0.94538,0.00019,0.0,0.0,0.0
YGL138C,1,0.0,0.1791216193798302,1.5565589365947258e-05,0.0,1.0,0.0,0.0,0,0.13913,-0.59826,38.59362,9.36871,34.0,48.0,51965.0,0.0,1.27224,0.00023,0.0,0.0,0.5
YMR021C,5,0.0005341771732996354,0.25874705931096076,0.01415627852635295,0.1,1.9112814895947425,1.0,1.4,0,0.07194,-0.52182,55.36118,6.69696,49.0,47.0,33775.0,0.0,0.72609,0.00014,0.0,0.0,0.5
YGR141W,2,0.00021454101493382404,0.17324360646970513,6.747488893865921e-06,0.0,0.0,0.0,0.0,0,0.14989,-0.53041,36.56473,8.2691,58.0,61.0,150645.0,0.0,2.76339,0.00015,0.0,0.0,0.0
YMR265C,1,0.0,0.1468707693220003,2.1425975001737485e-07,0.0,0.0,0.0,0.0,0,0.1128,-0.50672,48.8751,9.12616,58.0,71.0,72070.0,0.0,1.33203,0.00017,0.0,0.0,0.0
YGR142W,2,1.1533838693003174e-05,0.19694034977268218,2.8054426547093337e-05,0.0,1.0,0.0,0.0,0,0.07317,-0.97098,61.5861,5.08978,84.0,65.0,26985.0,0.0,0.57212,0.00011,0.0,0.0,0.5
YNL141W,4,6.291421695542357e-05,0.20975710269439643,0.00016653142940621564,0.0,0.0,0.5,0.0,0,0.10375,-0.33602,47.20089,5.20526,55.0,38.0,40755.0,0.0,1.02827,0.00013,0.0,0.0,0.0
YGR143W,6,3.432337678018033e-05,0.21704579327203366,0.0007058649116776532,0.0,1.0,0.0,0.0,0,0.12322,-0.63632,54.75009,4.67902,93.0,52.0,144800.0,0.0,1.67903,5e-05,0.0,0.0,0.5
YGR144W,6,0.000816732892848361,0.2645088628460019,0.0022907613455381334,0.06666666666666667,3.77577045696068,0.3333333333333333,1.4285714285714286,0,0.07055,0.02515,23.66626,5.81757,35.0,27.0,27680.0,0.0,0.79107,0.00017,0.0,0.0,0.5
YGR145W,2,1.9522479165203936e-06,0.19566459329627206,6.695321538744294e-05,0.0,1.0,0.5,0.0,1,0.08628,-0.96747,44.31188,6.19391,124.0,118.0,72365.0,0.0,0.88538,8e-05,0.05900181244167522,0.05277425862356333,0.5263871293117817
YGR149W,2,0.000214568661971831,0.1959819803642319,2.19745270442161e-05,0.0,1.0,0.0,0.0,0,0.18056,-0.12731,42.17924,8.69879,42.0,48.0,93585.0,0.0,1.81205,0.00017,0.0,0.0,0.5
YGR151C,3,0.0004882921343174247,0.23631961497256243,0.001015488195599295,0.0,0.0,0.5,0.0,0,0.04505,-0.47387,47.20369,11.75421,3.0,22.0,8480.0,0.0,0.64696,0.0009,0.0,0.0,0.0
YDR413C,2,0.000214568661971831,0.18984077173149413,2.948839227445398e-05,0.0,0.0,0.0,0.0,1,0.17277,0.80681,43.70366,9.22552,4.0,13.0,19700.0,0.0,0.92372,0.00043,0.08971985818844534,0.0,0.0
YGR153W,2,2.591323548360923e-06,0.2394916005164542,0.0022881683100690812,0.0,1.493730407523511,0.0,0.0,0,0.09677,-0.83134,54.74664,5.31854,39.0,31.0,22430.0,0.0,0.89118,0.00021,0.0,0.0,0.5
YNL053W,1,0.0,0.17314429801085174,1.1714763164926883e-05,0.0,1.0,0.0,0.0,0,0.0593,-0.44847,46.54397,6.71539,54.0,52.0,30870.0,0.0,0.56938,0.00012,0.0,0.0,0.5
YGR165W,3,0.0002168839848385236,0.2055063026835317,4.292099839006456e-05,0.0,2.373205741626794,0.0,0.0,0,0.09855,-0.72,44.68293,9.88361,32.0,54.0,34965.0,0.0,0.88352,0.00025,0.0,0.0,0.5
YPL265W,1,0.0,0.16941919833008942,1.7163719998460239e-06,0.0,1.0,0.0,0.0,0,0.14967,0.29046,34.54347,9.02899,48.0,61.0,100255.0,0.0,1.47225,0.00013,0.0,0.0,0.5
YGL219C,1,0.0,0.2189449720575247,0.0004485312297858526,0.0,0.0,0.0,0.0,0,0.0,0.0,0.0,0.0,0.0,0.0,0.0,0.0,0.0,0.0,0.0,0.0,0.0
YKL139W,5,0.005117759099357237,0.24202742618584203,0.0021615273514764594,0.1,3.402030456852792,0.3333333333333333,2.2666666666666666,1,0.08902,-0.86326,43.07746,9.50189,51.0,74.0,61490.0,0.0,1.01636,0.00016,0.08971985818844534,0.07069233844701739,0.5103897274500615
YGR168C,1,0.0,0.17808815288772506,3.931814793063671e-05,0.0,0.0,0.0,0.0,0,0.1383,0.13165,41.21652,10.30719,18.0,58.0,62380.0,0.0,1.40811,0.00023,0.0,0.0,0.0
YDR515W,2,2.094171946256136e-05,0.23770113492518447,0.0008247122029626689,0.0,1.0,0.0,0.0,0,0.09396,-1.14049,47.41145,9.27448,47.0,58.0,54780.0,0.0,1.07533,0.00018,0.0,0.0,0.5
YIL162W,2,0.00010633159083755788,0.2140031978906393,0.0001517057101130496,0.0,1.8555917480998914,0.0,0.0,0,0.16165,-0.43759,26.60491,4.61298,62.0,39.0,134440.0,0.0,2.21707,8e-05,0.0,0.0,0.5
YMR319C,1,0.0,0.1650934329007196,1.411677640392343e-06,0.0,1.0,0.0,0.0,0,0.11413,-0.02047,35.41504,5.31927,67.0,53.0,117435.0,0.0,1.87025,8e-05,0.0,0.0,0.5
YGR177C,1,0.0,0.20881453707565217,6.559008185363968e-05,0.0,0.0,0.5,0.0,0,0.13271,-0.37028,38.86338,5.57062,71.0,56.0,72170.0,0.0,1.16596,9e-05,0.0,0.0,0.0
YHR121W,2,9.403209403621277e-06,0.2218510671170994,0.000993210018357009,0.0,1.940628637951106,0.5,0.0,0,0.07487,-0.44171,26.18075,9.40521,23.0,30.0,15595.0,0.0,0.7317,0.00044,0.0,0.0,0.5
YJL035C,2,7.406578882438514e-05,0.20439379333554217,4.480665890048753e-05,0.0,0.0,0.0,0.0,1,0.088,-0.2968,27.21764,6.70465,31.0,30.0,23795.0,0.0,0.84224,0.00024,0.08971985818844534,0.0,0.0
YJL026W,2,6.011290199999389e-05,0.18169996091260396,1.122298022573422e-05,0.0,1.9842424242424241,0.3333333333333333,0.0,1,0.11779,-0.40802,36.47947,5.14508,68.0,50.0,49640.0,0.0,1.0757,0.00011,0.08971985818844534,0.07069233844701739,0.5178134328707359
YGR185C,1,0.0,0.18820166408469588,9.3944004978711e-06,0.0,1.0,0.5,0.0,1,0.08629,-0.31244,30.76574,8.56757,48.0,52.0,25370.0,0.0,0.57634,0.00019,0.08971985818844534,0.07606989737809992,0.53803494868905
YGR191W,5,7.649143493220974e-05,0.21383005614477307,0.00014717275981844538,0.2,1.7518573551263001,0.0,0.0,1,0.10945,0.29851,34.02489,7.06793,50.0,50.0,94975.0,0.0,1.43889,0.00011,0.08971985818844534,0.0,0.5
YLR283W,2,9.036055005784412e-05,0.24430661449644878,0.0009901991077962543,0.0,1.0,0.0,0.0,0,0.05732,-0.54363,50.50197,7.59784,43.0,44.0,13825.0,0.0,0.378,0.00021,0.0,0.0,0.5
YGR193C,1,0.0,0.19148266574529216,4.753780860795084e-05,0.0,1.0,0.0,0.0,0,0.06829,-0.41049,31.57463,5.5484,59.0,53.0,22140.0,0.0,0.48808,0.00012,0.0,0.0,0.5
YGR196C,3,0.0001584577554229524,0.24151597408869904,0.007143102590271723,0.0,0.0,0.0,0.0,0,0.05018,-1.24945,49.31432,4.47968,174.0,93.0,61895.0,0.0,0.68169,5e-05,0.0,0.0,0.0
YGR253C,2,2.6758848963665035e-06,0.2011656529336869,0.00020413843625807014,0.0,0.0,0.5,0.0,1,0.06538,-0.29885,49.37196,4.66583,47.0,26.0,17795.0,0.0,0.62184,0.00016,0.08971985818844534,0.07606989737809992,0.5
YGR199W,1,0.0,0.19121425233185765,7.566885647472574e-05,0.0,1.0,0.5,0.0,0,0.15415,-0.05283,36.77933,6.36078,71.0,63.0,203195.0,0.0,2.30838,7e-05,0.0,0.0,0.5
YGR208W,3,4.053518893097155e-05,0.2042654424847373,4.1426345344675246e-05,0.0,1.0,0.0,0.0,0,0.06472,-0.17217,28.00971,5.06451,46.0,36.0,18420.0,0.0,0.53849,0.00015,0.0,0.0,0.5
YKL177W,3,0.00010613592126589968,0.23425122924435143,0.0008622016696829168,0.3333333333333333,1.0,0.0,2.321428571428571,0,0.05357,0.51875,50.10089,9.54938,4.0,11.0,3480.0,0.0,0.28321,0.00078,0.0,0.0,0.5
YGR209C,2,2.032001531261933e-05,0.20516729854538993,2.6520508377386785e-05,0.0,1.0,0.25,0.0,0,0.09615,0.14327,27.38865,4.79156,13.0,10.0,11710.0,0.0,1.04519,0.00043,0.0,0.0,0.5
YPL020C,8,0.0002957971352881723,0.2207162790500043,0.00010132793066942824,0.0,1.823658269441402,0.0,0.0,1,0.0934,-0.92721,51.19196,9.48016,86.0,112.0,80385.0,0.0,1.11064,0.00013,0.05900181244167522,0.0,0.5
YGR211W,4,0.0018136075425731284,0.22253990055357498,0.0002780563206324309,0.0,1.3466299862448419,0.5,0.0,1,0.06584,-0.57222,43.46193,4.7691,85.0,55.0,36255.0,0.0,0.65833,9e-05,0.08971985818844534,0.07606989737809992,0.5282445431020831
YGR213C,2,4.5633352672855316e-06,0.20527685389898215,0.0006315430744884672,0.0,0.0,0.0,0.0,0,0.14511,0.64669,39.85868,7.67682,23.0,24.0,33725.0,0.0,0.95039,0.00022,0.0,0.0,0.0
YDR102C,2,0.0004917071101308901,0.23218048593416965,0.00025663407573606173,0.0,1.4976303317535544,0.0,0.0,0,0.09091,0.25545,40.49091,8.94891,8.0,12.0,10595.0,0.0,0.83426,0.0007,0.0,0.0,0.5
YFL068W,2,6.57884640620346e-05,0.22149084382563544,0.0001800598305406183,0.0,0.0,0.0,0.0,0,0.0,0.0,0.0,0.0,0.0,0.0,0.0,0.0,0.0,0.0,0.0,0.0,0.0
YJR134C,2,8.72144766042604e-05,0.23381085869285814,0.0003355811828458884,0.0,1.7216494845360826,0.0,0.0,0,0.0396,-0.96945,51.12687,4.81,144.0,98.0,37610.0,0.0,0.46335,6e-05,0.0,0.0,0.5
YLR436C,1,0.0,0.2139274138877438,7.604089944815517e-05,0.0,1.0,0.0,0.0,0,0.10675,-0.35479,44.85215,7.24506,112.0,111.0,143560.0,0.0,0.98972,5e-05,0.0,0.0,0.5
YML120C,1,0.0,0.2139274138877438,7.604089944815517e-05,0.0,1.0,0.0,0.0,0,0.09747,-0.22515,35.70589,9.43048,51.0,65.0,48820.0,0.0,0.85276,0.00016,0.0,0.0,0.5
YNL164C,2,3.921549996764329e-05,0.2168899415458292,0.00010932545558052625,0.0,1.0,0.0,0.0,0,0.07123,-0.86524,59.99262,4.85248,65.0,39.0,23880.0,0.0,0.59677,0.00012,0.0,0.0,0.5
YOR177C,3,4.830697380191856e-05,0.23138012641272881,0.0016462197024568988,0.0,2.165859564164649,0.0,0.0,0,0.07328,-1.06444,52.41489,7.89227,76.0,78.0,32415.0,0.0,0.59633,0.00015,0.0,0.0,0.5
YOR184W,3,0.0002514952908307767,0.2482070311861849,0.0028203108483965734,0.0,1.879598662207358,0.0,0.0,0,0.08354,-0.20557,36.28942,6.08234,49.0,43.0,36245.0,0.0,0.83485,0.00014,0.0,0.0,0.5
YPL056C,1,0.0,0.2139274138877438,7.604089944815517e-05,0.0,1.0,0.0,0.0,0,0.09901,0.3703,57.82376,9.82599,4.0,11.0,625.0,0.0,0.05516,0.00087,0.0,0.0,0.5
YNR045W,1,0.0,0.18464340190022843,8.143452007755716e-06,0.0,0.0,0.0,0.0,0,0.10838,-0.56667,51.40049,9.13507,58.0,69.0,77405.0,0.0,1.34648,0.00016,0.0,0.0,0.0
YGR223C,1,0.0,0.2103100010105452,0.00048379177368833233,0.0,1.0,0.0,0.0,0,0.08259,-0.5404,40.93328,9.2287,47.0,59.0,59900.0,0.0,1.16913,0.00018,0.0,0.0,0.5
YGR227W,5,0.0005101784959521351,0.2111606506700805,0.00023751337103951307,0.0,0.0,0.5,0.0,0,0.17524,0.50686,39.98596,9.4339,27.0,45.0,118230.0,0.0,1.91336,0.00015,0.0,0.0,0.0
YOL009C,3,6.19781678122499e-05,0.2331276911802763,0.0024601439167718088,0.0,0.0,0.25,0.0,0,0.08118,-0.28192,42.71738,4.33026,50.0,23.0,25940.0,0.0,0.84417,0.00014,0.0,0.0,0.0
YBR166C,3,0.000221551482101214,0.24665790890801634,0.0039860777522489335,0.0,2.331818181818182,0.0,0.0,0,0.10619,-0.14535,34.95708,6.13409,52.0,46.0,74675.0,0.0,1.46644,0.00012,0.0,0.0,0.5
YFR032C-A,1,0.0,0.23043448260688965,0.0026607693057880163,0.0,0.0,0.0,0.0,0,0.0,0.0,0.0,0.0,0.0,0.0,0.0,0.0,0.0,0.0,0.0,0.0,0.0
YGR217W,2,5.788493286419453e-07,0.236822535300125,0.0037199395037311594,0.0,0.0,0.0,0.0,0,0.13732,-0.07131,43.28821,8.62543,196.0,213.0,340740.0,0.0,1.45245,4e-05,0.0,0.0,0.0
YJL188C,2,0.0,0.23699507876024392,0.0035582915372649434,1.0,0.0,0.0,0.0,0,0.0,0.0,0.0,0.0,0.0,0.0,0.0,0.0,0.0,0.0,0.0,0.0,0.0
YLR332W,13,0.005329347197290362,0.25487934363926423,0.006865465723628532,0.11538461538461539,0.0,0.0,4.5,0,0.06383,-0.21197,66.41811,5.37665,28.0,23.0,24785.0,0.0,0.63314,0.00014,0.0,0.0,0.0
YLR358C,6,0.00045336360154250323,0.23592407890644007,0.00312226715403924,0.0,1.3563218390804597,0.0,0.0,0,0.08556,0.19572,58.80968,7.58539,15.0,16.0,9480.0,0.0,0.46738,0.00037,0.0,0.0,0.5
YML117W,2,0.0,0.23699507876024392,0.0035582915372649434,1.0,1.0,0.0,0.0,0,0.07848,-0.60988,52.81626,6.54181,122.0,116.0,80915.0,0.0,0.64148,5e-05,0.0,0.0,0.5
YMR205C,4,0.0003766929921159507,0.24529863625030643,0.0033132711651026885,0.0,3.739938080495356,0.0,0.0,0,0.07299,-0.22972,32.74683,6.22919,110.0,102.0,107035.0,0.0,1.02312,6e-05,0.0,0.0,0.5
YOL003C,3,1.2743782282465517e-05,0.23869401616160713,0.003752489728775238,0.0,1.796398891966759,0.5,0.0,0,0.15079,-0.27302,40.93042,8.54669,34.0,39.0,102215.0,0.0,2.2976,0.00019,0.0,0.0,0.5
YOR030W,4,4.434401812128317e-05,0.2533978421811501,0.007831157894947748,0.0,0.0,0.0,0.0,0,0.0,0.0,0.0,0.0,0.0,0.0,0.0,0.0,0.0,0.0,0.0,0.0,0.0
YOR275C,9,0.0009499917599397497,0.25209867594604934,0.00972740271116948,0.16666666666666666,2.995260663507109,0.5,22.8,0,0.09228,-0.44614,40.27794,5.71759,90.0,82.0,69970.0,0.0,0.92131,8e-05,0.0,0.0,0.5
YPL077C,6,0.0004059518294561424,0.2556188835349714,0.005656950124234711,0.0,1.0,0.0,0.0,0,0.0625,-0.95083,56.2675,6.45685,34.0,33.0,18910.0,0.0,0.68841,0.00024,0.0,0.0,0.5
YGR236C,2,2.5484736126415e-05,0.2126579426863984,0.0006472728014019245,0.0,0.0,0.0,0.0,0,0.07368,-0.12421,29.18842,8.0058,10.0,11.0,7450.0,0.0,0.70649,0.00076,0.0,0.0,0.0
YMR267W,3,0.0002658368473403521,0.21367878677711127,0.00013488048675134898,0.0,2.313527180783818,0.0,0.0,0,0.09355,-0.53,33.28065,7.08649,40.0,40.0,49890.0,0.0,1.4025,0.0002,0.0,0.0,0.5
YOR389W,1,0.0,0.1979544607395858,7.801032320909422e-05,0.0,1.0,0.0,0.0,0,0.09615,-0.39535,32.9867,4.97821,88.0,60.0,96800.0,0.0,1.37852,7e-05,0.0,0.0,0.5
YGR240C,3,0.00010408806705187254,0.19810283848585364,0.00019308442375579542,0.0,1.8894849785407726,0.0,0.0,0,0.07396,-0.23252,34.31541,5.98016,126.0,112.0,98790.0,0.0,0.91499,6e-05,0.0,0.0,0.5
YMR223W,2,0.0001202056230543737,0.23047215992582473,0.003413426675654488,0.0,1.0,1.0,0.0,0,0.09766,-0.30573,42.47964,7.71442,46.0,48.0,54590.0,0.0,1.01804,0.00014,0.0,0.0,0.5
YGR242W,1,0.0,0.1996366344216331,3.8552184653729176e-05,0.0,0.0,0.0,0.0,0,0.12745,0.57157,39.07843,6.0921,8.0,8.0,14815.0,0.0,1.28264,0.00053,0.0,0.0,0.0
YGR247W,2,1.6493721961195582e-05,0.203802746653768,0.00014070841404548276,0.0,0.0,0.0,0.0,0,0.08368,-0.14268,44.34728,7.07513,24.0,24.0,37190.0,0.0,1.39125,0.00026,0.0,0.0,0.0
YPL203W,6,7.364331027890573e-05,0.21601467053121332,0.00011674470090845494,0.13333333333333333,5.1959183673469385,0.0,4.304545454545455,1,0.11579,-0.45263,40.45426,6.67767,43.0,41.0,64415.0,0.0,1.45673,0.00015,0.08971985818844534,0.0,0.5
YGR250C,3,3.310086384082234e-05,0.21267933361761465,0.00022243885771447788,0.0,2.2375249500998002,0.0,0.0,0,0.11268,-0.81601,47.21219,5.18671,104.0,75.0,106175.0,0.0,1.18616,6e-05,0.0,0.0,0.5
YOR225W,1,0.0,0.20362609863336215,0.0001041275593185916,0.0,0.0,0.0,0.0,0,0.08257,-0.02752,26.22028,9.81012,6.0,16.0,13450.0,0.0,1.06006,0.00077,0.0,0.0,0.0
YGR254W,1,0.0,0.15872914644041258,1.799313122510817e-06,0.0,1.0,0.0,0.0,0,0.06865,-0.17963,31.29634,6.15509,56.0,51.0,41035.0,0.0,0.87653,0.00013,0.0,0.0,0.5
YGR263C,3,0.00010059860880371498,0.24793053414159424,0.001011465883253747,0.0,1.0,0.5,0.0,0,0.12028,-0.17052,52.67764,7.16522,42.0,42.0,55445.0,0.0,1.14225,0.00015,0.0,0.0,0.5
YNL066W,3,9.084684455591445e-05,0.23430314662671942,0.00028348207363138234,0.0,1.0,0.0,0.0,0,0.08333,-0.21643,27.51857,4.18292,42.0,17.0,71165.0,0.0,1.63817,0.0001,0.0,0.0,0.5
YGR271W,1,0.0,0.18319556341545865,3.944126982289681e-05,0.0,0.0,0.0,0.0,0,0.09151,-0.23264,42.71253,6.1557,251.0,227.0,202025.0,0.0,0.8985,3e-05,0.0,0.0,0.0
YGR276C,1,0.0,0.17476868863940453,3.090921207479519e-05,0.0,1.0,1.0,0.0,0,0.0651,-0.45497,30.50108,6.75372,79.0,77.0,39140.0,0.0,0.62277,0.00011,0.0,0.0,0.5
YNR015W,2,0.000214568661971831,0.2134307369060229,0.001086758609107125,0.0,1.9395109395109396,0.5,0.0,0,0.0599,-0.29714,34.2526,9.03387,40.0,50.0,35170.0,0.0,0.82142,0.00021,0.0,0.0,0.5
YGR280C,3,7.804766830951242e-05,0.23038426534018153,0.0005244388433124581,0.0,1.889967637540453,0.5,0.0,1,0.05166,-1.44354,33.61993,9.87933,46.0,73.0,29115.0,0.0,0.92986,0.00032,0.08971985818844534,0.07606989737809992,0.5201246560700624
YMR102C,3,1.4129809803593257e-05,0.2061977369962469,0.00017013319676566975,0.0,2.7292340884573894,0.0,0.0,0,0.08153,-0.6994,40.22831,8.85944,99.0,110.0,78155.0,0.0,0.8292,9e-05,0.0,0.0,0.5
YGR283C,1,0.0,0.1943784504858208,7.449983235470052e-05,0.0,0.0,0.5,0.0,0,0.08211,-0.39619,41.5654,9.32587,34.0,48.0,36620.0,0.0,0.95003,0.00024,0.0,0.0,0.0
YGR284C,1,0.0,0.20531672122349157,0.00019325625222902163,0.0,0.0,0.5,0.0,0,0.16452,0.33161,35.48661,9.63873,14.0,29.0,54695.0,0.0,1.56216,0.00028,0.0,0.0,0.0
YGR285C,2,0.000214568661971831,0.22750864530688286,0.0002530277367679008,0.0,1.7674418604651163,0.0,0.0,0,0.08545,-0.87321,39.79658,8.18439,80.0,82.0,46535.0,0.0,0.94932,0.00017,0.0,0.0,0.5
YJL172W,1,0.0,0.1840967866921651,7.788340089004481e-06,0.0,1.0,0.0,0.0,0,0.10069,-0.26736,35.39988,5.2995,81.0,52.0,66280.0,0.0,1.02607,8e-05,0.0,0.0,0.5
YGR289C,1,0.0,0.15862792371217016,9.629766771248843e-07,0.0,0.0,0.0,0.0,0,0.11201,0.12484,34.37469,5.51093,57.0,52.0,118520.0,0.0,1.74347,8e-05,0.0,0.0,0.0
YLR054C,3,0.0007536086004475531,0.19650107761705538,6.385823366625217e-05,0.0,0.0,0.0,0.0,0,0.09392,-0.3942,39.49231,6.20868,95.0,87.0,77555.0,0.0,0.94204,8e-05,0.0,0.0,0.0
YGR294W,5,0.002034727331002462,0.265939449740207,0.0035594540376276892,0.0,2.244075829383886,0.0,0.0,1,0.09167,0.23417,17.8075,5.13422,10.0,7.0,15930.0,0.0,1.24265,0.0004,0.08971985818844534,0.0,0.5
YHL018W,5,0.00040300850701566513,0.2440669046703816,0.0008074944822871741,0.1,3.5603813559322033,0.0,2.033333333333333,0,0.08333,-0.52833,24.6275,8.73834,15.0,17.0,32095.0,0.0,2.28826,0.00062,0.0,0.0,0.5
YHL001W,1,0.0,0.203078480061424,0.0003148386316645254,0.0,1.0,0.0,0.0,0,0.05797,-0.07609,20.08841,10.93719,9.0,28.0,23615.0,0.0,1.55846,0.00072,0.0,0.0,0.5
YAR009C,2,0.00010343337059039233,0.22130537943892778,0.0006907957432752285,0.0,0.0,0.0,0.0,0,0.0,0.0,0.0,0.0,0.0,0.0,0.0,0.0,0.0,0.0,0.0,0.0,0.0
YBR279W,1,0.0,0.2113506192682443,0.00048259644608215376,0.0,1.0,1.0,0.0,0,0.05618,-1.07596,54.44225,4.81158,102.0,72.0,34380.0,0.0,0.6637,9e-05,0.0,0.0,0.5
YCL008C,1,0.0,0.2113506192682443,0.00048259644608215376,0.0,1.0,0.0,0.0,0,0.05974,-0.31195,52.89195,5.37006,42.0,27.0,39670.0,0.0,0.91553,0.00012,0.0,0.0,0.5
YIL156W,4,6.599044972604186e-05,0.2373675661138946,0.002976933774605975,0.6666666666666666,3.354761904761905,0.0,0.0,0,0.09524,-0.55686,53.10947,7.87347,125.0,127.0,115615.0,0.0,0.93895,6e-05,0.0,0.0,0.5
YNL239W,2,6.029991737150122e-05,0.21405736220293758,0.000507740388937386,0.0,1.6886291179596173,0.0,0.0,0,0.09938,-0.38385,34.45923,8.91632,56.0,63.0,70165.0,0.0,1.26464,0.00016,0.0,0.0,0.5
YNR005C,3,0.00022720005226583507,0.2316336103373703,0.002270230973442116,0.0,0.0,0.0,0.0,0,0.08209,0.6403,57.54328,7.81866,8.0,9.0,7240.0,0.0,0.49164,0.00053,0.0,0.0,0.0
YHL003C,3,5.9330857490779e-05,0.22998331377163386,0.0002776368802537884,0.3333333333333333,1.8978947368421053,0.5,0.8333333333333334,0,0.17275,0.12311,40.15798,9.0036,37.0,45.0,96885.0,0.0,1.99953,0.00019,0.0,0.0,0.5
YKL008C,4,0.0002386149436589423,0.22519454629454852,0.0003390030475947371,0.16666666666666666,3.2868852459016393,0.5,2.033333333333333,0,0.16268,0.06364,40.88309,9.47064,33.0,48.0,89770.0,0.0,1.83236,0.00019,0.0,0.0,0.5
YLR046C,1,0.0,0.17680003304285608,9.262622691936427e-06,0.0,0.0,0.0,0.0,0,0.13704,0.55963,45.80815,9.48761,16.0,24.0,41285.0,0.0,1.32948,0.00031,0.0,0.0,0.0
YNL021W,3,1.4381300751565894e-05,0.20556624327057665,5.7188874241794384e-05,0.3333333333333333,2.954861111111111,1.0,2.023809523809524,0,0.09207,-0.34405,41.7816,5.29645,102.0,76.0,96980.0,0.0,1.2112,7e-05,0.0,0.0,0.5
YLR353W,4,0.0001539526183687534,0.23374623792598706,0.0005115788843633809,0.16666666666666666,0.0,0.0,1.6666666666666667,0,0.05307,-0.65887,59.42222,5.88055,77.0,66.0,32025.0,0.0,0.48312,9e-05,0.0,0.0,0.0
YHL009C,2,0.00019639437413211108,0.24347669221090695,0.0007735234273797809,0.0,1.9135618479880776,0.5,0.0,0,0.07879,-0.95758,55.11939,5.04364,54.0,41.0,24255.0,0.0,0.63905,0.00013,0.0,0.0,0.5
YHL015W,2,0.000214568661971831,0.19256389755551148,0.00019196853830828991,0.0,2.0,0.0,0.0,1,0.03306,-0.64545,42.63223,9.52057,15.0,20.0,8480.0,0.0,0.60977,0.00068,0.08971985818844534,0.0,0.5
YLL031C,1,0.0,0.16052473865235667,5.482669004589748e-06,0.0,1.0,0.5,0.0,1,0.12291,0.28112,30.05184,6.15179,87.0,74.0,170180.0,0.0,1.47172,5e-05,0.05900181244167522,0.05277425862356333,0.5263871293117817
YHL019C,4,5.8475628997581686e-05,0.20315653088249014,8.17734464885501e-05,0.16666666666666666,1.0,0.0,2.3,0,0.0876,-0.54628,38.89688,6.40509,89.0,85.0,58425.0,0.0,0.83477,9e-05,0.0,0.0,0.5
YFR045W,3,0.00012672172513746046,0.2320021501244874,0.0019835776718799773,0.0,0.0,0.0,0.0,0,0.1068,0.06084,35.83819,9.85175,16.0,33.0,20775.0,0.0,0.60409,0.00029,0.0,0.0,0.0
YKL135C,7,0.0004950925632820552,0.23601625218055658,0.0006838906632072343,0.09523809523809523,3.2563218390804596,0.0,5.25,0,0.05923,-0.08581,41.39065,5.08527,99.0,76.0,52060.0,0.0,0.6359,6e-05,0.0,0.0,0.5
YOR107W,1,0.0,0.15530715404433054,2.5911736314063513e-07,0.0,0.0,0.5,0.0,0,0.07443,-0.79029,47.46767,8.69672,36.0,41.0,21275.0,0.0,0.60613,0.00025,0.0,0.0,0.0
YHL025W,2,1.280439715859014e-05,0.20843371403386396,9.259685734762394e-05,0.0,1.6575342465753424,1.0,0.0,0,0.08133,-0.78886,48.95452,5.4444,47.0,37.0,24995.0,0.0,0.66465,0.00014,0.0,0.0,0.5
YHL026C,2,2.4086099746492048e-05,0.24514221393153807,0.0011283372122330938,0.0,1.0,0.0,0.0,0,0.13333,0.09333,48.96797,6.71002,28.0,27.0,58245.0,0.0,1.63074,0.00019,0.0,0.0,0.5
YJL056C,2,1.8991132339747022e-06,0.20545637889024546,0.0003733999457629815,0.0,0.0,1.0,0.0,0,0.06364,-0.92705,43.57545,6.55902,105.0,92.0,71935.0,0.0,0.72761,7e-05,0.0,0.0,0.0
YHL034C,1,0.0,0.18896698499950987,1.0848659899143144e-05,0.0,1.0,0.3333333333333333,0.0,0,0.07823,-0.86497,42.3568,5.48126,54.0,45.0,4595.0,0.0,0.13929,0.00017,0.0,0.0,0.5
YHL036W,1,0.0,0.18594244966665344,9.8764400229965e-06,0.0,0.0,0.0,0.0,0,0.14835,0.68242,26.67145,8.93805,32.0,41.0,85925.0,0.0,1.41746,0.00015,0.0,0.0,0.0
YPR163C,6,0.002966783519419113,0.23033406995582723,0.0003254054920031852,0.0,2.8685258964143427,0.0,0.0,0,0.06651,-1.09908,46.01583,5.17145,79.0,69.0,67950.0,0.0,1.40041,0.00011,0.0,0.0,0.5
YKR006C,1,0.0,0.19435164952288958,1.4653205872585408e-05,0.0,1.0,0.0,0.0,0,0.07955,-0.79697,53.1822,9.00531,36.0,42.0,28795.0,0.0,0.95124,0.0003,0.0,0.0,0.5
YHL046C,1,0.0,0.194199916891804,6.138920500002679e-05,0.0,0.0,0.0,0.0,0,0.09167,0.23333,18.61167,5.13422,10.0,7.0,15930.0,0.0,1.23685,0.0004,0.0,0.0,0.0
YJR042W,3,2.0359711888625203e-05,0.21326927528338877,0.0001753195750679158,0.0,1.3008595988538683,0.25,0.0,1,0.10349,-0.13804,43.68645,4.49799,119.0,70.0,108190.0,0.0,1.27437,5e-05,0.05900181244167522,0.047735814213720786,0.5183477964323663
YJL080C,1,0.0,0.1816609326539665,7.4572286341357885e-06,0.0,1.0,0.4,0.0,0,0.05401,-0.46227,41.2784,5.63763,186.0,164.0,62730.0,0.0,0.46533,4e-05,0.0,0.0,0.5
YMR056C,3,0.000131853590442831,0.22298582526466104,0.0004616574364479596,0.0,1.0,0.0,0.0,0,0.12298,0.00647,18.74434,9.71991,23.0,39.0,39225.0,0.0,1.14962,0.00028,0.0,0.0,0.5
YHR007C,26,0.0037034376530834766,0.26013183995564915,0.013705116438816462,0.015384615384615385,11.283018867924529,0.0,13.266666666666666,1,0.11887,-0.22038,38.81643,8.75824,56.0,62.0,82210.0,0.0,1.35393,0.00014,0.08971985818844534,0.0,0.5
YBR121C,4,4.517994193433774e-05,0.23958658302090832,0.003439345039050391,0.16666666666666666,2.4246794871794872,0.0,2.25,1,0.08986,-0.43754,36.69365,6.12372,110.0,103.0,67560.0,0.0,0.86412,8e-05,0.05900181244167522,0.0,0.5
YHR045W,2,4.808147454461363e-05,0.21683433444359715,0.00045163630593125976,0.0,1.8754385964912281,0.0,0.0,0,0.1,-0.07554,32.09788,6.63544,59.0,58.0,82945.0,0.0,1.32307,0.00011,0.0,0.0,0.5
YML013W,3,0.000260037579801149,0.25568070562422346,0.0039298679686084635,0.0,1.0,0.5,0.0,0,0.0839,-0.38767,44.28236,5.29755,87.0,67.0,57130.0,0.0,0.85575,8e-05,0.0,0.0,0.5
YMR264W,2,0.000214568661971831,0.20490881379653206,0.0003995766690189274,0.0,1.430817610062893,0.5,0.0,0,0.06404,-0.58374,40.44286,6.22186,26.0,24.0,8605.0,0.0,0.37804,0.00027,0.0,0.0,0.5
YHR009C,2,0.0004605263993828713,0.22618224167303339,0.0008645184888360045,0.0,1.0,0.0,0.0,1,0.06883,-0.37954,50.187,5.52008,68.0,50.0,59455.0,0.0,1.03197,0.0001,0.08971985818844534,0.0,0.5
YHR011W,1,0.0,0.13411256193330476,1.6161510125638156e-08,0.0,1.0,0.0,0.0,0,0.07399,-0.42332,38.07939,8.91937,54.0,63.0,45350.0,0.0,0.89999,0.00018,0.0,0.0,0.5
YHR014W,1,0.0,0.16401765535330975,2.858914382645585e-06,0.0,1.0,1.0,0.0,1,0.08935,-0.91821,55.93883,9.58698,29.0,42.0,20985.0,0.0,0.63029,0.00029,0.08971985818844534,0.08233295696528463,0.5411664784826423
YHR185C,3,0.000216655484217159,0.19761218703299369,9.749336016113994e-05,0.0,2.8613217768147345,0.2,0.0,0,0.1308,-0.68101,52.68945,5.2309,31.0,24.0,42120.0,0.0,1.51053,0.00019,0.0,0.0,0.5
YHR015W,1,0.0,0.19741844959472604,4.132768311193565e-05,0.0,1.0,0.0,0.0,0,0.09408,-0.63414,39.72096,9.48163,72.0,102.0,51560.0,0.0,0.67915,0.00012,0.0,0.0,0.5
YPL169C,11,0.0008899069323816208,0.2482070311861849,0.0013640830680707663,0.01818181818181818,7.2925472747497215,0.3333333333333333,2.128571428571429,1,0.08514,-0.37162,39.78698,9.21661,49.0,58.0,62465.0,0.0,0.92746,0.00014,0.08971985818844534,0.07069233844701739,0.5048468892818692
YHR019C,2,2.837265336062073e-06,0.18752564036891495,5.6958581446590215e-05,0.0,1.4793187347931873,0.0,0.0,1,0.08845,-0.37978,40.41319,5.59589,81.0,70.0,57395.0,0.0,0.92266,9e-05,0.08971985818844534,0.0,0.5
YHR021C,1,0.0,0.17138296142980594,3.6579374258868527e-06,0.0,0.0,0.0,0.0,0,0.0,0.0,0.0,0.0,0.0,0.0,0.0,0.0,0.0,0.0,0.0,0.0,0.0
YIL028W,1,0.0,0.1656171695577892,2.435609566470385e-06,0.0,0.0,0.0,0.0,0,0.11364,0.45303,33.70765,9.60126,8.0,14.0,22835.0,0.0,1.52726,0.00064,0.0,0.0,0.0
YPR188C,2,0.00042084232054019556,0.2461123961307783,0.0011321302466769168,0.0,1.8898978433598184,0.0,0.0,0,0.08589,-0.59202,36.94294,4.34711,35.0,16.0,8480.0,0.0,0.45788,0.00023,0.0,0.0,0.5
YBR078W,1,0.0,0.23179867293312678,0.0019859171091684965,0.0,1.0,0.0,0.0,0,0.05128,0.11632,32.90816,4.71136,29.0,22.0,7490.0,0.0,0.17113,0.00011,0.0,0.0,0.5
YGL045W,2,1.2426637344758573e-06,0.2391665171833625,0.0032172111022316526,0.0,1.0,0.0,0.0,0,0.06827,-0.53432,51.26386,9.23871,61.0,75.0,41090.0,0.0,0.67512,0.00015,0.0,0.0,0.5
YIL113W,2,0.000214568661971831,0.2318240880609085,0.0019875838528360915,0.0,1.9424538545059717,0.0,0.0,0,0.07177,-0.34163,54.511,7.74457,24.0,25.0,26275.0,0.0,1.10005,0.00032,0.0,0.0,0.5
YKL037W,6,0.0006565051335391956,0.23684906409314618,0.004504405310105736,0.13333333333333333,0.0,0.0,2.5,1,0.0,0.0,0.0,0.0,0.0,0.0,0.0,0.0,0.0,0.0,0.08971985818844534,0.0,0.0
YLR346C,1,0.0,0.23179867293312678,0.0019859171091684965,0.0,0.0,0.0,0.0,0,0.05941,-0.54752,38.87228,9.19879,11.0,15.0,15720.0,0.0,1.38529,0.00081,0.0,0.0,0.0
YPL140C,5,0.0004781550670573057,0.25997191628667354,0.004917071964507161,0.0,3.737638748738648,0.0,0.0,0,0.083,-0.49723,43.77551,8.8172,57.0,64.0,55070.0,0.0,0.97028,0.00016,0.0,0.0,0.5
YPL158C,3,8.386687412920236e-05,0.25958890057207074,0.003003958764337215,0.0,2.235382308845577,0.0,0.0,0,0.05541,-0.8372,55.7624,6.27875,107.0,103.0,39240.0,0.0,0.46249,7e-05,0.0,0.0,0.5
YDR075W,2,2.1412974030064503e-06,0.21334459362893052,0.0007789904666767932,0.0,1.0,0.5,0.0,0,0.10714,-0.19675,17.20883,4.91351,46.0,31.0,43985.0,0.0,1.24731,0.00014,0.0,0.0,0.5
YJL047C,6,0.0007300317686147358,0.27079298093743803,0.007340193362932947,0.13333333333333333,3.1847940865892292,0.5,3.571428571428572,0,0.12589,-0.47696,35.45479,7.30573,113.0,113.0,90215.0,0.0,0.90829,7e-05,0.0,0.0,0.5
YHR035W,3,0.00018221586403384754,0.22586813322930413,0.000980059143083714,0.0,2.8752688172043013,0.0,0.0,0,0.09841,-0.30984,45.84256,8.84528,63.0,77.0,67250.0,0.0,0.93007,0.00012,0.0,0.0,0.5
YLL013C,2,1.864410631993752e-06,0.18910219078432305,4.147032410206798e-05,0.0,1.0,0.0,0.0,0,0.07964,-0.74664,48.68726,6.71259,85.0,81.0,53555.0,0.0,0.54611,7e-05,0.0,0.0,0.5
YHR036W,1,0.0,0.19052503673435603,1.3187671745625212e-05,0.0,0.0,0.5,0.0,1,0.0913,-0.631,59.50195,4.76837,74.0,44.0,49110.0,0.0,0.91993,9e-05,0.08971985818844534,0.07606989737809992,0.5
YHR038W,3,0.0007608330409708302,0.24830905404104708,0.0007620186796756868,0.0,2.931567328918322,0.0,0.0,0,0.06522,-0.60435,34.06261,9.83624,29.0,46.0,3105.0,0.0,0.11759,0.00037,0.0,0.0,0.5
YHR040W,2,1.6770734499814056e-05,0.22606132739864387,0.0003740342016235987,0.0,1.0,1.0,0.0,1,0.07377,-0.85874,47.80279,5.75946,64.0,55.0,34640.0,0.0,0.81827,0.00014,0.08971985818844534,0.08233295696528463,0.5411664784826423
YBR179C,1,0.0,0.20452230558710738,0.00010565095206182505,0.0,1.0,0.0,0.0,0,0.07368,-0.46842,43.25848,6.5451,120.0,116.0,66990.0,0.0,0.68492,7e-05,0.0,0.0,0.5
YJL015C,3,0.0001332094254433891,0.23039681760482905,0.0005228237833138002,0.0,2.0,0.0,0.0,1,0.14894,0.04362,46.12234,9.73688,4.0,14.0,20690.0,0.0,1.83565,0.00086,0.08971985818844534,0.0,0.5
YLR164W,1,0.0,0.20452230558710738,0.00010565095206182505,0.0,0.0,0.0,0.0,0,0.10714,0.15655,52.44226,9.45416,10.0,17.0,21805.0,0.0,1.17033,0.00051,0.0,0.0,0.0
YLR309C,5,0.0005031392681827617,0.25307936981979967,0.00466691487351896,0.2,2.8835978835978837,0.0,0.0,0,0.03293,-1.10209,50.47783,5.5235,184.0,164.0,39685.0,0.0,0.37715,5e-05,0.0,0.0,0.5
YLR344W,1,0.0,0.20452230558710738,0.00010565095206182505,0.0,0.0,0.0,0.0,0,0.03937,-0.55827,29.31969,10.57269,12.0,30.0,4470.0,0.0,0.31405,0.00074,0.0,0.0,0.0
YOR073W,2,0.000214568661971831,0.20454209104764592,0.00010575272510068639,0.0,1.7750281214848145,0.0,0.0,0,0.04237,-1.06712,57.63544,9.25958,78.0,90.0,16515.0,0.0,0.24758,0.00014,0.0,0.0,0.5
YPR203W,1,0.0,0.20452230558710738,0.00010565095206182505,0.0,0.0,0.0,0.0,0,0.08824,-0.27941,30.47059,9.15875,11.0,16.0,6460.0,0.0,0.54905,0.00078,0.0,0.0,0.0
YHR043C,1,0.0,0.22806079119399375,0.00038079005965346017,0.0,1.0,0.0,0.0,0,0.0813,-0.23293,18.27683,5.49542,33.0,29.0,25815.0,0.0,0.95031,0.0002,0.0,0.0,0.5
YHR050W,2,0.000214568661971831,0.17635027275195095,4.423563337355204e-06,0.0,1.0,0.0,0.0,0,0.08925,0.36266,38.94849,5.66388,46.0,38.0,54165.0,0.0,0.90626,9e-05,0.0,0.0,0.5
YKR089C,1,0.0,0.14909749630911193,1.3634011918333265e-07,0.0,0.0,0.0,0.0,0,0.07363,-0.48385,48.55044,8.13983,110.0,113.0,77905.0,0.0,0.75846,8e-05,0.0,0.0,0.0
YHR056C,3,0.000643705985915493,0.16948030901843741,2.0643568946076523e-06,0.0,1.0,1.0,0.0,0,0.10532,-0.33624,42.50723,8.32672,89.0,94.0,55710.0,0.0,0.54977,8e-05,0.0,0.0,0.5
YFL067W,1,0.0,0.14415705973679116,7.139899478475687e-08,0.0,0.0,0.0,0.0,0,0.01143,0.35943,27.71029,6.11102,10.0,10.0,0.0,0.0,0.0,0.00037,0.0,0.0,0.0
YLL018C,2,0.000214568661971831,0.1441668890740158,7.158266962877024e-08,0.0,0.0,0.0,0.0,1,0.08438,-0.5316,46.06738,6.15802,90.0,84.0,32695.0,0.0,0.51476,0.0001,0.08971985818844534,0.0,0.0
YHR057C,4,0.0011555940362155757,0.2590164884429151,0.0017621244021386424,0.0,1.9591194968553458,0.0,0.0,0,0.10732,-0.25707,9.40688,5.73615,27.0,23.0,28335.0,0.0,1.24448,0.00025,0.0,0.0,0.5
YJR091C,286,0.11169642155193987,0.3256104712650368,0.030043515708008974,0.0005643479327689854,221.18812877263582,0.0,28.32121212121212,0,0.06141,-0.53538,42.78038,6.4798,89.0,81.0,75260.0,0.0,0.62522,5e-05,0.0,0.0,0.5
YKR034W,6,0.000515392124311357,0.22391862273333502,0.00029205299408720996,0.06666666666666667,3.8020833333333335,1.0,3.833333333333333,0,0.04833,-0.63829,37.70446,8.81049,31.0,37.0,17960.0,0.0,0.59537,0.00029,0.0,0.0,0.5
YOR270C,2,0.0,0.21736934256805965,0.00026001337642804153,1.0,0.0,0.0,2.0,0,0.12262,0.00048,30.76181,5.28424,103.0,76.0,135525.0,0.0,1.4187,6e-05,0.0,0.0,0.0
YPL019C,2,3.52003845767184e-06,0.21722418402008692,0.0002453890877027455,0.0,1.0,0.0,0.0,0,0.10299,-0.57246,37.33078,6.95917,118.0,117.0,102930.0,0.0,1.06606,7e-05,0.0,0.0,0.5
YHR063C,2,0.00016063478430004604,0.22583194607845297,0.0013747244477275177,0.0,1.988179669030733,0.0,0.0,0,0.08443,-0.19789,42.97863,6.21613,44.0,41.0,36995.0,0.0,0.86395,0.00015,0.0,0.0,0.5
YHR065C,1,0.0,0.16079942164115263,4.4322141854314053e-07,0.0,0.0,1.0,0.0,1,0.04591,-0.38323,32.55529,9.22052,65.0,77.0,21025.0,0.0,0.37566,0.00016,0.08971985818844534,0.08233295696528463,0.5
YHR066W,21,0.0016820549956127128,0.21509171873443703,0.00011695410124873295,0.07142857142857142,18.6994923857868,0.5,21.174783549783548,0,0.03974,-0.89581,49.71854,9.28204,73.0,85.0,7700.0,0.0,0.14875,0.00018,0.0,0.0,0.5
YKR081C,1,0.0,0.17588084641346885,4.087575843257643e-06,0.0,1.0,0.5,0.0,1,0.0843,-0.66948,38.06657,9.03241,53.0,60.0,12170.0,0.0,0.30734,0.00023,0.08971985818844534,0.07606989737809992,0.53803494868905
YLR276C,2,0.000214568661971831,0.1758954781547786,4.095542153320617e-06,0.0,1.0,0.5,0.0,1,0.07576,-0.50808,39.76347,9.2215,79.0,96.0,30425.0,0.0,0.44704,0.00014,0.08971985818844534,0.07606989737809992,0.53803494868905
YHR068W,2,0.0,0.23004587043406768,0.0005343364196895609,1.0,1.0,0.0,2.9,1,0.07752,-0.23773,33.5491,5.50128,55.0,46.0,46255.0,0.0,1.07841,0.00013,0.08971985818844534,0.0,0.5
YJL050W,1,0.0,0.1673143622030162,1.6986134958797772e-06,0.0,0.0,1.0,0.0,1,0.07456,-0.41146,39.94268,5.95758,165.0,149.0,90200.0,0.0,0.73902,5e-05,0.05900181244167522,0.055714552844473776,0.5
YHR070W,1,0.0,0.19291529152915293,0.00014570938856553532,0.0,1.0,0.3333333333333333,0.0,1,0.08818,-0.27695,44.04449,9.00055,53.0,63.0,39390.0,0.0,0.697,0.00016,0.08971985818844534,0.07069233844701739,0.5353461692235086
YHR071W,1,0.0,0.2255067827601873,0.0013729347109396079,0.0,0.0,0.0,0.0,0,0.0917,-0.67642,43.32275,9.42023,22.0,33.0,33180.0,0.0,1.25365,0.00036,0.0,0.0,0.0
YHR073W,1,0.0,0.2113294947685673,0.00029302766409265095,0.0,0.0,0.0,0.0,0,0.08635,-0.73333,46.58213,8.67377,132.0,140.0,120960.0,0.0,1.06331,8e-05,0.0,0.0,0.0
YHR075C,1,0.0,0.1934359448478584,0.0001242538555074533,0.0,0.0,0.0,0.0,0,0.1,-0.27325,31.66925,6.56451,47.0,45.0,49430.0,0.0,1.1012,0.00015,0.0,0.0,0.0
YKL073W,2,5.411316628798664e-06,0.19962721004196912,3.710840384346516e-05,0.0,1.9697275479313825,1.0,0.0,0,0.07264,-0.45346,42.58343,5.17645,136.0,107.0,42665.0,0.0,0.42849,5e-05,0.0,0.0,0.5
YNL092W,29,0.005235519081468201,0.2812011697246331,0.0034088532626905888,0.0049261083743842365,18.824419778002017,0.0,4.0,0,0.1125,-0.28425,38.4675,5.66632,47.0,39.0,67155.0,0.0,1.47605,0.00012,0.0,0.0,0.5
YHR090C,2,4.51164042469595e-06,0.21777233444840002,0.0005109082496779308,0.0,0.0,1.0,0.0,0,0.05319,-0.88688,64.33227,8.25067,46.0,49.0,21065.0,0.0,0.65652,0.00026,0.0,0.0,0.0
YHR091C,1,0.0,0.15481249095072422,3.2688132206966275e-07,0.0,1.0,0.0,0.0,0,0.10109,-0.28725,37.75583,9.41266,64.0,84.0,80510.0,0.0,1.0925,0.00013,0.0,0.0,0.5
YOL088C,2,0.000214568661971831,0.1844018485225463,8.138893429746245e-06,0.0,2.0,1.0,0.0,0,0.10108,-0.47726,40.91661,6.12897,42.0,39.0,39390.0,0.0,1.21571,0.00019,0.0,0.0,0.5
YHR096C,1,0.0,0.18383268227270494,8.539190571092705e-06,0.0,0.0,0.0,0.0,0,0.1402,0.13277,39.32508,7.78265,49.0,51.0,112575.0,0.0,1.69923,0.00012,0.0,0.0,0.0
YHR098C,3,5.29342924831881e-05,0.22256332580626484,0.00016004145148385611,0.0,1.0,0.25,0.0,1,0.08827,-0.22853,42.31565,5.86542,94.0,80.0,72850.0,0.0,0.70082,6e-05,0.08971985818844534,0.06602488493524936,0.5330124424676247
YJR048W,3,0.0005198974023990699,0.22817154213128105,0.0007285954204163072,0.0,1.0,0.0,0.0,0,0.09174,-0.80826,29.61284,9.46698,11.0,19.0,13325.0,0.0,1.09384,0.00078,0.0,0.0,0.5
YHR102W,10,0.0033114197388753154,0.23279400992672897,0.002267799786978747,0.0,3.501541623843782,0.0,0.0,1,0.05463,-0.61037,43.90972,8.12189,103.0,106.0,71710.0,0.0,0.61259,7e-05,0.05900181244167522,0.0,0.5
YLR365W,1,0.0,0.18754227383000852,6.411155543908768e-05,0.0,0.0,0.0,0.0,0,0.09091,-0.11818,48.78636,10.90045,4.0,20.0,3230.0,0.0,0.25455,0.00086,0.0,0.0,0.0
YOR257W,3,0.00022102709050303334,0.19375501444760743,0.0001370819887859369,0.0,0.0,0.25,0.0,1,0.08696,-0.6087,62.36528,4.43329,39.0,20.0,7575.0,0.0,0.40398,0.00024,0.08971985818844534,0.06602488493524936,0.5
YHR106W,1,0.0,0.1934359448478584,0.0001242538555074533,0.0,0.0,0.0,0.0,0,0.0731,-0.11228,41.01845,6.41376,38.0,36.0,24910.0,0.0,0.67167,0.00017,0.0,0.0,0.0
YOR156C,6,0.00023650877962237932,0.24187514673219884,0.005682401375775712,0.26666666666666666,3.838870431893688,1.0,10.392156862745098,0,0.07438,-0.62094,43.74121,6.83429,76.0,74.0,63270.0,0.0,0.77941,8e-05,0.0,0.0,0.5
YHR109W,2,0.000214568661971831,0.19462894970861286,8.868886992848208e-05,0.0,0.0,0.0,0.0,0,0.12308,-0.34188,50.78089,4.88068,92.0,61.0,62770.0,0.0,0.91926,7e-05,0.0,0.0,0.0
YBL109W,1,0.0,0.22988329384718847,0.0007591221211260852,0.0,0.0,0.0,0.0,0,0.0,0.0,0.0,0.0,0.0,0.0,0.0,0.0,0.0,0.0,0.0,0.0,0.0
YDL037C,1,0.0,0.22988329384718847,0.0007591221211260852,0.0,0.0,0.0,0.0,0,0.09146,-0.53628,49.26405,4.70697,21.0,13.0,58370.0,0.0,1.67751,0.00014,0.0,0.0,0.0
YDL172C,2,0.00012914430215173338,0.24318265514515108,0.0010118415725028642,0.0,1.826829268292683,0.0,0.0,0,0.15723,0.87233,44.5434,6.19025,10.0,10.0,5625.0,0.0,0.32024,0.00035,0.0,0.0,0.5
YDR319C,3,0.0001945148291895705,0.24528440779112712,0.0010517990892907811,0.0,0.0,0.0,0.0,0,0.17153,0.62591,38.7062,8.74298,14.0,20.0,78600.0,0.0,2.45543,0.00027,0.0,0.0,0.0
YER117W,1,0.0,0.22988329384718847,0.0007591221211260852,0.0,1.0,0.0,0.0,0,0.05109,-0.07737,32.02409,10.33331,9.0,21.0,14230.0,0.0,0.98323,0.00071,0.0,0.0,0.5
YFL012W,2,0.0,0.23373331805875702,0.0008108315460371365,1.0,1.723135271807838,0.0,2.023809523809524,0,0.07432,-0.78243,69.77709,9.29962,18.0,24.0,15845.0,0.0,0.92233,0.00054,0.0,0.0,0.5
YFR027W,1,0.0,0.22988329384718847,0.0007591221211260852,0.0,1.0,1.0,0.0,1,0.07117,-0.6032,39.96975,9.9361,24.0,45.0,51255.0,0.0,1.60951,0.00031,0.08971985818844534,0.08233295696528463,0.5411664784826423
YGL037C,3,0.0002519395037425555,0.24758215399994332,0.0013486396987329565,0.3333333333333333,2.6917960088691797,0.3333333333333333,1.1111111111111112,0,0.09259,-0.51389,27.12407,5.8056,33.0,25.0,42650.0,0.0,1.70648,0.00023,0.0,0.0,0.5
YGL222C,2,0.00031529052248917175,0.25506382714995063,0.0017444894303610674,0.0,1.8317610062893082,0.0,0.0,0,0.04571,-1.27314,43.90971,10.87115,6.0,28.0,4595.0,0.0,0.23886,0.00057,0.0,0.0,0.5
YGR031W,1,0.0,0.22988329384718847,0.0007591221211260852,0.0,0.0,0.0,0.0,0,0.07018,-0.23187,38.3924,8.94415,39.0,45.0,30535.0,0.0,0.79291,0.00023,0.0,0.0,0.0
YGR110W,1,0.0,0.22988329384718847,0.0007591221211260852,0.0,0.0,0.0,0.0,0,0.13034,-0.53371,47.72047,9.51508,49.0,67.0,87945.0,0.0,1.68982,0.00018,0.0,0.0,0.0
YGR215W,1,0.0,0.22988329384718847,0.0007591221211260852,0.0,1.0,0.0,0.0,0,0.07273,-0.76545,23.08818,10.2132,11.0,27.0,5960.0,0.0,0.48094,0.00082,0.0,0.0,0.5
YHR133C,2,0.0,0.2336558288384922,0.0010905778301872214,1.0,1.8459183673469388,0.5,2.666666666666667,0,0.13746,0.28488,33.29216,8.93781,21.0,26.0,34420.0,0.0,1.06848,0.00028,0.0,0.0,0.5
YIR021W,1,0.0,0.22988329384718847,0.0007591221211260852,0.0,0.0,0.0,0.0,0,0.09091,-0.15234,35.88815,8.90656,42.0,50.0,35045.0,0.0,0.84876,0.00022,0.0,0.0,0.0
YJL012C,1,0.0,0.22988329384718847,0.0007591221211260852,0.0,1.0,0.0,0.0,1,0.1068,-0.43592,34.78795,6.36884,104.0,99.0,93210.0,0.0,1.12094,8e-05,0.05900181244167522,0.0,0.5
YJL180C,2,0.00012914430215173338,0.24318265514515108,0.0010118415725028642,0.0,1.5343137254901962,0.0,0.0,0,0.05846,-0.25169,30.74372,8.89337,38.0,43.0,29950.0,0.0,0.81934,0.00024,0.0,0.0,0.5
YKL129C,15,0.0003543925338504942,0.25855721126988884,0.012332200382565335,0.24761904761904763,13.353973168214655,0.0,3.841269841269841,0,0.08333,-0.56517,36.04759,9.3913,144.0,188.0,130750.0,0.0,0.91787,7e-05,0.0,0.0,0.5
YKL157W,4,0.00030207543480195877,0.24709028808688976,0.0016978623727252286,0.0,1.3974540311173975,0.0,0.0,0,0.10714,-0.31975,30.4957,8.10699,113.0,116.0,173565.0,0.0,1.61076,8e-05,0.0,0.0,0.5
YKL175W,1,0.0,0.22988329384718847,0.0007591221211260852,0.0,1.0,0.0,0.0,0,0.08549,-0.17674,49.67976,6.07367,50.0,35.0,37620.0,0.0,0.67904,0.00011,0.0,0.0,0.5
YKR032W,1,0.0,0.22988329384718847,0.0007591221211260852,0.0,0.0,0.0,0.0,0,0.18269,0.45192,38.61923,8.23041,6.0,8.0,30660.0,0.0,2.46988,0.00066,0.0,0.0,0.0
YLL054C,1,0.0,0.22988329384718847,0.0007591221211260852,0.0,0.0,1.0,0.0,0,0.11507,-0.15623,40.80002,6.10858,103.0,93.0,85745.0,0.0,0.87845,6e-05,0.0,0.0,0.0
YLR112W,1,0.0,0.22988329384718847,0.0007591221211260852,0.0,0.0,0.0,0.0,0,0.14388,0.39065,48.13676,10.69867,4.0,19.0,16220.0,0.0,1.01892,0.00067,0.0,0.0,0.0
YLR136C,2,6.12748824278914e-05,0.23019614536303928,0.0007605942716749544,0.0,0.0,0.5,0.0,0,0.08772,-0.88912,44.03193,9.10431,28.0,39.0,36995.0,0.0,1.14486,0.00028,0.0,0.0,0.0
YLR461W,2,0.00027531460850850815,0.2300208436857611,0.0007600278929561304,0.0,0.0,0.0,0.0,0,0.09167,0.23417,18.25917,5.52887,10.0,8.0,15930.0,0.0,1.23579,0.00043,0.0,0.0,0.0
YML092C,14,0.0024684482670436886,0.2646247303078243,0.0029866420356891043,0.03296703296703297,8.472782258064516,0.5,6.000000000000001,1,0.084,-0.188,26.6324,5.51947,31.0,27.0,25900.0,0.0,0.95355,0.0002,0.08971985818844534,0.07606989737809992,0.5044890742533655
YML121W,9,0.0013927660257808023,0.24974623141501487,0.001076288247393751,0.05555555555555555,4.985169491525424,0.0,2.6875,0,0.09677,-0.23419,49.63226,8.46283,35.0,38.0,24575.0,0.0,0.68555,0.00024,0.0,0.0,0.5
YML131W,1,0.0,0.22988329384718847,0.0007591221211260852,0.0,0.0,0.0,0.0,0,0.10411,-0.02712,26.22466,8.17291,40.0,42.0,51255.0,0.0,1.28216,0.0002,0.0,0.0,0.0
YNR035C,2,2.3506460271642595e-05,0.23321769194347186,0.0008295620057861792,0.0,1.0,0.0,0.0,1,0.10234,-0.28713,53.37719,6.33405,44.0,41.0,23755.0,0.0,0.60039,0.00016,0.08971985818844534,0.0,0.5
YOL002C,1,0.0,0.22988329384718847,0.0007591221211260852,0.0,1.0,0.0,0.0,0,0.14826,0.43502,31.84896,9.02704,23.0,32.0,61975.0,0.0,1.70832,0.00025,0.0,0.0,0.5
YOR059C,5,0.0010426647274542889,0.23039681760482905,0.0007824919358199096,0.0,1.0,0.0,0.0,0,0.11333,-0.06,28.83071,9.09662,45.0,55.0,66280.0,0.0,1.29694,0.00018,0.0,0.0,0.5
YOR175C,1,0.0,0.22988329384718847,0.0007591221211260852,0.0,1.0,0.5,0.0,0,0.15347,-0.22843,45.48456,9.51605,58.0,87.0,124315.0,0.0,1.72117,0.00013,0.0,0.0,0.5
YPL111W,6,0.00040668688349656927,0.25224905692669003,0.0017498066523865589,0.2,5.315068493150685,0.0,8.166666666666668,0,0.06006,-0.03333,28.74414,5.38226,41.0,30.0,33640.0,0.0,0.94331,0.00015,0.0,0.0,0.5
YPR094W,2,0.000214568661971831,0.22990829067139845,0.0007597881295898786,0.0,0.0,1.0,0.0,1,0.06542,-0.46636,42.83561,9.10712,11.0,21.0,10105.0,0.0,0.8242,0.00074,0.08971985818844534,0.08233295696528463,0.5
YLR215C,5,0.0005381645186700481,0.251813445502235,0.0023529714758301033,0.0,3.423008849557522,0.0,0.0,1,0.10556,-0.53167,39.31444,4.64679,65.0,38.0,59860.0,0.0,1.4303,0.00011,0.08971985818844534,0.0,0.5
YOR215C,1,0.0,0.1766080517173,1.3345500047745898e-05,0.0,1.0,0.0,0.0,0,0.07027,-0.52432,34.05081,9.60052,25.0,36.0,19940.0,0.0,0.9393,0.00045,0.0,0.0,0.5
YHR117W,1,0.0,0.18076788741585226,5.9283202559217116e-06,0.0,1.0,0.0,0.0,0,0.0939,-0.4698,43.79595,5.83551,84.0,77.0,40730.0,0.0,0.56683,8e-05,0.0,0.0,0.5
YHR123W,3,2.369775766140664e-05,0.20312725479484253,4.9996060171038827e-05,0.3333333333333333,2.6717325227963524,0.0,0.0,0,0.16113,0.42404,43.15606,6.04169,28.0,23.0,77530.0,0.0,1.73993,0.00014,0.0,0.0,0.5
YHR128W,6,0.00022308037323988947,0.24696041524960766,0.0008025042537944338,0.0,2.848180677540778,0.0,0.0,1,0.09259,-0.13611,33.67694,5.586,30.0,27.0,15525.0,0.0,0.63125,0.00023,0.08971985818844534,0.0,0.5
YNL005C,1,0.0,0.2016164389395934,5.152068612310509e-05,0.0,1.0,0.0,0.0,0,0.08895,-0.78841,50.47011,9.81927,51.0,77.0,32110.0,0.0,0.74284,0.00023,0.0,0.0,0.5
YHR132C,2,7.854914535885779e-06,0.22947162960272588,0.001097646707793623,0.0,1.0,0.0,0.0,0,0.13953,-0.3914,33.63349,5.11627,61.0,41.0,103095.0,0.0,2.069,0.0001,0.0,0.0,0.5
YMR152W,3,0.00021429368557451798,0.24241591322626874,0.0005144029859415443,0.0,1.725531914893617,0.0,0.0,0,0.13151,-0.37068,33.47674,7.63287,44.0,45.0,63635.0,0.0,1.52834,0.00018,0.0,0.0,0.5
YKL127W,3,6.670903348303254e-05,0.2420967075238468,0.003048870306946242,0.0,2.7020585048754064,0.0,0.0,0,0.11053,-0.26754,32.33651,6.81378,68.0,67.0,75135.0,0.0,1.19052,0.00011,0.0,0.0,0.5
YKR082W,5,0.0005385238211559066,0.2461267208147973,0.005044580372791376,0.0,1.692124105011933,0.25,0.0,0,0.10631,-0.27511,32.85317,4.99835,157.0,110.0,126445.0,0.0,0.94844,4e-05,0.0,0.0,0.5
YHR143W-A,2,8.455212670855793e-06,0.19738159028748284,3.9706844544747045e-05,0.0,1.9120762711864407,0.5,0.0,1,0.04286,-0.32571,32.33857,9.83966,6.0,13.0,1990.0,0.0,0.25791,0.00128,0.08971985818844534,0.07606989737809992,0.5198919620844672
YHR147C,1,0.0,0.18023626248056568,3.40658553462638e-05,0.0,1.0,0.0,0.0,0,0.05607,-0.28178,36.35888,9.89728,19.0,32.0,11585.0,0.0,0.48496,0.00041,0.0,0.0,0.5
YHR149C,3,0.000214568661971831,0.20937283707080417,0.00034097882115996406,0.3333333333333333,1.3069196428571428,0.0,3.1666666666666665,0,0.07493,-0.92125,65.17399,4.87189,95.0,58.0,62160.0,0.0,0.75946,6e-05,0.0,0.0,0.5
YNL193W,1,0.0,0.17441547495644596,1.7129217031216388e-05,0.0,0.0,0.0,0.0,0,0.08423,-0.32401,48.48466,4.73175,83.0,52.0,54040.0,0.0,0.84548,7e-05,0.0,0.0,0.0
YJL168C,38,0.0029144377060401194,0.28593570831827925,0.043495583119995795,0.10384068278805121,14.891920251836307,0.5,56.65396825396826,0,0.07776,-0.75839,54.68228,8.70294,111.0,123.0,59425.0,0.0,0.70358,0.0001,0.0,0.0,0.5
YLR016C,2,4.5736650161920955e-05,0.22899941461708176,0.000685815884915112,0.0,1.9166666666666667,0.5,0.0,0,0.08824,-0.65735,42.86961,5.08954,36.0,27.0,22390.0,0.0,0.94659,0.00022,0.0,0.0,0.5
YLR132C,1,0.0,0.2113294947685673,0.00029302766409265095,0.0,0.0,0.5,0.0,1,0.1069,-0.46655,50.70552,6.45844,33.0,31.0,33975.0,0.0,1.00834,0.00019,0.08971985818844534,0.07606989737809992,0.5
YPR118W,2,2.207971459503946e-05,0.23631961497256243,0.00054574711546943,0.0,0.0,0.5,0.0,0,0.07299,-0.04136,29.54088,4.89362,53.0,39.0,34880.0,0.0,0.77477,0.00011,0.0,0.0,0.0
YHR156C,4,0.00015492986939836715,0.2522942062119821,0.0013435793486801758,0.0,2.567852437417655,1.0,0.0,0,0.09412,-1.08765,47.88353,5.01434,73.0,50.0,51465.0,0.0,1.27489,0.00012,0.0,0.0,0.5
YJR010W,2,1.632333420988933e-05,0.23555610463007084,0.0005529599207620575,0.0,1.0,0.0,0.0,0,0.09198,-0.28767,41.91626,5.52435,68.0,54.0,61435.0,0.0,1.06429,0.0001,0.0,0.0,0.5
YHR163W,1,0.0,0.00022002200220022002,4.36630699855352e-12,0.0,0.0,0.5,0.0,0,0.09237,-0.28715,36.25221,5.31805,34.0,27.0,31440.0,0.0,1.13158,0.00019,0.0,0.0,0.0
YDR287W,1,0.0,0.00022002200220022002,4.36630699855352e-12,0.0,0.0,0.0,0.0,0,0.10274,-0.13219,32.0887,5.46625,34.0,27.0,49025.0,0.0,1.52763,0.00017,0.0,0.0,0.0
YKL173W,3,0.000287820482941249,0.23153215014887385,0.0006622189730681858,0.0,2.9978425026968716,1.0,0.0,1,0.08631,-0.22629,40.84466,5.66766,133.0,116.0,110225.0,0.0,0.96655,5e-05,0.05900181244167522,0.055714552844473776,0.509292441613319
YLR451W,2,5.56116946662233e-05,0.21416577312327334,0.00026097793142281124,0.0,1.9142259414225942,1.0,0.0,0,0.08014,-0.42856,48.72032,5.78058,111.0,98.0,100990.0,0.0,1.00837,6e-05,0.0,0.0,0.5
YER147C,1,0.0,0.17909127521256277,5.19075944104378e-05,0.0,0.0,1.0,0.0,1,0.10256,-0.17772,40.42663,7.96906,70.0,73.0,98970.0,0.0,1.37192,0.00011,0.08971985818844534,0.08233295696528463,0.5
YHR169W,1,0.0,0.15953156488169284,9.655408591333317e-07,0.0,1.0,0.5,0.0,1,0.05104,-0.24037,38.79606,9.62897,45.0,61.0,21930.0,0.0,0.45804,0.0002,0.08971985818844534,0.07606989737809992,0.53803494868905
YKL075C,3,0.000429137323943662,0.19113646674737986,3.3345646992679504e-05,0.0,1.0,0.0,0.0,0,0.09111,-0.67644,37.83424,5.01324,82.0,61.0,63925.0,0.0,1.22727,0.0001,0.0,0.0,0.5
YLR075W,2,0.000429137323943662,0.18567302701730107,4.896936341750105e-05,0.0,1.463519313304721,0.0,0.0,1,0.09502,-0.60995,37.77919,10.03387,23.0,44.0,24910.0,0.0,0.98222,0.0004,0.08971985818844534,0.0,0.5
YHR174W,3,0.00021623082429855816,0.1872681984995807,1.7458397162753133e-05,0.0,1.0,0.0,0.0,0,0.06865,-0.18421,29.56247,5.66681,58.0,49.0,42525.0,0.0,0.90645,0.00012,0.0,0.0,0.5
YIL091C,1,0.0,0.15682774033225902,5.70211705300993e-07,0.0,0.0,0.5,0.0,1,0.10125,-0.77323,42.33972,5.93634,122.0,110.0,63525.0,0.0,0.75634,7e-05,0.05900181244167522,0.05277425862356333,0.5
YPR053C,2,0.0002429753369296773,0.21616926645123363,0.00047920100528518625,0.0,0.0,0.0,0.0,0,0.0,0.0,0.0,0.0,0.0,0.0,0.0,0.0,0.0,0.0,0.0,0.0,0.0
YJR007W,1,0.0,0.21240158673559859,0.000970505239378591,0.0,1.0,0.0,0.0,1,0.06579,-0.42138,52.55859,4.9433,57.0,43.0,30995.0,0.0,0.89278,0.00014,0.08971985818844534,0.0,0.5
YNL252C,3,0.00022197980942935026,0.21768265161737013,0.0009801370436631224,0.0,1.3645533141210375,0.0,0.0,0,0.09964,-0.5911,31.83384,9.04572,39.0,44.0,40910.0,0.0,1.27001,0.00028,0.0,0.0,0.5
YOR171C,4,0.0002296190895335207,0.21526691052326574,0.0012410984544641134,0.0,1.0,0.2,0.0,0,0.07372,-0.39872,48.30098,6.02521,80.0,73.0,54330.0,0.0,0.78017,9e-05,0.0,0.0,0.5
YOR351C,3,7.189956041641721e-05,0.21755945826614356,0.000985205347967452,0.3333333333333333,2.3767123287671232,0.0,1.0,0,0.08249,-0.29759,39.67449,8.07672,62.0,65.0,60080.0,0.0,1.05684,0.00014,0.0,0.0,0.5
YHR180W,3,0.00022046328822936727,0.23841141062857485,0.0008924961085977045,0.0,0.0,0.0,0.0,0,0.1227,0.18282,44.11663,4.76727,14.0,6.0,21430.0,0.0,1.18148,0.00026,0.0,0.0,0.0
YHR181W,8,0.00036537026875242576,0.23490185481163384,0.002993934016113445,0.0,0.0,0.0,0.0,0,0.0,0.0,0.0,0.0,0.0,0.0,0.0,0.0,0.0,0.0,0.0,0.0,0.0
YER014C-A,2,3.2644115651142355e-06,0.21996999533494757,0.0006416128407189234,0.0,0.0,0.0,0.0,0,0.0,0.0,0.0,0.0,0.0,0.0,0.0,0.0,0.0,0.0,0.0,0.0,0.0
YMR282C,1,0.0,0.1889078932463271,8.64565434550171e-05,0.0,0.0,0.0,0.0,0,0.10345,-0.33034,42.67521,9.57379,64.0,94.0,80675.0,0.0,1.19479,0.00014,0.0,0.0,0.0
YLR185W,1,0.0,0.18251556779830946,1.2176842714564435e-05,0.0,0.0,0.0,0.0,0,0.09091,-1.15227,50.61705,11.63678,0.0,22.0,10470.0,0.0,1.06293,0.00118,0.0,0.0,0.0
YPL204W,4,0.0003510864660681192,0.22954636794696734,0.0008413232918668964,0.0,3.8403614457831323,0.3333333333333333,0.0,1,0.09919,-0.77834,53.95324,9.31451,51.0,65.0,56895.0,0.0,0.99225,0.00016,0.08971985818844534,0.07069233844701739,0.509203865240945
YHR186C,4,0.00015868066282681616,0.21588233562992812,0.00028133894296419014,0.5,3.8068535825545173,0.0,0.0,1,0.09313,-0.40559,45.80022,7.90594,164.0,167.0,206925.0,0.0,1.16507,4e-05,0.05900181244167522,0.0,0.5
YHR187W,3,0.0003956468870212978,0.23676949553857962,0.0015738737755699836,0.0,1.0,0.5,0.0,0,0.09709,-0.34434,47.82039,4.71759,45.0,26.0,28225.0,0.0,0.80141,0.00013,0.0,0.0,0.5
YJR015W,3,4.2593015245919135e-05,0.19822355928931853,5.1830949212514854e-05,0.0,1.0,0.5,0.0,0,0.14902,0.12392,42.64786,6.60529,42.0,41.0,85440.0,0.0,1.47015,0.00011,0.0,0.0,0.5
YHR190W,3,0.0002559025476047509,0.23265312446737632,0.0004598274118135976,0.0,2.2407185628742514,0.5,0.0,1,0.10811,-0.10721,43.06919,5.58246,60.0,47.0,51770.0,0.0,1.00098,0.00011,0.08971985818844534,0.07606989737809992,0.5169744426271281
YLR032W,6,1.4311655703873014e-06,0.2433225841716458,0.016430553394693775,0.8,3.7757111597374178,0.5,22.875,0,0.0787,-0.53841,52.26145,5.98395,174.0,160.0,115220.0,0.0,0.85985,4e-05,0.0,0.0,0.5
YML062C,3,3.4191165588703125e-06,0.23074883718864084,0.0009499064886465393,0.0,2.0,1.0,0.0,0,0.05102,-1.05077,48.09515,4.43048,102.0,54.0,30035.0,0.0,0.66751,0.0001,0.0,0.0,0.5
YHR198C,2,8.752161630113155e-06,0.22377642960888142,0.00044112919773636007,0.0,1.6269315673289184,0.0,0.0,0,0.09657,-0.46106,26.46698,9.13507,36.0,44.0,33390.0,0.0,0.91477,0.00025,0.0,0.0,0.5
YHR201C,1,0.0,0.00022002200220022002,4.36630699855352e-12,0.0,0.0,0.0,0.0,0,0.0806,-0.32746,38.35972,5.50433,60.0,51.0,37985.0,0.0,0.84316,0.00012,0.0,0.0,0.0
YPR056W,1,0.0,0.00022002200220022002,4.36630699855352e-12,0.0,0.0,1.0,0.0,1,0.07101,-0.08373,43.4858,8.98944,35.0,44.0,21525.0,0.0,0.57466,0.00024,0.08971985818844534,0.08233295696528463,0.5
YPL258C,1,0.0,0.16100758415774566,6.978962519275014e-07,0.0,1.0,0.0,0.0,0,0.08348,-0.15662,34.63922,5.6369,70.0,57.0,72375.0,0.0,1.18002,9e-05,0.0,0.0,0.5
YHR209W,2,1.9094600348912565e-05,0.2299958223821947,0.00032392210165908434,0.0,0.0,0.0,0.0,0,0.13402,-0.39794,40.23306,5.7431,39.0,35.0,61475.0,0.0,1.8196,0.00017,0.0,0.0,0.0
YHR216W,3,1.674462276037582e-05,0.23443304082043642,0.0006753386400087049,0.3333333333333333,2.807212205270458,0.0,2.0,0,0.06119,-0.13499,31.9287,8.71185,51.0,57.0,25870.0,0.0,0.45764,0.00015,0.0,0.0,0.5
YIL001W,1,0.0,0.16113642458251845,8.023847755683079e-07,0.0,1.0,0.0,0.0,0,0.10916,-0.13021,35.17485,5.03485,80.0,60.0,56490.0,0.0,0.94574,8e-05,0.0,0.0,0.5
YIL002C,3,7.377698010157506e-06,0.2135061693587313,0.00046871198654667824,0.3333333333333333,1.0,0.0,1.75,0,0.11205,-0.35846,39.29622,6.29181,129.0,122.0,139800.0,0.0,1.28933,6e-05,0.0,0.0,0.5
YOR109W,5,0.00022415135676423495,0.24427838890410908,0.004040632476561669,0.1,1.8663366336633664,0.0,0.5714285714285714,0,0.09756,-0.42593,42.70453,6.75433,133.0,130.0,118705.0,0.0,0.95288,5e-05,0.0,0.0,0.5
YIL011W,1,0.0,0.00022002200220022002,4.36630699855352e-12,0.0,1.0,0.0,0.0,0,0.05204,0.06097,54.39071,4.16217,24.0,9.0,14440.0,0.0,0.54888,0.00016,0.0,0.0,0.5
YMR201C,1,0.0,0.00022002200220022002,4.36630699855352e-12,0.0,1.0,1.0,0.0,0,0.06739,-1.10701,51.59164,6.90704,66.0,65.0,32400.0,0.0,0.75283,0.00016,0.0,0.0,0.5
YIL016W,1,0.0,0.00022002200220022002,4.36630699855352e-12,0.0,0.0,0.6666666666666666,0.0,0,0.05031,-0.63711,40.62075,9.58099,23.0,32.0,11585.0,0.0,0.63285,0.00052,0.0,0.0,0.0
YMR222C,1,0.0,0.00022002200220022002,4.36630699855352e-12,0.0,0.0,0.0,0.0,0,0.12108,-0.25202,40.2157,4.68451,25.0,12.0,27515.0,0.0,1.12154,0.00019,0.0,0.0,0.0
YOL005C,1,0.0,0.17815567872931548,7.819732932362092e-06,0.0,1.0,1.0,0.0,1,0.1,-0.36417,14.41167,5.39105,19.0,16.0,8605.0,0.0,0.63201,0.0004,0.08971985818844534,0.08233295696528463,0.5411664784826423
YNR017W,3,0.000654231658485541,0.1882519338609728,1.86176471510591e-05,0.0,0.0,0.0,0.0,1,0.05856,-0.0982,37.92973,6.8952,19.0,19.0,24325.0,0.0,1.04654,0.0003,0.08971985818844534,0.0,0.0
YIL023C,3,2.5319622442853905e-05,0.21356008233518672,7.642774276961515e-05,0.0,2.9051383399209487,0.5,0.0,0,0.08671,0.43613,35.69197,6.55975,22.0,18.0,20440.0,0.0,0.54626,0.00018,0.0,0.0,0.5
YMR104C,4,0.00017556902962120283,0.24762564796621375,0.0010413098888217983,0.0,2.2416396979503777,0.5,0.0,0,0.09453,-0.43294,40.96547,7.32794,84.0,84.0,79020.0,0.0,1.03074,0.0001,0.0,0.0,0.5
YOR352W,1,0.0,0.18721016426062653,2.3768360263828993e-05,0.0,0.0,0.5,0.0,0,0.09038,-0.61079,41.58746,4.85968,53.0,35.0,30870.0,0.0,0.78601,0.00012,0.0,0.0,0.0
YMR313C,2,2.077113051611983e-05,0.22525452460017217,0.0009254165657917211,0.0,0.0,0.0,0.0,0,0.09502,-0.11121,48.20171,8.67633,65.0,73.0,80230.0,0.0,1.08991,0.00012,0.0,0.0,0.0
YIL030C,1,0.0,0.00022002200220022002,4.36630699855352e-12,0.0,0.0,0.6666666666666666,0.0,0,0.12509,0.01084,38.4292,5.86774,145.0,125.0,189160.0,0.0,1.24897,4e-05,0.0,0.0,0.0
YLR139C,1,0.0,0.00022002200220022002,4.36630699855352e-12,0.0,0.0,0.0,0.0,0,0.0,0.0,0.0,0.0,0.0,0.0,0.0,0.0,0.0,0.0,0.0,0.0,0.0
YKL166C,2,0.0,0.20027958654537426,3.2039974758268686e-05,1.0,1.7404580152671756,0.0,2.5454545454545454,1,0.11558,-0.50427,34.40033,5.92596,52.0,45.0,59290.0,0.0,1.28957,0.00013,0.08971985818844534,0.0,0.5
YBR096W,1,0.0,0.21214584810711043,0.0012607786594450463,0.0,0.0,0.0,0.0,0,0.17391,-0.13391,37.9227,8.70685,23.0,29.0,45935.0,0.0,1.69551,0.00032,0.0,0.0,0.0
YBR173C,3,9.410495860568878e-06,0.2294467276353246,0.004874974465261735,0.3333333333333333,1.5137976346911959,0.0,2.333333333333333,0,0.0473,-0.69054,42.80405,5.00702,21.0,15.0,14105.0,0.0,0.84161,0.0003,0.0,0.0,0.5
YBR277C,2,1.2439287900929956e-05,0.23612168129538402,0.0037156815991046836,0.0,0.0,0.0,0.0,0,0.15038,0.61278,40.03541,9.09747,7.0,11.0,3480.0,0.0,0.23755,0.00062,0.0,0.0,0.0
YBR291C,1,0.0,0.21214584810711043,0.0012607786594450463,0.0,1.0,0.0,0.0,0,0.08696,0.05251,23.58796,9.60394,23.0,37.0,22390.0,0.0,0.69593,0.0003,0.0,0.0,0.5
YCL035C,1,0.0,0.21214584810711043,0.0012607786594450463,0.0,0.0,0.0,0.0,0,0.05455,-0.24818,40.58818,4.98199,17.0,11.0,6210.0,0.0,0.50161,0.0004,0.0,0.0,0.0
YIL039W,4,0.0003478200392038791,0.24829447421284906,0.003711821211168897,0.0,2.7994891443167305,0.5,0.0,0,0.14165,-0.46744,30.32645,5.43195,59.0,41.0,121530.0,0.0,2.21258,0.0001,0.0,0.0,0.5
YDR453C,3,0.00011057614874235389,0.2402399267309983,0.0009762429812839046,0.0,2.2832800851970183,0.0,0.0,0,0.09694,-0.10459,21.53622,6.7431,24.0,24.0,24200.0,0.0,1.11961,0.00031,0.0,0.0,0.5
YJR131W,3,2.0246246680325803e-05,0.22801160305828921,0.00045560959563320123,0.0,2.9256110520722634,0.5,0.0,0,0.12933,-0.32149,36.81113,5.42706,71.0,52.0,118315.0,0.0,1.87633,9e-05,0.0,0.0,0.5
YNL103W,6,7.629129874495314e-05,0.23396609440738256,0.0008734757097073626,0.06666666666666667,1.7637130801687764,1.0,0.0,1,0.04911,-1.0003,41.3244,5.48431,93.0,67.0,18910.0,0.0,0.25426,7e-05,0.08971985818844534,0.08233295696528463,0.5233408023932685
YNL182C,4,0.0004718404059102214,0.2525805274351351,0.0017669597183742156,0.0,3.9303062302006335,1.0,0.0,1,0.06847,-0.29027,34.27353,5.48785,65.0,52.0,44570.0,0.0,0.72152,9e-05,0.08971985818844534,0.08233295696528463,0.5104741147563305
YIL047C,1,0.0,0.18896698499950987,1.941359732047071e-05,0.0,1.0,0.0,0.0,0,0.13415,-0.19013,45.61664,8.87518,87.0,101.0,184090.0,0.0,1.76642,9e-05,0.0,0.0,0.5
YIL049W,2,0.00022404930775101451,0.22237606175426128,0.0006029077179928003,0.0,0.0,0.5,0.0,0,0.20158,0.28103,41.06142,9.21295,14.0,24.0,68355.0,0.0,2.25555,0.0003,0.0,0.0,0.0
YIL050W,6,0.000278698600033157,0.25075327267072056,0.0020726250036909757,0.0,2.411214953271028,0.0,0.0,0,0.08421,-0.22667,45.02814,5.02863,36.0,25.0,19535.0,0.0,0.60977,0.00016,0.0,0.0,0.5
YIL053W,3,0.0001856304541877924,0.22818385443120182,0.0002685554691264821,0.0,1.0,0.5,0.0,0,0.108,-0.3104,27.0252,5.34772,40.0,32.0,41285.0,0.0,1.47728,0.00019,0.0,0.0,0.5
YIL054W,1,0.0,0.22463230758666838,0.0012347503629282907,0.0,0.0,0.0,0.0,0,0.17143,0.84476,34.14962,6.47198,6.0,5.0,10470.0,0.0,0.86923,0.00054,0.0,0.0,0.0
YLR017W,1,0.0,0.2035378894069615,6.937182840463013e-05,0.0,1.0,0.5,0.0,0,0.09199,-0.2451,40.55312,7.66986,34.0,35.0,33640.0,0.0,0.88863,0.0002,0.0,0.0,0.5
YLR213C,2,0.0007393331189197453,0.20437403655304393,7.017421316314256e-05,0.0,1.9561290322580644,0.0,0.0,0,0.10664,-0.43863,34.42133,7.93097,47.0,49.0,92580.0,0.0,1.95501,0.00017,0.0,0.0,0.5
YLR439W,1,0.0,0.2035378894069615,6.937182840463013e-05,0.0,1.0,0.0,0.0,0,0.08464,-0.61912,47.01223,7.21332,43.0,43.0,33835.0,0.0,0.91534,0.0002,0.0,0.0,0.5
YMR044W,1,0.0,0.2035378894069615,6.937182840463013e-05,0.0,1.0,1.0,0.0,0,0.07579,-0.97726,54.08442,5.2132,99.0,84.0,59525.0,0.0,1.07396,9e-05,0.0,0.0,0.5
YOR346W,1,0.0,0.2035378894069615,6.937182840463013e-05,0.0,1.0,0.5,0.0,0,0.07817,-0.45766,41.90092,8.71954,116.0,130.0,86980.0,0.0,0.77504,8e-05,0.0,0.0,0.5
YIL062C,2,0.0,0.19857728059727786,7.276097221939093e-05,1.0,0.0,0.0,0.0,1,0.06494,-0.32078,42.36104,5.13422,19.0,16.0,19940.0,0.0,1.16375,0.0003,0.08971985818844534,0.0,0.0
YIL064W,1,0.0,0.17837361076133765,2.0697730153116386e-05,0.0,0.0,0.0,0.0,0,0.09339,-0.27821,24.1463,4.95416,37.0,29.0,32805.0,0.0,1.14346,0.00017,0.0,0.0,0.0
YIL065C,2,5.698435001419239e-05,0.24667229716613384,0.001025748335492659,0.0,1.0,0.0,0.0,0,0.10323,-0.36323,47.98516,9.16461,19.0,24.0,24660.0,0.0,1.39061,0.00052,0.0,0.0,0.5
YIL068C,3,1.1239474267251023e-05,0.19658329181902431,0.00013914531925728217,0.3333333333333333,1.0,0.0,0.0,1,0.09814,-0.32174,35.29268,5.02863,132.0,100.0,84325.0,0.0,0.90258,5e-05,0.05900181244167522,0.0,0.5
YML054C,2,0.000429137323943662,0.1575405405826329,6.200847383593343e-07,0.0,1.0,0.0,0.0,0,0.06768,-0.33993,38.09223,8.59296,75.0,81.0,62310.0,0.0,0.95074,0.00013,0.0,0.0,0.5
YIL072W,2,0.0,0.19526704794602107,4.184512429603171e-05,1.0,1.0,0.5,1.0,0,0.08099,-0.43008,42.80514,8.42609,75.0,80.0,45265.0,0.0,0.65721,0.00012,0.0,0.0,0.5
YLR056W,5,0.0005300111876850944,0.24934861668253033,0.002409813466049344,0.0,4.259723964868256,0.5,0.0,0,0.15342,-0.04822,38.95263,7.31061,34.0,34.0,85300.0,0.0,1.99627,0.00017,0.0,0.0,0.5
YIL082W,1,0.0,0.1891444822793323,1.8944858675095522e-05,0.0,0.0,0.0,0.0,0,0.10345,-0.77448,58.73283,8.80426,36.0,41.0,35130.0,0.0,1.03023,0.00026,0.0,0.0,0.0
YIL092W,4,0.00029503462250991526,0.2011273812280158,3.981112278636056e-05,0.0,1.9086956521739131,0.0,0.0,0,0.06951,-0.64408,48.36288,9.14642,74.0,91.0,33360.0,0.0,0.46982,0.00013,0.0,0.0,0.5
YHR074W,1,0.0,0.16643195805726668,1.3198978672827468e-06,0.0,1.0,0.0,0.0,1,0.09104,-0.1986,46.24765,6.10931,87.0,79.0,94625.0,0.0,1.17277,8e-05,0.08971985818844534,0.0,0.5
YNR040W,3,0.0002682927317163001,0.23364291896342518,0.00037830505275966817,0.0,0.0,0.0,0.0,0,0.10547,-0.20977,44.16176,10.11761,17.0,38.0,27305.0,0.0,0.95353,0.00035,0.0,0.0,0.0
YIL097W,2,1.611425830296232e-05,0.17569815482462325,6.116230417723667e-06,0.0,1.953757225433526,0.5,0.0,0,0.09109,-0.5,34.74944,6.66229,66.0,63.0,48205.0,0.0,0.80484,0.00011,0.0,0.0,0.5
YIL098C,1,0.0,0.1643938572607795,1.7897368049656723e-06,0.0,1.0,0.0,0.0,0,0.07097,-0.91806,29.66194,9.66339,23.0,31.0,23950.0,0.0,1.3042,0.00053,0.0,0.0,0.5
YIL103W,1,0.0,0.13241179829405786,1.6237306486191155e-08,0.0,0.0,0.0,0.0,0,0.09176,-0.25459,43.04353,8.46234,52.0,56.0,38695.0,0.0,0.80097,0.00018,0.0,0.0,0.0
YKL191W,2,0.000214568661971831,0.15347523646495959,4.011409983974874e-07,0.0,0.0,0.0,0.0,0,0.09551,-0.18839,38.1341,4.92596,74.0,45.0,58300.0,0.0,0.97533,8e-05,0.0,0.0,0.0
YNL326C,2,4.78413962033068e-08,0.16726141880860027,2.830750713263486e-06,0.0,1.0,0.0,0.0,0,0.125,-0.01726,39.80179,7.87897,34.0,36.0,68225.0,0.0,1.74119,0.0002,0.0,0.0,0.5
YMR068W,6,0.0006622462299043678,0.24161256943886597,0.0006229937243396713,0.13333333333333333,3.2055974165769645,0.0,6.5,0,0.05399,-0.5446,46.75,9.38959,41.0,54.0,35130.0,0.0,0.74524,0.0002,0.0,0.0,0.5
YPL059W,5,0.00035483361471510194,0.21945628679843437,0.00026760330895159303,0.1,4.237060041407868,0.0,1.5555555555555556,0,0.09333,-0.25933,60.32667,4.84869,24.0,18.0,11710.0,0.0,0.69162,0.00029,0.0,0.0,0.5
YNL161W,2,1.5431669122488982e-05,0.1904392339706837,5.761147876031716e-05,0.0,1.0,0.0,0.0,1,0.09656,-0.87262,66.33548,7.71808,75.0,76.0,101120.0,0.0,1.16304,9e-05,0.08971985818844534,0.0,0.5
YIL108W,3,9.371788201032583e-05,0.20921745449826992,0.00011714179212299957,0.0,2.3212045169385194,0.0,0.0,0,0.09626,-0.30187,37.95188,7.263,71.0,71.0,78990.0,0.0,1.02037,9e-05,0.0,0.0,0.5
YOR032C,2,4.530822064468542e-05,0.21771627402147106,0.0005196546426483485,0.0,1.5816023738872405,1.0,0.0,0,0.06682,-0.85507,59.5553,6.01837,51.0,44.0,22975.0,0.0,0.47012,0.00012,0.0,0.0,0.5
YIL111W,2,1.976166792450981e-05,0.23621400906708925,0.002127172334788499,0.0,0.0,0.0,0.0,0,0.09934,-0.62715,27.90331,9.79816,15.0,23.0,38960.0,0.0,2.26558,0.00057,0.0,0.0,0.0
YLL019C,1,0.0,0.18691226972768,5.783379540421182e-05,0.0,1.0,0.0,0.0,0,0.08277,-0.55522,48.58848,8.742,80.0,89.0,80800.0,0.0,0.96372,0.0001,0.0,0.0,0.5
YIL117C,2,8.026662515377952e-06,0.23108930489748247,0.0006206188545380811,0.0,1.0,0.0,0.0,0,0.06289,-0.43522,51.79374,6.61127,31.0,30.0,24410.0,0.0,0.70447,0.00019,0.0,0.0,0.5
YHR087W,1,0.0,0.19745532267085508,0.00013771624302624506,0.0,1.0,0.5,0.0,0,0.08108,-0.47748,22.52532,5.04877,17.0,14.0,5960.0,0.0,0.49628,0.00042,0.0,0.0,0.5
YIL130W,2,1.638468161603922e-05,0.22176962399407552,0.0014634617040126922,0.0,1.0,1.0,0.0,0,0.08091,-0.62469,49.40315,5.80695,106.0,94.0,74745.0,0.0,0.68712,5e-05,0.0,0.0,0.5
YLR322W,4,0.00015411242216403198,0.251513899382563,0.0011475882818429777,0.0,1.6890156918687589,0.0,0.0,0,0.10577,1.19038,38.41731,8.73566,6.0,10.0,6500.0,0.0,0.53446,0.00072,0.0,0.0,0.5
YIL134W,1,0.0,0.18755059166714116,1.4687318532917702e-05,0.0,0.0,0.0,0.0,0,0.09325,0.09421,24.90354,9.90314,17.0,35.0,41620.0,0.0,1.20958,0.00029,0.0,0.0,0.0
YIL139C,1,0.0,0.20000488059022048,0.00013139492068756233,0.0,1.0,0.0,0.0,0,0.1102,-0.32041,48.37024,4.81952,41.0,26.0,33390.0,0.0,1.16101,0.00017,0.0,0.0,0.5
YIL143C,2,0.00012713115144812376,0.23491490418971345,0.00045709751927848784,0.0,1.9948822927328558,1.0,0.0,1,0.08422,-0.48149,45.18804,5.72479,118.0,101.0,80440.0,0.0,0.84372,6e-05,0.05900181244167522,0.055714552844473776,0.5139643709925733
YPL260W,1,0.0,0.2072385783052699,0.00020961327736111749,0.0,1.0,0.5,0.0,0,0.05082,-0.70653,51.12978,5.0047,97.0,66.0,31580.0,0.0,0.50303,8e-05,0.0,0.0,0.5
YIL153W,2,1.4592727920392449e-05,0.20774763892503229,0.0003003056265736504,0.0,0.0,0.5,0.0,0,0.11196,-0.37684,50.13692,6.33636,42.0,36.0,68340.0,0.0,1.51591,0.00014,0.0,0.0,0.0
YOL044W,4,2.4690142968628566e-05,0.21545336476889143,0.00034821709058444875,0.0,1.6290697674418604,0.3333333333333333,0.0,0,0.07311,-0.05091,50.44883,8.61664,44.0,49.0,19450.0,0.0,0.44533,0.0002,0.0,0.0,0.5
YIL154C,4,7.190771651025533e-05,0.2505749697984731,0.004260835275190101,0.16666666666666666,2.519406392694064,0.0,6.0,0,0.05491,-0.60318,48.86387,4.94647,64.0,43.0,29045.0,0.0,0.7434,0.00013,0.0,0.0,0.5
YIL158W,1,0.0,0.17583696579146876,3.07443422669009e-05,0.0,1.0,0.0,0.0,0,0.08333,-0.48775,42.95343,6.75604,26.0,26.0,20650.0,0.0,0.90413,0.0003,0.0,0.0,0.5
YIL163C,1,0.0,0.21786209120654468,0.000975640177638187,0.0,0.0,0.0,0.0,0,0.15385,-0.29573,38.76675,10.61102,5.0,22.0,13200.0,0.0,0.94358,0.00076,0.0,0.0,0.0
YNR074C,3,0.00013904692614653157,0.22902421957967029,0.0002644770447727439,0.0,1.0,0.3333333333333333,0.0,0,0.09524,-0.03333,24.05767,6.96796,43.0,43.0,33725.0,0.0,0.8159,0.00017,0.0,0.0,0.5
YIL173W,1,0.0,0.21623558960518674,0.00016828682677577932,0.0,1.0,0.0,0.0,0,0.11168,-0.4153,33.84083,5.16412,232.0,180.0,177765.0,0.0,1.01914,3e-05,0.0,0.0,0.5
YMR057C,1,0.0,0.19293289489547552,7.212012681694198e-05,0.0,0.0,0.0,0.0,0,0.11382,-0.2935,77.72033,10.50604,7.0,22.0,15190.0,0.0,1.06279,0.00074,0.0,0.0,0.0
YOL101C,2,6.160853720290594e-05,0.24475911271164158,0.0010583246337513654,0.0,1.0,0.5,0.0,0,0.16667,0.29167,46.67609,8.1535,25.0,27.0,40965.0,0.0,1.11904,0.00022,0.0,0.0,0.5
YOR105W,1,0.0,0.19436058235597886,7.295732451638341e-05,0.0,0.0,0.0,0.0,0,0.0,0.0,0.0,0.0,0.0,0.0,0.0,0.0,0.0,0.0,0.0,0.0,0.0
YIR008C,5,0.000643681135088261,0.2404038198021053,0.002179737995623194,0.1,4.50524109014675,0.0,2.0,1,0.10513,-0.60489,43.27873,7.98431,59.0,61.0,61850.0,0.0,1.29692,0.00017,0.08971985818844534,0.0,0.5
YKL045W,1,0.0,0.19244996997765587,6.204561591169608e-05,0.0,1.0,0.0,0.0,1,0.11364,-0.65473,45.1468,8.38373,68.0,72.0,62770.0,0.0,1.00816,0.00013,0.08971985818844534,0.0,0.5
YNL036W,3,0.0008853158629250998,0.22432248635717109,0.00025127815977084566,0.0,2.791255289139633,0.25,0.0,1,0.0724,-0.33529,45.18824,6.5379,21.0,19.0,24045.0,0.0,0.96726,0.00026,0.08971985818844534,0.06602488493524936,0.511827095356011
YOR011W,1,0.0,0.21054036297331502,0.0002043780679017088,0.0,1.0,0.0,0.0,0,0.13702,0.01944,42.32908,6.8183,129.0,126.0,218580.0,0.0,1.38562,4e-05,0.0,0.0,0.5
YIR011C,2,0.002130476169532228,0.2296959907832174,0.0005163399148100608,0.0,1.7042606516290726,0.5,0.0,1,0.07524,-0.48527,56.88589,7.11627,35.0,35.0,33515.0,0.0,0.91862,0.0002,0.08971985818844534,0.07606989737809992,0.5223175654807808
YIR012W,2,0.000214568661971831,0.15571892732063014,1.3649901694071809e-06,0.0,2.0,0.0,0.0,1,0.07657,-0.12274,36.96241,4.35138,65.0,23.0,52825.0,0.0,1.11997,9e-05,0.08971985818844534,0.0,0.5
YIR022W,3,4.577693089980308e-05,0.2151792789700301,7.814975139890211e-05,0.0,2.0997506234413965,0.5,0.0,1,0.11976,0.09042,31.29521,9.1861,12.0,16.0,27055.0,0.0,1.44205,0.00049,0.08971985818844534,0.07606989737809992,0.5181140313827898
YJR010C-A,3,0.00037531881801424984,0.25265598317016386,0.0018348838212319328,0.0,2.7963709677419355,0.5,0.0,0,0.10638,0.20426,71.38085,8.86249,7.0,10.0,17335.0,0.0,1.60232,0.00082,0.0,0.0,0.5
YIR025W,5,0.00011298881687120605,0.24631309356471529,0.00120765313191435,0.3,3.7216981132075473,0.0,2.8,0,0.07609,-1.14212,47.62908,4.64288,80.0,47.0,38850.0,0.0,0.90718,0.00011,0.0,0.0,0.5
YIR033W,2,6.966757504723647e-05,0.23045959945059852,0.0034163124769710593,0.0,0.0,0.0,0.0,0,0.08086,-0.64807,51.35913,5.0246,155.0,108.0,84950.0,0.0,0.66862,4e-05,0.0,0.0,0.0
YKL020C,2,1.7747614720581553e-08,0.1996177865520691,0.0002972853370660746,0.0,1.0,0.0,0.0,0,0.07394,-0.52911,41.59797,6.22455,118.0,109.0,67320.0,0.0,0.55482,5e-05,0.0,0.0,0.5
YIR037W,2,4.754009887756486e-05,0.23141811362770384,0.0006148203135134014,0.0,1.927461139896373,0.0,0.0,0,0.12883,-0.47853,30.99454,8.2951,22.0,24.0,17795.0,0.0,0.9546,0.00044,0.0,0.0,0.5
YLL060C,1,0.0,0.19596381622498873,2.19466002128769e-05,0.0,0.0,0.0,0.0,0,0.08584,-0.27167,44.62833,8.70538,28.0,31.0,31650.0,0.0,1.20163,0.00033,0.0,0.0,0.0
YIR040C,3,0.00022591441240700998,0.23316625442870711,0.0004691524560831796,0.0,2.257315842583249,0.0,0.0,0,0.15455,0.22091,55.89827,9.31854,6.0,15.0,23920.0,0.0,1.8374,0.00072,0.0,0.0,0.5
YJL006C,3,0.00013437897104336173,0.22824543586760038,0.0015739440614123215,0.3333333333333333,0.0,0.5,2.433333333333333,0,0.11765,-0.24923,37.88923,8.29608,39.0,42.0,37330.0,0.0,0.98485,0.00022,0.0,0.0,0.0
YJL010C,1,0.0,0.16195722674527122,2.5070209779406704e-06,0.0,0.0,0.5,0.0,1,0.09309,-0.52417,43.69204,8.22675,99.0,102.0,71905.0,0.0,0.92517,0.00011,0.05900181244167522,0.05277425862356333,0.5
YJL011C,3,2.293709164123045e-05,0.1723960695633345,2.2733769397796693e-06,0.0,2.604703247480403,1.0,0.0,1,0.08075,-0.67578,45.03292,5.52679,28.0,24.0,13075.0,0.0,0.70311,0.0003,0.08971985818844534,0.08233295696528463,0.515804671231728
YDR045C,2,1.2147509501192095e-05,0.1674137214584517,2.331483429254572e-06,0.0,1.0,0.5,0.0,1,0.11818,-0.49727,60.48827,4.86029,15.0,11.0,20940.0,0.0,1.67346,0.00039,0.08971985818844534,0.07606989737809992,0.53803494868905
YNL151C,4,0.00029473941725036823,0.19781555832525763,3.0267415960164848e-05,0.16666666666666666,3.795550847457627,1.0,1.0,1,0.08765,-0.92789,38.94625,4.23529,56.0,27.0,17880.0,0.0,0.64494,0.00015,0.08971985818844534,0.08233295696528463,0.5108459826088793
YJL019W,5,0.00024793025964633795,0.22648509401312367,0.002559134742101773,0.0,2.7820823244552058,0.25,0.0,1,0.10264,-0.8195,52.55443,5.1225,101.0,74.0,98920.0,0.0,1.2494,6e-05,0.05900181244167522,0.047735814213720786,0.5085791519888019
YDL129W,2,0.000261241113657395,0.22110866354609318,0.0016157919998614375,0.0,1.0,0.5,0.0,0,0.04811,-0.95189,51.65739,9.46735,42.0,51.0,21430.0,0.0,0.65106,0.00029,0.0,0.0,0.5
YOR081C,1,0.0,0.21651237470273066,0.001583308474949465,0.0,1.0,0.0,0.0,0,0.09212,-0.31081,47.09174,9.17792,63.0,77.0,73185.0,0.0,0.8639,0.00011,0.0,0.0,0.5
YPR176C,1,0.0,0.1655652946368205,1.8621235232058718e-06,0.0,0.0,0.0,0.0,1,0.11692,-0.05477,30.40738,5.0274,45.0,32.0,64495.0,0.0,1.75901,0.00014,0.08971985818844534,0.0,0.0
YJL048C,3,0.00014179737772584681,0.2272885348196201,0.00034028473416977494,0.0,1.0,0.0,0.0,0,0.09596,-0.68737,44.75429,8.64984,39.0,43.0,65820.0,0.0,1.46215,0.00019,0.0,0.0,0.5
YJL057C,3,2.529298059712167e-05,0.22181615559793497,0.00010383239723838355,0.3333333333333333,1.5520082389289391,0.0,2.6095238095238096,0,0.09295,-0.36357,42.80645,6.02606,82.0,73.0,54790.0,0.0,0.72737,8e-05,0.0,0.0,0.5
YBL104C,2,7.234294780908925e-06,0.2064292501986347,0.00016485578348677496,0.0,1.0,0.0,0.0,0,0.08863,-0.55934,39.54701,5.76593,137.0,121.0,166975.0,0.0,1.41944,5e-05,0.0,0.0,0.5
YBR076W,3,0.00016586543956815869,0.2568610332454007,0.002802066414252769,0.0,1.6650943396226414,0.0,0.0,0,0.13559,-0.62768,37.35791,9.07025,37.0,49.0,57185.0,0.0,1.36904,0.00022,0.0,0.0,0.5
YGL147C,2,2.0072539893356238e-06,0.21895630872050081,0.00032453325320621837,0.0,1.6242937853107344,0.0,0.0,0,0.06806,-0.25864,30.97068,9.73114,20.0,31.0,9065.0,0.0,0.42028,0.00045,0.0,0.0,0.5
YPL080C,1,0.0,0.20505786006784174,0.00016038365346083655,0.0,0.0,0.0,0.0,0,0.0,0.0,0.0,0.0,0.0,0.0,0.0,0.0,0.0,0.0,0.0,0.0,0.0
YJL063C,1,0.0,0.00022002200220022002,4.36630699855352e-12,0.0,1.0,0.0,0.0,0,0.04622,-0.41891,40.64076,9.8078,24.0,37.0,18700.0,0.0,0.69401,0.00036,0.0,0.0,0.5
YHL024W,1,0.0,0.00022002200220022002,4.36630699855352e-12,0.0,1.0,0.0,0.0,0,0.08976,-0.95764,54.2554,5.492,93.0,71.0,71795.0,0.0,0.89623,7e-05,0.0,0.0,0.5
YJL143W,3,6.04517223701133e-05,0.18916986625744978,8.950077118954492e-05,0.0,0.0,0.0,0.0,1,0.09494,0.14241,48.91266,9.61322,9.0,15.0,29490.0,0.0,1.77822,0.00058,0.08971985818844534,0.0,0.0
YNR029C,2,5.535740490331681e-06,0.19436058235597886,0.00010933677115506314,0.0,0.0,0.0,0.0,0,0.06527,-0.34126,45.31235,5.00739,70.0,51.0,46255.0,0.0,0.96122,0.0001,0.0,0.0,0.0
YJL070C,7,0.000866253163603373,0.191404661671979,1.5585839138006254e-05,0.0,1.70752688172043,0.0,0.0,0,0.14189,-0.50372,43.15973,5.28888,124.0,101.0,173930.0,0.0,1.66819,5e-05,0.0,0.0,0.5
YBL100C,1,0.0,0.15971835588151656,4.708455931726181e-07,0.0,0.0,0.0,0.0,0,0.07692,0.56923,43.36452,7.54181,10.0,11.0,5220.0,0.0,0.46399,0.00067,0.0,0.0,0.0
YDR250C,1,0.0,0.15971835588151656,4.708455931726181e-07,0.0,0.0,0.0,0.0,0,0.14286,-0.21429,36.67154,8.41559,5.0,7.0,9440.0,0.0,0.89914,0.0008,0.0,0.0,0.0
YDR374C,1,0.0,0.15971835588151656,4.708455931726181e-07,0.0,0.0,0.0,0.0,0,0.11765,-0.81699,42.59549,9.01752,38.0,43.0,51005.0,0.0,1.41476,0.00025,0.0,0.0,0.0
YDR504C,1,0.0,0.15971835588151656,4.708455931726181e-07,0.0,0.0,0.0,0.0,0,0.28346,0.8378,34.62693,9.1994,5.0,12.0,21150.0,0.0,1.35755,0.00059,0.0,0.0,0.0
YGL259W,2,0.0004515974242624855,0.2213633036862813,0.00010790448116857195,0.0,1.0,0.0,0.0,0,0.07879,0.20061,35.24424,4.74957,13.0,9.0,12170.0,0.0,0.67791,0.00026,0.0,0.0,0.5
YJL072C,2,5.0918757617742064e-05,0.22378827213796743,0.00019752734085125694,0.0,1.0,1.0,0.0,1,0.07042,-0.50376,49.48732,6.18353,32.0,29.0,30605.0,0.0,1.22124,0.00025,0.08971985818844534,0.08233295696528463,0.5411664784826423
YJL075C,2,3.0115071554792208e-05,0.21488404849428486,0.0001527430768758121,0.0,0.0,0.0,0.0,0,0.15942,-0.12029,57.8029,3.85504,30.0,7.0,10220.0,0.0,0.65295,0.00025,0.0,0.0,0.0
YJL078C,3,0.00022927304318488291,0.23134215166688726,0.00030291009294914885,0.0,2.319952774498229,0.0,0.0,0,0.05562,-0.18547,38.26322,4.46832,62.0,29.0,62115.0,0.0,0.69674,5e-05,0.0,0.0,0.5
YJL081C,1,0.0,0.203078480061424,0.0003148386316645254,0.0,1.0,1.0,0.0,1,0.08589,-0.49121,46.03538,5.34442,68.0,57.0,74215.0,0.0,1.35352,0.0001,0.08971985818844534,0.08233295696528463,0.5411664784826423
YKL108W,1,0.0,0.17161944765905163,2.0764694566188072e-06,0.0,1.0,1.0,0.0,1,0.0596,-1.05894,63.47638,9.05511,75.0,83.0,26150.0,0.0,0.50028,0.00017,0.08971985818844534,0.08233295696528463,0.5411664784826423
YNL262W,2,6.070873504959406e-06,0.18340214209650135,3.0435720039072507e-05,0.0,1.9718969555035128,1.0,0.0,1,0.10441,-0.37583,39.19849,6.53339,292.0,282.0,303225.0,0.0,1.18601,3e-05,0.05900181244167522,0.055714552844473776,0.5141271461191154
YJL091C,2,0.00041018642110088164,0.23088742507884424,0.00030909275872339484,0.0,1.0,0.5,0.0,1,0.1449,0.45184,24.81022,9.41241,25.0,43.0,91885.0,0.0,1.65661,0.00017,0.08971985818844534,0.07606989737809992,0.53803494868905
YER087C-A,2,2.053193772953052e-05,0.2339013878156442,0.0017259417891311352,0.0,0.0,0.0,0.0,0,0.0,0.0,0.0,0.0,0.0,0.0,0.0,0.0,0.0,0.0,0.0,0.0,0.0
YOL075C,3,0.00021728385309685214,0.20755390155683873,7.08716167557822e-05,0.0,0.0,0.0,0.0,0,0.10433,0.04521,35.82204,6.56903,129.0,124.0,136885.0,0.0,0.94357,5e-05,0.0,0.0,0.0
YJL102W,1,0.0,0.00022002200220022002,4.36630699855352e-12,0.0,0.0,0.0,0.0,0,0.06716,-0.28596,37.13065,6.06989,98.0,92.0,83655.0,0.0,0.91644,7e-05,0.0,0.0,0.0
YIR013C,1,0.0,0.00022002200220022002,4.36630699855352e-12,0.0,0.0,0.0,0.0,0,0.05785,-0.36198,42.29008,10.74091,6.0,21.0,7615.0,0.0,0.57492,0.00081,0.0,0.0,0.0
YJL112W,1,0.0,0.1994295034106316,0.0006282346137845851,0.0,0.0,0.0,0.0,0,0.07563,-0.57927,42.00759,5.37518,99.0,82.0,69300.0,0.0,0.86591,7e-05,0.0,0.0,0.0
YAL019W,3,0.00013148081439107976,0.24326659324161723,0.0037471873832693675,0.0,1.697936210131332,0.5,0.0,0,0.06808,-0.76684,45.65704,5.24017,189.0,152.0,81555.0,0.0,0.63464,4e-05,0.0,0.0,0.5
YBR214W,1,0.0,0.2222942327876272,0.0004568120547320122,0.0,1.0,0.0,0.0,0,0.04744,-0.28102,54.41008,9.05829,40.0,48.0,30660.0,0.0,0.53614,0.00016,0.0,0.0,0.5
YIL042C,1,0.0,0.2222942327876272,0.0004568120547320122,0.0,1.0,0.0,0.0,0,0.09391,-0.2533,43.88553,8.52582,40.0,44.0,51060.0,0.0,1.1236,0.00019,0.0,0.0,0.5
YLR003C,2,0.00014363874733826278,0.2385862779462329,0.0011738104443177865,0.0,0.0,1.0,0.0,0,0.0756,-0.69072,48.21718,8.21906,51.0,53.0,12170.0,0.0,0.36444,0.00025,0.0,0.0,0.0
YMR250W,1,0.0,0.2222942327876272,0.0004568120547320122,0.0,1.0,0.0,0.0,0,0.08889,-0.40547,38.46051,6.15204,73.0,62.0,75830.0,0.0,1.14913,9e-05,0.0,0.0,0.5
YNL032W,5,0.0007685456485744552,0.25329159570644094,0.0014649871031422127,0.1,4.046060606060606,0.0,0.1666666666666666,0,0.08185,-0.60605,44.1331,5.36481,48.0,36.0,27305.0,0.0,0.83362,0.00016,0.0,0.0,0.5
YNL163C,1,0.0,0.2222942327876272,0.0004568120547320122,0.0,1.0,0.0,0.0,1,0.06577,-0.3009,48.98236,5.01056,173.0,125.0,84405.0,0.0,0.67816,4e-05,0.05900181244167522,0.0,0.5
YNL276C,1,0.0,0.2222942327876272,0.0004568120547320122,0.0,0.0,0.0,0.0,0,0.08397,0.22901,53.37099,8.19,7.0,9.0,21845.0,0.0,1.54751,0.00058,0.0,0.0,0.0
YNL062C,3,0.0020698373550480814,0.222352675902778,0.0001834474239923327,0.0,2.1635071090047395,1.0,0.0,1,0.08577,-0.45042,40.96318,7.21771,62.0,62.0,45310.0,0.0,0.83308,0.00013,0.08971985818844534,0.08233295696528463,0.5190276603720427
YJL131C,1,0.0,0.21250832656510538,0.0009914546975854327,0.0,0.0,0.0,0.0,0,0.0618,-0.81376,37.34017,9.89825,46.0,75.0,28545.0,0.0,0.68849,0.00024,0.0,0.0,0.0
YJL134W,1,0.0,0.1604881851424734,1.0024695145855199e-06,0.0,0.0,0.5,0.0,0,0.15403,0.20049,41.20934,9.14581,29.0,43.0,92385.0,0.0,1.95024,0.00019,0.0,0.0,0.0
YMR212C,2,8.13061742508798e-05,0.22574755446930558,0.0013746574546093886,0.0,1.0,0.0,0.0,1,0.08056,-0.39105,34.67315,7.17877,98.0,98.0,49960.0,0.0,0.56016,8e-05,0.08971985818844534,0.0,0.5
YJL141C,2,0.0008212228391182337,0.2081054719645193,6.205210439739876e-05,0.0,1.6730575176589304,0.5,0.0,0,0.08922,-0.68327,54.83805,8.62225,71.0,79.0,92275.0,0.0,1.0113,9e-05,0.0,0.0,0.5
YJL153C,2,2.9902758923621754e-06,0.22123591034419965,0.0010809075309881051,0.0,1.645610278372591,0.0,0.0,0,0.08443,-0.27392,33.56531,5.63348,66.0,57.0,54040.0,0.0,0.90608,9e-05,0.0,0.0,0.5
YJL156C,1,0.0,0.1167311651940328,8.376657641404636e-10,0.0,0.0,0.0,0.0,1,0.08298,-0.31674,37.57784,6.02362,83.0,74.0,53705.0,0.0,0.69274,8e-05,0.08971985818844534,0.0,0.0
YJL164C,2,0.0,0.20027958654537426,3.2039974758268686e-05,1.0,1.8938775510204082,0.5,2.8,1,0.11839,-0.6801,42.48645,5.32428,60.0,48.0,60530.0,0.0,1.31372,0.00012,0.08971985818844534,0.07606989737809992,0.5200831086827958
YPR014C,2,7.707620154713568e-06,0.22440581566116707,0.0013626889137507185,0.0,1.0,0.0,0.0,0,0.09174,0.27339,50.42477,9.03571,9.0,14.0,2240.0,0.0,0.18384,0.00074,0.0,0.0,0.5
YJR011C,3,0.00019553394435267422,0.23102617954103102,0.00035438285054672825,0.0,0.0,0.0,0.0,0,0.09195,-0.1705,41.58008,5.99542,32.0,29.0,26525.0,0.0,0.87044,0.0002,0.0,0.0,0.0
YOR380W,4,0.00042219157578879396,0.23145611331795468,0.0005577868679639695,0.0,2.0,1.0,0.0,0,0.07143,-0.19799,42.44469,7.93048,54.0,56.0,74965.0,0.0,1.22319,0.00013,0.0,0.0,0.5
YJL184W,3,0.000162785775394111,0.23150679898823123,0.0025564329787319848,0.0,1.0,0.5,0.0,1,0.04065,-1.00569,39.30163,4.71661,24.0,17.0,4470.0,0.0,0.32856,0.00035,0.08971985818844534,0.07606989737809992,0.53803494868905
YCR098C,2,4.009997326945297e-05,0.22676443534529345,0.0009188808800202852,0.0,1.0,0.0,0.0,0,0.12355,0.26757,26.67247,8.75067,43.0,50.0,88905.0,0.0,1.551,0.00015,0.0,0.0,0.5
YLR198C,2,2.9041979006422404e-05,0.22195586764219147,0.00011306217349901716,0.0,1.0,0.0,0.0,1,0.2437,0.66975,56.08252,9.42255,1.0,7.0,27430.0,0.0,1.92928,0.00066,0.08971985818844534,0.0,0.5
YJL200C,1,0.0,0.16113642458251845,8.023847755683079e-07,0.0,1.0,0.0,0.0,0,0.07858,-0.3891,27.66961,6.49969,92.0,88.0,81915.0,0.0,0.9461,8e-05,0.0,0.0,0.5
YJL202C,1,0.0,0.1628742129306718,1.290982493805542e-06,0.0,1.0,0.0,0.0,1,0.12174,0.49826,56.48174,8.70477,6.0,9.0,10595.0,0.0,0.81865,0.00067,0.08971985818844534,0.0,0.5
YKR090W,2,1.2674313459936094e-05,0.220658692878263,0.0011346672146195337,0.0,0.0,0.0,0.0,0,0.07082,-0.92705,53.92069,5.08295,109.0,84.0,40280.0,0.0,0.5071,6e-05,0.0,0.0,0.0
YMR285C,1,0.0,0.20060261813657648,4.873148863252908e-05,0.0,1.0,0.5,0.0,0,0.09903,-0.73845,41.57031,7.92047,74.0,76.0,73560.0,0.0,1.23549,0.00013,0.0,0.0,0.5
YOL136C,1,0.0,0.20060261813657648,4.873148863252908e-05,0.0,1.0,0.0,0.0,0,0.11839,-0.38463,48.86423,5.39325,49.0,36.0,23350.0,0.0,0.51526,0.00012,0.0,0.0,0.5
YKL222C,1,0.0,0.18823517428528963,4.516492929656388e-05,0.0,0.0,1.0,0.0,0,0.11064,-0.40043,50.28189,8.39374,83.0,89.0,90700.0,0.0,1.10277,0.0001,0.0,0.0,0.0
YJL212C,1,0.0,0.1908776379127486,1.7397446228939307e-05,0.0,0.0,0.0,0.0,0,0.16395,0.17134,39.64359,8.96027,54.0,68.0,211550.0,0.0,2.30913,0.0001,0.0,0.0,0.0
YJR004C,1,0.0,0.13407854371790584,4.140986795952769e-08,0.0,1.0,0.0,0.0,0,0.11231,-0.07123,31.19754,4.38959,57.0,25.0,79605.0,0.0,1.13174,6e-05,0.0,0.0,0.5
YJR008W,1,0.0,0.22787644502446688,0.002212093921950209,0.0,0.0,0.0,0.0,0,0.09467,-0.3571,29.71686,6.35309,38.0,34.0,59080.0,0.0,1.53529,0.00017,0.0,0.0,0.0
YJR009C,3,0.0004010940015043545,0.2427080979348581,0.0007675623759221265,0.0,1.9560810810810811,0.0,0.0,0,0.07229,-0.09337,28.94548,6.45758,39.0,37.0,31650.0,0.0,0.88293,0.00018,0.0,0.0,0.5
YML053C,1,0.0,0.19392383703196514,2.296281269579624e-05,0.0,0.0,0.0,0.0,0,0.08491,-0.99953,54.74349,6.39301,17.0,14.0,16765.0,0.0,0.70022,0.00027,0.0,0.0,0.0
YDR127W,1,0.0,0.21623558960518674,0.00016828682677577932,0.0,1.0,0.0,0.0,0,0.07746,-0.1216,32.40668,5.888,191.0,165.0,163425.0,0.0,0.93518,3e-05,0.0,0.0,0.5
YDR135C,1,0.0,0.21623558960518674,0.00016828682677577932,0.0,1.0,0.0,0.0,0,0.10231,0.06416,36.15291,8.64386,143.0,156.0,213470.0,0.0,1.24749,5e-05,0.0,0.0,0.5
YKR021W,3,7.383774916412371e-05,0.21819933902574984,0.00017184155212353114,0.0,1.0,0.0,0.0,0,0.08415,-0.59104,47.13893,5.65399,121.0,98.0,69260.0,0.0,0.67545,6e-05,0.0,0.0,0.5
YKR104W,2,3.8631104553159855e-05,0.21753707445439746,0.00017110493232285728,0.0,0.0,0.0,0.0,0,0.0,0.0,0.0,0.0,0.0,0.0,0.0,0.0,0.0,0.0,0.0,0.0,0.0
YLL015W,1,0.0,0.21623558960518674,0.00016828682677577932,0.0,1.0,0.0,0.0,0,0.10071,0.03688,37.67366,7.68646,166.0,168.0,203015.0,0.0,1.14781,4e-05,0.0,0.0,0.5
YLR133W,2,0.000214568661971831,0.21625770636795705,0.00016847260536108344,0.0,0.0,0.0,0.0,0,0.09278,-0.52027,56.01976,5.46783,78.0,67.0,102510.0,0.0,1.54578,8e-05,0.0,0.0,0.0
YLR143W,2,0.00021298863443981804,0.2163019534690042,0.00016864394393807552,0.0,1.0,0.0,0.0,0,0.08467,-0.35182,43.6139,5.56891,90.0,71.0,67655.0,0.0,0.86804,7e-05,0.0,0.0,0.5
YLR430W,2,4.92980522878364e-05,0.22142125826364187,0.00029968174744628574,0.0,1.976027397260274,1.0,0.0,1,0.08247,-0.44092,43.88658,8.78217,271.0,298.0,202245.0,0.0,0.80099,3e-05,0.05900181244167522,0.055714552844473776,0.514097616490976
YNL050C,1,0.0,0.21623558960518674,0.00016828682677577932,0.0,0.0,0.0,0.0,0,0.07407,-1.17963,55.65037,6.95355,51.0,51.0,17545.0,0.0,0.5581,0.00022,0.0,0.0,0.0
YNL242W,1,0.0,0.21623558960518674,0.00016828682677577932,0.0,0.0,0.0,0.0,0,0.08166,-0.27217,44.18846,5.62067,202.0,172.0,118425.0,0.0,0.66377,3e-05,0.0,0.0,0.0
YNR050C,3,0.0005424162623292624,0.2334365548064605,0.0005616232602285735,0.0,2.287895310796074,0.0,0.0,0,0.08969,-0.14215,26.43139,5.09698,61.0,49.0,63300.0,0.0,1.29402,0.0001,0.0,0.0,0.5
YOL031C,2,0.000214568661971831,0.21625770636795705,0.00016847260536108344,0.0,1.0,1.0,0.0,0,0.07363,-0.45463,40.26033,5.34393,62.0,48.0,35910.0,0.0,0.74388,0.00011,0.0,0.0,0.5
YOL140W,1,0.0,0.21623558960518674,0.00016828682677577932,0.0,1.0,0.0,0.0,0,0.07801,-0.24232,32.58842,7.18829,52.0,52.0,29630.0,0.0,0.63474,0.00015,0.0,0.0,0.5
YJR025C,2,0.0008263699349632429,0.2302462806446168,0.0007233658403205317,0.0,0.0,0.5,0.0,0,0.0904,-0.52881,38.82887,5.5014,25.0,19.0,26065.0,0.0,1.28813,0.00027,0.0,0.0,0.0
YJR030C,2,0.0,0.0005029074336005029,5.7034885168605366e-11,0.0,0.0,0.0,0.0,0,0.08054,-0.30282,49.15587,6.72565,92.0,90.0,70595.0,0.0,0.83753,8e-05,0.0,0.0,0.0
YGL042C,1,0.0,0.00035203520352035205,3.29349172429955e-11,0.0,0.0,0.0,0.0,0,0.19802,0.68713,47.89713,7.80487,5.0,6.0,35660.0,0.0,2.94047,0.00064,0.0,0.0,0.0
YJL158C,2,0.0,0.0005867253392005866,6.58527785992779e-11,0.0,0.0,0.0,0.0,0,0.06608,-0.10705,31.30537,4.49786,20.0,12.0,22180.0,0.0,0.95434,0.00019,0.0,0.0,0.0
YJR034W,2,1.7331468237483922e-05,0.21683433444359715,0.0005101781916009374,0.0,1.0,0.0,0.0,0,0.0463,-0.71944,54.93056,8.14972,16.0,18.0,3855.0,0.0,0.31103,0.00066,0.0,0.0,0.5
YJR037W,3,0.00019868560348604538,0.24440545545711662,0.0008372349615564891,0.3333333333333333,1.8923327895595432,0.0,0.0,0,0.11024,-0.23071,55.96299,4.64081,17.0,11.0,10095.0,0.0,0.70085,0.00032,0.0,0.0,0.5
YJR055W,5,0.0005043444572517802,0.23083701022539616,0.0015811175096494033,0.0,0.0,0.0,0.0,0,0.07317,-0.43171,31.26159,8.98663,18.0,25.0,14285.0,0.0,0.77738,0.00049,0.0,0.0,0.0
YJR057W,29,0.00214361990761597,0.26996317609289017,0.01240074625862597,0.022167487684729065,13.382754994742376,0.0,7.920634920634921,1,0.08796,-0.33657,23.97685,5.50555,33.0,29.0,25815.0,0.0,1.04569,0.00022,0.08971985818844534,0.0,0.5
YDR458C,1,0.0,0.2109394518042117,0.0003556920976267707,0.0,0.0,0.0,0.0,0,0.0,0.0,0.0,0.0,0.0,0.0,0.0,0.0,0.0,0.0,0.0,0.0,0.0
YKL098W,2,6.47457846124913e-05,0.21110794220553303,0.0003576018169663204,0.0,1.6511387163561078,0.0,0.0,0,0.07563,-0.17647,49.35098,6.76324,42.0,41.0,34670.0,0.0,0.8702,0.00017,0.0,0.0,0.5
YKL114C,2,5.434904412816957e-06,0.22337452803967206,0.0014416278236137753,0.0,1.9835390946502058,1.0,0.0,0,0.09264,-0.6406,27.5079,8.34125,49.0,52.0,39475.0,0.0,0.95262,0.0002,0.0,0.0,0.5
YNL241C,2,2.6698757935705355e-05,0.2468018670665946,0.0013410594068617528,0.0,1.2106918238993711,0.0,0.0,1,0.10495,-0.45941,33.69586,5.92035,75.0,68.0,58915.0,0.0,1.02424,0.0001,0.08971985818844534,0.0,0.5
YNL299W,4,0.0001136435210417839,0.24921635963690666,0.004419420177451671,0.0,0.0,0.0,0.0,0,0.0,0.0,0.0,0.0,0.0,0.0,0.0,0.0,0.0,0.0,0.0,0.0,0.0
YJR058C,2,9.167704654695791e-05,0.24394018980784724,0.0009876094374536468,0.0,1.0,0.0,0.0,0,0.13605,0.13333,50.70551,4.99323,22.0,14.0,16305.0,0.0,0.93853,0.00029,0.0,0.0,0.5
YKL049C,2,7.653688596025465e-07,0.22031380589345795,0.0020913510922550365,0.0,0.0,0.5,0.0,1,0.06114,-0.88603,72.87293,9.29547,36.0,41.0,22920.0,0.0,0.85392,0.00035,0.08971985818844534,0.07606989737809992,0.5
YNL232W,1,0.0,0.2056262188338941,0.00021641394905108196,0.0,0.0,0.3333333333333333,0.0,1,0.06164,-0.48425,45.39247,5.24103,40.0,35.0,18045.0,0.0,0.57135,0.00017,0.08971985818844534,0.07069233844701739,0.5
YAL045C,1,0.0,0.19417316513541336,3.248352492902824e-05,0.0,1.0,0.0,0.0,0,0.08824,0.35882,36.43235,6.56378,9.0,8.0,14730.0,0.0,1.26464,0.00056,0.0,0.0,0.5
YAR047C,1,0.0,0.19417316513541336,3.248352492902824e-05,0.0,0.0,0.0,0.0,0,0.22642,0.58679,43.72387,9.48529,4.0,12.0,17920.0,0.0,1.38954,0.00074,0.0,0.0,0.0
YBR116C,1,0.0,0.19417316513541336,3.248352492902824e-05,0.0,0.0,0.0,0.0,0,0.13143,0.20457,54.84863,9.03937,11.0,19.0,26690.0,0.0,1.32034,0.00045,0.0,0.0,0.0
YBR219C,1,0.0,0.19417316513541336,3.248352492902824e-05,0.0,0.0,0.0,0.0,0,0.16535,0.35118,36.79055,9.61005,3.0,11.0,30410.0,0.0,2.0565,0.00065,0.0,0.0,0.0
YBR220C,1,0.0,0.19417316513541336,3.248352492902824e-05,0.0,0.0,0.0,0.0,0,0.13929,0.32446,31.48591,9.23529,35.0,51.0,108970.0,0.0,1.72944,0.00015,0.0,0.0,0.0
YDR178W,1,0.0,0.19417316513541336,3.248352492902824e-05,0.0,1.0,0.0,0.0,0,0.12155,-0.03702,49.17956,8.9848,15.0,19.0,31650.0,0.0,1.56309,0.00044,0.0,0.0,0.5
YDR196C,1,0.0,0.19417316513541336,3.248352492902824e-05,0.0,1.0,0.5,0.0,1,0.07469,-0.19461,45.01535,8.75568,28.0,32.0,22390.0,0.0,0.81896,0.00032,0.08971985818844534,0.07606989737809992,0.53803494868905
YLR406C,1,0.0,0.13640978033287202,5.207697768352118e-08,0.0,0.0,0.0,0.0,0,0.06195,-0.51593,46.65664,9.98859,15.0,24.0,9970.0,0.0,0.76888,0.00077,0.0,0.0,0.0
YGL107C,1,0.0,0.20685335764413404,0.00015771780187453656,0.0,0.0,0.0,0.0,0,0.0,0.0,0.0,0.0,0.0,0.0,0.0,0.0,0.0,0.0,0.0,0.0,0.0
YMR269W,2,1.1605290634377213e-05,0.2171015088981945,0.00020250261370211855,0.0,1.0,0.5,0.0,0,0.05687,-1.57488,46.58815,10.14301,31.0,63.0,26470.0,0.0,1.10527,0.00042,0.0,0.0,0.5
YJR072C,3,0.0002204935184684942,0.20205959433863876,0.0001728095488939041,0.0,1.6255707762557077,0.0,0.0,1,0.08571,-0.46675,37.15457,4.75018,60.0,44.0,34100.0,0.0,0.78946,0.00011,0.08971985818844534,0.0,0.5
YOR262W,1,0.0,0.1670697795550959,4.949494617795196e-06,0.0,1.0,0.0,0.0,1,0.10375,-0.27032,46.87726,4.43207,62.0,32.0,45100.0,0.0,1.13534,0.00011,0.08971985818844534,0.0,0.5
YJR074W,2,6.782019853638754e-05,0.20645948590562602,5.5564466440361e-05,0.0,0.0,1.0,0.0,0,0.06422,-0.25229,36.2133,4.58112,35.0,18.0,22710.0,0.0,0.93429,0.00019,0.0,0.0,0.0
YOR185C,2,7.792906873107286e-07,0.18455475888443382,3.762602836128762e-05,0.0,1.0,1.0,0.0,0,0.10909,-0.38364,35.86777,6.22113,28.0,26.0,30285.0,0.0,1.21187,0.00025,0.0,0.0,0.5
YBR181C,1,0.0,0.22665504584440327,0.0017851989178276034,0.0,0.0,0.0,0.0,0,0.0,0.0,0.0,0.0,0.0,0.0,0.0,0.0,0.0,0.0,0.0,0.0,0.0
YJR084W,2,1.236693072181707e-06,0.2368755988303289,0.0043304725291628526,0.0,0.0,0.5,0.0,0,0.0922,-0.36336,47.32839,9.27448,49.0,64.0,56935.0,0.0,1.15062,0.00019,0.0,0.0,0.0
YLR061W,1,0.0,0.22665504584440327,0.0017851989178276034,0.0,0.0,0.0,0.0,0,0.0,0.0,0.0,0.0,0.0,0.0,0.0,0.0,0.0,0.0,0.0,0.0,0.0
YLR295C,125,0.032823281256376846,0.2976702231676075,0.008194883535032641,0.0009032258064516129,60.525525525525524,0.0,15.716666666666663,0,0.05645,-0.69435,62.13387,4.62994,23.0,13.0,15595.0,0.0,1.10386,0.00033,0.0,0.0,0.5
YPL172C,2,7.397451996341289e-06,0.23408265653578922,0.001889673495313297,0.0,0.0,0.0,0.0,0,0.11688,-0.07359,40.84093,9.87762,23.0,51.0,98165.0,0.0,1.88247,0.00019,0.0,0.0,0.0
YOR084W,1,0.0,0.1902421805974011,0.00013409758387476393,0.0,1.0,0.0,0.0,0,0.0801,-0.30724,50.40594,8.39923,40.0,43.0,37775.0,0.0,0.86389,0.00019,0.0,0.0,0.5
YBR120C,3,0.0002379091060807199,0.24842575433668382,0.009518474465094894,0.3333333333333333,1.0,0.0,2.4,0,0.07407,-0.67963,33.27963,9.89752,19.0,32.0,8940.0,0.0,0.47863,0.00053,0.0,0.0,0.5
YDR066C,1,0.0,0.19086040757894168,3.257773753676269e-05,0.0,0.0,0.5,0.0,0,0.09694,-0.14694,40.9801,4.95612,27.0,16.0,17140.0,0.0,0.76041,0.00022,0.0,0.0,0.0
YJR001W,1,0.0,0.19086040757894168,3.257773753676269e-05,0.0,1.0,0.0,0.0,0,0.08472,0.34585,39.49686,8.44891,47.0,52.0,47130.0,0.0,0.72125,0.00013,0.0,0.0,0.5
YPR096C,3,0.00044828656362754573,0.2449576081978238,0.0010195351887168714,0.0,1.9685534591194969,0.0,0.0,0,0.13,-0.724,32.176,9.81708,10.0,20.0,13325.0,0.0,1.12881,0.00083,0.0,0.0,0.5
YAR061W,2,1.0015898190697479e-05,0.17161944765905163,4.087466088626644e-06,0.0,0.0,0.0,0.0,0,0.0,0.0,0.0,0.0,0.0,0.0,0.0,0.0,0.0,0.0,0.0,0.0,0.0
YPR158W-B,1,0.0,0.1953211635251285,8.275786002744923e-05,0.0,0.0,0.0,0.0,0,0.0,0.0,0.0,0.0,0.0,0.0,0.0,0.0,0.0,0.0,0.0,0.0,0.0
YAL012W,2,0.000214568661971831,0.24347669221090695,0.0009866040671079612,0.0,1.87012987012987,0.0,0.0,1,0.06599,-0.14442,30.46345,6.05597,42.0,35.0,25900.0,0.0,0.60882,0.00014,0.08971985818844534,0.0,0.5
YAL066W,1,0.0,0.24344865804945492,0.000985367309252038,0.0,1.0,0.0,0.0,0,0.09804,0.64412,52.1001,10.24396,3.0,13.0,6210.0,0.0,0.51268,0.00085,0.0,0.0,0.5
YAR002C-A,1,0.0,0.24344865804945492,0.000985367309252038,0.0,1.0,0.5,0.0,0,0.09589,-0.13059,32.19046,6.99969,27.0,27.0,31565.0,0.0,1.27674,0.00028,0.0,0.0,0.5
YBL094C,2,0.00044578212464833704,0.2547104680351182,0.0012449075926497712,0.0,1.9535232383808097,0.0,0.0,0,0.09091,0.33182,37.33818,9.50714,3.0,9.0,7490.0,0.0,0.62008,0.00079,0.0,0.0,0.5
YBR161W,1,0.0,0.24344865804945492,0.000985367309252038,0.0,1.0,0.0,0.0,0,0.1516,-0.44096,50.90803,9.1579,39.0,50.0,89895.0,0.0,2.02551,0.00021,0.0,0.0,0.5
YBR271W,2,3.200575593624042e-05,0.24484414280117148,0.0009979908806382982,0.0,1.6650943396226414,0.0,0.0,0,0.07876,-0.29021,31.25847,4.8576,67.0,44.0,69745.0,0.0,1.45374,0.0001,0.0,0.0,0.5
YBR293W,1,0.0,0.24344865804945492,0.000985367309252038,0.0,1.0,0.0,0.0,0,0.11181,0.65359,34.54409,9.74432,16.0,36.0,54860.0,0.0,1.0616,0.00019,0.0,0.0,0.5
YCL005W,1,0.0,0.24344865804945492,0.000985367309252038,0.0,1.0,0.0,0.0,0,0.10547,0.10312,38.08324,8.2851,20.0,22.0,37065.0,0.0,1.27708,0.00029,0.0,0.0,0.5
YCL045C,1,0.0,0.24344865804945492,0.000985367309252038,0.0,1.0,0.5,0.0,0,0.10263,-0.225,34.40974,5.14801,101.0,72.0,119010.0,0.0,1.3651,6e-05,0.0,0.0,0.5
YCL050C,1,0.0,0.24344865804945492,0.000985367309252038,0.0,1.0,0.5,0.0,0,0.09346,-0.44891,44.41997,4.91937,48.0,31.0,28140.0,0.0,0.77113,0.00013,0.0,0.0,0.5
YCL074W,1,0.0,0.24344865804945492,0.000985367309252038,0.0,0.0,0.0,0.0,0,0.0,0.0,0.0,0.0,0.0,0.0,0.0,0.0,0.0,0.0,0.0,0.0,0.0
YDL075W,1,0.0,0.24344865804945492,0.000985367309252038,0.0,1.0,0.0,0.0,0,0.06195,-0.51593,43.24779,9.98859,15.0,24.0,9970.0,0.0,0.76971,0.00077,0.0,0.0,0.5
YDL125C,1,0.0,0.24344865804945492,0.000985367309252038,0.0,1.0,0.0,0.0,0,0.07595,-0.19367,32.66456,6.43793,21.0,19.0,13200.0,0.0,0.74663,0.00036,0.0,0.0,0.5
YDR008C,1,0.0,0.24344865804945492,0.000985367309252038,0.0,0.0,0.0,0.0,0,0.0,0.0,0.0,0.0,0.0,0.0,0.0,0.0,0.0,0.0,0.0,0.0,0.0
YDR010C,1,0.0,0.24344865804945492,0.000985367309252038,0.0,1.0,0.0,0.0,0,0.13636,-0.11909,22.94555,9.50104,9.0,15.0,24450.0,0.0,1.92617,0.00075,0.0,0.0,0.5
YDR031W,1,0.0,0.24344865804945492,0.000985367309252038,0.0,1.0,0.0,0.0,0,0.03306,-0.52479,61.45207,5.50824,20.0,18.0,3980.0,0.0,0.28703,0.0004,0.0,0.0,0.5
YDR134C,2,2.4202362527495894e-05,0.24534133153394247,0.0009959582258614419,0.0,0.0,0.0,0.0,0,0.0,0.0,0.0,0.0,0.0,0.0,0.0,0.0,0.0,0.0,0.0,0.0,0.0
YDR175C,1,0.0,0.24344865804945492,0.000985367309252038,0.0,1.0,0.0,0.0,0,0.09404,-0.8837,50.48843,9.23749,46.0,54.0,49975.0,0.0,1.33648,0.00025,0.0,0.0,0.5
YDR193W,1,0.0,0.24344865804945492,0.000985367309252038,0.0,0.0,0.0,0.0,0,0.0,0.0,0.0,0.0,0.0,0.0,0.0,0.0,0.0,0.0,0.0,0.0,0.0
YDR361C,1,0.0,0.24344865804945492,0.000985367309252038,0.0,1.0,0.5,0.0,1,0.09541,-0.69293,46.20286,4.69489,59.0,37.0,20650.0,0.0,0.63225,0.00014,0.08971985818844534,0.07606989737809992,0.53803494868905
YDR500C,1,0.0,0.24344865804945492,0.000985367309252038,0.0,1.0,0.0,0.0,0,0.07955,-1.17727,53.74318,11.79279,0.0,22.0,8980.0,0.0,0.90999,0.0012,0.0,0.0,0.5
YDR526C,1,0.0,0.24344865804945492,0.000985367309252038,0.0,1.0,0.0,0.0,1,0.12179,0.76218,47.05577,4.67267,9.0,6.0,14730.0,0.0,0.8708,0.00028,0.08971985818844534,0.0,0.5
YDR527W,3,0.00020777664736373134,0.2477997767547045,0.0011058057521053947,0.0,1.7122060470324747,0.0,0.0,1,0.07289,-0.80569,40.61276,4.87787,85.0,59.0,51380.0,0.0,1.02368,0.0001,0.08971985818844534,0.0,0.5
YDR533C,3,0.0003841346113659252,0.25855721126988884,0.0016673396993708092,0.0,1.9089887640449439,0.0,0.0,0,0.10549,-0.2616,23.69118,5.26154,34.0,27.0,23045.0,0.0,0.89776,0.0002,0.0,0.0,0.5
YEL008W,1,0.0,0.24344865804945492,0.000985367309252038,0.0,1.0,0.0,0.0,0,0.10317,0.35079,52.30563,9.1192,6.0,11.0,34085.0,0.0,2.43091,0.00065,0.0,0.0,0.5
YEL075C,1,0.0,0.24344865804945492,0.000985367309252038,0.0,1.0,0.0,0.0,0,0.10656,-0.48115,39.37303,7.82733,19.0,20.0,3105.0,0.0,0.22188,0.00056,0.0,0.0,0.5
YER058W,1,0.0,0.24344865804945492,0.000985367309252038,0.0,1.0,0.0,0.0,0,0.04673,-0.8972,47.37944,9.37872,17.0,22.0,4595.0,0.0,0.37416,0.00076,0.0,0.0,0.5
YGL069C,1,0.0,0.24344865804945492,0.000985367309252038,0.0,1.0,0.0,0.0,1,0.05195,0.76299,53.01558,4.48163,14.0,8.0,2240.0,0.0,0.13927,0.00028,0.08971985818844534,0.0,0.5
YGL119W,1,0.0,0.24344865804945492,0.000985367309252038,0.0,1.0,0.0,0.0,0,0.08184,-0.36926,36.16048,9.37592,59.0,76.0,45100.0,0.0,0.79484,0.00017,0.0,0.0,0.5
YGL204C,2,0.000214568661971831,0.24347669221090695,0.0009866040671079612,0.0,1.0,0.0,0.0,0,0.12871,0.74257,39.89406,10.35406,2.0,11.0,17085.0,0.0,1.50521,0.00091,0.0,0.0,0.5
YGR042W,1,0.0,0.24344865804945492,0.000985367309252038,0.0,1.0,0.0,0.0,0,0.06273,-0.70812,46.42841,9.74005,30.0,44.0,17545.0,0.0,0.56551,0.00031,0.0,0.0,0.5
YHL033C,1,0.0,0.24344865804945492,0.000985367309252038,0.0,1.0,0.0,0.0,0,0.06641,-0.47461,33.89727,10.03778,23.0,48.0,23045.0,0.0,0.8194,0.00036,0.0,0.0,0.5
YHR049W,1,0.0,0.24344865804945492,0.000985367309252038,0.0,1.0,0.5,0.0,0,0.09053,-0.35473,32.09922,5.92633,34.0,29.0,24535.0,0.0,0.89744,0.00022,0.0,0.0,0.5
YHR079C-A,2,0.0005885641870387166,0.25274658958335017,0.0011659604855399446,0.0,1.938820912124583,1.0,0.0,0,0.07692,-1.05714,29.73187,6.35016,17.0,17.0,7575.0,0.0,0.69962,0.00059,0.0,0.0,0.5
YHR211W,2,1.32863165358957e-05,0.2464279248437664,0.0011065595789761613,0.0,1.0,0.0,0.0,0,0.0614,-0.15265,36.771,4.21429,87.0,32.0,121875.0,0.0,1.08836,4e-05,0.0,0.0,0.5
YIL060W,2,0.00011800160842826304,0.2486594843184189,0.0020713030352390426,0.0,2.0,0.0,0.0,0,0.05556,0.42083,63.08063,9.66644,6.0,14.0,10595.0,0.0,0.67603,0.00062,0.0,0.0,0.5
YIL076W,5,0.001306787483689,0.273578520432104,0.006184777540723122,0.2,3.028673835125448,0.0,4.5064935064935066,0,0.10135,-0.33682,34.34095,4.43634,46.0,22.0,31080.0,0.0,0.91875,0.00013,0.0,0.0,0.5
YIL096C,1,0.0,0.24344865804945492,0.000985367309252038,0.0,1.0,0.5,0.0,0,0.10714,-0.93869,37.11878,9.70197,39.0,59.0,40005.0,0.0,1.01533,0.00025,0.0,0.0,0.5
YIL137C,1,0.0,0.24344865804945492,0.000985367309252038,0.0,1.0,0.0,0.0,1,0.09408,-0.27167,41.14588,6.07831,112.0,97.0,118270.0,0.0,1.09792,6e-05,0.05900181244167522,0.0,0.5
YIL174W,2,0.0003049252571847774,0.25179845125157985,0.001378155530074499,0.0,0.0,0.0,0.0,0,0.0,0.0,0.0,0.0,0.0,0.0,0.0,0.0,0.0,0.0,0.0,0.0,0.0
YJL106W,2,0.00023927758365519737,0.25241468335934053,0.0018320449621330697,0.0,1.915237134207871,0.0,0.0,0,0.08527,-0.48186,44.35457,5.18427,92.0,61.0,55195.0,0.0,0.75002,7e-05,0.0,0.0,0.5
YJL192C,1,0.0,0.24344865804945492,0.000985367309252038,0.0,1.0,0.5,0.0,0,0.12393,-0.10085,36.00726,9.45294,21.0,28.0,23380.0,0.0,0.87904,0.00036,0.0,0.0,0.5
YJR038C,2,3.650510410690568e-05,0.24375738934280794,0.0009926085917353576,0.0,1.0,0.0,0.0,0,0.05833,0.345,52.73,10.0401,4.0,9.0,8730.0,0.0,0.6705,0.00077,0.0,0.0,0.5
YJR119C,2,0.00018104263780690375,0.24370119815116598,0.0009892013530574887,0.0,1.4540867810292635,1.0,0.0,0,0.12225,-0.47074,39.65071,5.7923,99.0,86.0,104610.0,0.0,1.23096,7e-05,0.0,0.0,0.5
YJR123W,1,0.0,0.24344865804945492,0.000985367309252038,0.0,1.0,0.0,0.0,1,0.04889,-0.332,36.32356,8.62372,30.0,32.0,10095.0,0.0,0.40318,0.00034,0.08971985818844534,0.0,0.5
YKL076C,1,0.0,0.24344865804945492,0.000985367309252038,0.0,1.0,0.0,0.0,0,0.13386,0.05591,35.04409,9.78229,7.0,19.0,51950.0,0.0,3.42695,0.00065,0.0,0.0,0.5
YKL111C,1,0.0,0.24344865804945492,0.000985367309252038,0.0,1.0,0.0,0.0,1,0.08108,0.11261,35.65495,8.54877,8.0,10.0,14815.0,0.0,1.14454,0.00066,0.08971985818844534,0.0,0.5
YKL117W,2,0.0005201052082335423,0.24477328029167814,0.00101461467355152,0.0,2.0,0.0,0.0,0,0.0787,-0.76343,51.18565,4.45563,43.0,20.0,30035.0,0.0,1.24723,0.00019,0.0,0.0,0.5
YKL138C,1,0.0,0.24344865804945492,0.000985367309252038,0.0,1.0,0.0,0.0,0,0.10687,-0.88244,35.40076,10.68597,8.0,32.0,28085.0,0.0,1.80958,0.00069,0.0,0.0,0.5
YKL146W,2,0.00011800160842826304,0.2486594843184189,0.0020713030352390426,0.0,1.8190954773869348,0.0,0.0,0,0.09827,0.06821,42.14176,8.74298,49.0,56.0,79395.0,0.0,1.05217,0.00012,0.0,0.0,0.5
YKL160W,3,0.00013539002816910636,0.25588183409893694,0.002650475337555945,0.0,1.6650943396226414,1.0,0.0,0,0.04828,-1.15586,40.92138,4.51324,34.0,21.0,9105.0,0.0,0.56353,0.00028,0.0,0.0,0.5
YKL224C,2,0.00030512645715413054,0.24365907175563423,0.0009879233540163257,0.0,1.0,0.0,0.0,0,0.08943,0.33333,27.12846,5.16449,10.0,7.0,15930.0,0.0,1.2209,0.0004,0.0,0.0,0.5
YKR040C,1,0.0,0.24344865804945492,0.000985367309252038,0.0,1.0,0.0,0.0,0,0.14371,0.35569,46.75749,9.99774,9.0,27.0,28710.0,0.0,1.49362,0.00052,0.0,0.0,0.5
YKR087C,1,0.0,0.24344865804945492,0.000985367309252038,0.0,1.0,0.0,0.0,0,0.11884,-0.22493,46.42438,9.27496,30.0,40.0,51965.0,0.0,1.32133,0.00024,0.0,0.0,0.5
YLL030C,2,5.182128375662139e-05,0.24416555172463955,0.0009911784169858249,0.0,1.9535232383808097,0.0,0.0,0,0.18584,0.34779,50.60186,9.92255,3.0,14.0,14815.0,0.0,1.10966,0.00074,0.0,0.0,0.5
YLL042C,2,4.1748301770040984e-05,0.24743728439549628,0.0010125718438296065,0.0,1.8907563025210083,0.0,0.0,0,0.11976,-0.19162,52.83413,4.81036,23.0,13.0,45295.0,0.0,2.29233,0.00024,0.0,0.0,0.5
YLR037C,3,0.0005240580141286049,0.24771268175965272,0.0010160696688119684,0.0,1.9135220125786163,0.0,0.0,0,0.08871,0.32016,28.21935,4.91656,11.0,7.0,15930.0,0.0,1.20884,0.00037,0.0,0.0,0.5
YLR059C,4,0.0003371595074704613,0.24528440779112712,0.0010344545980936267,0.16666666666666666,2.1798715203426124,0.0,0.4285714285714285,1,0.07807,-0.44349,50.8584,6.55804,34.0,32.0,37400.0,0.0,1.21154,0.00021,0.08971985818844534,0.0,0.5
YLR066W,1,0.0,0.24344865804945492,0.000985367309252038,0.0,1.0,0.5,0.0,1,0.1413,-0.26739,20.94837,8.6485,19.0,21.0,39420.0,0.0,1.84645,0.00041,0.08971985818844534,0.07606989737809992,0.53803494868905
YLR068W,2,0.0002896005127848171,0.2440669046703816,0.0009876289074476213,0.0,1.0,0.5,0.0,0,0.03974,-1.64967,34.43046,10.25104,25.0,50.0,5960.0,0.0,0.32765,0.00056,0.0,0.0,0.5
YLR092W,1,0.0,0.24344865804945492,0.000985367309252038,0.0,1.0,0.0,0.0,0,0.11646,-0.0617,35.20809,6.22516,91.0,84.0,157830.0,0.0,1.58385,6e-05,0.0,0.0,0.5
YLR104W,2,0.0005117690634489904,0.2546797874198405,0.0017023656988378124,0.0,1.9535232383808097,0.0,0.0,0,0.12214,-0.55649,52.42519,8.4201,11.0,14.0,17960.0,0.0,1.20361,0.00056,0.0,0.0,0.5
YLR118C,1,0.0,0.24344865804945492,0.000985367309252038,0.0,1.0,0.5,0.0,0,0.09692,-0.05198,29.93485,6.36823,21.0,19.0,28210.0,0.0,1.1421,0.00026,0.0,0.0,0.5
YLR156W,1,0.0,0.24344865804945492,0.000985367309252038,0.0,0.0,0.0,0.0,0,0.0,0.0,0.0,0.0,0.0,0.0,0.0,0.0,0.0,0.0,0.0,0.0,0.0
YLR172C,3,6.980757104485476e-05,0.2455835524896354,0.0010067969349469353,0.0,1.8046783625730993,0.0,0.0,0,0.09,-0.28,43.058,4.84393,48.0,31.0,43485.0,0.0,1.28475,0.00014,0.0,0.0,0.5
YLR205C,1,0.0,0.24344865804945492,0.000985367309252038,0.0,1.0,0.5,0.0,0,0.13249,-0.13186,48.24069,7.68231,36.0,37.0,48735.0,0.0,1.31084,0.00021,0.0,0.0,0.5
YLR230W,1,0.0,0.24344865804945492,0.000985367309252038,0.0,0.0,0.0,0.0,1,0.0,0.0,0.0,0.0,0.0,0.0,0.0,0.0,0.0,0.0,0.0,0.0,0.0
YLR236C,2,8.447033351366381e-05,0.243602925878163,0.0009889087265565672,0.0,0.0,0.0,0.0,0,0.0,0.0,0.0,0.0,0.0,0.0,0.0,0.0,0.0,0.0,0.0,0.0,0.0
YLR248W,1,0.0,0.24344865804945492,0.000985367309252038,0.0,1.0,0.0,0.0,0,0.07213,-0.58016,40.7669,5.28705,99.0,80.0,43485.0,0.0,0.63891,8e-05,0.0,0.0,0.5
YLR333C,1,0.0,0.24344865804945492,0.000985367309252038,0.0,1.0,0.0,0.0,0,0.0463,-0.53704,26.93056,10.31818,9.0,25.0,11460.0,0.0,0.95428,0.00086,0.0,0.0,0.5
YLR379W,1,0.0,0.24344865804945492,0.000985367309252038,0.0,1.0,0.0,0.0,1,0.12097,-0.14113,22.56935,10.07306,9.0,17.0,17085.0,0.0,1.20698,0.00071,0.08971985818844534,0.0,0.5
YLR392C,2,2.3409163671819837e-05,0.24637049582376092,0.0010159360842418423,0.0,1.3614190687361418,0.0,0.0,0,0.10618,-0.50695,44.40004,8.89667,59.0,66.0,50810.0,0.0,0.85027,0.00015,0.0,0.0,0.5
YLR397C,2,0.00044578212464833704,0.2547104680351182,0.0012449075926497712,0.0,1.9526748971193415,0.0,0.0,1,0.05897,-0.17436,40.72181,5.49176,106.0,89.0,33195.0,0.0,0.3917,6e-05,0.08971985818844534,0.0,0.5
YML123C,1,0.0,0.24344865804945492,0.000985367309252038,0.0,1.0,0.0,0.0,0,0.10051,0.16422,36.01077,5.98126,55.0,45.0,80800.0,0.0,1.25502,9e-05,0.0,0.0,0.5
YML126C,1,0.0,0.24344865804945492,0.000985367309252038,0.0,1.0,0.0,0.0,1,0.10183,-0.38004,32.08597,8.35919,56.0,60.0,64720.0,0.0,1.17645,0.00015,0.08971985818844534,0.0,0.5
YMR067C,1,0.0,0.24344865804945492,0.000985367309252038,0.0,1.0,0.5,0.0,0,0.0625,-0.51587,40.33918,8.89581,47.0,52.0,22710.0,0.0,0.48356,0.00019,0.0,0.0,0.5
YMR160W,1,0.0,0.24344865804945492,0.000985367309252038,0.0,1.0,0.0,0.0,0,0.10417,-0.68064,44.22083,6.4129,97.0,92.0,143670.0,0.0,1.5108,7e-05,0.0,0.0,0.5
YMR278W,1,0.0,0.24344865804945492,0.000985367309252038,0.0,1.0,0.5,0.0,0,0.11736,-0.36286,34.39117,5.85504,81.0,68.0,97470.0,0.0,1.3715,8e-05,0.0,0.0,0.5
YMR287C,2,6.630238899118894e-05,0.24354680586989758,0.000995645711241483,0.0,1.0,0.0,0.0,0,0.08359,-0.31445,39.89764,9.11273,103.0,124.0,105795.0,0.0,0.95465,8e-05,0.0,0.0,0.5
YNL008C,1,0.0,0.24344865804945492,0.000985367309252038,0.0,1.0,0.5,0.0,0,0.11095,-0.08343,49.0024,6.27386,79.0,73.0,86105.0,0.0,1.10891,8e-05,0.0,0.0,0.5
YNL024C,2,2.4790443482945688e-05,0.24690273780107622,0.0012299415246605908,0.0,1.8673602080624188,0.0,0.0,0,0.08943,-0.11545,26.3065,5.84857,36.0,31.0,26190.0,0.0,0.9442,0.00021,0.0,0.0,0.5
YNL109W,1,0.0,0.24344865804945492,0.000985367309252038,0.0,1.0,0.0,0.0,0,0.10497,0.68343,35.5779,9.8443,6.0,12.0,11125.0,0.0,0.56435,0.0005,0.0,0.0,0.5
YNL144C,1,0.0,0.24344865804945492,0.000985367309252038,0.0,1.0,0.0,0.0,0,0.08378,-0.78419,46.52962,6.08246,104.0,92.0,63980.0,0.0,0.75984,7e-05,0.0,0.0,0.5
YNL176C,3,4.519636181512034e-05,0.2457976743965957,0.001150094047746439,0.0,1.991105463786531,0.0,0.0,0,0.08491,-0.37642,60.52945,5.35309,41.0,34.0,56060.0,0.0,0.83175,8e-05,0.0,0.0,0.5
YNL230C,2,9.933285543543061e-05,0.2533067683190986,0.0013661573688884424,0.0,1.9624365482233503,0.0,0.0,0,0.07388,-0.89235,50.55462,9.97162,39.0,71.0,25245.0,0.0,0.574,0.00023,0.0,0.0,0.5
YNL285W,2,0.0003080310640974524,0.24353277990779956,0.0009866106785154393,0.0,1.360062893081761,0.0,0.0,0,0.0813,-0.28862,13.00976,5.24481,14.0,11.0,22055.0,0.0,1.56721,0.00037,0.0,0.0,0.5
YNR037C,3,0.0003719723923092212,0.2461123961307783,0.0010344191310253305,0.0,2.904081632653061,0.0,0.0,0,0.07692,-0.44066,48.37143,10.54095,6.0,15.0,8480.0,0.0,0.82531,0.00103,0.0,0.0,0.5
YOL072W,2,6.51968689348023e-05,0.2551407741232673,0.002641682760808988,0.0,1.7908805031446542,0.5,0.0,0,0.0989,-0.12857,45.81695,8.93463,35.0,42.0,67225.0,0.0,1.27616,0.00017,0.0,0.0,0.5
YOR033C,4,0.0003162327455223147,0.2545111760649433,0.002640443133914138,0.16666666666666666,2.8968008255933952,1.0,0.0,0,0.07692,-0.58818,45.92721,8.6153,97.0,106.0,44290.0,0.0,0.55251,0.00011,0.0,0.0,0.5
YOR379C,2,0.00023927758365519737,0.25241468335934053,0.0018320449621330697,0.0,1.3632075471698113,0.0,0.0,0,0.125,-0.61429,31.24473,10.11383,4.0,19.0,15315.0,0.0,1.15304,0.00076,0.0,0.0,0.5
YPL052W,1,0.0,0.24344865804945492,0.000985367309252038,0.0,1.0,0.0,0.0,0,0.10274,-0.29281,37.9175,6.60028,34.0,33.0,52995.0,0.0,1.55662,0.00019,0.0,0.0,0.5
YPL088W,3,0.0011920768794055799,0.2559128050302004,0.0015015788617486461,0.0,2.487005649717514,0.0,0.0,0,0.09357,-0.36228,38.49418,6.84454,47.0,46.0,48860.0,0.0,1.23128,0.00017,0.0,0.0,0.5
YPL092W,1,0.0,0.24344865804945492,0.000985367309252038,0.0,1.0,0.0,0.0,0,0.15939,0.52642,43.04476,8.73334,26.0,33.0,108970.0,0.0,2.07386,0.00017,0.0,0.0,0.5
YPL159C,2,9.933285543543061e-05,0.2533067683190986,0.0013661573688884424,0.0,1.3632075471698113,0.0,0.0,0,0.07115,-0.87431,44.95889,10.20392,24.0,48.0,22460.0,0.0,0.77176,0.00035,0.0,0.0,0.5
YPL219W,2,0.0001078685005422894,0.25348898155611027,0.0023583020201745904,0.0,1.9135220125786163,0.5,0.0,0,0.06504,-0.65041,42.33559,4.6651,83.0,50.0,17015.0,0.0,0.30696,8e-05,0.0,0.0,0.5
YPL270W,2,0.000214568661971831,0.24347669221090695,0.0009866040671079612,0.0,1.9774590163934427,0.0,0.0,0,0.07115,-0.08823,40.39755,9.18524,74.0,91.0,33695.0,0.0,0.39578,0.00011,0.0,0.0,0.5
YPL271W,1,0.0,0.24344865804945492,0.000985367309252038,0.0,1.0,0.0,0.0,0,0.09677,-0.37258,50.63403,9.77448,3.0,7.0,11460.0,0.0,1.69967,0.00145,0.0,0.0,0.5
YPR003C,1,0.0,0.24344865804945492,0.000985367309252038,0.0,1.0,0.5,0.0,0,0.09947,0.14735,40.07044,8.56146,61.0,67.0,52605.0,0.0,0.63088,0.0001,0.0,0.0,0.5
YPR047W,2,3.6714011489920887e-05,0.24545525831895934,0.001002834848404181,0.0,1.0,0.0,0.0,0,0.09382,-0.53006,34.02303,8.04779,66.0,68.0,78100.0,0.0,1.42445,0.00015,0.0,0.0,0.5
YPR114W,1,0.0,0.24344865804945492,0.000985367309252038,0.0,1.0,0.5,0.0,0,0.16508,0.32762,34.78073,9.27802,21.0,31.0,68340.0,0.0,1.8596,0.00025,0.0,0.0,0.5
YPR130C,1,0.0,0.24344865804945492,0.000985367309252038,0.0,1.0,0.0,0.0,0,0.08148,0.69556,54.01481,11.93365,4.0,17.0,12490.0,0.0,0.83654,0.0008,0.0,0.0,0.5
YPR148C,2,2.7112043138504844e-05,0.24402465175826832,0.001057564648682142,0.0,1.0,0.0,0.0,0,0.06667,-0.90046,40.56299,4.66852,95.0,60.0,33055.0,0.0,0.67077,9e-05,0.0,0.0,0.5
YJR099W,2,4.212289179013109e-05,0.218775062875422,0.00020119384664295188,0.0,1.0,0.0,0.0,0,0.09746,-0.33178,45.57924,4.48016,34.0,17.0,28545.0,0.0,1.08186,0.00017,0.0,0.0,0.5
YJR102C,5,9.835868425063225e-05,0.2288135485265425,0.0002739092489783344,0.2,0.0,0.0,5.3,0,0.10396,-0.53317,50.28218,5.30743,27.0,24.0,50920.0,0.0,2.16153,0.00023,0.0,0.0,0.0
YLR417W,4,1.8315130746295077e-05,0.21051940012540607,6.236635876897e-05,0.3333333333333333,0.0,0.0,3.95,0,0.0742,-0.39982,42.59717,5.97235,71.0,64.0,48830.0,0.0,0.76277,9e-05,0.0,0.0,0.0
YPL002C,4,0.00010252689862407809,0.2299958223821947,0.00037203036257972945,0.16666666666666666,1.0,0.0,2.25,0,0.103,-0.23605,42.9906,5.51373,35.0,30.0,31565.0,0.0,1.17108,0.0002,0.0,0.0,0.5
YDR133C,2,6.500936613082332e-05,0.22194421825009353,0.0001846375312520976,0.0,1.0,0.0,0.0,0,0.09009,0.32342,52.71351,9.9881,1.0,11.0,18615.0,0.0,1.44509,0.00078,0.0,0.0,0.5
YLR369W,1,0.0,0.20320534311960747,0.0003922612109959691,0.0,1.0,0.0,0.0,0,0.05327,-0.31035,38.14718,6.0871,86.0,83.0,19495.0,0.0,0.2694,8e-05,0.0,0.0,0.5
YJR121W,2,7.98970528419198e-06,0.22752088616803143,0.00042179803080002635,0.0,1.4329580348004094,0.0,0.0,0,0.05871,-0.018,31.91098,5.51776,63.0,54.0,22015.0,0.0,0.40178,0.0001,0.0,0.0,0.5
YJR125C,1,0.0,0.15011370927650095,3.8085542603228213e-07,0.0,0.0,0.0,0.0,0,0.08088,-0.82402,44.29096,4.71466,68.0,45.0,25900.0,0.0,0.5744,0.0001,0.0,0.0,0.0
YOR111W,2,0.000214568661971831,0.1777737079210927,1.2261813197798015e-05,0.0,0.0,0.0,0.0,0,0.10345,-0.30302,40.3319,4.68939,39.0,26.0,30870.0,0.0,1.16592,0.00018,0.0,0.0,0.0
YJR130C,1,0.0,0.00022002200220022002,4.36630699855352e-12,0.0,0.0,0.5,0.0,0,0.10172,-0.27606,40.55917,5.75153,85.0,75.0,59510.0,0.0,0.82253,8e-05,0.0,0.0,0.0
YEL059W,1,0.0,0.00022002200220022002,4.36630699855352e-12,0.0,0.0,0.0,0.0,0,0.13725,0.7902,46.37843,7.6109,5.0,6.0,20355.0,0.0,1.79478,0.00067,0.0,0.0,0.0
YJR136C,2,0.000214568661971831,0.22792557485684428,0.00025986639372549994,0.0,0.0,0.5,0.0,1,0.09026,0.01378,46.37154,6.21112,46.0,43.0,51100.0,0.0,1.0504,0.00013,0.08971985818844534,0.07606989737809992,0.5
YKL033W,1,0.0,0.18436968914889398,8.1265953679112e-06,0.0,0.0,0.5,0.0,1,0.08189,-0.07197,43.45212,5.01263,150.0,105.0,88470.0,0.0,0.74415,4e-05,0.05900181244167522,0.05277425862356333,0.5
YJR139C,1,0.0,0.1780806531760731,4.072626972565532e-06,0.0,1.0,0.0,0.0,0,0.07799,0.05042,19.76159,6.862,40.0,40.0,25900.0,0.0,0.6727,0.00018,0.0,0.0,0.5
YKL001C,2,4.753611601892521e-05,0.228307050551724,0.0007205004968748926,0.0,1.9719101123595506,0.0,0.0,0,0.07921,-0.43218,45.50693,8.27228,30.0,32.0,21930.0,0.0,0.95099,0.00036,0.0,0.0,0.5
YBR197C,3,0.0002411969087656609,0.24222151393739444,0.000854500059238357,0.0,2.86815415821501,0.0,0.0,0,0.02765,-0.98571,44.753,9.09613,29.0,33.0,10095.0,0.0,0.4171,0.00038,0.0,0.0,0.5
YBR242W,1,0.0,0.22109710291326112,0.00010743363559245524,0.0,1.0,0.0,0.0,0,0.09244,-0.48067,20.90336,6.46124,36.0,35.0,40505.0,0.0,1.46884,0.00023,0.0,0.0,0.5
YBR262C,1,0.0,0.22109710291326112,0.00010743363559245524,0.0,1.0,0.0,0.0,0,0.13208,-0.6283,23.67,7.96722,13.0,14.0,41940.0,0.0,3.38561,0.00064,0.0,0.0,0.5
YCL049C,1,0.0,0.22109710291326112,0.00010743363559245524,0.0,1.0,0.0,0.0,0,0.12179,-0.4484,38.50067,4.68353,44.0,29.0,77975.0,0.0,2.18715,0.00013,0.0,0.0,0.5
YDR290W,1,0.0,0.22109710291326112,0.00010743363559245524,0.0,1.0,0.0,0.0,0,0.21101,0.44679,62.34505,6.70319,9.0,9.0,23420.0,0.0,1.79476,0.00051,0.0,0.0,0.5
YEL049W,2,1.468304713649084e-05,0.2217231119085063,0.00011908344325487105,0.0,1.3730994152046783,0.0,0.0,0,0.09167,0.23417,18.25917,5.13422,10.0,7.0,15930.0,0.0,1.24265,0.0004,0.0,0.0,0.5
YEL057C,1,0.0,0.22109710291326112,0.00010743363559245524,0.0,1.0,0.0,0.0,0,0.1073,-0.38412,48.54682,9.76215,24.0,39.0,16305.0,0.0,0.59883,0.00036,0.0,0.0,0.5
YEL074W,1,0.0,0.22109710291326112,0.00010743363559245524,0.0,1.0,0.0,0.0,0,0.11607,-0.64554,49.2625,9.75739,8.0,18.0,9190.0,0.0,0.70357,0.00075,0.0,0.0,0.5
YER121W,1,0.0,0.22109710291326112,0.00010743363559245524,0.0,1.0,0.0,0.0,0,0.10526,-0.90877,56.77193,4.92328,17.0,11.0,19940.0,0.0,1.54086,0.00038,0.0,0.0,0.5
YER170W,1,0.0,0.22109710291326112,0.00010743363559245524,0.0,1.0,0.0,0.0,0,0.06667,-0.37289,34.29333,8.92206,28.0,31.0,22920.0,0.0,0.90975,0.00035,0.0,0.0,0.5
YGL258W,1,0.0,0.22109710291326112,0.00010743363559245524,0.0,1.0,0.0,0.0,0,0.1165,0.17136,27.76942,4.36359,18.0,8.0,20690.0,0.0,0.93402,0.0002,0.0,0.0,0.5
YKL005C,2,3.391369995517493e-07,0.1891444822793323,1.824950006621678e-05,0.0,0.0,0.0,0.0,0,0.0,0.0,0.0,0.0,0.0,0.0,0.0,0.0,0.0,0.0,0.0,0.0,0.0
YJR017C,2,0.0014568578593478672,0.2213633036862813,0.0001812556426704268,0.0,1.0,0.5,0.0,1,0.07059,-0.94882,55.83471,8.84906,26.0,29.0,21220.0,0.0,1.09356,0.00046,0.08971985818844534,0.07606989737809992,0.53803494868905
YIL086C,1,0.0,0.20560622309131288,0.0005837354717881313,0.0,0.0,0.0,0.0,0,0.13725,-0.45686,26.73137,10.15302,5.0,17.0,9065.0,0.0,0.78254,0.00088,0.0,0.0,0.0
YMR298W,4,4.6771546410837736e-05,0.22677659625242838,0.0002664452685838287,0.16666666666666666,2.587378640776699,0.5,1.2,1,0.12,-0.36133,40.56133,6.19513,19.0,17.0,26525.0,0.0,1.54157,0.00036,0.08971985818844534,0.07606989737809992,0.5147001865477379
YKL010C,2,2.4451166110448645e-05,0.2394238019657475,0.0015763482410559367,0.0,1.0,0.0,0.0,0,0.08564,-0.2439,41.16287,4.78387,240.0,150.0,105445.0,0.0,0.62824,3e-05,0.0,0.0,0.5
YPR122W,1,0.0,0.17629880723417962,4.714650544500947e-06,0.0,1.0,0.0,0.0,0,0.11424,-0.24909,40.45004,8.56464,128.0,138.0,119580.0,0.0,0.86445,6e-05,0.0,0.0,0.5
YKL017C,2,1.5774679494592566e-05,0.21963866360146636,0.00014403702430103332,0.0,1.83983286908078,0.5,0.0,0,0.06149,-0.42035,40.38537,7.2099,91.0,91.0,53580.0,0.0,0.68454,9e-05,0.0,0.0,0.5
YHR053C,1,0.0,0.19698622025988877,2.4077969225871382e-05,0.0,0.0,0.0,0.0,0,0.03279,-1.05246,46.7459,5.68085,8.0,7.0,1500.0,0.0,0.22555,0.00085,0.0,0.0,0.0
YKR062W,1,0.0,0.17635027275195095,4.398196065879151e-06,0.0,1.0,1.0,0.0,1,0.05488,-0.75732,34.92439,9.49762,45.0,61.0,32805.0,0.0,0.88698,0.00026,0.08971985818844534,0.08233295696528463,0.5411664784826423
YKL052C,3,8.615166033753374e-05,0.2291980048953405,0.0007385256981643962,0.0,1.0,0.25,0.0,1,0.03425,-0.90171,55.76199,4.59503,51.0,23.0,8730.0,0.0,0.27221,0.00014,0.08971985818844534,0.06602488493524936,0.5330124424676247
YMR077C,4,3.495839950467537e-05,0.21251900644884067,6.607557284211214e-05,0.16666666666666666,0.0,0.0,3.0,0,0.04525,-0.89864,53.25566,5.2403,41.0,33.0,5960.0,0.0,0.23247,0.0002,0.0,0.0,0.0
YLR285W,3,0.000215940801812354,0.1947992993513466,4.075170849540851e-05,0.0,0.0,0.0,0.0,0,0.09195,-0.35172,48.24406,4.99213,41.0,23.0,35535.0,0.0,1.1992,0.00017,0.0,0.0,0.0
YOR142W-A,5,0.0006911272984112072,0.20399938204057275,5.038358647842644e-05,0.0,1.6865079365079365,0.0,0.0,0,0.07955,-0.82023,51.29116,7.73492,38.0,39.0,45185.0,0.0,0.92032,0.00016,0.0,0.0,0.5
YNL122C,1,0.0,0.1962457392945532,2.803870211112061e-05,0.0,0.0,0.0,0.0,0,0.07826,-0.75217,35.69739,12.25897,1.0,26.0,13980.0,0.0,1.05562,0.00093,0.0,0.0,0.0
YLR357W,2,7.201253260986961e-05,0.22592847092584453,0.0009041138739797642,0.0,0.0,1.0,0.0,0,0.08436,-0.81845,46.15243,8.97089,116.0,128.0,106745.0,0.0,1.04347,9e-05,0.0,0.0,0.0
YML046W,2,0.0,0.18806774250918534,1.9650933906937437e-05,1.0,0.0,1.0,0.0,1,0.13355,-0.35151,39.05169,8.50104,73.0,78.0,131960.0,0.0,1.76542,0.00011,0.05900181244167522,0.055714552844473776,0.5
YHL048W,1,0.0,0.20781910705322548,0.0005976178766009344,0.0,1.0,0.0,0.0,0,0.17585,-0.15748,40.4901,8.50543,47.0,51.0,105600.0,0.0,2.30171,0.00019,0.0,0.0,0.5
YKL087C,1,0.0,0.16207516731129631,1.2137947481262455e-06,0.0,0.0,0.0,0.0,0,0.10714,-0.95402,37.48536,6.59869,32.0,31.0,54930.0,0.0,2.10655,0.00025,0.0,0.0,0.0
YMR081C,1,0.0,0.1629369703047444,1.6791610524128476e-06,0.0,0.0,0.0,0.0,0,0.0,0.0,0.0,0.0,0.0,0.0,0.0,0.0,0.0,0.0,0.0,0.0,0.0
YHR010W,1,0.0,0.2224228482179167,0.0011354190662480606,0.0,0.0,0.0,0.0,0,0.0,0.0,0.0,0.0,0.0,0.0,0.0,0.0,0.0,0.0,0.0,0.0,0.0
YML102W,3,7.40703405570789e-05,0.22444154717472706,0.001327718968523622,0.0,0.0,1.0,0.0,0,0.07906,-0.19658,46.64724,5.91437,53.0,46.0,66110.0,0.0,1.28991,0.00012,0.0,0.0,0.0
YOL068C,3,2.7460474041543755e-05,0.23490185481163384,0.0018206852927906024,0.3333333333333333,2.3171521035598706,0.5,3.357142857142857,0,0.09145,-0.26441,45.20044,8.72467,58.0,66.0,41715.0,0.0,0.72295,0.00015,0.0,0.0,0.5
YOR182C,1,0.0,0.2224228482179167,0.0011354190662480606,0.0,0.0,0.0,0.0,0,0.0,0.0,0.0,0.0,0.0,0.0,0.0,0.0,0.0,0.0,0.0,0.0,0.0
YPR116W,1,0.0,0.2224228482179167,0.0011354190662480606,0.0,0.0,0.0,0.0,0,0.0,0.0,0.0,0.0,0.0,0.0,0.0,0.0,0.0,0.0,0.0,0.0,0.0
YLR389C,1,0.0,0.15310293954811846,2.26156572117496e-07,0.0,0.0,0.0,0.0,0,0.10711,-0.38783,33.98211,6.27106,125.0,114.0,121685.0,0.0,1.03494,5e-05,0.0,0.0,0.0
YGR192C,3,6.992313639552274e-05,0.24071857404901417,0.0022491983513968396,0.3333333333333333,2.961248654467169,0.0,0.0,0,0.07229,-0.10723,27.0747,6.45758,39.0,37.0,33140.0,0.0,0.92709,0.00018,0.0,0.0,0.5
YKL152C,2,0.0,0.21474218923009508,0.0017352152074318482,1.0,1.971608832807571,0.0,0.0,1,0.08097,-0.48947,34.13887,8.81293,33.0,36.0,40910.0,0.0,1.48181,0.00032,0.08971985818844534,0.0,0.5
YKR069W,3,2.178004752813743e-05,0.2152011801689075,0.0017409085044082736,0.3333333333333333,2.3115860517435323,0.0,0.0,0,0.07251,-0.17032,37.99224,6.15094,76.0,71.0,48775.0,0.0,0.73762,9e-05,0.0,0.0,0.5
YOR247W,3,6.902853618653048e-05,0.2149605119112969,0.0017379405130250084,0.3333333333333333,2.0,0.0,0.0,0,0.08571,-0.04333,29.07,4.26837,12.0,4.0,27055.0,0.0,1.22711,0.00019,0.0,0.0,0.5
YBR027C,4,0.0003663806723559825,0.23335926219960443,0.0003053145810143639,0.16666666666666666,1.0,0.0,2.2666666666666666,0,0.13636,0.54909,38.45645,9.27448,4.0,11.0,17835.0,0.0,1.38888,0.00072,0.0,0.0,0.5
YBR169C,1,0.0,0.1989416254384189,2.942915646355213e-05,0.0,1.0,0.0,0.0,0,0.07648,-0.49986,31.99048,5.45721,110.0,96.0,53790.0,0.0,0.69299,7e-05,0.0,0.0,0.5
YCL033C,1,0.0,0.1989416254384189,2.942915646355213e-05,0.0,1.0,0.0,0.0,0,0.09524,-0.64821,53.87387,9.21075,17.0,25.0,38805.0,0.0,2.01284,0.00048,0.0,0.0,0.5
YML106W,1,0.0,0.1989416254384189,2.942915646355213e-05,0.0,1.0,0.0,0.0,0,0.0885,0.14159,30.55531,5.79645,25.0,23.0,13660.0,0.0,0.55384,0.00024,0.0,0.0,0.5
YOL073C,2,0.000214568661971831,0.19896034583226838,2.9465606070314212e-05,0.0,1.0,0.0,0.0,0,0.12112,0.15311,30.25314,7.7431,21.0,22.0,74745.0,0.0,2.09008,0.00022,0.0,0.0,0.5
YPL259C,2,6.389067723622431e-06,0.19196074221794146,2.9318938338831904e-05,0.0,1.4402298850574713,0.0,0.0,0,0.08421,-0.36189,33.996,8.73187,56.0,62.0,50935.0,0.0,0.94546,0.00016,0.0,0.0,0.5
YOR323C,1,0.0,0.19348905011754894,6.233234634608389e-05,0.0,1.0,0.0,0.0,0,0.0636,-0.20899,28.41118,5.3714,66.0,54.0,33265.0,0.0,0.66878,0.00011,0.0,0.0,0.5
YMR165C,1,0.0,0.16716884844714705,2.2802660000378445e-06,0.0,1.0,0.5,0.0,0,0.05916,-0.68956,43.9522,4.84686,140.0,98.0,51715.0,0.0,0.5442,5e-05,0.0,0.0,0.5
YMR210W,1,0.0,0.16716884844714705,2.2802660000378445e-06,0.0,1.0,0.0,0.0,0,0.11136,-0.50646,37.83345,8.5932,54.0,59.0,54625.0,0.0,1.06198,0.00017,0.0,0.0,0.5
YMR243C,2,0.00021610398435232205,0.18507979649505568,8.019728588483015e-06,0.0,1.0,0.0,0.0,0,0.06787,0.06765,45.39502,5.87531,45.0,30.0,41535.0,0.0,0.85915,0.00012,0.0,0.0,0.5
YKL149C,1,0.0,0.19947654088961894,0.0001303489225204344,0.0,0.0,0.5,0.0,0,0.10864,-0.64593,46.33756,7.71307,53.0,54.0,96995.0,0.0,2.0317,0.00016,0.0,0.0,0.0
YKL156W,1,0.0,0.17138296142980594,3.6579374258868527e-06,0.0,0.0,0.0,0.0,0,0.0,0.0,0.0,0.0,0.0,0.0,0.0,0.0,0.0,0.0,0.0,0.0,0.0
YKL161C,1,0.0,0.20190523254006074,0.00019567953190737221,0.0,1.0,0.0,0.0,0,0.10393,-0.27483,48.37739,5.87445,54.0,43.0,48830.0,0.0,0.98384,0.00012,0.0,0.0,0.5
YKL174C,3,0.000579471687840557,0.19763989485506786,2.397569247550775e-05,0.0,1.6168421052631579,0.0,0.0,0,0.11974,0.45113,36.30472,5.18658,59.0,41.0,81790.0,0.0,1.18122,7e-05,0.0,0.0,0.5
YNL104C,1,0.0,0.18517705335080717,2.138448686431385e-05,0.0,1.0,0.0,0.0,0,0.08078,-0.38498,38.33974,5.69806,81.0,70.0,69425.0,0.0,1.01487,8e-05,0.0,0.0,0.5
YKL186C,1,0.0,0.17585159023242117,4.9570753624831295e-06,0.0,0.0,1.0,0.0,1,0.09239,-0.41413,19.45489,7.7254,15.0,16.0,17335.0,0.0,0.83408,0.00037,0.08971985818844534,0.08233295696528463,0.5
YPL147W,1,0.0,0.16023277595843402,8.034861765086934e-07,0.0,0.0,0.0,0.0,0,0.10575,-0.10575,34.80028,9.53302,88.0,119.0,100910.0,0.0,1.00886,0.0001,0.0,0.0,0.0
YMR211W,3,6.505427631524925e-05,0.24298702466925426,0.0007814344859893246,0.0,1.0,0.0,0.0,1,0.12842,-0.79663,43.46126,5.14252,72.0,51.0,85760.0,0.0,1.55049,9e-05,0.08971985818844534,0.0,0.5
YOR332W,2,0.0,0.23465419179396438,0.001401833950161994,1.0,1.7402015677491602,0.0,3.0,0,0.04292,-0.52918,40.60858,5.33356,41.0,37.0,7450.0,0.0,0.28144,0.0002,0.0,0.0,0.5
YKL192C,3,0.00024435747247938077,0.21580521512217565,0.00011602778689938932,0.0,0.0,0.0,0.0,1,0.064,-0.2544,55.13368,4.79425,19.0,14.0,4595.0,0.0,0.32957,0.00034,0.08971985818844534,0.0,0.0
YOL078W,2,0.0,0.20185704283350192,4.624047910702275e-05,1.0,1.0,0.0,1.7142857142857142,1,0.06463,-0.84558,40.40528,6.25348,167.0,154.0,62410.0,0.0,0.47504,5e-05,0.05900181244167522,0.0,0.5
YKL210W,1,0.0,0.1786222518509349,2.940514457222554e-05,0.0,1.0,0.5,0.0,1,0.09375,-0.32021,25.61358,4.96527,152.0,112.0,71500.0,0.0,0.62574,4e-05,0.05900181244167522,0.05277425862356333,0.5263871293117817
YGR163W,2,0.0,0.1992415751186879,3.509711722727154e-05,1.0,1.0,0.0,2.230769230769231,0,0.08504,-0.02463,37.58361,4.57318,50.0,29.0,26860.0,0.0,0.69586,0.00012,0.0,0.0,0.5
YKR019C,2,2.598833011232764e-05,0.23319197034956612,0.0017256035338522285,0.0,0.0,0.0,0.0,0,0.0,0.0,0.0,0.0,0.0,0.0,0.0,0.0,0.0,0.0,0.0,0.0,0.0
YHR212C,2,9.756914717514779e-06,0.23039681760482905,0.00030225410176579567,0.0,0.0,0.0,0.0,0,0.0,0.0,0.0,0.0,0.0,0.0,0.0,0.0,0.0,0.0,0.0,0.0,0.0
YNR038W,1,0.0,0.18076788741585226,3.0970538016390184e-05,0.0,0.0,0.0,0.0,1,0.0,0.0,0.0,0.0,0.0,0.0,0.0,0.0,0.0,0.0,0.08971985818844534,0.0,0.0
YJL215C,2,4.3539786968896913e-05,0.22158369263880903,0.0011307205378316425,0.0,1.9960707269155207,0.0,0.0,0,0.10924,-0.43361,70.37571,10.22577,9.0,19.0,13200.0,0.0,0.9526,0.00074,0.0,0.0,0.5
YJR019C,2,0.00010118844451397615,0.2326787273202945,0.0003043250952423711,0.0,1.7850098619329389,0.0,0.0,0,0.13181,-0.42923,36.61034,8.80609,32.0,36.0,50895.0,0.0,1.26418,0.00022,0.0,0.0,0.5
YLR081W,2,0.000429137323943662,0.2003365165017544,4.483297806100105e-05,0.0,1.0,0.0,0.0,0,0.13415,0.27526,42.03979,7.00458,45.0,45.0,116125.0,0.0,1.82514,0.00011,0.0,0.0,0.5
YOR190W,4,0.0006131373684280951,0.23637245334371337,0.0009077180636674167,0.0,3.57280385078219,0.0,0.0,0,0.13483,-0.4827,28.71396,5.52423,60.0,47.0,116615.0,0.0,2.25087,0.00011,0.0,0.0,0.5
YKR035C,1,0.0,0.20117522313601485,3.63372088097556e-05,0.0,0.0,0.0,0.0,0,0.12207,0.6892,41.77371,4.72772,13.0,10.0,15855.0,0.0,0.68227,0.0002,0.0,0.0,0.0
YKR043C,1,0.0,0.00022002200220022002,4.36630699855352e-12,0.0,1.0,0.5,0.0,0,0.08487,-0.55904,38.9369,5.63129,40.0,32.0,42900.0,0.0,1.38291,0.00018,0.0,0.0,0.5
YBR238C,1,0.0,0.00022002200220022002,4.36630699855352e-12,0.0,1.0,0.0,0.0,0,0.09986,-0.55308,40.70508,7.0954,68.0,66.0,98180.0,0.0,1.17216,8e-05,0.0,0.0,0.5
YKR044W,1,0.0,0.00022002200220022002,4.36630699855352e-12,0.0,0.0,0.5,0.0,0,0.10384,-0.35598,42.23273,6.40472,52.0,48.0,61225.0,0.0,1.20095,0.00013,0.0,0.0,0.0
YHR159W,1,0.0,0.00022002200220022002,4.36630699855352e-12,0.0,0.0,0.0,0.0,0,0.0377,-1.06409,63.68294,8.29962,67.0,69.0,25690.0,0.0,0.4562,0.00015,0.0,0.0,0.0
YKR065C,2,0.000214568661971831,0.15364810661721648,4.301805216740783e-07,0.0,1.0,0.0,0.0,0,0.11168,-0.13249,47.35228,9.69489,12.0,21.0,27180.0,0.0,1.23726,0.00044,0.0,0.0,0.5
YLR036C,1,0.0,0.13254045417078927,1.4707956292287657e-08,0.0,0.0,0.0,0.0,0,0.133,0.19163,34.62626,9.4809,14.0,28.0,25410.0,0.0,1.08694,0.00041,0.0,0.0,0.0
YKR080W,1,0.0,0.20000488059022048,0.00013139492068756233,0.0,1.0,0.5,0.0,0,0.0875,-0.29688,34.43437,6.55182,41.0,40.0,30090.0,0.0,0.83032,0.00018,0.0,0.0,0.5
YBR137W,6,0.000427160307175322,0.2538389573395181,0.0018958046739706459,0.0,5.716161616161616,0.0,0.0,0,0.11173,-0.37877,51.94754,5.31573,29.0,23.0,16430.0,0.0,0.80326,0.00026,0.0,0.0,0.5
YDR353W,4,0.0001406503638094325,0.24432072973879318,0.0012109416218293145,0.16666666666666666,3.4206602768903087,0.0,0.0,1,0.06897,-0.15831,38.80473,5.68988,39.0,34.0,24910.0,0.0,0.72756,0.00017,0.08971985818844534,0.0,0.5
YKR091W,2,4.1098034778173795e-05,0.22739853679925962,0.0007245882474215977,0.0,1.0,0.0,0.0,0,0.06098,-0.73333,59.81829,8.45599,29.0,31.0,17210.0,0.0,0.62661,0.00031,0.0,0.0,0.5
YNL309W,2,7.023122812955644e-06,0.2079110669314633,0.0002621761930679018,0.0,1.0,0.5,0.0,0,0.0381,-0.90381,55.79452,9.48431,38.0,47.0,10430.0,0.0,0.22831,0.00021,0.0,0.0,0.5
YOR060C,4,0.000768479412298611,0.23549051569410437,0.00035930600528110806,0.0,3.4783047426841573,0.3333333333333333,0.0,1,0.0856,-0.47821,34.37121,9.55035,28.0,39.0,23295.0,0.0,0.78815,0.00032,0.08971985818844534,0.07069233844701739,0.5101618954744697
YKR100C,2,6.821936508595942e-05,0.23341078491577147,0.000996971685370745,0.0,0.0,0.0,0.0,0,0.07887,-0.93746,53.81296,5.66339,51.0,45.0,25120.0,0.0,0.6307,0.00014,0.0,0.0,0.0
YML065W,1,0.0,0.19154337954971384,2.7199399476476405e-05,0.0,1.0,1.0,0.0,1,0.07659,-0.62123,45.81229,5.5163,152.0,135.0,90940.0,0.0,0.87108,5e-05,0.05900181244167522,0.055714552844473776,0.5278572764222369
YOL143C,3,0.00010323988145819777,0.21523404032773613,8.122172902700046e-05,0.0,1.4155629139072847,0.0,0.0,0,0.06509,0.00828,39.49882,6.05914,21.0,18.0,21095.0,0.0,1.13687,0.00033,0.0,0.0,0.5
YLL016W,3,0.0,0.201089124081936,0.00020418065882197564,1.0,0.0,0.0,6.240079365079366,0,0.0,0.0,0.0,0.0,0.0,0.0,0.0,0.0,0.0,0.0,0.0,0.0,0.0
YLL017W,2,5.032949139011823e-06,0.21895630872050081,0.00019840427929547234,0.0,0.0,0.0,0.0,0,0.0,0.0,0.0,0.0,0.0,0.0,0.0,0.0,0.0,0.0,0.0,0.0,0.0
YNL293W,3,1.7255845356637079e-06,0.2336945670250916,0.003346527224157203,0.6666666666666666,1.978527607361963,0.0,4.5,0,0.09637,-0.70348,42.63872,7.29742,85.0,85.0,95310.0,0.0,1.30565,0.0001,0.0,0.0,0.5
YPR101W,2,5.020265650086284e-05,0.2087114747702005,0.000217246300303258,0.0,0.0,1.0,0.0,1,0.08,-0.89714,41.75771,8.52606,28.0,30.0,19035.0,0.0,0.91916,0.00041,0.08971985818844534,0.08233295696528463,0.5
YLL040C,2,0.0,0.23321769194347186,0.0017313185527113525,1.0,0.0,0.0,0.0,0,0.0827,-0.3826,47.79604,5.41132,436.0,360.0,310205.0,0.0,0.86687,2e-05,0.0,0.0,0.0
YLL047W,1,0.0,0.00022002200220022002,4.36630699855352e-12,0.0,0.0,0.0,0.0,0,0.2126,0.45354,32.67409,9.32318,5.0,12.0,11055.0,0.0,0.74478,0.00063,0.0,0.0,0.0
YMR069W,1,0.0,0.00022002200220022002,4.36630699855352e-12,0.0,0.0,0.5,0.0,0,0.09474,-0.31965,43.23653,8.31989,33.0,36.0,34475.0,0.0,1.06623,0.00026,0.0,0.0,0.0
YLL052C,1,0.0,0.19563743651718862,0.00029811644354552633,0.0,0.0,0.0,0.0,0,0.0,0.0,0.0,0.0,0.0,0.0,0.0,0.0,0.0,0.0,0.0,0.0,0.0
YLL059C,1,0.0,0.18199712461024453,8.83158586241403e-06,0.0,0.0,0.0,0.0,0,0.10714,0.10655,44.55065,9.23553,11.0,18.0,13700.0,0.0,0.71049,0.00048,0.0,0.0,0.0
YML011C,5,0.0002877178758588665,0.2243105872225245,0.0002993609052214158,0.0,2.8453292496171514,1.0,0.0,0,0.07345,-0.02712,39.70621,4.66669,29.0,19.0,17585.0,0.0,0.86753,0.00023,0.0,0.0,0.5
YLR008C,1,0.0,0.1866812286031711,2.423911384049282e-05,0.0,0.0,0.0,0.0,1,0.07143,-0.42381,25.06488,9.49457,13.0,19.0,5960.0,0.0,0.33277,0.00053,0.08971985818844534,0.0,0.0
YLR012C,1,0.0,0.00022002200220022002,4.36630699855352e-12,0.0,0.0,0.0,0.0,0,0.15152,-0.84242,73.50202,7.77167,14.0,15.0,24535.0,0.0,2.03128,0.00064,0.0,0.0,0.0
YKL168C,1,0.0,0.00022002200220022002,4.36630699855352e-12,0.0,0.0,0.0,0.0,0,0.08702,-0.75691,62.42435,8.97052,88.0,104.0,81190.0,0.0,0.98306,0.00011,0.0,0.0,0.0
YLR014C,5,0.0004572456225567306,0.20736052519585307,9.895688302382689e-05,0.0,2.635204081632653,1.0,0.0,0,0.10951,-0.38341,39.64106,7.11884,109.0,109.0,110640.0,0.0,1.07708,7e-05,0.0,0.0,0.5
YJL082W,1,0.0,0.17067739709069388,3.834043822506609e-06,0.0,0.0,0.5,0.0,0,0.08892,-0.28167,41.34109,6.21686,94.0,89.0,82250.0,0.0,0.99655,8e-05,0.0,0.0,0.0
YKL072W,1,0.0,0.17067739709069388,3.834043822506609e-06,0.0,1.0,0.0,0.0,0,0.10836,-0.63251,40.64598,8.81818,98.0,112.0,111210.0,0.0,1.25187,0.0001,0.0,0.0,0.5
YLR030W,3,0.0001871932378068925,0.1980378958609578,7.740259730269414e-05,0.0,1.0,0.0,0.0,0,0.06084,-0.92433,49.59924,5.76337,42.0,36.0,13325.0,0.0,0.44439,0.00019,0.0,0.0,0.5
YLR031W,2,1.5724816364861426e-06,0.21146687954788376,0.00018979475000879245,0.0,0.0,0.0,0.0,0,0.06989,-0.64892,44.21452,8.51508,30.0,32.0,7240.0,0.0,0.33142,0.00039,0.0,0.0,0.0
YCL001W,2,5.76767923888362e-07,0.23591091717260987,0.0032903753285544114,0.0,0.0,0.0,0.0,0,0.0,0.0,0.0,0.0,0.0,0.0,0.0,0.0,0.0,0.0,0.0,0.0,0.0
YDL191W,3,3.051173268709513e-05,0.24742280675905634,0.006698217765215779,0.0,1.7118193891102258,0.0,0.0,0,0.05,-0.79,42.12583,10.58344,10.0,33.0,6085.0,0.0,0.43747,0.00076,0.0,0.0,0.5
YDR153C,2,5.76767923888362e-07,0.23591091717260987,0.0032903753285544114,0.0,0.0,0.0,0.0,0,0.0,0.0,0.0,0.0,0.0,0.0,0.0,0.0,0.0,0.0,0.0,0.0,0.0
YEL051W,2,5.76767923888362e-07,0.23591091717260987,0.0032903753285544114,0.0,1.0,0.0,0.0,0,0.06641,-0.61797,36.98676,5.79047,42.0,40.0,11920.0,0.0,0.40831,0.0002,0.0,0.0,0.5
YER120W,2,5.76767923888362e-07,0.23591091717260987,0.0032903753285544114,0.0,1.0,0.6666666666666666,0.0,0,0.06557,-0.29508,57.10131,4.84772,33.0,23.0,20190.0,0.0,0.74985,0.00018,0.0,0.0,0.5
YFL025C,2,5.76767923888362e-07,0.23591091717260987,0.0032903753285544114,0.0,0.0,0.5,0.0,0,0.12148,0.09125,42.86503,6.26923,98.0,89.0,147695.0,0.0,1.25427,5e-05,0.0,0.0,0.0
YFR031C-A,2,5.76767923888362e-07,0.23591091717260987,0.0032903753285544114,0.0,0.0,0.0,0.0,0,0.0,0.0,0.0,0.0,0.0,0.0,0.0,0.0,0.0,0.0,0.0,0.0,0.0
YKR094C,1,0.0,0.2324868431644968,0.001574154807956681,0.0,0.0,0.0,0.0,0,0.0,0.0,0.0,0.0,0.0,0.0,0.0,0.0,0.0,0.0,0.0,0.0,0.0
YLL038C,2,5.76767923888362e-07,0.23591091717260987,0.0032903753285544114,0.0,0.0,0.0,0.0,0,0.05263,-0.75992,47.48138,9.37946,33.0,39.0,10095.0,0.0,0.35708,0.00033,0.0,0.0,0.0
YLR083C,4,0.00047777650839318856,0.25303393910477695,0.0037239825570582964,0.0,2.4621309370988445,0.0,0.0,0,0.16042,0.24183,32.35057,6.40656,55.0,51.0,124900.0,0.0,1.64424,8e-05,0.0,0.0,0.5
YLR318W,3,5.76767923888362e-07,0.24293118804613273,0.00578192582612605,0.6666666666666666,0.0,0.5,4.1688311688311686,0,0.11199,-0.1336,38.63215,9.32611,79.0,111.0,93930.0,0.0,0.91519,9e-05,0.0,0.0,0.0
YLR361C,2,5.76767923888362e-07,0.23591091717260987,0.0032903753285544114,0.0,1.0,0.0,0.0,0,0.13149,-0.35865,47.78948,5.55511,77.0,60.0,109765.0,0.0,1.65153,8e-05,0.0,0.0,0.5
YMR010W,4,5.7502612028521226e-05,0.2541746222467411,0.005884527588554785,0.0,1.0,0.0,0.0,0,0.15309,0.17333,34.80526,5.61603,40.0,35.0,77280.0,0.0,1.64875,0.00012,0.0,0.0,0.5
YMR216C,2,5.76767923888362e-07,0.23591091717260987,0.0032903753285544114,0.0,1.0,0.0,0.0,0,0.07143,-0.71644,46.66159,5.82001,103.0,86.0,79060.0,0.0,0.94982,7e-05,0.0,0.0,0.5
YMR274C,3,5.796662551641829e-07,0.2437995497445392,0.004946690780111362,0.6666666666666666,1.0,0.5,9.0,0,0.14286,0.44984,38.27879,8.99628,14.0,21.0,50725.0,0.0,1.41252,0.00025,0.0,0.0,0.5
YNL069C,5,0.0002451046746486756,0.252429751093543,0.006681966405071223,0.0,0.0,0.0,0.0,0,0.0,0.0,0.0,0.0,0.0,0.0,0.0,0.0,0.0,0.0,0.0,0.0,0.0
YNL169C,3,0.0001801820045122736,0.2461123961307783,0.004137052981435443,0.0,0.0,0.0,0.0,0,0.108,-0.2944,38.66962,9.18304,51.0,61.0,63995.0,0.0,1.13077,0.00016,0.0,0.0,0.0
YOL017W,2,5.76767923888362e-07,0.23591091717260987,0.0032903753285544114,0.0,1.0,0.5,0.0,0,0.08683,-0.64062,43.08139,6.47882,104.0,100.0,76705.0,0.0,0.93329,8e-05,0.0,0.0,0.5
YOR112W,4,0.0005209027428176648,0.2500859418250063,0.004288032315104039,0.0,0.0,0.0,0.0,0,0.07622,-0.22733,43.9079,5.27155,94.0,81.0,82025.0,0.0,0.96765,6e-05,0.0,0.0,0.0
YPL037C,2,5.76767923888362e-07,0.23591091717260987,0.0032903753285544114,0.0,0.0,0.5,0.0,0,0.04459,-0.55732,42.9593,6.0976,22.0,20.0,1490.0,0.0,0.08754,0.00036,0.0,0.0,0.0
YPL195W,3,0.00021514542989571934,0.2359372421089679,0.0032934552160034758,0.0,1.0,0.0,0.0,0,0.07618,-0.37028,39.0762,4.97174,157.0,123.0,63270.0,0.0,0.59173,5e-05,0.0,0.0,0.5
YPL196W,3,0.0016563181365568025,0.23639888139082244,0.0032961206886591406,0.0,1.9110512129380053,0.0,0.0,0,0.10256,-0.65018,41.90769,5.48773,40.0,32.0,41995.0,0.0,1.3644,0.00018,0.0,0.0,0.5
YPR079W,2,5.76767923888362e-07,0.23591091717260987,0.0032903753285544114,0.0,1.0,0.0,0.0,0,0.08136,-0.49738,44.75698,8.83478,40.0,46.0,41785.0,0.0,0.97844,0.00021,0.0,0.0,0.5
YPR084W,6,0.0007167272551357485,0.2568142348062087,0.005124349656685883,0.13333333333333333,4.3957671957671955,0.0,15.0,0,0.06798,-0.36316,54.77785,6.64996,52.0,50.0,47370.0,0.0,0.93185,0.00013,0.0,0.0,0.5
YLR042C,1,0.0,0.18436968914889398,8.1265953679112e-06,0.0,0.0,0.0,0.0,0,0.07453,0.15217,32.49255,6.52032,6.0,6.0,6085.0,0.0,0.359,0.00038,0.0,0.0,0.0
YLR434C,2,0.000214568661971831,0.22792557485684428,0.00025986639372549994,0.0,0.0,0.0,0.0,0,0.15748,-0.18425,37.20472,9.48444,10.0,18.0,7950.0,0.0,0.52648,0.00063,0.0,0.0,0.0
YLR049C,3,2.2904623456094937e-05,0.23655757385986975,0.0010509471918389293,0.0,2.1154891304347827,0.0,0.0,0,0.09579,-0.43178,53.16077,8.04816,48.0,50.0,46715.0,0.0,0.94388,0.00016,0.0,0.0,0.5
YLR119W,2,0.0,0.2328068261571808,0.0007672769387844609,1.0,1.0,0.0,2.5,0,0.07512,-0.88169,40.24742,9.05548,34.0,39.0,21555.0,0.0,0.85875,0.00036,0.0,0.0,0.5
YLR052W,6,0.000157622568807339,0.21797439125355833,0.0004242081891118346,0.06666666666666667,2.2644281217208815,1.0,1.2,0,0.064,-0.6856,31.4688,5.91364,35.0,30.0,12950.0,0.0,0.45853,0.00021,0.0,0.0,0.5
YLR057W,3,1.3585591710165404e-05,0.22984580880090402,0.0008216586514400549,0.0,0.0,0.5,0.0,0,0.09541,-0.41343,44.41782,5.48224,114.0,99.0,92095.0,0.0,0.94947,6e-05,0.0,0.0,0.0
YLR355C,1,0.0,0.19556505527998114,3.0070890494754597e-05,0.0,1.0,0.0,0.0,1,0.10633,-0.44633,30.26861,9.10419,46.0,54.0,67185.0,0.0,1.51427,0.00021,0.08971985818844534,0.0,0.5
YGR126W,1,0.0,0.18005974836359515,6.2754981343476085e-06,0.0,0.0,0.0,0.0,0,0.04783,-1.02435,52.9087,5.95319,39.0,32.0,5960.0,0.0,0.2306,0.00023,0.0,0.0,0.0
YML090W,1,0.0,0.22548273383379716,0.0024915504975886946,0.0,0.0,0.0,0.0,0,0.0,0.0,0.0,0.0,0.0,0.0,0.0,0.0,0.0,0.0,0.0,0.0,0.0
YPL181W,16,0.0002540064512794922,0.26614029771030473,0.022380555574644728,0.15,12.04949494949495,1.0,39.275,0,0.04348,-1.19387,52.12075,4.80511,103.0,73.0,37775.0,0.0,0.66211,8e-05,0.0,0.0,0.5
YPL182C,2,0.0,0.23639888139082244,0.004147865949145645,1.0,0.0,0.0,3.333333333333333,0,0.0,0.0,0.0,0.0,0.0,0.0,0.0,0.0,0.0,0.0,0.0,0.0,0.0
YPL214C,3,0.0003702376228160511,0.25082764044836775,0.003037222239768841,0.0,1.9287878787878787,0.0,0.0,0,0.06111,0.01352,28.99926,5.66498,57.0,50.0,41755.0,0.0,0.71919,0.0001,0.0,0.0,0.5
YLR088W,2,3.6678403755868545e-07,0.20118479424896676,3.4026919076498395e-05,0.0,1.719325153374233,0.5,0.0,1,0.11889,0.25798,44.17347,5.85638,55.0,46.0,110070.0,0.0,1.59014,8e-05,0.08971985818844534,0.07606989737809992,0.5221220218958613
YDR121W,2,4.992197782906347e-05,0.24229090645270338,0.003301580592557726,0.0,1.9754797441364607,1.0,0.0,0,0.03571,-0.88265,50.46378,4.87213,40.0,28.0,10095.0,0.0,0.45892,0.00022,0.0,0.0,0.5
YER088C,1,0.0,0.23108930489748247,0.002454902939676694,0.0,1.0,1.0,0.0,0,0.04776,-0.82179,60.24463,9.50299,56.0,71.0,40950.0,0.0,0.56059,0.00013,0.0,0.0,0.5
YGL148W,2,0.0002572829691530617,0.2312915380582526,0.0024569193948576298,0.0,1.0,0.0,0.0,0,0.06649,-0.37793,34.49045,7.659,45.0,46.0,12545.0,0.0,0.30719,0.00019,0.0,0.0,0.5
YMR166C,1,0.0,0.23108930489748247,0.002454902939676694,0.0,0.0,0.0,0.0,0,0.0,0.0,0.0,0.0,0.0,0.0,0.0,0.0,0.0,0.0,0.0,0.0,0.0
YPL183W-A,1,0.0,0.23108930489748247,0.002454902939676694,0.0,1.0,0.0,0.0,0,0.08602,-0.17312,58.48387,11.28424,1.0,19.0,4970.0,0.0,0.46458,0.00105,0.0,0.0,0.5
YBL083C,3,3.644760062172024e-05,0.23992642214576068,0.0029607029309704873,0.0,0.0,0.0,0.0,0,0.0,0.0,0.0,0.0,0.0,0.0,0.0,0.0,0.0,0.0,0.0,0.0,0.0
YDR497C,1,0.0,0.20387152590488053,0.00022728759423806244,0.0,0.0,0.0,0.0,0,0.10274,0.37979,36.20293,6.11444,47.0,43.0,67475.0,0.0,1.06145,0.0001,0.0,0.0,0.0
YLR114C,1,0.0,0.19745532267085508,0.00013771624302624506,0.0,1.0,0.0,0.0,0,0.07984,-0.85275,45.36597,4.34821,156.0,74.0,72600.0,0.0,0.84004,5e-05,0.0,0.0,0.5
YBR012W-B,3,0.0002709230064415919,0.22489513324038887,0.0006159723586687621,0.0,1.0,0.5,0.0,0,0.082,-0.63491,46.25013,8.59955,189.0,202.0,193605.0,0.0,0.97354,4e-05,0.0,0.0,0.5
YPL257W-A,2,5.63543444697609e-05,0.2248712145875582,0.0006154443826262877,0.0,0.0,0.0,0.0,0,0.0,0.0,0.0,0.0,0.0,0.0,0.0,0.0,0.0,0.0,0.0,0.0,0.0
YLR124W,4,0.00035102058294301944,0.24863024402157993,0.001969410393728899,0.0,0.0,0.0,0.0,0,0.13158,-0.14474,33.73596,9.27972,6.0,13.0,30535.0,0.0,2.32078,0.00071,0.0,0.0,0.0
YMR030W,1,0.0,0.1866812286031711,2.423911384049282e-05,0.0,0.0,0.3333333333333333,0.0,0,0.07447,-0.88484,48.19045,8.23175,46.0,48.0,27765.0,0.0,0.63887,0.00019,0.0,0.0,0.0
YGL021W,1,0.0,0.1766596979704655,5.202388509600747e-06,0.0,0.0,0.0,0.0,0,0.06711,-0.59145,47.02974,9.62006,77.0,108.0,72600.0,0.0,0.84335,0.00011,0.0,0.0,0.0
YOR390W,1,0.0,0.18984077173149413,3.154675005086036e-05,0.0,0.0,0.0,0.0,0,0.14133,0.43707,25.84907,8.76508,19.0,26.0,54205.0,0.0,1.29106,0.00021,0.0,0.0,0.0
YLR140W,1,0.0,0.19500591147424637,0.00012554470184411527,0.0,0.0,0.0,0.0,1,0.12963,-0.45,62.39815,9.47479,8.0,15.0,13450.0,0.0,1.07006,0.00075,0.08971985818844534,0.0,0.0
YLR145W,1,0.0,0.1800520816792571,5.736809545266949e-06,0.0,0.0,0.3333333333333333,0.0,1,0.0796,-0.42985,40.89851,9.7774,22.0,36.0,34085.0,0.0,1.44316,0.00041,0.08971985818844534,0.07069233844701739,0.5
YHR214W,2,0.00021454101493382404,0.2213633036862813,0.00018081677590971157,0.0,0.0,0.0,0.0,0,0.0,0.0,0.0,0.0,0.0,0.0,0.0,0.0,0.0,0.0,0.0,0.0,0.0
YLR146C,1,0.0,0.00022002200220022002,4.36630699855352e-12,0.0,1.0,0.0,0.0,0,0.11,-0.22233,39.285,5.01434,41.0,28.0,33515.0,0.0,0.98312,0.00015,0.0,0.0,0.5
YGL256W,1,0.0,0.00022002200220022002,4.36630699855352e-12,0.0,1.0,0.0,0.0,0,0.06283,-0.09319,35.45319,5.75922,44.0,35.0,20120.0,0.0,0.48904,0.00014,0.0,0.0,0.5
YMR088C,1,0.0,0.20000488059022048,0.00013139492068756233,0.0,1.0,0.0,0.0,0,0.13345,0.52456,41.33614,8.99677,33.0,43.0,83865.0,0.0,1.33887,0.00014,0.0,0.0,0.5
YNR072W,2,9.834544910452302e-06,0.21764903959642967,0.0011491705719230444,0.0,1.8046783625730993,0.0,0.0,0,0.1383,0.32305,35.52807,6.61884,49.0,48.0,110500.0,0.0,1.75878,0.00011,0.0,0.0,0.5
YLR148W,3,0.0,0.1699707862180567,9.137400384283485e-06,1.0,3.0,0.0,2.1333333333333333,0,0.09586,-0.25436,29.9244,6.50787,118.0,113.0,141760.0,0.0,1.31996,6e-05,0.0,0.0,0.5
YLR396C,4,0.0002452514089296521,0.20224320581180505,0.00014719021561453434,0.5,1.0,0.0,1.875,0,0.08538,-0.30304,42.23213,5.13287,94.0,69.0,77655.0,0.0,0.97962,6e-05,0.0,0.0,0.5
YMR231W,4,0.0001952784586485379,0.19593657632837697,0.00013326812618788062,0.5,1.0,0.0,2.0041666666666664,0,0.09135,-0.20875,37.81499,5.5694,141.0,118.0,68950.0,0.0,0.58693,5e-05,0.0,0.0,0.5
YPL045W,3,0.0,0.1699707862180567,9.137400384283485e-06,1.0,1.0,0.0,2.0041666666666664,1,0.10902,-0.2589,36.65405,6.6767,106.0,104.0,121975.0,0.0,1.31523,7e-05,0.05900181244167522,0.0,0.5
YLR157C,2,4.77564756020309e-08,0.19730791294881636,2.4726403457498557e-05,0.0,0.0,0.0,0.0,0,0.0,0.0,0.0,0.0,0.0,0.0,0.0,0.0,0.0,0.0,0.0,0.0,0.0
YLR157C-A,1,0.0,0.1823817471887791,1.773503204723664e-05,0.0,0.0,0.0,0.0,0,0.0,0.0,0.0,0.0,0.0,0.0,0.0,0.0,0.0,0.0,0.0,0.0,0.0
YLR158C,2,0.000214568661971831,0.22750864530688286,0.0002530277367679008,0.0,1.0,0.0,0.0,0,0.09116,-0.02265,28.19202,4.68903,37.0,23.0,45060.0,0.0,1.16476,0.00012,0.0,0.0,0.5
YER175C,1,0.0,0.1840967866921651,7.788340089004481e-06,0.0,0.0,0.0,0.0,0,0.12709,-0.64448,42.26495,5.86774,47.0,42.0,59735.0,0.0,1.71811,0.00017,0.0,0.0,0.0
YLR159W,2,0.000214568661971831,0.1546256834254436,3.665109647976238e-07,0.0,0.0,0.0,0.0,0,0.0,0.0,0.0,0.0,0.0,0.0,0.0,0.0,0.0,0.0,0.0,0.0,0.0
YOR342C,1,0.0,0.1332672525391268,1.5728529385539388e-08,0.0,0.0,0.0,0.0,0,0.0,0.0,0.0,0.0,0.0,0.0,0.0,0.0,0.0,0.0,0.0,0.0,0.0
YPL280W,2,0.000429137323943662,0.18412083381891547,1.1576428547407209e-05,0.0,0.0,0.0,0.0,0,0.11392,-0.15401,32.69667,7.01874,27.0,27.0,26025.0,0.0,1.00327,0.00027,0.0,0.0,0.0
YLR161W,1,0.0,0.1881179407588875,2.4098357832848234e-05,0.0,0.0,0.0,0.0,0,0.0,0.0,0.0,0.0,0.0,0.0,0.0,0.0,0.0,0.0,0.0,0.0,0.0
YOR159C,6,0.00022345399471454267,0.2281346132023647,0.0003579948102652994,0.0,5.852440408626561,0.5,0.0,1,0.06383,0.09681,29.56915,5.04449,12.0,10.0,5625.0,0.0,0.54217,0.00049,0.08971985818844534,0.07606989737809992,0.5064989894870158
YLR173W,1,0.0,0.1935776237271244,6.3284853250094e-05,0.0,0.0,0.0,0.0,0,0.08882,-0.20329,34.47189,4.82367,82.0,52.0,89795.0,0.0,1.29006,7e-05,0.0,0.0,0.0
YLR177W,2,3.992211460195643e-06,0.19694034977268218,2.644427857558473e-05,0.0,1.0,0.0,0.0,0,0.09873,-0.54936,46.57616,8.81195,62.0,69.0,55740.0,0.0,0.78216,0.00012,0.0,0.0,0.5
YLR181C,1,0.0,0.204235845946343,9.95947722829349e-05,0.0,1.0,0.0,0.0,0,0.06364,-0.60697,45.22455,4.49469,70.0,39.0,34880.0,0.0,0.93474,0.00012,0.0,0.0,0.5
YLR183C,1,0.0,0.1971055835890292,2.9661423972264068e-05,0.0,0.0,1.0,0.0,0,0.07771,-0.75828,56.61045,9.39874,55.0,74.0,31830.0,0.0,0.57385,0.00017,0.0,0.0,0.0
YML035C,2,6.243799146000499e-06,0.20884547561828487,7.929751078516179e-05,0.0,1.0,0.0,0.0,0,0.10247,-0.65049,38.79063,6.13739,110.0,96.0,118580.0,0.0,1.27095,7e-05,0.0,0.0,0.5
YLR193C,1,0.0,0.00022002200220022002,4.36630699855352e-12,0.0,0.0,0.0,0.0,0,0.10857,-0.48057,33.14571,9.75995,17.0,25.0,23950.0,0.0,1.19108,0.00049,0.0,0.0,0.0
YJL094C,1,0.0,0.00022002200220022002,4.36630699855352e-12,0.0,0.0,0.0,0.0,0,0.10424,0.33391,35.00046,5.72699,88.0,74.0,76750.0,0.0,0.79034,6e-05,0.0,0.0,0.0
YLR195C,1,0.0,0.16385876662607168,9.623811708402963e-07,0.0,0.0,0.0,0.0,1,0.0,0.0,0.0,0.0,0.0,0.0,0.0,0.0,0.0,0.0,0.08971985818844534,0.0,0.0
YMR246W,3,0.0002442088017963089,0.19738159028748284,3.139976838872724e-05,0.0,1.8817966903073287,0.0,0.0,0,0.08934,-0.15101,30.92076,6.13287,88.0,81.0,99250.0,0.0,1.28452,8e-05,0.0,0.0,0.5
YLR196W,3,0.00011885971748456961,0.22927256507910607,0.0002673885635863696,0.0,1.80269989615784,0.0,0.0,1,0.07292,-0.58611,39.82569,4.45551,111.0,56.0,73840.0,0.0,1.15732,7e-05,0.08971985818844534,0.0,0.5
YPL094C,3,0.0001631422152994892,0.2253265407533986,0.00018978530739234315,0.0,1.9822274881516588,0.5,0.0,1,0.12044,-0.27445,43.47044,9.73102,24.0,43.0,39225.0,0.0,1.25135,0.00031,0.08971985818844534,0.07606989737809992,0.5191879836781579
YLR199C,1,0.0,0.23348811166247208,0.00139511972853638,0.0,1.0,0.0,0.0,0,0.09783,-0.1029,48.6837,4.70001,32.0,21.0,33180.0,0.0,1.08096,0.00015,0.0,0.0,0.5
YGR019W,2,0.0,0.24720584533608278,0.014028809914807988,1.0,0.0,0.0,0.0,0,0.0,0.0,0.0,0.0,0.0,0.0,0.0,0.0,0.0,0.0,0.0,0.0,0.0
YMR266W,3,2.255027536265641e-05,0.2561298116486391,0.01574503043540572,0.3333333333333333,1.0,0.0,7.0,0,0.12907,0.01826,34.57914,8.73785,87.0,96.0,155800.0,0.0,1.447,8e-05,0.0,0.0,0.5
YNL003C,2,7.954953097015912e-06,0.24732151072166522,0.008496663229492678,0.0,0.0,0.0,0.0,0,0.10915,0.03627,28.02113,9.67255,17.0,30.0,44390.0,0.0,1.43071,0.00031,0.0,0.0,0.0
YOR296W,2,0.0,0.24139189349920265,0.00879904238798758,1.0,0.0,0.0,0.0,0,0.0,0.0,0.0,0.0,0.0,0.0,0.0,0.0,0.0,0.0,0.0,0.0,0.0
YOR350C,3,0.000643705985915493,0.24055425168206565,0.0070053073435765965,0.0,1.974264705882353,0.0,0.0,0,0.10558,-0.33831,44.45557,8.90143,76.0,86.0,78810.0,0.0,1.02047,0.00012,0.0,0.0,0.5
YLR202C,2,0.000214568661971831,0.22702008859821934,0.0007176053494781902,0.0,0.0,0.0,0.0,0,0.21296,0.43333,40.96491,9.55341,4.0,10.0,21805.0,0.0,1.6747,0.00073,0.0,0.0,0.0
YIR010W,1,0.0,0.1837767575106055,2.0581005054112153e-05,0.0,0.0,0.5,0.0,1,0.06424,-0.9099,59.98997,5.20807,93.0,69.0,48945.0,0.0,0.74507,8e-05,0.08971985818844534,0.07606989737809992,0.5
YLR203C,2,2.1468975724838398e-05,0.22581988627144248,0.0008546965443324833,0.0,0.0,0.0,0.0,0,0.13532,-0.53142,48.33674,8.84222,48.0,54.0,67770.0,0.0,1.33197,0.00017,0.0,0.0,0.0
YLR204W,3,1.4404645692113309e-05,0.24086940022323036,0.004560016905832772,0.0,0.0,0.0,0.0,0,0.03604,-0.74234,54.25045,11.89728,5.0,27.0,7115.0,0.0,0.55707,0.00093,0.0,0.0,0.0
YLR218C,1,0.0,0.1953572572447118,6.259783558382991e-05,0.0,1.0,0.0,0.0,0,0.09375,-1.17083,35.16979,4.65424,22.0,14.0,22960.0,0.0,2.04285,0.00041,0.0,0.0,0.5
YLR221C,2,1.429550862869525e-06,0.20422598233937178,5.7438270465855795e-05,0.0,1.0,0.5,0.0,0,0.04091,-0.90727,51.20591,4.78754,48.0,34.0,4470.0,0.0,0.18129,0.00019,0.0,0.0,0.5
YNR041C,3,0.0005270415045989931,0.23806244386190578,0.002129846033566549,0.0,1.0,0.0,0.0,0,0.12366,0.30887,37.26774,9.99261,17.0,41.0,89100.0,0.0,2.17312,0.00024,0.0,0.0,0.5
YLR226W,2,0.0,0.0005029074336005029,5.7034885168605366e-11,0.0,0.0,1.0,0.0,0,0.11646,-0.40025,43.89549,7.91864,54.0,56.0,45475.0,0.0,0.99464,0.00017,0.0,0.0,0.0
YPR161C,1,0.0,0.00035203520352035205,3.29349172429955e-11,0.0,0.0,1.0,0.0,1,0.08524,-0.77534,46.69043,9.5484,65.0,93.0,68815.0,0.0,0.92695,0.00013,0.08971985818844534,0.08233295696528463,0.5
YLR227C,2,7.891124958880757e-06,0.21383005614477307,0.00050709273346049,0.0,0.0,0.0,0.0,0,0.1217,-0.21623,38.83434,5.89532,67.0,60.0,69270.0,0.0,1.19777,0.0001,0.0,0.0,0.0
YLR237W,1,0.0,0.13491268473452755,2.298328491072977e-08,0.0,0.0,0.0,0.0,0,0.16221,0.22391,28.95672,6.63348,42.0,40.0,163315.0,0.0,2.44107,0.0001,0.0,0.0,0.0
YLR239C,3,0.0002220511477497764,0.24403873443669394,0.002410228572902403,0.0,2.3803680981595092,0.0,0.0,0,0.06098,-0.34878,35.29848,9.27789,35.0,47.0,15440.0,0.0,0.41464,0.00025,0.0,0.0,0.5
YLR246W,2,0.00021454101493382404,0.18380871035030133,2.0600071369359786e-05,0.0,0.0,0.5,0.0,0,0.12256,0.01978,43.08443,9.48151,23.0,40.0,66235.0,0.0,1.61162,0.00023,0.0,0.0,0.0
YJR146W,2,0.00524867957746479,0.22704446659431043,0.0007176060721872779,0.0,1.0,0.5,0.0,0,0.13675,-0.28889,41.34538,9.57562,5.0,13.0,29950.0,0.0,2.27396,0.00073,0.0,0.0,0.5
YLR251W,1,0.0,0.22112022538794351,0.000392788220839517,0.0,0.0,0.0,0.0,0,0.14721,0.03299,37.05487,9.9057,11.0,25.0,55015.0,0.0,2.40085,0.00043,0.0,0.0,0.0
YLR253W,1,0.0,0.13853245504730655,3.964615282629949e-08,0.0,0.0,0.0,0.0,0,0.11248,-0.28489,45.70425,9.00714,64.0,76.0,93375.0,0.0,1.41657,0.00014,0.0,0.0,0.0
YLR255C,1,0.0,0.16967071341006426,5.500692250029556e-06,0.0,0.0,0.0,0.0,0,0.10256,-0.63675,72.64957,11.16656,4.0,28.0,16430.0,0.0,1.21149,0.00082,0.0,0.0,0.0
YLR257W,2,1.0053628536811709e-05,0.17234688581345908,2.957421440927881e-06,0.0,1.0,0.0,0.0,0,0.0405,-1.16293,55.47259,4.81708,64.0,45.0,12045.0,0.0,0.33461,0.00013,0.0,0.0,0.5
YLR273C,2,2.990921083978105e-05,0.22620644005130158,0.0008536106366355264,0.0,1.0,0.0,0.0,0,0.11728,-0.66852,47.15313,5.09003,94.0,69.0,78825.0,0.0,1.06311,7e-05,0.0,0.0,0.5
YLR259C,1,0.0,0.19950477402901642,3.9104468865338356e-05,0.0,1.0,0.0,0.0,1,0.03671,-0.11941,39.51556,5.22699,83.0,72.0,11055.0,0.0,0.18197,9e-05,0.08971985818844534,0.0,0.5
YNL025C,8,0.00022511693782293544,0.24901090509474924,0.0023989633465074166,0.07142857142857142,4.028659160696008,1.0,2.142857142857143,0,0.11455,-0.13963,57.92542,6.66705,33.0,31.0,66195.0,0.0,1.75164,0.00018,0.0,0.0,0.5
YGL255W,1,0.0,0.230862214899767,0.001716220520614786,0.0,0.0,0.0,0.0,0,0.0,0.0,0.0,0.0,0.0,0.0,0.0,0.0,0.0,0.0,0.0,0.0,0.0
YJL123C,1,0.0,0.230862214899767,0.001716220520614786,0.0,0.0,0.0,0.0,1,0.06067,-0.94874,49.83808,4.49542,101.0,55.0,51450.0,0.0,0.9621,8e-05,0.08971985818844534,0.0,0.0
YLR266C,1,0.0,0.18220100781244483,5.318999897008283e-06,0.0,1.0,0.5,0.0,0,0.11412,-0.13623,43.05882,6.42157,84.0,81.0,81175.0,0.0,0.9988,8e-05,0.0,0.0,0.5
YLR267W,2,0.000214568661971831,0.1853718740276623,1.5193023595478246e-05,0.0,1.0,0.0,0.0,0,0.12456,-0.15596,42.99214,6.06476,65.0,60.0,51935.0,0.0,0.78282,9e-05,0.0,0.0,0.5
YAL062W,2,0.000429137323943662,0.2294342786782612,0.0005145356652363705,0.0,1.4172972972972973,0.0,0.0,0,0.0919,-0.19322,24.72604,5.35309,55.0,47.0,56100.0,0.0,1.13044,0.00011,0.0,0.0,0.5
YDR281C,1,0.0,0.1554956128082012,5.52521271378619e-07,0.0,0.0,0.0,0.0,0,0.08654,0.125,26.85683,4.59052,17.0,10.0,6335.0,0.0,0.53295,0.00039,0.0,0.0,0.0
YBR269C,1,0.0,0.1487722766084658,1.4297508084125562e-07,0.0,0.0,0.0,0.0,0,0.07971,-0.8971,34.93696,7.83685,19.0,20.0,6085.0,0.0,0.39248,0.00051,0.0,0.0,0.0
YLR437C,2,3.2679062771226785e-05,0.20182814004959104,7.464015916801182e-05,0.0,0.0,0.5,0.0,0,0.04511,-0.88647,73.79474,6.7309,14.0,14.0,13980.0,0.0,0.92187,0.00044,0.0,0.0,0.0
YLR284C,5,0.0002468783401666576,0.2414056739349793,0.0010191553422488758,0.3,2.936670071501532,0.0,12.333333333333334,0,0.11429,-0.22,30.95679,8.39227,31.0,34.0,31120.0,0.0,0.98176,0.00026,0.0,0.0,0.5
YLR286C,3,0.0001064211409143625,0.2090726386986568,9.622762805481883e-05,0.3333333333333333,0.0,0.0,2.0047619047619047,0,0.0,0.0,0.0,0.0,0.0,0.0,0.0,0.0,0.0,0.0,0.0,0.0,0.0
YLR287C,3,1.8305341198033048e-05,0.22061264557173582,0.00011651889497125636,0.3333333333333333,2.3741721854304636,0.0,5.0,0,0.09296,-0.48986,36.0102,4.94659,63.0,49.0,29045.0,0.0,0.70968,0.00012,0.0,0.0,0.5
YBR124W,1,0.0,0.22699571583654687,0.0007169983896028303,0.0,0.0,0.0,0.0,1,0.14286,0.50168,40.78067,8.74762,8.0,11.0,17460.0,0.0,1.32079,0.00066,0.08971985818844534,0.0,0.0
YBR129C,1,0.0,0.22699571583654687,0.0007169983896028303,0.0,1.0,0.0,0.0,0,0.09451,-0.71067,26.79881,8.17303,45.0,47.0,46910.0,0.0,1.24301,0.00022,0.0,0.0,0.5
YCR007C,2,9.599763084261486e-05,0.22808539322109128,0.0007203216009368332,0.0,0.0,0.0,0.0,0,0.14226,-0.10167,29.22933,5.1524,29.0,22.0,36245.0,0.0,1.31493,0.00019,0.0,0.0,0.0
YHR175W,1,0.0,0.22699571583654687,0.0007169983896028303,0.0,0.0,0.0,0.0,0,0.12698,-0.01376,40.77302,7.02094,15.0,15.0,54275.0,0.0,2.50683,0.00032,0.0,0.0,0.0
YJL059W,1,0.0,0.22699571583654687,0.0007169983896028303,0.0,1.0,0.0,0.0,0,0.15686,0.47451,47.27336,6.70331,28.0,27.0,66655.0,0.0,1.43707,0.00014,0.0,0.0,0.5
YJR157W,1,0.0,0.22699571583654687,0.0007169983896028303,0.0,0.0,0.0,0.0,0,0.15,0.30667,49.04258,8.95831,7.0,11.0,23755.0,0.0,1.70406,0.00064,0.0,0.0,0.0
YKL024C,1,0.0,0.22699571583654687,0.0007169983896028303,0.0,0.0,0.5,0.0,1,0.07843,-0.35588,43.71765,6.19208,31.0,30.0,6460.0,0.0,0.28169,0.00027,0.08971985818844534,0.07606989737809992,0.5
YKL044W,1,0.0,0.22699571583654687,0.0007169983896028303,0.0,0.0,0.0,0.0,0,0.16981,0.41132,53.33302,10.79144,1.0,12.0,13075.0,0.0,1.05039,0.00087,0.0,0.0,0.0
YKL107W,1,0.0,0.22699571583654687,0.0007169983896028303,0.0,0.0,0.0,0.0,0,0.08414,-0.38155,39.94207,6.16718,41.0,39.0,34295.0,0.0,0.99338,0.00018,0.0,0.0,0.0
YKL163W,1,0.0,0.22699571583654687,0.0007169983896028303,0.0,0.0,0.0,0.0,0,0.04923,-0.13077,29.7616,5.36603,25.0,22.0,24910.0,0.0,0.75476,0.00016,0.0,0.0,0.0
YKR052C,1,0.0,0.22699571583654687,0.0007169983896028303,0.0,1.0,0.0,0.0,0,0.09868,0.0852,32.24378,8.16205,22.0,24.0,43150.0,0.0,1.29552,0.00025,0.0,0.0,0.5
YLL023C,1,0.0,0.22699571583654687,0.0007169983896028303,0.0,1.0,0.5,0.0,0,0.15054,0.33835,46.71545,9.97491,15.0,33.0,47120.0,0.0,1.46401,0.00031,0.0,0.0,0.5
YLR011W,2,0.0003522002027939785,0.23934249435810687,0.001563676042483862,0.0,1.8731884057971016,0.5,0.0,0,0.05759,-0.08848,46.34031,5.73566,24.0,20.0,27305.0,0.0,1.28311,0.00027,0.0,0.0,0.5
YLR021W,2,0.00030913194006810976,0.24170924208739822,0.0017761685875459735,0.0,1.0,0.0,0.0,0,0.07821,-0.33687,37.44134,4.69781,27.0,17.0,16180.0,0.0,0.80656,0.00023,0.0,0.0,0.5
YLR050C,1,0.0,0.22699571583654687,0.0007169983896028303,0.0,0.0,0.5,0.0,0,0.16149,0.41491,36.71994,9.40387,9.0,16.0,50795.0,0.0,2.66103,0.00049,0.0,0.0,0.0
YLR252W,1,0.0,0.22699571583654687,0.0007169983896028303,0.0,0.0,0.0,0.0,0,0.19802,-0.21287,32.36238,9.34064,6.0,10.0,42190.0,0.0,3.40185,0.00075,0.0,0.0,0.0
YLR290C,1,0.0,0.22699571583654687,0.0007169983896028303,0.0,1.0,0.0,0.0,0,0.09386,-0.43718,40.28123,9.53326,27.0,39.0,26150.0,0.0,0.82953,0.0003,0.0,0.0,0.5
YNL158W,1,0.0,0.22699571583654687,0.0007169983896028303,0.0,0.0,0.5,0.0,1,0.09091,0.24798,35.65707,6.13434,17.0,14.0,21555.0,0.0,0.96302,0.00027,0.08971985818844534,0.07606989737809992,0.5
YNL190W,1,0.0,0.22699571583654687,0.0007169983896028303,0.0,0.0,0.0,0.0,0,0.08333,-1.03775,10.41814,10.39679,5.0,36.0,10430.0,0.0,0.47484,0.00047,0.0,0.0,0.0
YOL046C,1,0.0,0.22699571583654687,0.0007169983896028303,0.0,1.0,0.0,0.0,0,0.10714,0.07991,40.81652,4.42218,29.0,16.0,15190.0,0.0,0.63014,0.00018,0.0,0.0,0.5
YOL131W,13,0.003655463725072719,0.2613860298132669,0.004072876394748655,0.01282051282051282,5.347474747474747,0.0,2.083333333333333,0,0.05556,-0.76944,70.62315,5.16888,18.0,14.0,7240.0,0.0,0.5828,0.00042,0.0,0.0,0.5
YOR087W,2,1.3014955512259052e-05,0.23786158118568074,0.0008733034910295599,0.0,1.0,0.0,0.0,0,0.11852,-0.09867,39.84861,5.22113,90.0,74.0,102775.0,0.0,1.31844,7e-05,0.0,0.0,0.5
YOR104W,2,0.0010181216858662996,0.24443371042306541,0.0009765386730005636,0.0,1.0,0.0,0.0,0,0.11348,-0.78865,60.33656,5.58917,32.0,29.0,44445.0,0.0,1.38531,0.00017,0.0,0.0,0.5
YLR291C,23,0.002476490708886828,0.2686255361656099,0.004301775840466081,0.03557312252964427,20.471241170534814,0.0,20.6,1,0.07349,-0.21076,46.09318,7.74078,42.0,43.0,23295.0,0.0,0.54723,0.00018,0.08971985818844534,0.0,0.5
YCR076C,4,0.0008365766769876634,0.2440950814083948,0.001171305222804117,0.0,3.918103448275862,0.0,0.0,0,0.08,-0.518,52.3696,4.88715,31.0,22.0,27180.0,0.0,1.01586,0.00018,0.0,0.0,0.5
YDR444W,1,0.0,0.21012189765560407,0.00012723756167305948,0.0,1.0,0.0,0.0,0,0.08879,-0.50015,40.78183,8.29779,89.0,92.0,79105.0,0.0,1.01278,0.00011,0.0,0.0,0.5
YGR083C,1,0.0,0.21012189765560407,0.00012723756167305948,0.0,1.0,0.0,0.0,1,0.04147,-0.33579,49.69616,9.44098,66.0,86.0,27890.0,0.0,0.39364,0.00013,0.08971985818844534,0.0,0.5
YLR245C,4,3.1818053179683977e-05,0.23965447380668925,0.001022068245505882,0.3333333333333333,3.794701986754967,0.0,4.747619047619048,0,0.07042,0.09648,40.82465,6.79388,13.0,13.0,11095.0,0.0,0.71415,0.00044,0.0,0.0,0.5
YLR294C,4,0.0007775163934799508,0.24347669221090695,0.00046742388003354643,0.0,2.8253223915592027,0.0,0.0,0,0.16514,-0.2211,53.73404,9.77887,6.0,15.0,14565.0,0.0,1.11011,0.00075,0.0,0.0,0.5
YDL148C,1,0.0,0.22748416753558728,0.00025271945139383495,0.0,1.0,0.5,0.0,1,0.07037,-0.92753,47.85816,6.95172,149.0,148.0,41175.0,0.0,0.43663,7e-05,0.05900181244167522,0.05277425862356333,0.5263871293117817
YDR007W,2,0.00022989627788535762,0.22787644502446688,0.0002532824740087746,0.0,1.5854765506807866,0.0,0.0,0,0.06696,-0.08437,38.15491,5.26007,27.0,22.0,22960.0,0.0,0.95095,0.00022,0.0,0.0,0.5
YDR530C,1,0.0,0.22748416753558728,0.00025271945139383495,0.0,0.0,0.5,0.0,0,0.08615,-0.50185,39.39695,5.2923,47.0,33.0,32400.0,0.0,0.87947,0.00014,0.0,0.0,0.0
YGL047W,1,0.0,0.22748416753558728,0.00025271945139383495,0.0,0.0,1.0,0.0,1,0.09406,-0.02525,34.11188,5.58319,23.0,19.0,15190.0,0.0,0.67032,0.00025,0.08971985818844534,0.08233295696528463,0.5
YGL226W,1,0.0,0.22748416753558728,0.00025271945139383495,0.0,0.0,0.0,0.0,0,0.13008,-0.52846,53.49195,9.47552,14.0,19.0,36565.0,0.0,2.52389,0.00065,0.0,0.0,0.0
YGR081C,1,0.0,0.22748416753558728,0.00025271945139383495,0.0,0.0,0.5,0.0,0,0.04286,-1.03905,37.93381,9.95807,29.0,43.0,1490.0,0.0,0.06191,0.00041,0.0,0.0,0.0
YGR148C,1,0.0,0.22748416753558728,0.00025271945139383495,0.0,0.0,0.0,0.0,0,0.05806,-1.01484,33.46968,11.36993,13.0,46.0,6990.0,0.0,0.39835,0.00065,0.0,0.0,0.0
YHR127W,1,0.0,0.22748416753558728,0.00025271945139383495,0.0,0.0,0.0,0.0,0,0.03704,-0.71358,28.23045,10.47284,22.0,43.0,13980.0,0.0,0.51527,0.00039,0.0,0.0,0.0
YHR138C,1,0.0,0.22748416753558728,0.00025271945139383495,0.0,1.0,0.0,0.0,0,0.08772,-0.06754,30.28158,4.88019,17.0,11.0,9065.0,0.0,0.71085,0.00038,0.0,0.0,0.5
YIL005W,2,0.0,0.2357005289738048,0.00043331262768174153,1.0,1.8728024819027922,0.5,2.1666666666666665,0,0.11127,-0.50927,37.88261,7.87506,94.0,96.0,80315.0,0.0,0.98888,0.0001,0.0,0.0,0.5
YIL020C,1,0.0,0.22748416753558728,0.00025271945139383495,0.0,0.0,0.0,0.0,0,0.09195,-0.38046,23.33985,5.59344,40.0,34.0,48440.0,0.0,1.63891,0.00019,0.0,0.0,0.0
YIL032C,1,0.0,0.22748416753558728,0.00025271945139383495,0.0,0.0,0.0,0.0,0,0.11017,-0.59831,62.43314,10.3172,11.0,26.0,6085.0,0.0,0.44146,0.00075,0.0,0.0,0.0
YIL051C,1,0.0,0.22748416753558728,0.00025271945139383495,0.0,0.0,0.0,0.0,1,0.07586,-0.08414,41.61517,9.30035,11.0,15.0,6085.0,0.0,0.38251,0.00058,0.08971985818844534,0.0,0.0
YIL124W,2,0.00018498381498234441,0.2411578665708031,0.0010993971042748667,0.0,1.925,1.0,0.0,0,0.09764,-0.16128,37.6101,9.22638,30.0,39.0,22390.0,0.0,0.68234,0.00028,0.0,0.0,0.5
YIL157C,1,0.0,0.22748416753558728,0.00025271945139383495,0.0,0.0,0.0,0.0,0,0.07614,-0.1665,35.15234,9.54742,22.0,28.0,18450.0,0.0,0.83696,0.00043,0.0,0.0,0.0
YIR036C,1,0.0,0.22748416753558728,0.00025271945139383495,0.0,0.0,0.0,0.0,0,0.06844,-0.06084,33.02966,5.99298,31.0,29.0,23420.0,0.0,0.81309,0.00021,0.0,0.0,0.0
YJL044C,2,0.000214568661971831,0.22750864530688286,0.0002530277367679008,0.0,1.0,0.0,0.0,0,0.09825,-0.36507,34.68105,5.83636,67.0,56.0,74215.0,0.0,1.3791,0.00011,0.0,0.0,0.5
YJL067W,2,4.318108062926696e-05,0.22824543586760038,0.00025604266272783794,0.0,0.0,0.0,0.0,0,0.12069,0.33707,24.6681,9.85284,4.0,11.0,10345.0,0.0,0.81152,0.00077,0.0,0.0,0.0
YJL100W,3,0.0003085486007384723,0.23516311813585988,0.0005847720769884961,0.0,2.321112515802781,0.0,0.0,0,0.11697,-0.67117,46.79063,6.22858,75.0,67.0,120875.0,0.0,1.72147,9e-05,0.0,0.0,0.5
YJL225C,1,0.0,0.22748416753558728,0.00025271945139383495,0.0,0.0,0.0,0.0,0,0.08646,-0.4347,37.20333,7.4704,211.0,212.0,196620.0,0.0,0.99523,4e-05,0.0,0.0,0.0
YJR100C,1,0.0,0.22748416753558728,0.00025271945139383495,0.0,0.0,0.0,0.0,0,0.12232,-0.28991,39.28413,8.742,36.0,39.0,37150.0,0.0,0.99122,0.00023,0.0,0.0,0.0
YJR120W,1,0.0,0.22748416753558728,0.00025271945139383495,0.0,0.0,0.0,0.0,0,0.11207,-0.23879,54.04828,10.09186,7.0,17.0,14815.0,0.0,1.10474,0.00075,0.0,0.0,0.0
YJR154W,1,0.0,0.22748416753558728,0.00025271945139383495,0.0,1.0,0.0,0.0,0,0.10694,-0.39971,38.09251,6.01129,44.0,36.0,37455.0,0.0,0.96108,0.00015,0.0,0.0,0.5
YKL060C,1,0.0,0.22748416753558728,0.00025271945139383495,0.0,1.0,0.0,0.0,1,0.09192,-0.35738,32.11365,5.51227,49.0,37.0,39475.0,0.0,0.99633,0.00014,0.08971985818844534,0.0,0.5
YKL088W,2,0.0001142473115451003,0.2419858764131063,0.0005122597347915682,0.0,1.5443592552026286,0.0,0.0,1,0.05429,-0.94816,53.71996,4.90875,103.0,70.0,39670.0,0.0,0.60809,8e-05,0.08971985818844534,0.0,0.5
YLR094C,3,0.0012595566072473902,0.25090205235071983,0.0009050479556140293,0.0,0.0,0.5,0.0,0,0.05777,-0.64363,47.80602,8.76654,65.0,71.0,51170.0,0.0,0.90798,0.00016,0.0,0.0,0.0
YLR141W,2,1.3824870641454087e-05,0.22998331377163386,0.00042785013064025574,0.0,1.0,0.5,0.0,1,0.07438,-0.71185,57.86669,6.38629,57.0,53.0,66515.0,0.0,1.59431,0.00015,0.08971985818844534,0.07606989737809992,0.53803494868905
YLR168C,2,0.00014147904158043204,0.24505697672224339,0.0019090349029507853,0.0,0.0,0.0,0.0,0,0.08261,-0.5013,32.99217,8.25226,28.0,30.0,38430.0,0.0,1.44986,0.00031,0.0,0.0,0.0
YLR455W,2,0.0,0.2357005289738048,0.00043331262768174153,1.0,1.164691943127962,1.0,3.75,0,0.07895,-0.93882,43.85,9.35846,47.0,59.0,25940.0,0.0,0.73054,0.00026,0.0,0.0,0.5
YML034W,2,1.3289022621187666e-05,0.22948408261350367,0.00026965361594012943,0.0,0.0,0.3333333333333333,0.0,0,0.06715,-0.81163,46.86031,5.43158,141.0,123.0,77695.0,0.0,0.81359,6e-05,0.0,0.0,0.0
YML079W,1,0.0,0.22748416753558728,0.00025271945139383495,0.0,0.0,0.0,0.0,0,0.10945,-0.31592,46.06269,5.26044,26.0,19.0,21430.0,0.0,0.95409,0.00023,0.0,0.0,0.0
YMR003W,3,0.0002457102228944456,0.24899624273208693,0.004539910692472952,0.0,1.0,0.0,0.0,0,0.07071,-0.39545,46.95859,10.01727,15.0,32.0,15970.0,0.0,0.70225,0.00044,0.0,0.0,0.5
YMR090W,2,1.9416163561983654e-05,0.22940938481630946,0.00027747178324442656,0.0,1.3652173913043477,0.0,0.0,0,0.07048,-0.12599,28.1793,5.63202,30.0,28.0,16180.0,0.0,0.65027,0.00023,0.0,0.0,0.5
YMR141C,1,0.0,0.22748416753558728,0.00025271945139383495,0.0,0.0,0.0,0.0,0,0.11765,-0.19608,42.77549,9.69293,9.0,17.0,4970.0,0.0,0.41047,0.0008,0.0,0.0,0.0
YMR144W,3,8.524611444470469e-05,0.22930986336527479,0.00033065036899502116,0.0,1.8357771260997067,0.0,0.0,0,0.02632,-0.86871,48.91667,6.67914,43.0,42.0,10345.0,0.0,0.26821,0.00017,0.0,0.0,0.5
YMR177W,1,0.0,0.22748416753558728,0.00025271945139383495,0.0,1.0,0.0,0.0,0,0.04706,-0.11569,29.61098,6.60101,56.0,51.0,50015.0,0.0,0.88981,0.00012,0.0,0.0,0.5
YNL009W,1,0.0,0.22748416753558728,0.00025271945139383495,0.0,0.0,0.0,0.0,0,0.0881,-0.40905,19.79262,9.23846,55.0,66.0,40130.0,0.0,0.83856,0.00019,0.0,0.0,0.0
YNL194C,2,0.0001142473115451003,0.2419858764131063,0.0005122597347915682,0.0,1.8137651821862348,0.0,0.0,0,0.14286,0.0309,48.02063,9.81586,14.0,31.0,60110.0,0.0,1.76374,0.00029,0.0,0.0,0.5
YNL205C,1,0.0,0.22748416753558728,0.00025271945139383495,0.0,0.0,0.0,0.0,0,0.14286,-0.11286,56.85579,10.08575,6.0,22.0,13700.0,0.0,0.82167,0.0006,0.0,0.0,0.0
YNL324W,1,0.0,0.22748416753558728,0.00025271945139383495,0.0,0.0,0.0,0.0,0,0.1145,0.64656,39.38473,10.24969,3.0,15.0,9440.0,0.0,0.63549,0.00069,0.0,0.0,0.0
YNL328C,1,0.0,0.22748416753558728,0.00025271945139383495,0.0,1.0,0.0,0.0,0,0.04795,-0.27397,35.2411,9.98981,15.0,25.0,11460.0,0.0,0.69563,0.00061,0.0,0.0,0.5
YOL008W,1,0.0,0.22748416753558728,0.00025271945139383495,0.0,1.0,0.0,0.0,0,0.10628,-0.06908,30.90097,9.91058,15.0,30.0,19285.0,0.0,0.8115,0.00042,0.0,0.0,0.5
YOL050C,1,0.0,0.22748416753558728,0.00025271945139383495,0.0,0.0,0.0,0.0,0,0.07547,0.46509,38.85094,3.62225,16.0,1.0,375.0,0.0,0.03323,0.00032,0.0,0.0,0.0
YOR145C,1,0.0,0.22748416753558728,0.00025271945139383495,0.0,1.0,0.3333333333333333,0.0,1,0.05109,-0.49818,33.05146,9.0611,39.0,43.0,11460.0,0.0,0.37783,0.0003,0.08971985818844534,0.07069233844701739,0.5353461692235086
YLR299W,1,0.0,0.00022002200220022002,4.36630699855352e-12,0.0,1.0,0.0,0.0,0,0.08485,-0.19212,28.43138,5.55902,82.0,65.0,88070.0,0.0,1.20348,8e-05,0.0,0.0,0.5
YOL137W,1,0.0,0.00022002200220022002,4.36630699855352e-12,0.0,1.0,0.0,0.0,0,0.13883,0.53964,34.7095,5.70819,37.0,29.0,77125.0,0.0,1.40014,0.0001,0.0,0.0,0.5
YLR301W,3,0.00025663027727257793,0.22117805273910937,0.00039455190252615145,0.0,2.0351966873706004,0.5,0.0,0,0.11475,-0.43648,30.4,5.10065,31.0,23.0,49055.0,0.0,1.7838,0.00019,0.0,0.0,0.5
YJR105W,1,0.0,0.17992950346008985,1.1437544747391273e-05,0.0,1.0,0.0,0.0,0,0.08529,0.00559,21.59062,4.98981,42.0,29.0,26275.0,0.0,0.7224,0.00014,0.0,0.0,0.5
YLR303W,1,0.0,0.22938449635579236,0.0005139831439820477,0.0,1.0,0.0,0.0,0,0.11261,-0.25045,23.10901,5.97394,48.0,39.0,51925.0,0.0,1.06686,0.00012,0.0,0.0,0.5
YLR304C,1,0.0,0.2160036364263693,0.00047863079359694116,0.0,1.0,0.0,0.0,0,0.07841,-0.38072,25.73278,8.17169,94.0,97.0,90145.0,0.0,1.05597,0.0001,0.0,0.0,0.5
YNL192W,70,0.010284003845496199,0.2783140180544315,0.01629907667728237,0.002484472049689441,16.835519677093846,0.0,0.0,0,0.12555,-0.36304,45.67837,5.85114,125.0,109.0,171380.0,0.0,1.31964,5e-05,0.0,0.0,0.5
YLR308W,1,0.0,0.2148076394554014,0.0004547135160325072,0.0,0.0,0.0,0.0,0,0.10256,-0.36474,32.73814,5.1181,42.0,25.0,62420.0,0.0,1.74882,0.00014,0.0,0.0,0.0
YLR312C,2,0.000429137323943662,0.22795014771813013,0.0002598671647198029,0.0,1.4337714863498483,0.5,0.0,0,0.11055,-0.78719,58.82111,9.6944,48.0,71.0,70860.0,0.0,1.51971,0.00021,0.0,0.0,0.5
YLR317W,1,0.0,0.20892802323710633,0.0008769052191434194,0.0,0.0,0.0,0.0,1,0.13889,-0.41181,69.92715,9.93524,4.0,16.0,26315.0,0.0,1.57832,0.0006,0.08971985818844534,0.0,0.0
YIL085C,1,0.0,0.17635762742176297,5.50756880832277e-06,0.0,0.0,0.0,0.0,0,0.15861,-0.5147,44.08012,5.17731,83.0,61.0,107980.0,0.0,1.75757,8e-05,0.0,0.0,0.0
YLR327C,1,0.0,0.20991328817667074,0.0013128010017167087,0.0,0.0,0.0,0.0,0,0.09302,-1.37442,40.78023,9.75165,9.0,14.0,15470.0,0.0,1.57317,0.00099,0.0,0.0,0.0
YBR301W,2,0.00013905179786822722,0.24188898240012768,0.0017618572829039185,0.0,0.0,0.0,0.0,0,0.09167,0.25417,17.17917,5.13422,10.0,7.0,15930.0,0.0,1.23994,0.0004,0.0,0.0,0.0
YDL206W,3,5.867509496311154e-05,0.23323055486840397,0.0021221901136763968,0.0,1.9899091826437942,0.0,0.0,0,0.10236,0.25879,41.31106,5.7934,71.0,60.0,94335.0,0.0,1.09714,7e-05,0.0,0.0,0.5
YDR393W,1,0.0,0.2260854999101279,0.0015023169995061854,0.0,0.0,0.0,0.0,0,0.0,0.0,0.0,0.0,0.0,0.0,0.0,0.0,0.0,0.0,0.0,0.0,0.0
YGL081W,4,9.047724797992655e-05,0.2392206364382549,0.0031813603116195395,0.16666666666666666,2.8328173374613,0.0,0.0,0,0.06563,-0.53531,51.52,5.00897,57.0,40.0,18085.0,0.0,0.49698,0.00014,0.0,0.0,0.5
YKL006W,1,0.0,0.2260854999101279,0.0015023169995061854,0.0,0.0,0.0,0.0,0,0.0,0.0,0.0,0.0,0.0,0.0,0.0,0.0,0.0,0.0,0.0,0.0,0.0
YNL071W,1,0.0,0.2260854999101279,0.0015023169995061854,0.0,0.0,0.0,0.0,0,0.04979,-0.2583,43.21888,7.5965,56.0,57.0,24785.0,0.0,0.47831,0.00015,0.0,0.0,0.0
YPL132W,1,0.0,0.2260854999101279,0.0015023169995061854,0.0,0.0,0.0,0.0,0,0.11,-0.211,49.6074,8.83368,37.0,42.0,28015.0,0.0,0.82291,0.00026,0.0,0.0,0.0
YLR336C,1,0.0,0.1620192793225683,9.532610982647281e-07,0.0,0.0,0.5,0.0,1,0.0812,-0.68454,42.99655,5.72687,152.0,139.0,90355.0,0.0,0.8785,6e-05,0.05900181244167522,0.05277425862356333,0.5
YPL268W,3,0.00029173835961682676,0.19471857025919934,3.016794343635941e-05,0.0,0.0,0.0,0.0,1,0.0,0.0,0.0,0.0,0.0,0.0,0.0,0.0,0.0,0.0,0.08971985818844534,0.0,0.0
YLR339C,4,0.000256761984708119,0.19457521696585983,2.8213114278289613e-05,0.0,1.0,0.0,0.0,1,0.08743,0.37486,34.1388,9.83148,8.0,21.0,22960.0,0.0,1.14698,0.00049,0.08971985818844534,0.0,0.5
YFL044C,1,0.0,0.16192001800884637,9.0577184710107e-07,0.0,0.0,0.5,0.0,0,0.07309,-0.33256,39.51993,5.1402,41.0,30.0,21805.0,0.0,0.65071,0.00015,0.0,0.0,0.0
YGL196W,2,2.410189676647315e-05,0.22624274732860908,0.0012004125185505253,0.0,0.0,0.0,0.0,0,0.0,0.0,0.0,0.0,0.0,0.0,0.0,0.0,0.0,0.0,0.0,0.0,0.0
YJL046W,1,0.0,0.22237606175426128,0.001059170197960199,0.0,0.0,0.0,0.0,0,0.0,0.0,0.0,0.0,0.0,0.0,0.0,0.0,0.0,0.0,0.0,0.0,0.0
YJL136C,2,1.5080007148594433e-06,0.23799545195402025,0.0044670126346215665,0.0,0.0,0.0,0.0,0,0.0,0.0,0.0,0.0,0.0,0.0,0.0,0.0,0.0,0.0,0.0,0.0,0.0
YML017W,1,0.0,0.22237606175426128,0.001059170197960199,0.0,0.0,0.0,0.0,0,0.0,0.0,0.0,0.0,0.0,0.0,0.0,0.0,0.0,0.0,0.0,0.0,0.0
YMR073C,1,0.0,0.22237606175426128,0.001059170197960199,0.0,0.0,0.0,0.0,0,0.0,0.0,0.0,0.0,0.0,0.0,0.0,0.0,0.0,0.0,0.0,0.0,0.0
YNL027W,1,0.0,0.22237606175426128,0.001059170197960199,0.0,1.0,0.5,0.0,0,0.0649,-1.09425,49.39823,5.74945,90.0,78.0,41675.0,0.0,0.5462,8e-05,0.0,0.0,0.5
YPL041C,2,5.3269983627783765e-06,0.2341344992148293,0.001956692429437126,0.0,0.0,0.0,0.0,0,0.0,0.0,0.0,0.0,0.0,0.0,0.0,0.0,0.0,0.0,0.0,0.0,0.0
YPL261C,2,7.700256250341837e-06,0.23056012160291328,0.0015378009915400844,0.0,0.0,0.0,0.0,0,0.0,0.0,0.0,0.0,0.0,0.0,0.0,0.0,0.0,0.0,0.0,0.0,0.0
YPR030W,2,0.000214568661971831,0.22239945252545662,0.0010601189290490645,0.0,1.0,0.5,0.0,0,0.07404,-0.68653,44.67886,8.53058,115.0,122.0,92945.0,0.0,0.74447,7e-05,0.0,0.0,0.5
YLR343W,1,0.0,0.18533937545227175,1.517447697309876e-05,0.0,1.0,0.0,0.0,0,0.11712,-0.3173,40.65067,4.87286,81.0,55.0,68700.0,0.0,1.10164,8e-05,0.0,0.0,0.5
YFL045C,2,0.000214568661971831,0.22940938481630946,0.0005145346435205328,0.0,1.750278706800446,0.0,0.0,1,0.12205,-0.38583,41.6126,5.13556,41.0,32.0,24785.0,0.0,0.85282,0.00018,0.08971985818844534,0.0,0.5
YDR418W,1,0.0,0.21180581970042733,7.553443365893542e-05,0.0,0.0,0.0,0.0,0,0.0,0.0,0.0,0.0,0.0,0.0,0.0,0.0,0.0,0.0,0.0,0.0,0.0
YER023W,5,4.185471932312375e-05,0.24026722672267226,0.0010116928005866378,0.2,4.391877058177826,0.0,6.25,1,0.04895,0.10944,25.94269,5.36859,30.0,24.0,19785.0,0.0,0.65662,0.00018,0.08971985818844534,0.0,0.5
YGL040C,3,8.329968623214261e-06,0.23892328325436646,0.0009114027975969183,0.3333333333333333,2.7152317880794703,0.0,3.333333333333333,1,0.08772,-0.08596,42.49184,5.74835,43.0,36.0,32985.0,0.0,0.87401,0.00015,0.08971985818844534,0.0,0.5
YGR267C,4,3.804328841314845e-05,0.24102041552117595,0.0009382622216912571,0.16666666666666666,3.760485651214128,0.0,0.0,1,0.06173,-0.33086,59.3786,6.72284,33.0,32.0,16305.0,0.0,0.58717,0.00024,0.08971985818844534,0.0,0.5
YKL067W,3,8.329968623214261e-06,0.23892328325436646,0.0009114027975969183,0.3333333333333333,2.848320693391116,0.0,1.1111111111111112,0,0.0915,-0.36732,30.67908,8.64545,20.0,22.0,26595.0,0.0,1.54924,0.0005,0.0,0.0,0.5
YLR377C,5,0.00016388208165890128,0.2438698494993675,0.0009847993978912362,0.1,3.6743929359823397,0.0,1.6666666666666667,0,0.08908,-0.09885,34.64425,5.64337,40.0,33.0,25035.0,0.0,0.6543,0.00015,0.0,0.0,0.5
YLR348C,1,0.0,0.00022002200220022002,4.36630699855352e-12,0.0,0.0,0.0,0.0,0,0.10403,-0.01208,29.45067,9.64923,22.0,36.0,41745.0,0.0,1.26534,0.00029,0.0,0.0,0.0
YBL113C,1,0.0,0.00022002200220022002,4.36630699855352e-12,0.0,0.0,0.0,0.0,0,0.06439,-0.63144,32.90948,6.47345,82.0,79.0,83780.0,0.0,0.96326,7e-05,0.0,0.0,0.0
YLR351C,1,0.0,0.2027765987493542,0.00013713119749220778,0.0,1.0,0.0,0.0,0,0.08935,-0.26426,38.91684,7.09222,34.0,34.0,22265.0,0.0,0.68405,0.00022,0.0,0.0,0.5
YLR356W,1,0.0,0.00022002200220022002,4.36630699855352e-12,0.0,0.0,0.0,0.0,0,0.07614,0.36396,27.61574,6.40094,13.0,12.0,9315.0,0.0,0.45661,0.00031,0.0,0.0,0.0
YHR085W,1,0.0,0.00022002200220022002,4.36630699855352e-12,0.0,0.0,1.0,0.0,1,0.05988,-0.38952,31.53862,9.53998,36.0,52.0,22055.0,0.0,0.58244,0.00025,0.08971985818844534,0.08233295696528463,0.5
YMR228W,2,3.1156781382900316e-05,0.19462894970861286,9.072570392631555e-05,0.0,0.0,0.0,0.0,0,0.13196,-0.30528,41.06487,6.11981,45.0,42.0,73965.0,0.0,1.86186,0.00015,0.0,0.0,0.0
YNL145W,1,0.0,0.1895684399658866,8.987221628592156e-05,0.0,0.0,0.0,0.0,0,0.07895,-0.47632,26.93421,7.88336,4.0,5.0,7115.0,0.0,1.68251,0.00186,0.0,0.0,0.0
YLR363C,1,0.0,0.18927994227290776,2.5290321642937755e-05,0.0,0.0,0.0,0.0,0,0.1055,-0.41193,46.08628,5.58954,32.0,29.0,30200.0,0.0,1.19435,0.00022,0.0,0.0,0.0
YPR078C,4,0.00018910411278170552,0.2436309955821301,0.001051686706739925,0.0,1.6556291390728477,0.0,0.0,0,0.07527,-0.89167,42.29167,5.32404,63.0,52.0,38430.0,0.0,0.90224,0.00012,0.0,0.0,0.5
YPR093C,1,0.0,0.1934359448478584,0.0001242538555074533,0.0,1.0,0.5,0.0,0,0.07292,-0.55208,45.25694,5.66669,45.0,35.0,32370.0,0.0,0.97072,0.00017,0.0,0.0,0.5
YBL097W,1,0.0,0.22227086414291888,0.0006023850912221873,0.0,0.0,0.3333333333333333,0.0,1,0.07294,-0.89363,35.28967,4.57037,156.0,91.0,54485.0,0.0,0.63196,5e-05,0.05900181244167522,0.05012875095612841,0.5
YDR317W,1,0.0,0.22227086414291888,0.0006023850912221873,0.0,0.0,0.0,0.0,0,0.11353,-0.29638,42.38964,9.14972,43.0,56.0,47760.0,0.0,1.00896,0.00019,0.0,0.0,0.0
YEL006W,1,0.0,0.22227086414291888,0.0006023850912221873,0.0,0.0,0.0,0.0,0,0.11045,0.01791,26.94212,9.71222,18.0,34.0,31080.0,0.0,0.8409,0.00026,0.0,0.0,0.0
YLR028C,1,0.0,0.22227086414291888,0.0006023850912221873,0.0,1.0,0.0,0.0,0,0.08291,-0.211,36.97885,6.11615,73.0,67.0,56685.0,0.0,0.86831,9e-05,0.0,0.0,0.5
YPL107W,1,0.0,0.22227086414291888,0.0006023850912221873,0.0,0.0,0.0,0.0,0,0.07258,-0.88871,58.67863,9.51349,36.0,48.0,42440.0,0.0,1.48551,0.00033,0.0,0.0,0.0
YCL065W,1,0.0,0.1911796731461202,0.00010261368120176104,0.0,0.0,0.0,0.0,0,0.13934,0.89508,28.26557,9.14386,3.0,10.0,27930.0,0.0,1.94617,0.00064,0.0,0.0,0.0
YLR385C,1,0.0,0.19356876271715795,7.049423737062985e-05,0.0,0.0,1.0,0.0,0,0.05303,-0.19318,34.2447,5.8526,15.0,13.0,7700.0,0.0,0.50925,0.00039,0.0,0.0,0.0
YLR388W,1,0.0,0.00022002200220022002,4.36630699855352e-12,0.0,0.0,0.0,0.0,0,0.125,-0.84821,31.74286,10.31,3.0,12.0,8980.0,0.0,1.34823,0.00155,0.0,0.0,0.0
YKR016W,1,0.0,0.00022002200220022002,4.36630699855352e-12,0.0,0.0,0.0,0.0,0,0.05741,-0.59,41.91094,6.2276,79.0,76.0,40670.0,0.0,0.66583,0.0001,0.0,0.0,0.0
YLR390W-A,2,7.4774196701071244e-06,0.17583696579146876,4.634817669574864e-06,0.0,0.0,0.0,0.0,0,0.02521,-0.10714,70.20756,5.68573,16.0,14.0,5470.0,0.0,0.23509,0.00024,0.0,0.0,0.0
YLR393W,2,0.000214568661971831,0.22870217362460962,0.0025269826194645917,0.0,0.0,0.0,0.0,0,0.12186,-0.43226,41.51118,9.56049,29.0,42.0,46785.0,0.0,1.45777,0.0003,0.0,0.0,0.0
YMR279C,1,0.0,0.18487750580680418,7.134014805274275e-05,0.0,0.0,0.0,0.0,0,0.13704,0.53926,30.43096,8.3576,31.0,34.0,107550.0,0.0,1.80571,0.00014,0.0,0.0,0.0
YLR407W,1,0.0,0.00022002200220022002,4.36630699855352e-12,0.0,0.0,0.0,0.0,0,0.0,0.0,0.0,0.0,0.0,0.0,0.0,0.0,0.0,0.0,0.0,0.0,0.0
YGL235W,1,0.0,0.00022002200220022002,4.36630699855352e-12,0.0,0.0,0.0,0.0,0,0.06742,0.31685,47.91124,8.45428,12.0,15.0,27470.0,0.0,1.42084,0.00044,0.0,0.0,0.0
YLR409C,1,0.0,0.00022002200220022002,4.36630699855352e-12,0.0,1.0,0.5,0.0,1,0.08839,-0.29989,42.07661,7.65192,112.0,113.0,90270.0,0.0,0.86144,7e-05,0.05900181244167522,0.05277425862356333,0.5263871293117817
YJL069C,1,0.0,0.00022002200220022002,4.36630699855352e-12,0.0,1.0,0.5,0.0,1,0.07744,-0.58805,48.78402,4.84052,88.0,54.0,78100.0,0.0,1.1758,7e-05,0.08971985818844534,0.07606989737809992,0.53803494868905
YLR414C,1,0.0,0.00022002200220022002,4.36630699855352e-12,0.0,0.0,0.0,0.0,0,0.0,0.0,0.0,0.0,0.0,0.0,0.0,0.0,0.0,0.0,0.0,0.0,0.0
YOR013W,1,0.0,0.00022002200220022002,4.36630699855352e-12,0.0,0.0,0.0,0.0,0,0.14103,-0.14615,25.99167,8.75726,15.0,18.0,23630.0,0.0,1.32155,0.00049,0.0,0.0,0.0
YLR416C,1,0.0,0.23292223576530058,0.004393877001776534,0.0,0.0,0.0,0.0,0,0.10606,-0.34545,57.87121,8.89984,9.0,13.0,5095.0,0.0,0.34623,0.0006,0.0,0.0,0.0
YEL033W,2,3.0436366901350594e-05,0.23624040169380067,0.002134946245153891,0.0,0.0,0.0,0.0,0,0.0,0.0,0.0,0.0,0.0,0.0,0.0,0.0,0.0,0.0,0.0,0.0,0.0
YGL227W,1,0.0,0.22877641150827918,0.001656315451574006,0.0,0.0,0.5,0.0,0,0.08455,-0.70355,39.95378,4.48077,170.0,98.0,95995.0,0.0,0.88738,4e-05,0.0,0.0,0.0
YKL053C-A,1,0.0,0.22877641150827918,0.001656315451574006,0.0,0.0,0.0,0.0,0,0.0,0.0,0.0,0.0,0.0,0.0,0.0,0.0,0.0,0.0,0.0,0.0,0.0
YMR158W,1,0.0,0.22877641150827918,0.001656315451574006,0.0,1.0,0.0,0.0,0,0.05161,-0.22065,38.39032,9.65143,12.0,23.0,12085.0,0.0,0.69174,0.00055,0.0,0.0,0.5
YNL198C,1,0.0,0.22877641150827918,0.001656315451574006,0.0,0.0,0.0,0.0,0,0.0,0.0,0.0,0.0,0.0,0.0,0.0,0.0,0.0,0.0,0.0,0.0,0.0
YOL027C,2,3.0436366901350594e-05,0.23624040169380067,0.002134946245153891,0.0,0.0,0.0,0.0,0,0.0,0.0,0.0,0.0,0.0,0.0,0.0,0.0,0.0,0.0,0.0,0.0,0.0
YOR080W,3,0.00010576186041576767,0.2346281523785736,0.0019573627437618553,0.0,1.9757575757575758,1.0,0.0,0,0.08607,-0.34194,39.58813,9.12457,81.0,103.0,68155.0,0.0,0.80117,0.00011,0.0,0.0,0.5
YOR124C,3,0.0001955023621269053,0.23974958557200543,0.0020294370579383536,0.0,1.9387755102040816,0.0,0.0,0,0.09591,-0.53939,38.49634,5.07892,196.0,147.0,131015.0,0.0,0.8952,3e-05,0.0,0.0,0.5
YLR419W,1,0.0,0.2127221283927276,0.00027214766624028677,0.0,0.0,0.0,0.0,0,0.0,0.0,0.0,0.0,0.0,0.0,0.0,0.0,0.0,0.0,0.0,0.0,0.0
YLR421C,1,0.0,0.17575657482622742,2.6149184684811775e-05,0.0,1.0,0.5,0.0,0,0.08974,-0.63141,57.83526,4.48676,30.0,17.0,26720.0,0.0,1.49258,0.00025,0.0,0.0,0.5
YJR024C,1,0.0,0.22806079119399375,0.00038079005965346017,0.0,1.0,0.0,0.0,0,0.09016,-0.15615,46.76434,6.12738,29.0,25.0,25535.0,0.0,0.93103,0.00022,0.0,0.0,0.5
YNL090W,3,9.314087838512918e-06,0.2488350706319308,0.0038814621394995617,0.3333333333333333,2.3897379912663754,0.0,5.083333333333333,0,0.08854,-0.12969,32.95052,5.3537,29.0,25.0,22180.0,0.0,1.03266,0.00025,0.0,0.0,0.5
YPR179C,1,0.0,0.22806079119399375,0.00038079005965346017,0.0,1.0,1.0,0.0,0,0.07176,-0.61832,37.80231,5.9505,102.0,91.0,56240.0,0.0,0.74528,8e-05,0.0,0.0,0.5
YOR053W,2,1.1490860844311077e-05,0.22993329293235995,0.0010589805546985796,0.0,1.8694516971279374,0.0,0.0,0,0.09735,-1.65398,153.58053,12.46295,1.0,38.0,10430.0,0.0,0.68368,0.00082,0.0,0.0,0.5
YLR427W,1,0.0,0.00022002200220022002,4.36630699855352e-12,0.0,0.0,0.0,0.0,0,0.07612,-0.74313,53.28496,8.74884,87.0,97.0,49750.0,0.0,0.65189,0.00011,0.0,0.0,0.0
YDL131W,1,0.0,0.00022002200220022002,4.36630699855352e-12,0.0,0.0,0.0,0.0,0,0.06818,-0.23318,33.93705,5.88116,61.0,53.0,24380.0,0.0,0.50171,0.00012,0.0,0.0,0.0
YDL240W,2,1.3654917289101447e-05,0.21806431468229331,0.0004027855821019347,0.0,1.5706594885598923,0.0,0.0,0,0.09145,-0.36096,43.40817,8.54144,115.0,128.0,110330.0,0.0,0.94582,7e-05,0.0,0.0,0.5
YLR281C,1,0.0,0.20561622047646758,0.0001665491024601895,0.0,1.0,0.0,0.0,0,0.03871,-1.17355,70.83806,10.52362,21.0,38.0,8855.0,0.0,0.48663,0.00058,0.0,0.0,0.5
YMR142C,1,0.0,0.20561622047646758,0.0001665491024601895,0.0,1.0,0.0,0.0,0,0.0603,-0.72161,38.80603,11.07745,21.0,46.0,9970.0,0.0,0.44263,0.00049,0.0,0.0,0.5
YOR096W,2,0.0050363116197183104,0.20563621816373429,0.00016671319699275327,0.0,0.0,0.3333333333333333,0.0,0,0.06316,-0.34947,56.83158,9.83331,22.0,32.0,4470.0,0.0,0.20673,0.00045,0.0,0.0,0.0
YLR446W,8,0.003449916211875192,0.25327642491129804,0.0024807789850127787,0.0,2.1715145436308925,0.0,0.0,0,0.11085,0.09723,48.3557,5.55548,43.0,34.0,43205.0,0.0,0.8823,0.00011,0.0,0.0,0.5
YKR074W,2,2.525831102685628e-05,0.22387120495097845,0.0017419322791643558,0.0,1.0,0.0,0.0,0,0.11613,-0.81548,37.67161,5.96417,27.0,24.0,19940.0,0.0,1.08161,0.00032,0.0,0.0,0.5
YLR211C,2,8.966327710227408e-05,0.2325379813208156,0.0005868483024094874,0.0,1.0,0.0,0.0,0,0.04867,-0.80885,55.90442,5.55768,35.0,33.0,18575.0,0.0,0.71511,0.00021,0.0,0.0,0.5
YBR028C,1,0.0,0.22579577052109312,0.0008466776528980878,0.0,1.0,0.0,0.0,0,0.09333,-0.56705,40.76522,7.6391,67.0,68.0,59875.0,0.0,1.00477,0.00013,0.0,0.0,0.5
YDL221W,1,0.0,0.22579577052109312,0.0008466776528980878,0.0,0.0,0.0,0.0,1,0.13115,0.12678,63.83721,9.0119,9.0,16.0,32190.0,0.0,1.58875,0.00044,0.08971985818844534,0.0,0.0
YDL241W,1,0.0,0.22579577052109312,0.0008466776528980878,0.0,0.0,0.0,0.0,0,0.13821,-0.17967,34.47333,6.80511,9.0,9.0,12420.0,0.0,0.9204,0.0005,0.0,0.0,0.0
YDR305C,1,0.0,0.22579577052109312,0.0008466776528980878,0.0,1.0,0.3333333333333333,0.0,0,0.09223,-0.5301,36.50053,7.02448,25.0,25.0,35410.0,0.0,1.50416,0.0003,0.0,0.0,0.5
YIR035C,1,0.0,0.22579577052109312,0.0008466776528980878,0.0,1.0,0.0,0.0,0,0.08268,0.06024,24.00713,5.95209,27.0,25.0,24535.0,0.0,0.89282,0.00022,0.0,0.0,0.5
YJL087C,1,0.0,0.22579577052109312,0.0008466776528980878,0.0,1.0,0.0,0.0,1,0.09553,-0.51644,32.52527,8.02631,118.0,122.0,109315.0,0.0,1.14663,8e-05,0.05900181244167522,0.0,0.5
YJL219W,1,0.0,0.22579577052109312,0.0008466776528980878,0.0,0.0,0.0,0.0,0,0.14109,0.28871,35.75684,8.48309,40.0,45.0,110125.0,0.0,1.75199,0.00013,0.0,0.0,0.0
YKL029C,2,2.2098244821776422e-05,0.22923527892443388,0.0008551770078425087,0.0,1.3652173913043477,0.0,0.0,0,0.07025,-0.31898,41.34589,8.38776,77.0,81.0,58425.0,0.0,0.78555,0.00011,0.0,0.0,0.5
YKL164C,1,0.0,0.22579577052109312,0.0008466776528980878,0.0,0.0,0.0,0.0,0,0.04399,-0.10704,29.05695,6.1026,22.0,21.0,23420.0,0.0,0.67646,0.00018,0.0,0.0,0.0
YKR005C,1,0.0,0.22579577052109312,0.0008466776528980878,0.0,1.0,0.0,0.0,0,0.08952,-0.45352,40.91337,5.38715,69.0,59.0,51475.0,0.0,0.87678,9e-05,0.0,0.0,0.5
YLR465C,3,0.00026863399404663754,0.22632750965098652,0.0008501913228162619,0.0,1.0,0.0,0.0,0,0.12745,-0.49412,44.88137,9.8028,7.0,12.0,12615.0,0.0,1.05016,0.00082,0.0,0.0,0.5
YMR127C,2,0.0,0.248236172017554,0.007881141337702527,1.0,1.0,0.5,0.0,0,0.13609,-0.33047,35.48908,9.29315,29.0,46.0,68520.0,0.0,1.74769,0.00024,0.0,0.0,0.5
YNL028W,2,0.000214568661971831,0.22581988627144248,0.0008473886721198112,0.0,1.0,0.0,0.0,1,0.07619,0.19143,49.96762,10.51532,2.0,15.0,14605.0,0.0,1.17355,0.00084,0.08971985818844534,0.0,0.5
YNL134C,1,0.0,0.22579577052109312,0.0008466776528980878,0.0,0.0,0.0,0.0,0,0.07713,-0.11383,25.82314,5.82538,49.0,43.0,34880.0,0.0,0.84734,0.00014,0.0,0.0,0.0
YNL175C,2,1.4055942278546973e-05,0.22819616805995532,0.0008728581030017275,0.0,1.0,0.5,0.0,0,0.05955,-1.04839,46.69305,9.32794,67.0,82.0,17920.0,0.0,0.39291,0.0002,0.0,0.0,0.5
YNL323W,2,7.886464381306882e-05,0.23847863694558044,0.00221961236382064,0.0,1.877654196157735,0.0,0.0,0,0.12319,-0.49734,29.47367,5.63373,53.0,46.0,87165.0,0.0,1.83749,0.00012,0.0,0.0,0.5
YOR239W,4,0.0004751619583468096,0.22953390817559746,0.0008722447752940074,0.0,1.0,0.0,0.0,0,0.07803,-1.07357,42.85959,4.61639,132.0,79.0,65235.0,0.0,0.91257,6e-05,0.0,0.0,0.5
YOR260W,3,0.0051631445098467245,0.22637597378581542,0.0010625334606096165,0.0,1.9884020618556701,0.0,0.0,1,0.08824,-0.5526,44.02457,4.78253,88.0,59.0,46185.0,0.0,0.70298,7e-05,0.08971985818844534,0.0,0.5
YOR374W,2,1.9354696712525937e-05,0.23223148939090735,0.000893229384114223,0.0,1.9171038824763904,0.0,0.0,0,0.08863,-0.15087,31.42408,6.30597,59.0,56.0,54945.0,0.0,0.96866,0.00011,0.0,0.0,0.5
YPR006C,1,0.0,0.22579577052109312,0.0008466776528980878,0.0,0.0,0.0,0.0,0,0.09913,-0.4047,32.72678,7.21014,72.0,72.0,90590.0,0.0,1.39423,0.00011,0.0,0.0,0.0
YLR448W,1,0.0,0.17203837226684426,9.884954321643689e-06,0.0,0.0,0.0,0.0,0,0.07386,-0.47614,27.6983,10.0777,18.0,36.0,12950.0,0.0,0.64795,0.0005,0.0,0.0,0.0
YDL180W,1,0.0,0.1993354949711998,3.995751680497289e-05,0.0,0.0,0.0,0.0,0,0.12431,-0.02249,37.447,5.21466,53.0,36.0,71375.0,0.0,1.1459,8e-05,0.0,0.0,0.0
YER188W,1,0.0,0.1993354949711998,3.995751680497289e-05,0.0,0.0,0.0,0.0,0,0.15481,-0.47238,42.50887,4.7984,29.0,15.0,59455.0,0.0,2.17688,0.00018,0.0,0.0,0.0
YLR457C,5,0.0005868810566611711,0.22880116818088042,0.0002443263495068707,0.0,1.0,0.0,0.0,1,0.05643,-1.16458,75.10063,10.1662,43.0,72.0,20650.0,0.0,0.55283,0.00027,0.08971985818844534,0.0,0.5
YAR071W,1,0.0,0.22112022538794351,0.000392788220839517,0.0,0.0,0.0,0.0,0,0.13062,-0.39422,28.5163,4.99335,58.0,41.0,81345.0,0.0,1.54188,9e-05,0.0,0.0,0.0
YCL023C,2,2.4191127603548194e-05,0.22484730102190845,0.0004178979960974059,0.0,1.0,0.0,0.0,0,0.16522,0.47391,38.80957,10.14948,3.0,17.0,22055.0,0.0,1.62994,0.00075,0.0,0.0,0.5
YEL075W-A,1,0.0,0.22112022538794351,0.000392788220839517,0.0,0.0,0.0,0.0,0,0.0,0.0,0.0,0.0,0.0,0.0,0.0,0.0,0.0,0.0,0.0,0.0,0.0
YFL013C,3,0.0013809309050378626,0.2420967075238468,0.0016593171231144284,0.0,2.3329383886255926,1.0,0.0,0,0.06358,-0.68714,49.0899,5.06268,122.0,97.0,32360.0,0.0,0.41091,6e-05,0.0,0.0,0.5
YFL050C,1,0.0,0.22112022538794351,0.000392788220839517,0.0,0.0,0.0,0.0,0,0.08508,-0.60058,40.88241,6.27802,109.0,101.0,84450.0,0.0,0.87348,6e-05,0.0,0.0,0.0
YGR100W,1,0.0,0.22112022538794351,0.000392788220839517,0.0,1.0,0.0,0.0,0,0.10842,-0.34663,49.04296,5.25104,142.0,114.0,104390.0,0.0,0.95545,5e-05,0.0,0.0,0.5
YHL017W,1,0.0,0.22112022538794351,0.000392788220839517,0.0,1.0,0.0,0.0,0,0.14286,0.12162,35.10603,4.54523,65.0,35.0,93305.0,0.0,1.52446,7e-05,0.0,0.0,0.5
YML027W,1,0.0,0.22112022538794351,0.000392788220839517,0.0,0.0,1.0,0.0,0,0.03636,-0.80675,77.12312,10.33002,34.0,63.0,8855.0,0.0,0.20719,0.00024,0.0,0.0,0.0
YNL133C,1,0.0,0.22112022538794351,0.000392788220839517,0.0,0.0,0.5,0.0,0,0.0578,-1.2422,22.95844,9.92511,24.0,42.0,8940.0,0.0,0.44645,0.0005,0.0,0.0,0.0
YNL260C,3,0.00017367260738436802,0.2235634782087778,0.00044729911650372037,0.0,1.6179624664879357,1.0,0.0,1,0.09259,-0.54259,46.25,5.47968,25.0,21.0,11585.0,0.0,0.61312,0.00029,0.08971985818844534,0.08233295696528463,0.5254434075791642
YNR009W,2,9.074252829030624e-05,0.22116648484932178,0.0003934780575709607,0.0,1.0,0.5,0.0,0,0.05221,-0.72329,53.04257,10.03851,17.0,38.0,10930.0,0.0,0.39653,0.00036,0.0,0.0,0.5
YNR013C,2,4.722564327417072e-05,0.22802389810294052,0.0005494694653213392,0.0,1.7020348837209303,0.0,0.0,0,0.08949,0.15828,42.04622,8.16791,65.0,68.0,102550.0,0.0,1.03077,8e-05,0.0,0.0,0.5
YNR066C,1,0.0,0.22112022538794351,0.000392788220839517,0.0,1.0,0.0,0.0,0,0.11009,-0.35528,40.48791,4.92096,63.0,39.0,66570.0,0.0,1.34068,0.0001,0.0,0.0,0.5
YOR198C,4,0.00011263367226909561,0.23545117986186145,0.0006203466455368084,0.0,0.0,0.0,0.0,0,0.0383,-1.05617,49.01617,9.18317,84.0,96.0,10430.0,0.0,0.19089,0.00017,0.0,0.0,0.0
YOR230W,1,0.0,0.22112022538794351,0.000392788220839517,0.0,1.0,0.5,0.0,0,0.09382,-0.46888,45.59728,5.18243,58.0,42.0,59610.0,0.0,1.23207,0.00011,0.0,0.0,0.5
YPL034W,3,0.000429137323943662,0.22116648484932178,0.0003935141554341711,0.0,1.0,0.0,0.0,0,0.08485,-0.54061,43.38121,9.69696,16.0,30.0,25940.0,0.0,1.3722,0.00051,0.0,0.0,0.5
YPL154C,2,0.0050363116197183104,0.2211433526994578,0.0003931506592337971,0.0,1.1790575916230366,0.0,0.0,0,0.12099,-0.18519,26.34968,4.70355,53.0,30.0,53790.0,0.0,1.20881,0.00011,0.0,0.0,0.5
YPR144C,1,0.0,0.22112022538794351,0.000392788220839517,0.0,0.0,0.5,0.0,1,0.11594,-0.17301,39.39513,5.73663,68.0,56.0,68675.0,0.0,1.07918,9e-05,0.08971985818844534,0.07606989737809992,0.5
YLR459W,3,0.005042899007979314,0.19716072315922378,3.943834745021153e-05,0.0,1.525731584258325,0.5,0.0,1,0.16497,0.87386,39.6082,9.11969,15.0,22.0,74300.0,0.0,1.66068,0.0002,0.08971985818844534,0.07606989737809992,0.5249289908405083
YDR434W,1,0.0,0.16370652279505368,1.2201599368240272e-06,0.0,0.0,0.0,0.0,1,0.0,0.0,0.0,0.0,0.0,0.0,0.0,0.0,0.0,0.0,0.08971985818844534,0.0,0.0
YDR003W,1,0.0,0.19515890669738933,0.00017186375206567682,0.0,0.0,0.0,0.0,0,0.10952,-0.74429,65.60052,5.18964,30.0,24.0,31065.0,0.0,1.28312,0.00021,0.0,0.0,0.0
YDR314C,2,0.00025134950112291643,0.21803058470322412,0.0004874623794422992,0.0,1.0,1.0,0.0,0,0.10983,-0.64827,47.14152,9.45367,90.0,121.0,107900.0,0.0,1.31518,0.00012,0.0,0.0,0.5
YML014W,2,3.385935008813073e-06,0.19744610311056787,8.29652192215408e-05,0.0,1.0,0.5,0.0,0,0.09319,-0.89104,47.33548,8.51202,39.0,42.0,58370.0,0.0,1.79942,0.00026,0.0,0.0,0.5
YOL128C,1,0.0,0.1547784923801849,3.571171793520837e-07,0.0,1.0,0.0,0.0,0,0.112,-0.31707,51.33683,7.18719,44.0,44.0,38110.0,0.0,0.88207,0.00017,0.0,0.0,0.5
YPL208W,3,3.584573161109554e-05,0.21414408215521508,0.00038541473280568,0.0,1.4464609800362977,0.5,0.0,0,0.11492,-0.32401,38.13396,5.01056,86.0,65.0,94615.0,0.0,1.40843,7e-05,0.0,0.0,0.5
YNL046W,1,0.0,0.20646956644299752,6.708418133316994e-05,0.0,0.0,0.5,0.0,0,0.09302,-0.07907,47.1157,10.25348,9.0,23.0,18700.0,0.0,0.9664,0.00053,0.0,0.0,0.0
YML048W,2,0.00018102374698739787,0.24542676670452887,0.007056410285017317,0.0,1.276842105263158,0.5,0.0,0,0.1067,-0.32705,41.25015,6.63727,52.0,51.0,65570.0,0.0,1.42951,0.00014,0.0,0.0,0.5
YML060W,1,0.0,0.00022002200220022002,4.36630699855352e-12,0.0,1.0,1.0,0.0,0,0.08511,-0.31995,36.5359,8.89484,44.0,52.0,58870.0,0.0,1.37608,0.00021,0.0,0.0,0.5
YOL010W,1,0.0,0.00022002200220022002,4.36630699855352e-12,0.0,1.0,0.5,0.0,1,0.07084,-0.02561,40.33025,8.95099,39.0,45.0,35910.0,0.0,0.89395,0.00022,0.08971985818844534,0.07606989737809992,0.53803494868905
YFL010C,5,0.00011686869971982846,0.23849208675872946,0.0008605285987418603,0.0,3.810839532412327,0.3333333333333333,0.0,0,0.12322,-1.0109,55.11801,4.26068,23.0,10.0,44350.0,0.0,1.95763,0.00019,0.0,0.0,0.5
YFL054C,1,0.0,0.22130537943892778,0.000321885219990047,0.0,1.0,0.0,0.0,0,0.09133,-0.41115,39.40697,8.56317,65.0,69.0,101800.0,0.0,1.44384,0.00012,0.0,0.0,0.5
YHR025W,2,6.7676601709901796e-06,0.23571366724186354,0.0008358683639550388,0.0,1.869757174392936,0.0,0.0,0,0.06443,-0.05546,44.10896,5.26324,37.0,30.0,28390.0,0.0,0.73336,0.00014,0.0,0.0,0.5
YHR112C,2,6.7676601709901796e-06,0.23571366724186354,0.0008358683639550388,0.0,1.9456869009584665,0.0,0.0,0,0.09524,-0.22566,43.36722,5.57587,50.0,39.0,45185.0,0.0,1.06456,0.00013,0.0,0.0,0.5
YKL035W,1,0.0,0.22130537943892778,0.000321885219990047,0.0,1.0,0.0,0.0,1,0.07014,-0.2986,31.05611,6.98297,62.0,61.0,33390.0,0.0,0.59639,0.00012,0.08971985818844534,0.0,0.5
YLR070C,1,0.0,0.22130537943892778,0.000321885219990047,0.0,1.0,0.0,0.0,0,0.07584,0.00225,23.67022,5.78363,44.0,37.0,15775.0,0.0,0.40868,0.00015,0.0,0.0,0.5
YOR229W,3,3.15992388461706e-05,0.2302462806446168,0.0004420049810535919,0.0,2.984564498346196,0.0,0.0,1,0.09422,-0.58051,37.23578,4.83539,71.0,46.0,58120.0,0.0,1.11876,9e-05,0.08971985818844534,0.0,0.5
YML070W,1,0.0,0.19768609182922875,0.000988240133528984,0.0,0.0,0.0,0.0,0,0.06849,-0.07277,27.39486,5.24896,75.0,60.0,28015.0,0.0,0.45036,8e-05,0.0,0.0,0.0
YML075C,2,4.536525579811155e-06,0.1924236981397448,1.9537349291297796e-05,0.0,2.0,0.6666666666666666,0.0,0,0.08349,0.10683,38.43466,8.23627,102.0,107.0,95295.0,0.0,0.82418,7e-05,0.0,0.0,0.5
YOR102W,2,0.00012836265926133593,0.22795014771813013,0.0002602301201462328,0.0,1.7430555555555556,0.0,0.0,1,0.06897,-0.26724,18.95172,10.53668,2.0,21.0,14480.0,0.0,1.0898,0.00079,0.08971985818844534,0.0,0.5
YOL086C,1,0.0,0.20640909798013532,0.0008601761807492484,0.0,1.0,0.0,0.0,0,0.07759,0.0296,20.70836,6.21014,36.0,32.0,49360.0,0.0,1.33953,0.00017,0.0,0.0,0.5
YPL176C,1,0.0,0.24193049890262786,0.007034463684821498,0.0,0.0,0.0,0.0,0,0.0,0.0,0.0,0.0,0.0,0.0,0.0,0.0,0.0,0.0,0.0,0.0,0.0
YML101C,2,6.785758940964917e-06,0.2170903634847288,0.0001587880467072717,0.0,0.0,0.5,0.0,0,0.03419,-0.35043,57.92991,6.90778,14.0,14.0,1615.0,0.0,0.12527,0.00054,0.0,0.0,0.0
YPR099C,1,0.0,0.17335724143479816,7.440471873563866e-06,0.0,0.0,0.0,0.0,0,0.13559,0.07373,42.41186,8.44989,6.0,8.0,8980.0,0.0,0.67214,0.00063,0.0,0.0,0.0
YML105C,3,0.00045975205102770253,0.22192092313403475,0.00018273126037405887,0.0,1.4466824644549763,0.0,0.0,1,0.07326,-0.74029,43.74139,9.14032,39.0,46.0,9315.0,0.0,0.29885,0.00029,0.08971985818844534,0.0,0.5
YPR088C,2,1.6785167619553047e-05,0.20864968620511334,5.8215521158031367e-05,0.0,1.2894736842105263,0.0,0.0,1,0.05176,-0.34325,48.4124,8.73309,57.0,62.0,7950.0,0.0,0.13334,0.00015,0.08971985818844534,0.0,0.5
YML107C,4,0.000438934281641539,0.2030979871437026,0.00012247892116544828,0.0,0.0,0.25,0.0,0,0.09581,-0.46347,35.79641,9.13495,39.0,52.0,60735.0,0.0,1.54909,0.00023,0.0,0.0,0.0
YIL149C,1,0.0,0.16777905056019013,3.485729339790136e-06,0.0,0.0,0.2,0.0,0,0.04467,-0.95569,50.01185,5.80231,315.0,293.0,83710.0,0.0,0.42898,3e-05,0.0,0.0,0.0
YKR095W,1,0.0,0.16777905056019013,3.485729339790136e-06,0.0,0.0,0.3333333333333333,0.0,0,0.03307,-1.11259,54.35408,5.14276,387.0,314.0,65750.0,0.0,0.30098,2e-05,0.0,0.0,0.0
YGR275W,2,0.00025582201390510044,0.2331405441790182,0.0006647353093574371,0.0,1.6125592417061612,1.0,0.0,0,0.07006,-1.13057,39.69108,5.52264,24.0,22.0,25565.0,0.0,1.43669,0.00031,0.0,0.0,0.5
YML125C,2,0.000214568661971831,0.21129781593559346,4.5148184782118584e-05,0.0,1.0,0.3333333333333333,0.0,1,0.10577,-0.20256,43.07981,5.33954,41.0,32.0,51925.0,0.0,1.47151,0.00015,0.08971985818844534,0.07069233844701739,0.5353461692235086
YLR038C,1,0.0,0.1733359235251284,1.4829588983911175e-06,0.0,0.0,0.0,0.0,0,0.14458,-0.86024,38.77229,5.18341,13.0,9.0,26970.0,0.0,2.75547,0.00053,0.0,0.0,0.0
YML127W,2,0.000214568661971831,0.19105011251102522,1.5456641137272252e-05,0.0,0.0,1.0,0.0,1,0.0809,-0.09174,48.3012,7.93585,63.0,65.0,46965.0,0.0,0.72014,0.00012,0.08971985818844534,0.08233295696528463,0.5
YGL184C,1,0.0,0.15947140288565947,5.260948975612293e-07,0.0,0.0,0.5,0.0,0,0.07097,-0.20129,31.94282,8.21698,49.0,52.0,35630.0,0.0,0.68747,0.00016,0.0,0.0,0.0
YML130C,1,0.0,0.15753467162087068,4.782329411611162e-07,0.0,1.0,0.5,0.0,1,0.12256,-0.45382,33.95348,5.47809,77.0,68.0,93540.0,0.0,1.43837,8e-05,0.08971985818844534,0.07606989737809992,0.53803494868905
YDR384C,1,0.0,0.17131353064005153,3.111926659360813e-06,0.0,1.0,0.0,0.0,0,0.13818,0.36545,38.63382,4.57452,20.0,12.0,45015.0,0.0,1.49909,0.00015,0.0,0.0,0.5
YMR017W,1,0.0,0.22806079119399375,0.00038079005965346017,0.0,1.0,0.0,0.0,0,0.05793,-1.07179,50.89471,9.27948,59.0,72.0,28265.0,0.0,0.60627,0.0002,0.0,0.0,0.5
YMR018W,1,0.0,0.1895514451709638,1.5491570621075142e-05,0.0,0.0,0.0,0.0,0,0.10117,-0.59591,39.15914,8.60614,56.0,62.0,71250.0,0.0,1.20632,0.00015,0.0,0.0,0.0
YMR019W,1,0.0,0.2030297287458725,0.00024138749223882972,0.0,1.0,1.0,0.0,0,0.10748,-0.50516,51.55588,6.97711,107.0,105.0,140045.0,0.0,1.27518,6e-05,0.0,0.0,0.5
YER137C,1,0.0,0.18966196583777503,1.4606049910504009e-05,0.0,0.0,0.0,0.0,0,0.02703,-0.51284,27.81081,9.23004,19.0,26.0,3480.0,0.0,0.2096,0.00056,0.0,0.0,0.0
YMR041C,1,0.0,0.1498424290535074,1.049768592612327e-06,0.0,1.0,0.0,0.0,0,0.10149,-0.27701,35.56985,5.39349,45.0,35.0,41340.0,0.0,1.08163,0.00014,0.0,0.0,0.5
YAR042W,1,0.0,0.2279010072928608,0.00025954028341478914,0.0,1.0,0.16666666666666666,0.0,0,0.07744,-0.75985,41.46339,5.34711,185.0,142.0,168650.0,0.0,1.24837,4e-05,0.0,0.0,0.5
YBR008C,1,0.0,0.2279010072928608,0.00025954028341478914,0.0,0.0,0.0,0.0,0,0.14781,0.41022,40.52064,5.9682,45.0,40.0,100085.0,0.0,1.62401,0.0001,0.0,0.0,0.0
YBR105C,1,0.0,0.2279010072928608,0.00025954028341478914,0.0,1.0,0.0,0.0,0,0.11326,-0.65608,47.10171,6.26666,40.0,36.0,43820.0,0.0,1.06244,0.00015,0.0,0.0,0.5
YBR273C,1,0.0,0.2279010072928608,0.00025954028341478914,0.0,0.0,1.0,0.0,0,0.06193,-0.86537,33.20023,5.93646,75.0,66.0,49430.0,0.0,0.988,0.00012,0.0,0.0,0.0
YCL039W,1,0.0,0.2279010072928608,0.00025954028341478914,0.0,1.0,0.5,0.0,0,0.09664,-0.33584,43.77718,5.75372,85.0,68.0,102105.0,0.0,1.20812,7e-05,0.0,0.0,0.5
YCR008W,1,0.0,0.2279010072928608,0.00025954028341478914,0.0,1.0,0.0,0.0,0,0.06965,-0.59303,50.2836,9.31024,57.0,81.0,53800.0,0.0,0.80702,0.00014,0.0,0.0,0.5
YDL066W,1,0.0,0.2279010072928608,0.00025954028341478914,0.0,1.0,0.0,0.0,0,0.08645,-0.37103,33.12897,8.84332,55.0,61.0,47705.0,0.0,0.98994,0.00018,0.0,0.0,0.5
YDR423C,1,0.0,0.2279010072928608,0.00025954028341478914,0.0,1.0,0.5,0.0,0,0.04156,-0.66137,51.2379,6.68036,58.0,57.0,29920.0,0.0,0.65397,0.00015,0.0,0.0,0.5
YHL043W,2,9.826648063863448e-06,0.22916074298591188,0.000335321347753979,0.0,0.0,0.0,0.0,0,0.14706,-0.33941,57.72118,8.88287,19.0,23.0,42440.0,0.0,2.1422,0.00045,0.0,0.0,0.0
YHL049C,2,6.996967342429481e-05,0.22795014771813013,0.0002619020448634781,0.0,0.0,0.0,0.0,0,0.1107,-0.41292,31.62443,9.15143,34.0,43.0,17140.0,0.0,0.54404,0.00029,0.0,0.0,0.0
YIL055C,1,0.0,0.2279010072928608,0.00025954028341478914,0.0,0.0,0.0,0.0,0,0.09091,-0.64689,56.07547,6.6181,63.0,60.0,58010.0,0.0,0.82013,9e-05,0.0,0.0,0.0
YJR079W,1,0.0,0.2279010072928608,0.00025954028341478914,0.0,0.0,0.0,0.0,0,0.16514,0.30092,39.40284,4.73456,16.0,9.0,4720.0,0.0,0.37471,0.00038,0.0,0.0,0.0
YKL221W,2,0.005036311619718308,0.22792557485684428,0.00025986639372549994,0.0,1.3394383394383393,0.0,0.0,0,0.13319,0.54884,32.55624,8.88959,26.0,33.0,96800.0,0.0,1.8524,0.00017,0.0,0.0,0.5
YLR401C,1,0.0,0.2279010072928608,0.00025954028341478914,0.0,0.0,0.5,0.0,0,0.08683,-0.71572,42.31078,7.17389,96.0,96.0,82540.0,0.0,1.07762,9e-05,0.0,0.0,0.0
YMR157C,1,0.0,0.2279010072928608,0.00025954028341478914,0.0,0.0,0.0,0.0,0,0.10196,-0.27765,37.14941,9.3736,30.0,42.0,18505.0,0.0,0.63643,0.00032,0.0,0.0,0.0
YNL204C,2,0.00033425854641970455,0.2368755988303289,0.0007381710769946744,0.0,1.0,0.0,0.0,0,0.09667,-0.61867,46.241,8.52435,35.0,39.0,15565.0,0.0,0.45458,0.00025,0.0,0.0,0.5
YNL300W,1,0.0,0.2279010072928608,0.00025954028341478914,0.0,0.0,0.0,0.0,0,0.05882,0.38529,13.28922,6.51141,4.0,4.0,4470.0,0.0,0.43951,0.00064,0.0,0.0,0.0
YNL319W,1,0.0,0.2279010072928608,0.00025954028341478914,0.0,0.0,0.0,0.0,0,0.06849,0.57397,31.42808,9.51495,5.0,12.0,7825.0,0.0,0.48751,0.00059,0.0,0.0,0.0
YNR061C,1,0.0,0.2279010072928608,0.00025954028341478914,0.0,0.0,0.0,0.0,0,0.08676,0.3379,47.77717,4.75946,27.0,18.0,14815.0,0.0,0.60925,0.0002,0.0,0.0,0.0
YOL111C,4,0.0006779097586647482,0.2470758510265283,0.0005962683171310191,0.0,3.9131313131313132,0.3333333333333333,0.0,0,0.05189,-0.55425,39.71368,9.2049,24.0,29.0,15470.0,0.0,0.65186,0.00039,0.0,0.0,0.5
YOL146W,2,0.00010231820681112972,0.22802389810294052,0.0002604029911775901,0.0,1.0,1.0,0.0,1,0.09278,-0.22062,35.64124,5.12811,28.0,20.0,25565.0,0.0,1.16459,0.00023,0.08971985818844534,0.08233295696528463,0.5411664784826423
YOL154W,2,0.00021673918886844053,0.2364914261125794,0.0006859537599958764,0.0,2.0,0.0,0.0,0,0.1245,-0.13735,34.67635,4.85895,27.0,16.0,41550.0,0.0,1.50725,0.00018,0.0,0.0,0.5
YOR064C,2,0.00028005827809480464,0.24121289089721248,0.0004401334597026958,0.0,1.6528436018957346,1.0,0.0,0,0.07306,-0.77534,44.24886,8.48859,32.0,36.0,22555.0,0.0,0.88975,0.00033,0.0,0.0,0.5
YOR251C,1,0.0,0.2279010072928608,0.00025954028341478914,0.0,1.0,0.0,0.0,0,0.11513,-0.36414,34.83026,5.71381,41.0,35.0,51380.0,0.0,1.50152,0.00017,0.0,0.0,0.5
YOR286W,1,0.0,0.2279010072928608,0.00025954028341478914,0.0,0.0,0.0,0.0,0,0.08725,-0.47114,33.44094,9.6546,16.0,25.0,13075.0,0.0,0.78307,0.00058,0.0,0.0,0.0
YOR302W,7,0.0008153910283639635,0.25403719754409665,0.0008968697957978304,0.047619047619047616,5.340471092077088,0.0,0.0,0,0.16,-0.7,40.86,5.93585,2.0,1.0,8605.0,0.0,2.88834,0.00199,0.0,0.0,0.5
YOR344C,2,5.914344906518691e-05,0.22867743836897209,0.00028778049862721565,0.0,1.0,1.0,0.0,0,0.06186,-0.75498,61.99622,4.75299,47.0,32.0,23950.0,0.0,0.73267,0.00015,0.0,0.0,0.5
YPL189W,1,0.0,0.22227086414291888,0.002545273611352305,0.0,0.0,0.0,0.0,0,0.1642,0.21314,44.39985,9.58722,41.0,66.0,140355.0,0.0,1.96885,0.00013,0.0,0.0,0.0
YMR051C,1,0.0,0.2041963972340061,0.0012729086514126217,0.0,0.0,0.0,0.0,0,0.0,0.0,0.0,0.0,0.0,0.0,0.0,0.0,0.0,0.0,0.0,0.0,0.0
YNL335W,2,4.744675725352243e-06,0.239708814144268,0.002549432002657294,0.0,0.0,0.0,0.0,0,0.0,0.0,0.0,0.0,0.0,0.0,0.0,0.0,0.0,0.0,0.0,0.0,0.0
YMR063W,1,0.0,0.16340288227207514,1.5117817436829066e-06,0.0,0.0,0.0,0.0,0,0.10042,0.62218,46.21674,5.83234,17.0,13.0,36285.0,0.0,1.35918,0.00022,0.0,0.0,0.0
YNL112W,1,0.0,0.18927994227290776,2.5290321642937755e-05,0.0,1.0,0.5,0.0,1,0.08608,-0.72601,36.15789,8.89508,68.0,75.0,76375.0,0.0,1.25208,0.00015,0.08971985818844534,0.07606989737809992,0.53803494868905
YLR080W,2,3.5426950065527534e-05,0.20658051735803773,0.00011905709023842248,0.0,1.0,0.3333333333333333,0.0,0,0.09234,-0.40811,37.73671,9.20392,55.0,66.0,60765.0,0.0,1.19272,0.00018,0.0,0.0,0.5
YMR097C,1,0.0,0.1799065386223796,1.1386817896644074e-05,0.0,1.0,0.0,0.0,0,0.08447,-0.51335,26.30845,9.54205,39.0,53.0,44600.0,0.0,1.05828,0.00023,0.0,0.0,0.5
YMR101C,1,0.0,0.19441419660333004,2.8647375932536266e-05,0.0,1.0,0.0,0.0,0,0.12245,-0.23149,48.74026,9.5274,35.0,51.0,46005.0,0.0,1.14442,0.00024,0.0,0.0,0.5
YOR154W,2,3.161849062383867e-05,0.22845506160556628,0.00021097596104590835,0.0,1.4229857819905214,0.5,0.0,0,0.08688,-0.5063,44.80888,5.3559,89.0,72.0,49485.0,0.0,0.73364,8e-05,0.0,0.0,0.5
YMR110C,1,0.0,0.17455947122059987,5.736493039177202e-06,0.0,0.0,0.0,0.0,0,0.10526,-0.1438,38.98086,6.30011,62.0,58.0,52675.0,0.0,0.87824,0.00011,0.0,0.0,0.0
YOL034W,2,5.562577326790608e-06,0.21913785512354417,0.00032298337290970186,0.0,1.0,0.5,0.0,1,0.06221,-0.63614,37.43734,8.38116,172.0,178.0,59345.0,0.0,0.47086,7e-05,0.05900181244167522,0.05277425862356333,0.5263871293117817
YPR145W,2,9.285530988283568e-06,0.2164458816767688,0.00028980184732966353,0.0,0.0,0.0,0.0,0,0.09965,-0.36783,39.28846,5.73077,83.0,68.0,95895.0,0.0,1.48745,9e-05,0.0,0.0,0.0
YMR125W,1,0.0,0.19001991508578378,2.0198210510207646e-05,0.0,1.0,0.3333333333333333,0.0,0,0.12544,-0.27631,37.75509,4.81329,128.0,90.0,114640.0,0.0,1.14621,5e-05,0.0,0.0,0.5
YMR134W,1,0.0,0.2035476866579558,4.1154731781463496e-05,0.0,1.0,0.0,0.0,1,0.10549,-0.31814,33.02025,5.29828,43.0,33.0,15400.0,0.0,0.55156,0.00019,0.08971985818844534,0.0,0.5
YOR279C,1,0.0,0.15756989195211954,7.46188084896332e-07,0.0,0.0,1.0,0.0,0,0.05484,-1.0129,72.91774,9.04193,50.0,54.0,22920.0,0.0,0.65124,0.00026,0.0,0.0,0.0
YMR151W,2,0.000214568661971831,0.18730137707928565,1.0056473111134784e-05,0.0,1.0,0.0,0.0,0,0.13103,0.57517,44.39931,9.08356,6.0,13.0,22430.0,0.0,1.33107,0.00054,0.0,0.0,0.5
YDR221W,1,0.0,0.1568510085429908,3.3280875437906604e-07,0.0,0.0,1.0,0.0,0,0.08974,-0.55755,40.01255,4.78058,122.0,82.0,64940.0,0.0,0.8127,6e-05,0.0,0.0,0.0
YMR155W,1,0.0,0.1996366344216331,3.8552184653729176e-05,0.0,0.0,0.0,0.0,0,0.12797,0.21737,35.7174,8.42072,37.0,42.0,62365.0,0.0,1.03867,0.00014,0.0,0.0,0.0
YPL164C,1,0.0,0.18414488722866365,3.003280771861632e-05,0.0,1.0,1.0,0.0,0,0.08671,-0.27399,47.51722,9.03705,81.0,99.0,75230.0,0.0,0.91744,0.00011,0.0,0.0,0.5
YMR180C,1,0.0,0.18375280017029644,1.2085351731728672e-05,0.0,0.0,0.5,0.0,0,0.07813,-0.77969,46.79719,9.70831,35.0,55.0,26650.0,0.0,0.72078,0.00026,0.0,0.0,0.0
YMR182C,2,3.0333451474023344e-05,0.18261803378472238,9.183720062127564e-06,0.0,0.0,1.0,0.0,0,0.07583,-0.76161,76.56351,9.63251,14.0,24.0,12420.0,0.0,0.52065,0.0004,0.0,0.0,0.0
YPR133W-A,2,0.0,0.18846168064529067,2.209124593487761e-05,1.0,0.0,0.0,2.2666666666666666,0,0.0,0.0,0.0,0.0,0.0,0.0,0.0,0.0,0.0,0.0,0.0,0.0,0.0
YMR204C,2,1.2531446764225857e-05,0.22927256507910607,0.00040844356967468105,0.0,1.0,0.0,0.0,0,0.08095,-0.75524,53.59502,8.38678,48.0,51.0,25495.0,0.0,0.53885,0.00018,0.0,0.0,0.5
YMR209C,1,0.0,0.19441419660333004,2.8647375932536266e-05,0.0,0.0,0.0,0.0,0,0.10066,-0.22385,29.45667,7.22565,54.0,54.0,57020.0,0.0,1.09139,0.00014,0.0,0.0,0.0
YMR213W,2,1.808877490146006e-05,0.23050984956767687,0.00042086082207126843,0.0,1.9376344086021506,0.5,0.0,1,0.05763,-0.9322,50.78576,8.30231,95.0,98.0,49195.0,0.0,0.72634,0.00012,0.08971985818844534,0.07606989737809992,0.5196295795121069
YMR215W,1,0.0,0.20212720186984523,4.1732296654756024e-05,0.0,1.0,0.0,0.0,0,0.10496,-0.33798,36.75897,4.59344,59.0,39.0,56450.0,0.0,0.99396,8e-05,0.0,0.0,0.5
YMR226C,2,0.0001999582151425112,0.22955882907111624,0.0005145775637384284,0.0,1.0,0.5,0.0,0,0.05993,-0.12172,25.66704,6.3465,33.0,32.0,9065.0,0.0,0.31089,0.00022,0.0,0.0,0.5
YNL308C,3,0.00019923402901879004,0.20697485146684116,0.00011067185300843634,0.0,2.244635193133047,0.5,0.0,1,0.06261,-1.38122,55.99445,5.03009,150.0,117.0,41370.0,0.0,0.6026,7e-05,0.05900181244167522,0.05277425862356333,0.5117556426953062
YMR242C,1,0.0,0.00022002200220022002,4.36630699855352e-12,0.0,0.0,0.0,0.0,0,0.0,0.0,0.0,0.0,0.0,0.0,0.0,0.0,0.0,0.0,0.0,0.0,0.0
YLR366W,1,0.0,0.00022002200220022002,4.36630699855352e-12,0.0,0.0,0.0,0.0,0,0.15842,-0.60792,63.82079,11.52582,4.0,19.0,21220.0,0.0,1.71932,0.00093,0.0,0.0,0.0
YNL096C,2,0.0003678714741801624,0.2214792431948375,0.00018088964288760984,0.0,1.0,0.3333333333333333,0.0,0,0.05789,-0.35474,59.66947,9.91974,21.0,33.0,5960.0,0.0,0.27549,0.00046,0.0,0.0,0.5
YHR136C,2,1.83736448354985e-05,0.18441793241687884,8.619684702746664e-06,0.0,1.792225201072386,0.0,0.0,0,0.08784,-0.94122,69.09122,5.95074,21.0,18.0,21680.0,0.0,1.27263,0.00035,0.0,0.0,0.5
YOR046C,3,2.7897423280903957e-05,0.19719750001487743,2.486677149488807e-05,0.0,0.0,0.25,0.0,1,0.05602,-0.37344,32.38112,6.99054,67.0,67.0,20775.0,0.0,0.38563,0.00013,0.08971985818844534,0.06602488493524936,0.5
YMR258C,1,0.0,0.00022002200220022002,4.36630699855352e-12,0.0,0.0,0.3333333333333333,0.0,0,0.12116,-0.2311,42.20508,5.96417,73.0,64.0,81470.0,0.0,1.26498,9e-05,0.0,0.0,0.0
YIL019W,1,0.0,0.00022002200220022002,4.36630699855352e-12,0.0,0.0,0.5,0.0,1,0.04046,-1.12688,46.8737,9.3316,58.0,67.0,7450.0,0.0,0.19157,0.00024,0.08971985818844534,0.07606989737809992,0.5
YMR260C,2,0.000214568661971831,0.13450501575492324,2.6134632875162353e-08,0.0,1.882290562036055,0.0,0.0,1,0.06536,-1.19935,40.9183,4.69489,37.0,25.0,10220.0,0.0,0.58618,0.00027,0.08971985818844534,0.0,0.5
YGR156W,1,0.0,0.1180476575936305,1.254392244201629e-09,0.0,1.0,1.0,0.0,1,0.04941,-0.43859,57.08118,5.90753,37.0,34.0,18575.0,0.0,0.39536,0.00013,0.08971985818844534,0.08233295696528463,0.5411664784826423
YGL083W,1,0.0,0.16901291727893814,1.1244056167889695e-05,0.0,1.0,0.0,0.0,0,0.09577,-0.25,46.68209,8.29205,86.0,90.0,71250.0,0.0,0.78297,9e-05,0.0,0.0,0.5
YMR280C,1,0.0,0.2164902058218928,0.0001866017222328813,0.0,0.0,1.0,0.0,0,0.06909,-0.56846,38.27238,9.12982,143.0,170.0,80160.0,0.0,0.49949,6e-05,0.0,0.0,0.0
YAL053W,2,0.0,0.23130418938404068,0.001914717047628678,1.0,1.0,0.5,2.2222222222222223,0,0.12516,0.22414,28.74612,8.15045,59.0,62.0,90980.0,0.0,1.04016,9e-05,0.0,0.0,0.5
YMR316C-A,1,0.0,0.2234217356326429,0.0008975222314939829,0.0,0.0,0.0,0.0,0,0.0,0.0,0.0,0.0,0.0,0.0,0.0,0.0,0.0,0.0,0.0,0.0,0.0
YMR317W,2,1.2697371756306507e-05,0.2247039263679809,0.000948820567782438,0.0,0.0,0.0,0.0,0,0.02456,-0.18684,60.5336,5.12579,71.0,55.0,20440.0,0.0,0.1806,5e-05,0.0,0.0,0.0
YMR318C,1,0.0,0.2234217356326429,0.0008975222314939829,0.0,0.0,0.0,0.0,0,0.08889,-0.20306,33.75281,6.27777,45.0,41.0,48580.0,0.0,1.22624,0.00016,0.0,0.0,0.0
YMR326C,1,0.0,0.2234217356326429,0.0008975222314939829,0.0,0.0,0.0,0.0,0,0.0,0.0,0.0,0.0,0.0,0.0,0.0,0.0,0.0,0.0,0.0,0.0,0.0
YNL244C,3,4.2524293815382656e-05,0.1784865435724731,7.876933191408273e-06,0.3333333333333333,2.8456104944500504,0.0,3.375,1,0.06481,-0.54167,50.84259,7.76288,15.0,16.0,3230.0,0.0,0.26235,0.00063,0.08971985818844534,0.0,0.5
YPR041W,3,7.18472030812211e-05,0.17786343597556392,7.756199276790973e-06,0.3333333333333333,2.533668341708543,0.0,3.333333333333333,1,0.0642,-0.53506,40.04941,4.94916,74.0,53.0,30785.0,0.0,0.68017,0.00011,0.08971985818844534,0.0,0.5
YMR325W,1,0.0,0.00022002200220022002,4.36630699855352e-12,0.0,0.0,0.0,0.0,0,0.0,0.0,0.0,0.0,0.0,0.0,0.0,0.0,0.0,0.0,0.0,0.0,0.0
YPR199C,1,0.0,0.00022002200220022002,4.36630699855352e-12,0.0,0.0,0.0,0.0,0,0.0,0.0,0.0,0.0,0.0,0.0,0.0,0.0,0.0,0.0,0.0,0.0,0.0
YNL007C,1,0.0,0.18778379103508291,1.451180218469879e-05,0.0,1.0,0.5,0.0,1,0.09943,-0.67017,47.40483,9.02252,36.0,41.0,24870.0,0.0,0.66162,0.00024,0.08971985818844534,0.07606989737809992,0.53803494868905
YNL015W,2,0.0002682937455966451,0.23205307525210075,0.0006631896223700602,0.0,1.9929411764705882,0.5,0.0,0,0.05333,-0.556,14.12533,6.2746,13.0,11.0,1490.0,0.0,0.17346,0.00073,0.0,0.0,0.5
YNL019C,1,0.0,0.00022002200220022002,4.36630699855352e-12,0.0,0.0,0.0,0.0,0,0.09155,0.11303,31.92817,6.06952,25.0,22.0,29045.0,0.0,0.92719,0.00019,0.0,0.0,0.0
YLR001C,1,0.0,0.00022002200220022002,4.36630699855352e-12,0.0,0.0,0.0,0.0,0,0.09629,-0.14814,32.24874,5.96368,94.0,82.0,77585.0,0.0,0.79479,6e-05,0.0,0.0,0.0
YNL056W,2,0.0,0.20452230558710738,6.166931474853376e-05,1.0,1.0,0.0,6.166666666666667,0,0.10152,-0.22792,35.23604,6.15985,24.0,21.0,22140.0,0.0,0.98524,0.00027,0.0,0.0,0.5
YNL093W,1,0.0,0.20062165244895303,4.2787317096005055e-05,0.0,1.0,0.0,0.0,0,0.07273,-0.44045,26.08095,5.12701,33.0,25.0,18950.0,0.0,0.76884,0.00021,0.0,0.0,0.5
YNL034W,1,0.0,0.1993730877095253,0.00040915466505093875,0.0,0.0,0.0,0.0,0,0.08987,-0.65735,70.7551,6.38397,66.0,60.0,76915.0,0.0,1.10872,9e-05,0.0,0.0,0.0
YNL037C,2,1.0690881645482897e-05,0.2130114442030542,0.00014587638645347062,0.0,1.783030303030303,0.0,0.0,0,0.06111,-0.20917,29.42278,8.98627,40.0,44.0,22920.0,0.0,0.58286,0.00023,0.0,0.0,0.5
YNL039W,5,0.0003318696378634301,0.21211392407298515,0.0002034338605286203,0.0,2.9226638023630507,1.0,0.0,1,0.05387,-1.06061,44.99059,6.50116,106.0,103.0,29255.0,0.0,0.43221,0.0001,0.08971985818844534,0.08233295696528463,0.5140852596351856
YNL045W,1,0.0,0.18298944957891003,2.4444050842832774e-05,0.0,0.0,0.5,0.0,0,0.1237,-0.36855,41.71119,6.11298,85.0,75.0,106520.0,0.0,1.37708,8e-05,0.0,0.0,0.0
YNL049C,1,0.0,0.18642609841374738,3.207690708073652e-05,0.0,0.0,0.25,0.0,0,0.08562,-0.2742,50.31419,5.16107,109.0,84.0,68785.0,0.0,0.6952,5e-05,0.0,0.0,0.0
YDL072C,2,0.0050363116197183104,0.2004029757034753,0.00043976439528404214,0.0,1.0,0.5,0.0,0,0.08867,0.21921,42.85222,6.61041,24.0,24.0,9190.0,0.0,0.40127,0.00029,0.0,0.0,0.5
YJR035W,1,0.0,0.20831050198615922,0.0003422511453153322,0.0,1.0,1.0,0.0,0,0.07465,-0.73604,42.97015,7.10907,161.0,160.0,119845.0,0.0,0.96241,6e-05,0.0,0.0,0.5
YGR005C,2,0.0001924213816256225,0.2360426006318187,0.0002813445052299648,0.0,1.9212962962962963,1.0,0.0,1,0.065,-1.09125,45.58925,6.71698,73.0,72.0,39225.0,0.0,0.84165,0.00014,0.08971985818844534,0.08233295696528463,0.5214264080777126
YHR081W,1,0.0,0.21773869472833696,0.00010075132894205824,0.0,1.0,1.0,0.0,0,0.05435,-0.88261,44.14457,9.58344,28.0,39.0,7450.0,0.0,0.354,0.00046,0.0,0.0,0.5
YIL024C,1,0.0,0.21773869472833696,0.00010075132894205824,0.0,0.0,0.0,0.0,0,0.09524,-0.71376,29.98148,5.72345,27.0,23.0,32930.0,0.0,1.51116,0.00026,0.0,0.0,0.0
YJR097W,1,0.0,0.21773869472833696,0.00010075132894205824,0.0,1.0,0.5,0.0,0,0.09302,-0.60174,48.22965,4.91962,30.0,19.0,15190.0,0.0,0.75847,0.00025,0.0,0.0,0.5
YKL153W,1,0.0,0.21773869472833696,0.00010075132894205824,0.0,1.0,0.0,0.0,1,0.13609,-0.10533,56.80237,4.83539,16.0,10.0,60500.0,0.0,3.08427,0.00025,0.08971985818844534,0.0,0.5
YML037C,1,0.0,0.21773869472833696,0.00010075132894205824,0.0,0.0,0.0,0.0,0,0.06471,-1.04794,42.15529,6.47809,52.0,50.0,32470.0,0.0,0.85396,0.00017,0.0,0.0,0.0
YOR004W,1,0.0,0.21773869472833696,0.00010075132894205824,0.0,1.0,0.3333333333333333,0.0,1,0.04331,-0.88898,57.09055,10.05206,26.0,53.0,9565.0,0.0,0.33211,0.00035,0.08971985818844534,0.07069233844701739,0.5353461692235086
YOR040W,2,3.4233393537403075e-06,0.21780598456446212,0.00012954998233469052,0.0,1.960639606396064,0.0,0.0,0,0.08772,-0.45684,36.88702,7.12518,34.0,34.0,36870.0,0.0,1.14013,0.00022,0.0,0.0,0.5
YNL095C,1,0.0,0.00022002200220022002,4.36630699855352e-12,0.0,1.0,0.0,0.0,0,0.09346,0.16558,45.62632,7.50372,52.0,53.0,74715.0,0.0,1.04945,0.00011,0.0,0.0,0.5
YHR199C,1,0.0,0.00022002200220022002,4.36630699855352e-12,0.0,1.0,0.0,0.0,0,0.08065,-0.19548,37.89387,9.13531,34.0,42.0,30410.0,0.0,0.89145,0.00027,0.0,0.0,0.5
YJL003W,1,0.0,0.1924412119012939,0.00015316540735740297,0.0,0.0,0.0,0.0,0,0.0,0.0,0.0,0.0,0.0,0.0,0.0,0.0,0.0,0.0,0.0,0.0,0.0
YNL063W,1,0.0,0.1924412119012939,0.00015316540735740297,0.0,0.0,0.0,0.0,0,0.09236,-0.19236,47.41022,9.48248,29.0,44.0,51880.0,0.0,1.44632,0.00026,0.0,0.0,0.0
YNL107W,1,0.0,0.1825786101774117,1.0070470536242487e-05,0.0,1.0,0.5,0.0,0,0.09292,-0.64823,49.61642,5.25555,36.0,27.0,23045.0,0.0,0.887,0.0002,0.0,0.0,0.5
YBL037W,1,0.0,0.20391084918116656,0.00020819929721013064,0.0,1.0,0.0,0.0,0,0.07707,-0.08859,39.85718,8.8067,101.0,113.0,89170.0,0.0,0.77532,8e-05,0.0,0.0,0.5
YBL054W,1,0.0,0.20391084918116656,0.00020819929721013064,0.0,1.0,0.5,0.0,0,0.05714,-0.94038,55.35429,9.36859,57.0,70.0,37275.0,0.0,0.62938,0.00016,0.0,0.0,0.5
YJR023C,1,0.0,0.20391084918116656,0.00020819929721013064,0.0,1.0,0.0,0.0,1,0.12782,1.1594,39.5,10.69659,1.0,11.0,7700.0,0.0,0.50387,0.0007,0.08971985818844534,0.0,0.5
YKL133C,1,0.0,0.20391084918116656,0.00020819929721013064,0.0,1.0,0.0,0.0,0,0.10799,-0.53045,41.39315,9.11945,60.0,72.0,75915.0,0.0,1.39326,0.00017,0.0,0.0,0.5
YOL151W,3,8.348229863578922e-05,0.2106452398664524,0.00022173460139061853,0.0,2.613778705636743,0.5,0.0,0,0.09064,-0.26579,35.33684,5.77899,49.0,42.0,25940.0,0.0,0.67961,0.00015,0.0,0.0,0.5
YOR093C,1,0.0,0.20391084918116656,0.00020819929721013064,0.0,1.0,0.0,0.0,0,0.08738,-0.20085,40.6031,8.74738,170.0,192.0,161460.0,0.0,0.86386,5e-05,0.0,0.0,0.5
YPR160W,1,0.0,0.20391084918116656,0.00020819929721013064,0.0,1.0,0.0,0.0,0,0.10643,-0.39268,35.8192,5.41107,127.0,103.0,147765.0,0.0,1.43081,5e-05,0.0,0.0,0.5
YNL142W,1,0.0,0.19487111476124572,2.8925350846871163e-05,0.0,1.0,0.0,0.0,0,0.11623,0.38517,27.51663,6.19427,32.0,28.0,120330.0,0.0,2.25337,0.00012,0.0,0.0,0.5
YPR190C,2,0.0,0.1684138432561644,1.6175473780090168e-06,1.0,1.9795918367346939,0.5,2.0,1,0.06116,-0.35657,41.55933,6.26154,91.0,87.0,48290.0,0.0,0.65243,8e-05,0.05900181244167522,0.05277425862356333,0.5133295807863639
YNL165W,1,0.0,0.21054036297331502,0.0002043780679017088,0.0,0.0,0.0,0.0,0,0.09113,-0.55074,57.19631,6.64484,47.0,45.0,47830.0,0.0,1.03581,0.00014,0.0,0.0,0.0
YDR368W,1,0.0,0.1965650160516447,0.0005624723828752725,0.0,0.0,0.0,0.0,0,0.08013,-0.1859,30.02724,6.61566,37.0,36.0,49180.0,0.0,1.41507,0.00019,0.0,0.0,0.0
YNL178W,2,1.1010456843726939e-05,0.20488895732928106,3.836613274784048e-05,0.0,1.4451003541912633,0.0,0.0,1,0.0625,-0.18542,35.14087,9.42218,31.0,38.0,10555.0,0.0,0.39827,0.00036,0.08971985818844534,0.0,0.5
YNL180C,1,0.0,0.18673068931904233,1.88819976695846e-05,0.0,1.0,0.0,0.0,0,0.06344,-0.83082,42.60937,8.67841,40.0,45.0,29630.0,0.0,0.80478,0.00024,0.0,0.0,0.5
YNL183C,2,5.898606210532114e-07,0.21184826363003015,0.00019598520425136983,0.0,1.7464788732394365,0.0,0.0,0,0.07215,-0.57329,51.80749,8.60773,73.0,80.0,56280.0,0.0,0.6545,0.0001,0.0,0.0,0.5
YNL188W,1,0.0,0.161351617457228,3.7409443160508134e-06,0.0,0.0,0.0,0.0,1,0.07852,-1.05473,53.50072,9.29901,61.0,74.0,40590.0,0.0,0.80134,0.00018,0.08971985818844534,0.0,0.0
YBR035C,1,0.0,0.22938449635579236,0.0005139831439820477,0.0,1.0,0.0,0.0,0,0.11404,-0.86667,33.63728,6.93549,37.0,37.0,47565.0,0.0,1.7677,0.00026,0.0,0.0,0.5
YCL028W,1,0.0,0.22938449635579236,0.0005139831439820477,0.0,1.0,0.5,0.0,1,0.07407,-1.13728,43.89037,6.13251,16.0,13.0,23840.0,0.0,0.5599,0.00014,0.08971985818844534,0.07606989737809992,0.53803494868905
YDL185W2,1,0.0,0.22938449635579236,0.0005139831439820477,0.0,0.0,0.0,0.0,0,0.0,0.0,0.0,0.0,0.0,0.0,0.0,0.0,0.0,0.0,0.0,0.0,0.0
YDR428C,2,3.693512240300971e-05,0.2324229520896467,0.0005328059417433719,0.0,1.0,0.0,0.0,0,0.09962,-0.2092,48.8682,5.17291,32.0,24.0,32485.0,0.0,1.08316,0.00017,0.0,0.0,0.5
YDR487C,1,0.0,0.22938449635579236,0.0005139831439820477,0.0,1.0,0.0,0.0,1,0.04808,-0.22933,28.46923,5.45599,28.0,21.0,5220.0,0.0,0.23131,0.00024,0.08971985818844534,0.0,0.5
YEL046C,2,0.000214568661971831,0.22940938481630946,0.0005145346435205328,0.0,1.0,0.0,0.0,0,0.0801,-0.16434,27.44264,5.86249,47.0,39.0,42705.0,0.0,0.99744,0.00014,0.0,0.0,0.5
YER010C,2,0.000214568661971831,0.22940938481630946,0.0005145346435205328,0.0,1.0,0.0,0.0,0,0.07265,-0.05598,39.22735,6.89288,21.0,21.0,15275.0,0.0,0.59754,0.00027,0.0,0.0,0.5
YER057C,1,0.0,0.22938449635579236,0.0005139831439820477,0.0,1.0,0.25,0.0,0,0.06202,0.17984,29.10853,5.28082,14.0,10.0,4720.0,0.0,0.33943,0.00038,0.0,0.0,0.5
YGR088W,1,0.0,0.22938449635579236,0.0005139831439820477,0.0,1.0,0.0,0.0,0,0.12989,-0.65623,31.94753,6.08636,69.0,61.0,87305.0,0.0,1.35184,9e-05,0.0,0.0,0.5
YHL009W-A,1,0.0,0.22938449635579236,0.0005139831439820477,0.0,0.0,0.0,0.0,0,0.0,0.0,0.0,0.0,0.0,0.0,0.0,0.0,0.0,0.0,0.0,0.0,0.0
YHR018C,1,0.0,0.22938449635579236,0.0005139831439820477,0.0,1.0,0.0,0.0,0,0.08855,-0.29374,36.95832,5.46625,66.0,52.0,51840.0,0.0,0.99714,0.00011,0.0,0.0,0.5
YJL052W,1,0.0,0.22938449635579236,0.0005139831439820477,0.0,1.0,0.0,0.0,0,0.07229,-0.07319,26.8756,8.289,37.0,39.0,34630.0,0.0,0.96868,0.00023,0.0,0.0,0.5
YKL069W,1,0.0,0.22938449635579236,0.0005139831439820477,0.0,1.0,0.5,0.0,0,0.08889,-0.09778,30.96783,4.90851,23.0,13.0,26190.0,0.0,1.32715,0.00025,0.0,0.0,0.5
YLR209C,1,0.0,0.22938449635579236,0.0005139831439820477,0.0,1.0,0.0,0.0,0,0.06109,-0.0881,30.00418,6.79474,30.0,29.0,22055.0,0.0,0.65339,0.0002,0.0,0.0,0.5
YMR239C,1,0.0,0.22938449635579236,0.0005139831439820477,0.0,1.0,0.0,0.0,1,0.06582,-0.7276,37.08219,8.5932,73.0,77.0,43445.0,0.0,0.8035,0.00016,0.08971985818844534,0.0,0.5
YOL058W,1,0.0,0.22938449635579236,0.0005139831439820477,0.0,1.0,0.0,0.0,0,0.09048,-0.2831,27.93288,5.44757,59.0,53.0,48455.0,0.0,1.03256,0.00012,0.0,0.0,0.5
YOR155C,3,0.00021995325842466806,0.23221873642608631,0.0005735802773456089,0.0,2.7628657921291624,0.0,0.0,0,0.09333,-0.396,56.97847,5.26117,67.0,52.0,55850.0,0.0,1.08807,0.0001,0.0,0.0,0.5
YPR062W,1,0.0,0.22938449635579236,0.0005139831439820477,0.0,1.0,0.0,0.0,0,0.07595,-0.44684,18.56582,5.68158,23.0,20.0,20690.0,0.0,1.18183,0.00032,0.0,0.0,0.5
YAL055W,2,2.037932988233726e-05,0.22000432809526208,0.0006198731141872673,0.0,0.0,0.0,0.0,0,0.06667,-0.29833,46.08611,8.55035,23.0,26.0,19075.0,0.0,0.95967,0.00043,0.0,0.0,0.0
YBR209W,2,0.0005399270211358916,0.2327171421671362,0.0006592239698848477,0.0,1.0,0.0,0.0,0,0.12381,-0.32571,35.67238,10.18231,6.0,19.0,13325.0,0.0,1.09879,0.00084,0.0,0.0,0.5
YCR089W,1,0.0,0.2160036364263693,0.00047863079359694116,0.0,0.0,0.0,0.0,0,0.0,0.0,0.0,0.0,0.0,0.0,0.0,0.0,0.0,0.0,0.0,0.0,0.0
YDR248C,2,2.037932988233726e-05,0.22000432809526208,0.0006198731141872673,0.0,0.0,0.0,0.0,0,0.0,0.0,0.0,0.0,0.0,0.0,0.0,0.0,0.0,0.0,0.0,0.0,0.0
YJL121C,1,0.0,0.2160036364263693,0.00047863079359694116,0.0,0.0,0.0,0.0,0,0.0,0.0,0.0,0.0,0.0,0.0,0.0,0.0,0.0,0.0,0.0,0.0,0.0
YJL196C,1,0.0,0.2160036364263693,0.00047863079359694116,0.0,1.0,0.5,0.0,0,0.17419,0.3371,31.23713,9.45038,16.0,31.0,88655.0,0.0,2.44677,0.00026,0.0,0.0,0.5
YJL214W,1,0.0,0.2160036364263693,0.00047863079359694116,0.0,0.0,0.0,0.0,0,0.14236,0.27206,44.01028,5.4234,52.0,45.0,102980.0,0.0,1.62194,9e-05,0.0,0.0,0.0
YNL087W,1,0.0,0.2160036364263693,0.00047863079359694116,0.0,0.0,0.0,0.0,0,0.09083,-0.28039,30.54127,8.65131,142.0,152.0,147110.0,0.0,1.1102,7e-05,0.0,0.0,0.0
YNL179C,1,0.0,0.2160036364263693,0.00047863079359694116,0.0,0.0,0.0,0.0,0,0.0,0.0,0.0,0.0,0.0,0.0,0.0,0.0,0.0,0.0,0.0,0.0,0.0
YNL200C,1,0.0,0.2160036364263693,0.00047863079359694116,0.0,0.0,0.0,0.0,0,0.0,0.0,0.0,0.0,0.0,0.0,0.0,0.0,0.0,0.0,0.0,0.0,0.0
YNL203C,1,0.0,0.2160036364263693,0.00047863079359694116,0.0,0.0,0.0,0.0,0,0.0,0.0,0.0,0.0,0.0,0.0,0.0,0.0,0.0,0.0,0.0,0.0,0.0
YBL046W,1,0.0,0.20800310823015405,0.00021588758361304578,0.0,0.0,1.0,0.0,0,0.07256,-1.0356,47.82744,4.25763,108.0,49.0,33640.0,0.0,0.66411,8e-05,0.0,0.0,0.0
YNL212W,1,0.0,0.17124415608321988,2.3389890939291982e-06,0.0,1.0,0.0,0.0,0,0.09463,-0.6023,40.5651,4.9649,133.0,104.0,96105.0,0.0,1.08172,6e-05,0.0,0.0,0.5
YPL075W,2,2.7646839092568935e-05,0.2291483250416729,0.001391909261048082,0.0,1.9866666666666666,1.0,0.0,1,0.07643,-0.5721,52.10969,8.50873,81.0,86.0,69175.0,0.0,0.78852,0.0001,0.08971985818844534,0.08233295696528463,0.5207213817865649
YNL219C,1,0.0,0.1628930350662185,7.233576036746644e-07,0.0,0.0,0.5,0.0,0,0.15856,0.3355,39.29829,8.85138,36.0,45.0,129605.0,0.0,2.03219,0.00014,0.0,0.0,0.0
YNL220W,1,0.0,0.18533937545227175,1.517447697309876e-05,0.0,0.0,0.0,0.0,0,0.09238,-0.27275,29.91709,8.14801,55.0,57.0,54695.0,0.0,1.1329,0.00017,0.0,0.0,0.0
YLR411W,1,0.0,0.1596218930363518,2.3791422500439313e-06,0.0,0.0,0.0,0.0,0,0.13693,0.061,43.78224,7.93915,24.0,26.0,59245.0,0.0,2.15173,0.00029,0.0,0.0,0.0
YNL226W,1,0.0,0.17821574470326332,1.1216796886900558e-05,0.0,0.0,0.0,0.0,0,0.18382,0.00147,45.0075,9.73016,6.0,15.0,28670.0,0.0,1.78747,0.00061,0.0,0.0,0.0
YPL066W,2,4.527191377745882e-06,0.22328017267643657,0.0009526350108264309,0.0,1.5431472081218274,0.0,0.0,0,0.10021,-0.48998,51.46058,9.42657,39.0,56.0,33070.0,0.0,0.60245,0.00017,0.0,0.0,0.5
YNL234W,2,1.8233594874842155e-05,0.21744758524806046,6.703919099113639e-05,0.0,1.5616766467065868,0.0,0.0,0,0.06808,-0.48944,39.95073,8.61176,46.0,50.0,30870.0,0.0,0.64552,0.00018,0.0,0.0,0.5
YOR153W,1,0.0,0.19669301782962145,0.0001544860939912226,0.0,1.0,0.0,0.0,0,0.12574,-0.12442,35.94784,8.01825,150.0,155.0,244730.0,0.0,1.4359,5e-05,0.0,0.0,0.5
YIR027C,1,0.0,0.17760944140111018,2.8240215229482383e-05,0.0,1.0,0.0,0.0,0,0.06957,-0.08478,38.50326,5.60858,51.0,38.0,49275.0,0.0,0.98303,0.00011,0.0,0.0,0.5
YBL052C,1,0.0,0.16943956366226037,2.0581277607181808e-06,0.0,0.0,1.0,0.0,0,0.10108,-0.85331,56.64972,6.06036,134.0,124.0,119525.0,0.0,1.22488,6e-05,0.0,0.0,0.0
YER074W-A,1,0.0,0.19627306522715396,1.7539133658557264e-05,0.0,0.0,0.0,0.0,1,0.0,0.0,0.0,0.0,0.0,0.0,0.0,0.0,0.0,0.0,0.08971985818844534,0.0,0.0
YKR047W,1,0.0,0.22723967920463387,0.002271975097859802,0.0,0.0,0.0,0.0,0,0.0,0.0,0.0,0.0,0.0,0.0,0.0,0.0,0.0,0.0,0.0,0.0,0.0
YNL119W,2,0.0,0.23211676310895993,0.003941042218579663,0.0,0.0,0.0,0.0,0,0.08316,-0.37951,40.03428,6.01654,62.0,57.0,44235.0,0.0,0.78331,0.00011,0.0,0.0,0.0
YNL289W,2,0.0,0.23554298392018225,0.0036449098087823545,1.0,0.0,0.3333333333333333,0.0,0,0.0681,-0.37097,57.89749,9.39606,27.0,36.0,34545.0,0.0,1.07635,0.00029,0.0,0.0,0.0
YPL065W,2,2.2584740178402517e-06,0.23482358897817815,0.003289169913994497,0.0,1.0,0.0,0.0,0,0.08264,-0.41529,30.29756,5.20526,36.0,27.0,19035.0,0.0,0.68714,0.00019,0.0,0.0,0.5
YNL277W,3,0.00018603731076006214,0.20567622521006965,9.464766315262323e-05,0.0,1.0,0.0,0.0,0,0.08436,-0.26399,38.86132,5.43317,57.0,46.0,68715.0,0.0,1.28059,0.0001,0.0,0.0,0.5
YNL279W,1,0.0,0.19003699399240662,5.1298336305510854e-05,0.0,0.0,0.0,0.0,0,0.07564,0.1295,34.87067,5.84125,62.0,54.0,89280.0,0.0,1.21715,8e-05,0.0,0.0,0.0
YPL245W,2,9.736218206936041e-05,0.1947365042744201,2.8829141216529126e-05,0.0,1.248642779587405,0.5,0.0,0,0.09912,-0.54361,36.55797,9.11395,57.0,69.0,73645.0,0.0,1.40931,0.00017,0.0,0.0,0.5
YPL010W,1,0.0,0.18389663797864894,1.1292063014047432e-05,0.0,0.0,0.0,0.0,1,0.08995,-0.37619,46.32434,5.02716,28.0,20.0,18910.0,0.0,0.87193,0.00023,0.08971985818844534,0.0,0.0
YBL087C,1,0.0,0.23014603191025537,0.003407842436678424,0.0,0.0,0.0,0.0,0,0.0,0.0,0.0,0.0,0.0,0.0,0.0,0.0,0.0,0.0,0.0,0.0,0.0
YNL068C,1,0.0,0.23014603191025537,0.003407842436678424,0.0,0.0,1.0,0.0,0,0.06032,-0.7768,48.36265,9.31915,64.0,79.0,70500.0,0.0,0.74703,0.0001,0.0,0.0,0.0
YPL047W,1,0.0,0.23014603191025537,0.003407842436678424,0.0,0.0,1.0,0.0,0,0.05051,-0.6101,51.28384,6.70819,11.0,11.0,6335.0,0.0,0.56139,0.00059,0.0,0.0,0.0
YNL314W,1,0.0,0.2164902058218928,0.0001866017222328813,0.0,0.0,0.0,0.0,0,0.05882,-0.75412,52.44745,7.13617,34.0,34.0,18700.0,0.0,0.64309,0.00025,0.0,0.0,0.0
YNL316C,1,0.0,0.0002933626696002933,1.680004841240319e-11,0.0,0.0,0.0,0.0,0,0.09281,-0.37874,44.8168,5.77899,41.0,33.0,42370.0,0.0,1.10844,0.00015,0.0,0.0,0.0
YNL321W,1,0.0,0.18574642845994166,2.218945884733764e-05,0.0,1.0,0.0,0.0,0,0.11564,0.04295,46.34402,6.68243,71.0,65.0,149140.0,0.0,1.45506,7e-05,0.0,0.0,0.5
YAL056C-A,1,0.0,0.21892230225300435,0.0010171948161517507,0.0,0.0,0.0,0.0,0,0.0,0.0,0.0,0.0,0.0,0.0,0.0,0.0,0.0,0.0,0.0,0.0,0.0
YGL203C,1,0.0,0.21892230225300435,0.0010171948161517507,0.0,0.0,0.0,0.0,0,0.0,0.0,0.0,0.0,0.0,0.0,0.0,0.0,0.0,0.0,0.0,0.0,0.0
YNL327W,1,0.0,0.19215264190116926,0.0001097129509997031,0.0,0.0,0.0,0.0,0,0.06628,-0.06494,36.04987,4.6795,77.0,44.0,73745.0,0.0,0.67953,4e-05,0.0,0.0,0.0
YNR004W,1,0.0,0.16326408981579987,1.2660964712289859e-06,0.0,0.0,0.5,0.0,0,0.09589,-0.45685,37.03493,5.33295,24.0,20.0,21680.0,0.0,1.2681,0.00031,0.0,0.0,0.0
YPL157W,2,0.000214568661971831,0.1965193414963766,2.942104725927016e-05,0.0,1.0,0.5,0.0,0,0.12063,-0.56698,45.11016,9.53448,33.0,53.0,56350.0,0.0,1.54271,0.00026,0.0,0.0,0.5
YNR024W,1,0.0,0.22705665755578994,0.0002801933827298521,0.0,1.0,0.3333333333333333,0.0,0,0.06452,-1.46075,37.62097,9.28583,35.0,42.0,11460.0,0.0,0.54204,0.00044,0.0,0.0,0.5
YJL045W,1,0.0,0.1881179407588875,2.4098357832848234e-05,0.0,1.0,0.0,0.0,0,0.07256,-0.34369,38.06483,6.94611,73.0,71.0,64050.0,0.0,0.92315,0.0001,0.0,0.0,0.5
YNR030W,1,0.0,0.22199082315707028,0.001603208098710916,0.0,0.0,0.5,0.0,0,0.14156,0.39782,30.88931,6.60858,45.0,43.0,89770.0,0.0,1.43239,0.00011,0.0,0.0,0.0
YNL292W,1,0.0,0.18795907148720029,1.6589202039937823e-05,0.0,1.0,0.5,0.0,0,0.06452,-0.6129,39.95931,6.16022,63.0,59.0,29130.0,0.0,0.64343,0.00014,0.0,0.0,0.5
YNR065C,1,0.0,0.00022002200220022002,4.36630699855352e-12,0.0,1.0,0.0,0.0,0,0.1138,-0.47966,36.34375,4.93683,175.0,124.0,118685.0,0.0,0.94798,4e-05,0.0,0.0,0.5
YLR174W,1,0.0,0.00022002200220022002,4.36630699855352e-12,0.0,1.0,0.0,0.0,0,0.09223,-0.31044,24.33665,5.82123,60.0,53.0,52955.0,0.0,1.13731,0.00013,0.0,0.0,0.5
YNR075W,1,0.0,0.0002933626696002933,1.680004841240319e-11,0.0,1.0,0.0,0.0,0,0.14439,-0.16711,42.10404,7.47723,42.0,43.0,103120.0,0.0,2.35079,0.00017,0.0,0.0,0.5
YLL012W,2,0.0,0.00044004400440044003,2.3758850191347864e-11,0.0,2.0,0.0,0.0,0,0.1274,-0.28534,38.16736,6.17426,72.0,63.0,103665.0,0.0,1.55871,9e-05,0.0,0.0,0.5
YGR233C,1,0.0,0.18424919133454018,3.961950264513663e-05,0.0,1.0,0.5,0.0,0,0.08489,-0.33981,41.02465,5.53253,155.0,125.0,90785.0,0.0,0.67736,4e-05,0.0,0.0,0.5
YKL003C,1,0.0,0.21548630199342805,0.0005160597489817987,0.0,1.0,0.0,0.0,0,0.05344,-0.21145,34.32977,9.83807,15.0,23.0,5960.0,0.0,0.39679,0.00065,0.0,0.0,0.5
YOR044W,1,0.0,0.21548630199342805,0.0005160597489817987,0.0,0.0,0.0,0.0,0,0.0,0.0,0.0,0.0,0.0,0.0,0.0,0.0,0.0,0.0,0.0,0.0,0.0
YOL015W,3,7.808560625360838e-06,0.20961153912555922,0.00034049254826142115,0.0,0.0,0.0,0.0,0,0.10239,-0.5029,42.49403,9.73785,55.0,88.0,66570.0,0.0,0.98347,0.00014,0.0,0.0,0.0
YJR003C,1,0.0,0.15703157155182265,1.4795542193413374e-06,0.0,0.0,0.0,0.0,1,0.09056,-0.29326,39.49426,5.68903,77.0,66.0,48540.0,0.0,0.81218,0.0001,0.08971985818844534,0.0,0.0
YLR412W,1,0.0,0.1766596979704655,5.202388509600747e-06,0.0,0.0,0.0,0.0,0,0.10949,-0.51387,39.08504,6.67084,40.0,39.0,34755.0,0.0,1.09614,0.00021,0.0,0.0,0.0
YOL039W,1,0.0,0.16975244632166642,1.5115108962019021e-06,0.0,1.0,0.0,0.0,0,0.03774,-0.10566,43.13208,3.98492,24.0,7.0,2980.0,0.0,0.27732,0.00037,0.0,0.0,0.5
YOL052C,1,0.0,0.17986062652881765,7.80543634870703e-05,0.0,0.0,0.0,0.0,0,0.13384,-0.46061,40.90207,5.37885,58.0,44.0,62310.0,0.0,1.34777,0.00012,0.0,0.0,0.0
YOL056W,1,0.0,0.00022002200220022002,4.36630699855352e-12,0.0,0.0,0.0,0.0,0,0.07921,-0.66502,43.44789,5.80719,45.0,40.0,33390.0,0.0,0.95775,0.00017,0.0,0.0,0.0
YLR387C,1,0.0,0.00022002200220022002,4.36630699855352e-12,0.0,0.0,0.0,0.0,0,0.07639,-0.85417,44.22618,7.5733,62.0,63.0,31955.0,0.0,0.6431,0.00015,0.0,0.0,0.0
YER163C,1,0.0,0.1774082560127132,5.745360121785154e-06,0.0,1.0,0.5,0.0,0,0.08621,-0.46767,28.49828,5.75616,30.0,22.0,31860.0,0.0,1.21172,0.00022,0.0,0.0,0.5
YOL063C,1,0.0,0.20152996188910224,3.488244672033446e-05,0.0,1.0,0.0,0.0,0,0.11808,-0.37106,40.03887,5.44281,124.0,99.0,142580.0,0.0,1.29957,5e-05,0.0,0.0,0.5
YOL065C,2,1.572725702735541e-05,0.19922280176759788,2.7683093234998216e-05,0.0,1.0,0.3333333333333333,0.0,0,0.11198,-0.27083,38.2737,7.54938,40.0,41.0,70455.0,0.0,1.60862,0.00017,0.0,0.0,0.5
YOL085C,1,0.0,0.16486815042765926,1.5548106075769018e-06,0.0,1.0,0.0,0.0,0,0.0885,-0.90442,54.86637,9.29938,13.0,21.0,21845.0,0.0,1.70913,0.00073,0.0,0.0,0.5
YOL094C,1,0.0,0.00022002200220022002,4.36630699855352e-12,0.0,1.0,1.0,0.0,1,0.04644,-0.18266,40.23034,9.16498,35.0,42.0,21805.0,0.0,0.6032,0.00025,0.08971985818844534,0.08233295696528463,0.5411664784826423
YNL290W,1,0.0,0.00022002200220022002,4.36630699855352e-12,0.0,1.0,1.0,0.0,1,0.06471,-0.35676,38.49503,6.06683,49.0,46.0,28015.0,0.0,0.73332,0.00016,0.08971985818844534,0.08233295696528463,0.5411664784826423
YOL095C,1,0.0,0.19441419660333004,2.8647375932536266e-05,0.0,1.0,0.0,0.0,0,0.08924,-0.27025,35.62239,8.76422,74.0,83.0,83865.0,0.0,1.04083,0.00011,0.0,0.0,0.5
YOL099C,2,1.1828785211267609e-06,0.20336170002496065,7.706621813721425e-05,0.0,1.0,0.0,0.0,0,0.12883,0.72331,25.66687,4.25836,21.0,11.0,13240.0,0.0,0.721,0.00023,0.0,0.0,0.5
YBR248C,1,0.0,0.17926589471020526,7.923410192751388e-06,0.0,1.0,0.0,0.0,0,0.09601,-0.33967,35.61232,5.34393,77.0,63.0,60375.0,0.0,0.98866,9e-05,0.0,0.0,0.5
YOL104C,2,5.950977297530614e-06,0.2090623023838944,0.0002537485718741543,0.0,0.0,0.5,0.0,0,0.10795,-0.2321,40.77557,7.55499,38.0,39.0,39640.0,0.0,0.97025,0.00018,0.0,0.0,0.0
YOL107W,2,6.148880528936456e-05,0.1886045756352987,6.973538762650545e-05,0.0,1.0,0.0,0.0,0,0.1345,0.37018,34.42105,9.41681,24.0,33.0,48275.0,0.0,1.21472,0.00024,0.0,0.0,0.5
YOL110W,1,0.0,0.15439421630286,6.07682601503564e-07,0.0,0.0,0.5,0.0,0,0.10127,-0.30549,50.35194,5.09894,34.0,22.0,27555.0,0.0,1.03819,0.00019,0.0,0.0,0.0
YGR174C,1,0.0,0.18571379843298338,3.4670332242691975e-05,0.0,1.0,0.0,0.0,0,0.09524,-0.89592,65.16395,9.15265,22.0,25.0,42970.0,0.0,2.45099,0.00052,0.0,0.0,0.5
YOL117W,1,0.0,0.17584427770787722,4.306477097005688e-06,0.0,0.0,0.5,0.0,0,0.10698,-0.36636,44.62341,4.86639,113.0,84.0,62895.0,0.0,0.82337,6e-05,0.0,0.0,0.0
YOL126C,1,0.0,0.2137976232528961,0.00015029403248971316,0.0,1.0,0.0,0.0,0,0.0504,0.03873,46.48408,6.40924,34.0,31.0,15525.0,0.0,0.38117,0.00016,0.0,0.0,0.5
YOL144W,1,0.0,0.1983909542725326,3.2068917216493985e-05,0.0,0.0,0.5,0.0,1,0.09298,-1.08988,45.1188,5.68427,92.0,81.0,63410.0,0.0,1.11314,0.0001,0.08971985818844534,0.07606989737809992,0.5
YOL152W,2,0.000429137323943662,0.22138648187629087,0.0001808173215957511,0.0,1.0,0.0,0.0,0,0.1371,0.10242,42.46669,8.86163,52.0,63.0,112785.0,0.0,1.59066,0.00012,0.0,0.0,0.5
YOL153C,1,0.0,0.2136463997533993,0.0002578979059575116,0.0,0.0,0.0,0.0,0,0.0,0.0,0.0,0.0,0.0,0.0,0.0,0.0,0.0,0.0,0.0,0.0,0.0
YOL159C,1,0.0,0.2137976232528961,0.00015029403248971316,0.0,0.0,0.0,0.0,0,0.14035,-0.37719,32.48246,4.27264,21.0,8.0,29965.0,0.0,1.5309,0.00022,0.0,0.0,0.0
YOR002W,6,0.00013147406508360614,0.20704578879352878,0.00025637256838268374,0.06666666666666667,0.0,0.0,0.0,0,0.0,0.0,0.0,0.0,0.0,0.0,0.0,0.0,0.0,0.0,0.0,0.0,0.0
YOR003W,1,0.0,0.00022002200220022002,4.36630699855352e-12,0.0,0.0,0.0,0.0,0,0.09205,-0.25523,31.43808,5.22552,62.0,42.0,51630.0,0.0,0.99119,0.0001,0.0,0.0,0.0
YKL201C,1,0.0,0.00022002200220022002,4.36630699855352e-12,0.0,0.0,0.0,0.0,0,0.10866,-0.99474,51.4018,6.11188,205.0,192.0,152710.0,0.0,1.09564,4e-05,0.0,0.0,0.0
YFR016C,1,0.0,0.16352293852741812,9.519522465742512e-07,0.0,0.0,0.0,0.0,0,0.02514,-1.13974,49.82993,4.39728,319.0,158.0,24910.0,0.0,0.18091,3e-05,0.0,0.0,0.0
YOR018W,1,0.0,0.00022002200220022002,4.36630699855352e-12,0.0,1.0,0.0,0.0,0,0.05974,-0.50538,52.83202,8.88422,83.0,91.0,52425.0,0.0,0.56769,0.0001,0.0,0.0,0.5
YMR178W,1,0.0,0.00022002200220022002,4.36630699855352e-12,0.0,1.0,0.0,0.0,0,0.08759,-0.32555,30.22737,5.70673,40.0,34.0,24255.0,0.0,0.77879,0.00018,0.0,0.0,0.5
YDR191W,1,0.0,0.19922280176759788,0.00024633265993166887,0.0,0.0,0.0,0.0,0,0.0,0.0,0.0,0.0,0.0,0.0,0.0,0.0,0.0,0.0,0.0,0.0,0.0
YPL200W,2,1.1256606993040024e-05,0.20557623676806186,0.00033103475258472323,0.0,0.0,0.6666666666666666,0.0,0,0.12179,0.19231,28.45,5.15472,17.0,13.0,32220.0,0.0,1.75998,0.00028,0.0,0.0,0.0
YOR037W,4,0.00043773544067354694,0.2261701444252571,0.0002739858723447224,0.0,2.56951596292482,0.0,0.0,0,0.10929,-0.4459,50.75139,9.60028,34.0,52.0,56185.0,0.0,1.32614,0.00023,0.0,0.0,0.5
YLL010C,1,0.0,0.20163566614147588,0.00017911554073642933,0.0,1.0,0.0,0.0,0,0.05621,-0.82927,59.27471,4.99384,65.0,45.0,25370.0,0.0,0.52931,0.0001,0.0,0.0,0.5
YOR050C,1,0.0,0.1771481375023682,8.080548481919217e-06,0.0,0.0,0.0,0.0,0,0.06957,0.16783,50.73574,9.33685,8.0,13.0,3480.0,0.0,0.28159,0.00076,0.0,0.0,0.0
YOR054C,1,0.0,0.0002933626696002933,1.680004841240319e-11,0.0,1.0,0.0,0.0,0,0.04451,-0.86988,45.27227,4.48102,127.0,73.0,40700.0,0.0,0.55263,6e-05,0.0,0.0,0.5
YMR195W,1,0.0,0.1859833395047294,2.270291067658739e-05,0.0,0.0,0.0,0.0,0,0.11811,-0.68268,41.10945,4.55475,16.0,8.0,16180.0,0.0,1.12859,0.00032,0.0,0.0,0.0
YOR065W,1,0.0,0.1649453208378138,1.014052406034799e-06,0.0,0.0,0.0,0.0,0,0.10356,-0.39612,31.83595,8.21844,33.0,35.0,54360.0,0.0,1.59628,0.00024,0.0,0.0,0.0
YOR067C,11,0.0011969442545330673,0.2417645183419491,0.005456770450020068,0.0,0.0,0.5,0.0,0,0.18024,0.48718,32.78269,9.52386,35.0,59.0,126710.0,0.0,1.88041,0.00014,0.0,0.0,0.0
YLR034C,1,0.0,0.20235934298315703,0.00018992636540857383,0.0,0.0,0.3333333333333333,0.0,0,0.10782,0.7129,26.11884,8.39276,29.0,33.0,56030.0,0.0,1.08219,0.00016,0.0,0.0,0.0
YIL094C,1,0.0,0.16876334718118818,3.1620460988145e-06,0.0,1.0,0.0,0.0,0,0.0566,-0.11536,30.62372,8.14606,43.0,45.0,15525.0,0.0,0.38746,0.0002,0.0,0.0,0.5
YFL055W,1,0.0,0.18973004263814752,3.394820518713191e-05,0.0,0.0,0.0,0.0,0,0.13262,0.47294,35.07801,7.10944,41.0,41.0,106855.0,0.0,1.75026,0.00012,0.0,0.0,0.0
YNL320W,1,0.0,0.16557826032025655,8.022976063424952e-06,0.0,0.0,0.0,0.0,0,0.12676,0.01092,37.65884,7.63007,28.0,29.0,49110.0,0.0,1.52006,0.00024,0.0,0.0,0.0
YOR095C,1,0.0,0.0002933626696002933,1.680004841240319e-11,0.0,1.0,0.0,0.0,1,0.07364,-0.23837,31.14926,5.62799,37.0,32.0,16180.0,0.0,0.57259,0.0002,0.08971985818844534,0.0,0.5
YMR075W,1,0.0,0.1695074834777341,4.983588329037364e-06,0.0,0.0,1.0,0.0,0,0.0848,-0.92968,46.79137,8.95319,86.0,102.0,74185.0,0.0,0.94101,0.00011,0.0,0.0,0.0
YOR103C,1,0.0,0.15883049843445884,1.1149251669718629e-06,0.0,1.0,0.5,0.0,1,0.14615,0.68385,30.50615,9.43231,6.0,13.0,3605.0,0.0,0.24528,0.00064,0.08971985818844534,0.07606989737809992,0.53803494868905
YOR108W,1,0.0,0.1935776237271244,6.3284853250094e-05,0.0,0.0,0.0,0.0,0,0.07947,-0.3505,38.31755,6.31403,74.0,69.0,67810.0,0.0,1.00909,9e-05,0.0,0.0,0.0
YML129C,1,0.0,0.18076788741585226,5.9283202559217116e-06,0.0,1.0,0.0,0.0,0,0.1,-0.59,68.66143,6.55011,6.0,6.0,14440.0,0.0,1.81432,0.00082,0.0,0.0,0.5
YJL008C,1,0.0,0.17257899809488766,5.001305267807691e-06,0.0,1.0,0.0,0.0,1,0.04049,-0.08944,32.64806,5.51996,75.0,63.0,22640.0,0.0,0.36717,9e-05,0.08971985818844534,0.0,0.5
YOR119C,1,0.0,0.16325778666971785,1.0076094834277344e-05,0.0,1.0,0.0,0.0,1,0.09504,-0.7938,39.87603,6.1286,88.0,81.0,37165.0,0.0,0.66222,0.00011,0.08971985818844534,0.0,0.5
YOR131C,1,0.0,0.17992184786278484,1.1398472661599964e-05,0.0,0.0,0.5,0.0,0,0.05963,-0.21789,47.88349,6.17706,31.0,28.0,8855.0,0.0,0.35648,0.00025,0.0,0.0,0.0
YDR443C,2,0.0,0.22748416753558728,0.0014233099886428221,1.0,1.0,1.0,2.5,0,0.08028,-0.45796,47.02868,5.47906,177.0,140.0,128965.0,0.0,0.80604,3e-05,0.0,0.0,0.5
YOL103W-B,1,0.0,0.1683937237304489,1.5514544695807052e-06,0.0,0.0,0.5,0.0,0,0.08148,-0.65117,48.33551,8.22479,192.0,198.0,193480.0,0.0,0.97416,4e-05,0.0,0.0,0.0
YGR281W,1,0.0,0.2135277312825203,0.001136232989348046,0.0,1.0,0.0,0.0,0,0.09546,-0.07955,38.56758,7.70953,177.0,179.0,149725.0,0.0,0.89803,5e-05,0.0,0.0,0.5
YOR146W,1,0.0,0.21339842502619258,0.0010177756512525379,0.0,1.0,0.0,0.0,1,0.08911,0.85941,61.33366,7.72211,4.0,5.0,5875.0,0.0,0.54725,0.00072,0.08971985818844534,0.0,0.5
YOR148C,1,0.0,0.15953156488169284,9.655408591333317e-07,0.0,0.0,0.5,0.0,1,0.04865,-0.93892,44.84919,8.7868,32.0,35.0,13980.0,0.0,0.67706,0.00043,0.08971985818844534,0.07606989737809992,0.5
YER090W,1,0.0,0.18716873325007888,1.7169725632010206e-05,0.0,1.0,0.0,0.0,0,0.07692,-0.33669,40.08582,5.56146,67.0,55.0,44530.0,0.0,0.78444,0.0001,0.0,0.0,0.5
YOR158W,5,0.00037752810242164703,0.23355258976687462,0.0005750420537537209,0.1,4.233634311512415,0.0,10.0,0,0.06289,-0.72201,39.26635,9.79865,35.0,55.0,10430.0,0.0,0.28974,0.00027,0.0,0.0,0.5
YOR173W,1,0.0,0.2113294947685673,0.00029302766409265095,0.0,0.0,0.0,0.0,0,0.10765,-0.45382,46.05722,6.14813,49.0,42.0,59945.0,0.0,1.46422,0.00015,0.0,0.0,0.0
YCL034W,1,0.0,0.2093417420950016,0.00033145570907819214,0.0,1.0,0.0,0.0,0,0.08192,-0.68277,47.22034,5.32111,51.0,42.0,33935.0,0.0,0.85111,0.00013,0.0,0.0,0.5
YDR344C,1,0.0,0.1598270160374568,3.853732848178135e-06,0.0,0.0,0.0,0.0,0,0.17007,-0.36939,61.47966,8.60248,12.0,16.0,32065.0,0.0,1.83231,0.00049,0.0,0.0,0.0
YOR221C,1,0.0,0.18436968914889398,8.1265953679112e-06,0.0,1.0,0.0,0.0,0,0.08056,-0.32056,46.18058,6.45502,36.0,34.0,32860.0,0.0,0.80724,0.00016,0.0,0.0,0.5
YOR226C,2,0.000650504913181496,0.20391084918116656,5.961352869283774e-05,0.0,1.5122235157159487,0.0,0.0,0,0.05128,-0.15064,32.77564,9.58929,13.0,22.0,6335.0,0.0,0.3742,0.00057,0.0,0.0,0.5
YIL014W,1,0.0,0.19691283773313303,0.000150125159102363,0.0,0.0,0.0,0.0,0,0.11905,-0.35286,38.22589,5.41083,83.0,69.0,96355.0,0.0,1.3307,7e-05,0.0,0.0,0.0
YOR236W,1,0.0,0.18996869677983075,5.951644639805217e-05,0.0,0.0,0.0,0.0,1,0.09953,-0.44218,37.14455,7.67267,28.0,29.0,25815.0,0.0,1.06407,0.00032,0.08971985818844534,0.0,0.0
YOR172W,1,0.0,0.1854206432657648,2.528766933316264e-05,0.0,0.0,0.5,0.0,0,0.1056,-0.35216,50.69749,6.92157,96.0,95.0,110555.0,0.0,1.21378,8e-05,0.0,0.0,0.0
YOR245C,3,0.0002910873395856874,0.21176339277475245,0.00030162178094669367,0.0,0.0,0.5,0.0,0,0.13158,-0.10981,39.83567,9.60297,32.0,53.0,65165.0,0.0,1.36583,0.0002,0.0,0.0,0.0
YDR211W,1,0.0,0.1833544287525054,3.0499255280841077e-05,0.0,0.0,0.0,0.0,1,0.08427,-0.39874,47.33385,4.65582,122.0,75.0,95490.0,0.0,1.17656,6e-05,0.05900181244167522,0.0,0.0
YFR022W,1,0.0,0.2134091945656842,0.0010859357260040606,0.0,1.0,0.0,0.0,0,0.06412,-0.34584,61.68378,8.54083,67.0,73.0,47800.0,0.0,0.59969,0.00011,0.0,0.0,0.5
YHR067W,1,0.0,0.2134091945656842,0.0010859357260040606,0.0,1.0,0.0,0.0,0,0.11786,-0.44321,50.83643,8.94196,30.0,37.0,42705.0,0.0,1.29195,0.00027,0.0,0.0,0.5
YJL055W,1,0.0,0.2134091945656842,0.0010859357260040606,0.0,1.0,0.0,0.0,0,0.07755,-0.33918,36.88616,5.41254,34.0,25.0,27430.0,0.0,1.02106,0.0002,0.0,0.0,0.5
YLR334C,1,0.0,0.2134091945656842,0.0010859357260040606,0.0,0.0,0.0,0.0,0,0.09524,0.95714,39.9381,6.88202,8.0,8.0,6335.0,0.0,0.44207,0.00048,0.0,0.0,0.0
YMR014W,1,0.0,0.2134091945656842,0.0010859357260040606,0.0,1.0,1.0,0.0,0,0.06551,-1.27881,49.142,8.86273,92.0,101.0,57800.0,0.0,0.96248,0.00015,0.0,0.0,0.5
YOL043C,1,0.0,0.2134091945656842,0.0010859357260040606,0.0,1.0,0.3333333333333333,0.0,0,0.07632,-0.38421,42.44529,8.77557,51.0,59.0,65900.0,0.0,1.50307,0.0002,0.0,0.0,0.5
YEL019C,1,0.0,0.19768609182922875,0.000988240133528984,0.0,0.0,0.5,0.0,1,0.06742,-0.60524,49.87865,5.03241,39.0,29.0,28515.0,0.0,0.93941,0.00017,0.08971985818844534,0.07606989737809992,0.5
YOR273C,1,0.0,0.00022002200220022002,4.36630699855352e-12,0.0,0.0,0.0,0.0,0,0.11229,0.07815,43.80215,8.34613,60.0,63.0,104905.0,0.0,1.4327,0.00011,0.0,0.0,0.0
YEL072W,1,0.0,0.00022002200220022002,4.36630699855352e-12,0.0,0.0,0.0,0.0,0,0.11688,-0.32251,26.39784,8.2536,28.0,30.0,21235.0,0.0,0.79192,0.00031,0.0,0.0,0.0
YOR274W,1,0.0,0.18533937545227175,1.517447697309876e-05,0.0,0.0,0.3333333333333333,0.0,0,0.09112,-0.75584,35.3972,9.09613,59.0,71.0,77195.0,0.0,1.53665,0.00018,0.0,0.0,0.0
YOR282W,1,0.0,0.12542497969209646,3.1278790643153484e-09,0.0,0.0,0.0,0.0,1,0.13208,0.30094,63.9434,10.59515,2.0,10.0,10220.0,0.0,0.84079,0.00087,0.08971985818844534,0.0,0.0
YOR285W,7,0.0017498135704073657,0.2253025302530253,0.00024259735168221478,0.0,4.444208289054198,0.0,0.0,0,0.09353,-0.51871,37.04971,5.91486,17.0,14.0,25565.0,0.0,1.65866,0.00038,0.0,0.0,0.5
YNL208W,1,0.0,0.1826495849308497,7.657303548962257e-06,0.0,1.0,0.0,0.0,0,0.09548,-1.18392,39.15884,6.97186,12.0,12.0,12950.0,0.0,0.64265,0.00035,0.0,0.0,0.5
YPR085C,2,0.001072843309859155,0.20512748922236393,5.2469873337549125e-05,0.0,1.6733812949640288,1.0,0.0,1,0.09707,-0.19797,42.42573,7.12323,52.0,52.0,57840.0,0.0,1.14393,0.00014,0.08971985818844534,0.08233295696528463,0.5246007760493864
YDR387C,1,0.0,0.1718426198926785,5.433242989266273e-06,0.0,0.0,0.0,0.0,0,0.11532,0.49369,44.30991,8.41901,38.0,42.0,68520.0,0.0,1.114,0.00014,0.0,0.0,0.0
YKR017C,1,0.0,0.16854809638961427,1.318930372108947e-06,0.0,1.0,0.0,0.0,0,0.10526,-0.46044,46.68626,5.72003,79.0,63.0,89665.0,0.0,1.41053,9e-05,0.0,0.0,0.5
YOR298W,1,0.0,0.16315070760133615,1.4367525398583595e-06,0.0,1.0,0.0,0.0,0,0.13152,-0.30167,36.98441,9.20563,56.0,68.0,74175.0,0.0,1.29595,0.00016,0.0,0.0,0.5
YGL234W,2,0.005036311619718311,0.19635508870352117,4.680740666722539e-05,0.0,1.7703296703296703,0.0,0.0,0,0.06733,0.00561,33.8419,5.08099,93.0,66.0,60570.0,0.0,0.70375,6e-05,0.0,0.0,0.5
YOR299W,15,0.007217626055227905,0.24544101168489363,0.0017373939734748262,0.0,2.531772575250836,0.0,0.0,0,0.08713,-0.16488,44.97803,5.04059,91.0,68.0,95865.0,0.0,1.1301,6e-05,0.0,0.0,0.5
YKR070W,1,0.0,0.19566459329627206,5.149625678895132e-05,0.0,0.0,0.0,0.0,0,0.10227,-0.28438,27.45795,8.76947,39.0,43.0,43110.0,0.0,1.09401,0.00022,0.0,0.0,0.0
YNL246W,2,0.000214568661971831,0.1956827020045827,5.154660124671841e-05,0.0,0.0,1.0,0.0,1,0.11364,-0.80682,47.34508,4.6441,59.0,36.0,44140.0,0.0,1.44179,0.00015,0.08971985818844534,0.08233295696528463,0.5
YOR301W,1,0.0,0.00022002200220022002,4.36630699855352e-12,0.0,0.0,0.0,0.0,0,0.0,0.0,0.0,0.0,0.0,0.0,0.0,0.0,0.0,0.0,0.0,0.0,0.0
YGR259C,1,0.0,0.00022002200220022002,4.36630699855352e-12,0.0,0.0,0.0,0.0,0,0.0,0.0,0.0,0.0,0.0,0.0,0.0,0.0,0.0,0.0,0.0,0.0,0.0
YOR305W,1,0.0,0.17601261978435095,5.100366642408159e-06,0.0,0.0,0.0,0.0,0,0.09504,-0.38595,26.02686,9.53119,22.0,35.0,38890.0,0.0,1.39061,0.00034,0.0,0.0,0.0
YOR307C,1,0.0,0.1604881851424734,1.0024695145855199e-06,0.0,0.0,0.0,0.0,0,0.12141,0.29934,40.23976,9.7027,24.0,44.0,46465.0,0.0,0.91283,0.00019,0.0,0.0,0.0
YOL035C,1,0.0,0.19013953193880542,6.076583625301615e-05,0.0,0.0,0.0,0.0,0,0.18,0.723,38.749,7.95282,4.0,5.0,14565.0,0.0,1.24748,0.00068,0.0,0.0,0.0
YOR325W,1,0.0,0.22811000055664213,0.0038085604475162874,0.0,0.0,0.0,0.0,0,0.10828,0.17707,29.70382,8.52057,11.0,15.0,2865.0,0.0,0.16975,0.0005,0.0,0.0,0.0
YNL120C,1,0.0,0.21934245501940103,0.0016690671207369161,0.0,0.0,0.0,0.0,0,0.0,0.0,0.0,0.0,0.0,0.0,0.0,0.0,0.0,0.0,0.0,0.0,0.0
YOR341W,2,1.7483377653382994e-06,0.19285370503575647,3.974143088116514e-05,0.0,2.0,0.5,0.0,1,0.07392,-0.46016,37.64718,6.64862,216.0,209.0,127460.0,0.0,0.68369,4e-05,0.05900181244167522,0.05277425862356333,0.5131935646558908
YOR345C,1,0.0,0.13681138795558032,3.709580314197641e-08,0.0,0.0,0.0,0.0,0,0.10345,0.27759,58.65431,9.0224,8.0,12.0,21470.0,0.0,1.66849,0.0007,0.0,0.0,0.0
YMR271C,1,0.0,0.19254636145701812,0.00019182518066390968,0.0,1.0,0.0,0.0,0,0.08811,0.06608,33.15242,8.67975,22.0,25.0,12295.0,0.0,0.49556,0.00035,0.0,0.0,0.5
YOR354C,1,0.0,0.19086040757894168,3.257773753676269e-05,0.0,0.0,0.0,0.0,0,0.09827,-0.44379,42.3951,8.2973,85.0,89.0,70680.0,0.0,0.88409,0.0001,0.0,0.0,0.0
YOR378W,1,0.0,0.00022002200220022002,4.36630699855352e-12,0.0,0.0,0.0,0.0,0,0.14951,0.50718,32.45944,8.57635,25.0,29.0,116725.0,0.0,2.0803,0.00015,0.0,0.0,0.0
YDR327W,1,0.0,0.00022002200220022002,4.36630699855352e-12,0.0,0.0,0.0,0.0,1,0.11111,-0.03889,32.1037,9.40741,8.0,13.0,15845.0,0.0,1.28789,0.00076,0.08971985818844534,0.0,0.0
YOR383C,1,0.0,0.18717701798508465,1.2371680721710966e-05,0.0,1.0,0.0,0.0,0,0.04902,0.01078,25.29559,4.18976,17.0,5.0,22460.0,0.0,1.13229,0.00021,0.0,0.0,0.5
YOR385W,1,0.0,0.21224167789194098,0.00012054562709400413,0.0,1.0,0.0,0.0,0,0.13793,-0.59897,46.78459,8.94855,33.0,40.0,33070.0,0.0,0.97084,0.00026,0.0,0.0,0.5
YOR393W,1,0.0,0.20502803347001367,5.2409257910082836e-05,0.0,1.0,0.0,0.0,0,0.07094,-0.15469,35.21352,5.1474,58.0,42.0,49235.0,0.0,1.04031,0.00011,0.0,0.0,0.5
YPL005W,2,5.233619916768512e-06,0.217671446456943,8.235548600783349e-05,0.0,1.0,0.0,0.0,0,0.10396,-0.53432,32.62561,9.74493,64.0,103.0,54540.0,0.0,0.77572,0.00014,0.0,0.0,0.5
YPL007C,1,0.0,0.19414642074831423,2.1740485996180103e-05,0.0,0.0,1.0,0.0,1,0.11395,-0.24082,33.0626,5.86932,69.0,61.0,105865.0,0.0,1.56414,9e-05,0.08971985818844534,0.08233295696528463,0.5
YGR161C,1,0.0,0.2255067827601873,0.0013729347109396079,0.0,1.0,0.5,0.0,0,0.02662,-0.77452,68.89202,9.99261,30.0,42.0,4720.0,0.0,0.1613,0.00034,0.0,0.0,0.5
YHL028W,1,0.0,0.2255067827601873,0.0013729347109396079,0.0,0.0,0.0,0.0,0,0.0,0.0,0.0,0.0,0.0,0.0,0.0,0.0,0.0,0.0,0.0,0.0,0.0
YJL101C,1,0.0,0.2255067827601873,0.0013729347109396079,0.0,0.0,0.0,0.0,0,0.0,0.0,0.0,0.0,0.0,0.0,0.0,0.0,0.0,0.0,0.0,0.0,0.0
YJR142W,1,0.0,0.2255067827601873,0.0013729347109396079,0.0,0.0,0.0,0.0,0,0.0,0.0,0.0,0.0,0.0,0.0,0.0,0.0,0.0,0.0,0.0,0.0,0.0
YML122C,1,0.0,0.2255067827601873,0.0013729347109396079,0.0,0.0,0.0,0.0,0,0.0,0.0,0.0,0.0,0.0,0.0,0.0,0.0,0.0,0.0,0.0,0.0,0.0
YMR306W,1,0.0,0.2255067827601873,0.0013729347109396079,0.0,1.0,0.0,0.0,0,0.1535,0.01574,35.55963,8.32123,173.0,182.0,338440.0,0.0,1.63119,4e-05,0.0,0.0,0.5
YOL119C,1,0.0,0.2255067827601873,0.0013729347109396079,0.0,0.0,0.0,0.0,0,0.0,0.0,0.0,0.0,0.0,0.0,0.0,0.0,0.0,0.0,0.0,0.0,0.0
YOL122C,1,0.0,0.2255067827601873,0.0013729347109396079,0.0,1.0,0.0,0.0,0,0.09043,0.4047,40.88643,6.15594,52.0,47.0,61695.0,0.0,0.97521,0.0001,0.0,0.0,0.5
YPL036W,2,1.347065564111793e-05,0.16948030901843741,1.1077643723265746e-06,0.0,1.0,0.0,0.0,0,0.0792,0.14477,34.65483,4.91351,114.0,80.0,117895.0,0.0,1.1539,5e-05,0.0,0.0,0.5
YPL040C,1,0.0,0.189076824963963,1.7233441376227883e-05,0.0,1.0,0.0,0.0,0,0.0978,-0.43363,42.48208,8.34796,119.0,125.0,163330.0,0.0,1.41054,7e-05,0.0,0.0,0.5
YER180C-A,1,0.0,0.21008014259620608,0.0003613370206802448,0.0,0.0,0.0,0.0,0,0.0,0.0,0.0,0.0,0.0,0.0,0.0,0.0,0.0,0.0,0.0,0.0,0.0
YPL061W,1,0.0,0.17388474815243357,5.957229131106066e-06,0.0,1.0,0.0,0.0,0,0.082,-0.1406,28.03622,5.31476,63.0,54.0,46715.0,0.0,0.85852,0.0001,0.0,0.0,0.5
YPL068C,1,0.0,0.19715153108858371,2.57756083701109e-05,0.0,1.0,1.0,0.0,0,0.04437,-0.62457,45.16113,10.09698,22.0,43.0,14565.0,0.0,0.44006,0.00031,0.0,0.0,0.5
YDR502C,2,2.1657307448058243e-05,0.20716750883397178,6.272643589512583e-05,0.0,1.456353591160221,0.0,0.0,0,0.08333,-0.30521,35.35,5.17889,56.0,45.0,44975.0,0.0,1.06436,0.00012,0.0,0.0,0.5
YHR144C,1,0.0,0.20542643625547882,5.896231991189554e-05,0.0,1.0,0.0,0.0,0,0.07051,-0.28942,38.48974,8.15729,38.0,41.0,19170.0,0.0,0.53779,0.00023,0.0,0.0,0.5
YPL060C-A,1,0.0,0.20542643625547882,5.896231991189554e-05,0.0,0.0,0.0,0.0,0,0.0,0.0,0.0,0.0,0.0,0.0,0.0,0.0,0.0,0.0,0.0,0.0,0.0
YPL074W,1,0.0,0.19650107761705538,2.9383194567043517e-05,0.0,1.0,0.0,0.0,0,0.05968,-0.71472,47.29219,9.63739,101.0,133.0,62925.0,0.0,0.7377,0.00011,0.0,0.0,0.5
YPL095C,4,2.9225946282586065e-06,0.2215256530105837,0.00022596046926284653,0.6666666666666666,0.0,0.0,6.333333333333333,0,0.11623,-0.39978,25.50618,7.26605,51.0,51.0,77070.0,0.0,1.49005,0.00014,0.0,0.0,0.0
YPL096C-A,1,0.0,0.1924412119012939,0.00015316540735740297,0.0,0.0,0.0,0.0,0,0.0,0.0,0.0,0.0,0.0,0.0,0.0,0.0,0.0,0.0,0.0,0.0,0.0
YPL096W,1,0.0,0.00022002200220022002,4.36630699855352e-12,0.0,0.0,0.5,0.0,0,0.12121,-0.69146,37.07052,6.22382,53.0,50.0,71080.0,0.0,1.67308,0.00015,0.0,0.0,0.0
YBR204C,1,0.0,0.00022002200220022002,4.36630699855352e-12,0.0,0.0,0.0,0.0,0,0.10933,-0.24507,34.36432,6.0932,49.0,44.0,60025.0,0.0,1.3867,0.00014,0.0,0.0,0.0
YMR133W,1,0.0,0.17585159023242117,4.9570753624831295e-06,0.0,0.0,0.5,0.0,0,0.05841,-0.68879,44.52173,9.25922,44.0,56.0,33305.0,0.0,0.6838,0.00019,0.0,0.0,0.0
YPL118W,2,0.0,0.00044004400440044003,2.3758850191347864e-11,0.0,2.0,0.0,0.0,0,0.09012,-0.5814,41.95174,9.95062,35.0,56.0,33920.0,0.0,0.85993,0.00025,0.0,0.0,0.5
YDR333C,1,0.0,0.0002933626696002933,1.680004841240319e-11,0.0,1.0,0.0,0.0,0,0.09682,-0.58326,52.54942,5.42596,105.0,84.0,91955.0,0.0,1.10225,7e-05,0.0,0.0,0.5
YGR244C,1,0.0,0.0002933626696002933,1.680004841240319e-11,0.0,1.0,0.0,0.0,1,0.06557,-0.32506,37.82412,7.08881,56.0,56.0,22515.0,0.0,0.48006,0.00015,0.08971985818844534,0.0,0.5
YPL125W,2,1.4691324428199726e-05,0.20301023477287722,0.0001252408915253816,0.0,1.9365079365079365,0.5,0.0,1,0.09787,-0.08062,43.37336,5.13641,132.0,100.0,145910.0,0.0,1.21977,4e-05,0.05900181244167522,0.05277425862356333,0.5136261405462479
YPL126W,1,0.0,0.16593561412333352,1.276185246535134e-05,0.0,1.0,0.5,0.0,1,0.0904,-0.32812,33.60939,5.90704,96.0,81.0,102510.0,0.0,1.01259,6e-05,0.05900181244167522,0.05277425862356333,0.5263871293117817
YPL130W,2,0.000214568661971831,0.1817858821390694,7.691403451491297e-06,0.0,0.0,0.0,0.0,0,0.09417,-0.20852,52.64529,4.07758,42.0,15.0,16515.0,0.0,0.66091,0.00016,0.0,0.0,0.0
YKL047W,1,0.0,0.15296448509021637,2.7122325630008574e-07,0.0,0.0,0.0,0.0,0,0.10659,-0.26202,43.582,5.2099,69.0,50.0,63800.0,0.0,1.0833,9e-05,0.0,0.0,0.0
YPL150W,1,0.0,0.00022002200220022002,4.36630699855352e-12,0.0,0.0,0.0,0.0,0,0.06881,-0.6677,50.36772,9.44318,102.0,133.0,78825.0,0.0,0.7832,9e-05,0.0,0.0,0.0
YNL253W,1,0.0,0.00022002200220022002,4.36630699855352e-12,0.0,0.0,1.0,0.0,0,0.08768,-0.32749,35.70976,8.87775,42.0,51.0,66110.0,0.0,1.40164,0.00019,0.0,0.0,0.0
YPL163C,1,0.0,0.17635762742176297,3.6115876273468367e-06,0.0,0.0,0.0,0.0,0,0.08846,-0.07654,20.90238,4.11481,21.0,6.0,31080.0,0.0,1.12565,0.00015,0.0,0.0,0.0
YDL142C,1,0.0,0.22867743836897209,0.002525031902242026,0.0,0.0,0.0,0.0,0,0.0,0.0,0.0,0.0,0.0,0.0,0.0,0.0,0.0,0.0,0.0,0.0,0.0
YPL190C,1,0.0,0.18383268227270494,8.539190571092705e-06,0.0,0.0,1.0,0.0,1,0.0586,-1.2187,73.40724,4.39252,148.0,66.0,43000.0,0.0,0.47547,5e-05,0.05900181244167522,0.055714552844473776,0.5
YJL024C,1,0.0,0.18957693850618812,9.432370938822843e-05,0.0,0.0,0.0,0.0,0,0.09794,-0.06649,35.86345,4.33014,27.0,13.0,18700.0,0.0,0.85242,0.0002,0.0,0.0,0.0
YPL207W,1,0.0,0.1840967866921651,7.788340089004481e-06,0.0,0.0,1.0,0.0,1,0.09259,-0.4516,35.32149,8.48114,101.0,111.0,102825.0,0.0,1.14499,9e-05,0.05900181244167522,0.055714552844473776,0.5
YAR069C,1,0.0,0.19590026824418752,0.00019562698645564844,0.0,0.0,0.0,0.0,0,0.1134,0.95876,14.90928,5.30487,8.0,4.0,14355.0,0.0,1.31494,0.00049,0.0,0.0,0.0
YPL216W,1,0.0,0.14642831089438804,9.91247031078374e-08,0.0,1.0,1.0,0.0,0,0.098,-0.52187,39.11208,7.03827,161.0,160.0,134880.0,0.0,1.05266,5e-05,0.0,0.0,0.5
YPL220W,1,0.0,0.2060068782734463,9.211852109895686e-05,0.0,0.0,0.0,0.0,0,0.07373,-0.27005,31.48249,9.73285,21.0,37.0,13450.0,0.0,0.54931,0.0004,0.0,0.0,0.0
YPL221W,1,0.0,0.00022002200220022002,4.36630699855352e-12,0.0,0.0,0.5,0.0,0,0.13115,0.11286,40.03874,8.29962,66.0,71.0,138475.0,0.0,1.55085,9e-05,0.0,0.0,0.0
YBR012C,1,0.0,0.00022002200220022002,4.36630699855352e-12,0.0,0.0,0.0,0.0,0,0.1223,-0.60432,41.16842,6.26984,15.0,14.0,28140.0,0.0,1.75145,0.00039,0.0,0.0,0.0
YIR042C,1,0.0,0.19019084241787498,2.9247364316537715e-05,0.0,1.0,0.0,0.0,0,0.12288,-0.48051,29.90042,6.07855,35.0,34.0,46785.0,0.0,1.70612,0.00022,0.0,0.0,0.5
YPL244C,2,6.384049281276394e-06,0.19329447320560553,5.569516619486432e-05,0.0,0.0,0.5,0.0,0,0.11799,0.38112,27.16109,9.76422,15.0,35.0,66515.0,0.0,1.74694,0.00026,0.0,0.0,0.0
YPL257W-B,1,0.0,0.17881107828318457,8.329076629570478e-06,0.0,0.0,0.5,0.0,0,0.08091,-0.65105,48.37141,8.14252,193.0,198.0,191990.0,0.0,0.96684,4e-05,0.0,0.0,0.0
YPL263C,1,0.0,0.17582234378275463,2.0120928274915977e-05,0.0,0.0,0.0,0.0,0,0.10138,-1.08141,48.3116,5.01117,124.0,93.0,118675.0,0.0,1.57327,7e-05,0.0,0.0,0.0
YPL266W,1,0.0,0.18659885227777917,9.30756416885465e-06,0.0,1.0,0.3333333333333333,0.0,1,0.07233,-0.29748,24.23931,9.57513,34.0,47.0,21805.0,0.0,0.60653,0.00027,0.08971985818844534,0.07069233844701739,0.5353461692235086
YOR233W,1,0.0,0.21475309483109198,0.002100935106746624,0.0,0.0,0.0,0.0,1,0.065,-0.817,50.70839,9.50323,92.0,118.0,69845.0,0.0,0.77531,0.00011,0.05900181244167522,0.0,0.0
YPL276W,2,0.000214568661971831,0.18988339426668308,3.194021593434874e-05,0.0,0.0,0.0,0.0,0,0.0,0.0,0.0,0.0,0.0,0.0,0.0,0.0,0.0,0.0,0.0,0.0,0.0
YDR494W,1,0.0,0.15865768169883435,9.444435118400158e-07,0.0,0.0,0.0,0.0,0,0.0,0.0,0.0,0.0,0.0,0.0,0.0,0.0,0.0,0.0,0.0,0.0,0.0
YPL283C,1,0.0,0.17629880723417962,4.714650544500947e-06,0.0,0.0,0.0,0.0,0,0.0,0.0,0.0,0.0,0.0,0.0,0.0,0.0,0.0,0.0,0.0,0.0,0.0
YPR001W,1,0.0,0.15683355673771582,6.873296695997954e-07,0.0,1.0,0.0,0.0,0,0.07613,-0.12366,35.49632,8.79352,43.0,49.0,51755.0,0.0,0.9618,0.00016,0.0,0.0,0.5
YDR460W,1,0.0,0.1830369731341831,2.0077420515834852e-05,0.0,1.0,1.0,0.0,1,0.09346,-0.81059,41.67383,5.8609,60.0,56.0,24380.0,0.0,0.63943,0.00015,0.08971985818844534,0.08233295696528463,0.5411664784826423
YGR087C,1,0.0,0.1807369829601672,3.094128440762357e-05,0.0,0.0,0.0,0.0,0,0.08526,-0.04867,30.50497,5.80231,60.0,51.0,63955.0,0.0,1.03857,9e-05,0.0,0.0,0.0
YPR033C,3,0.0004708306797716265,0.2006311709597681,5.28420495174538e-05,0.0,2.8669410150891634,0.0,0.0,1,0.07509,-0.27619,32.66595,7.54828,75.0,76.0,47955.0,0.0,0.79989,0.00013,0.08971985818844534,0.0,0.5
YPR037C,2,0.00023367024789572953,0.21390577117299975,0.00015050152379870316,0.0,1.4861367837338262,0.5,0.0,0,0.08673,-0.3898,45.54082,7.03864,28.0,28.0,29170.0,0.0,1.31745,0.00032,0.0,0.0,0.5
YPR058W,1,0.0,0.16268623053587628,1.4708422600230395e-06,0.0,0.0,0.0,0.0,0,0.08143,-0.03876,38.57235,9.44952,23.0,33.0,22055.0,0.0,0.66082,0.00028,0.0,0.0,0.0
YPR063C,1,0.0,0.17925069688945072,5.834802112726532e-06,0.0,0.0,0.5,0.0,0,0.08571,-0.04786,62.74786,6.55292,11.0,11.0,14815.0,0.0,0.95948,0.00042,0.0,0.0,0.0
YPR071W,1,0.0,0.18332263364629262,2.453166295885636e-05,0.0,0.0,0.5,0.0,0,0.14218,-0.15782,41.24123,9.75702,16.0,28.0,42775.0,0.0,1.73843,0.0004,0.0,0.0,0.0
YDR337W,1,0.0,0.20282522856343385,0.00014695624289238048,0.0,1.0,0.0,0.0,0,0.06643,-0.60559,55.53881,9.92438,38.0,57.0,14690.0,0.0,0.44439,0.0003,0.0,0.0,0.5
YBL020W,1,0.0,0.2213401303490726,0.00018059317630496246,0.0,1.0,0.5,0.0,1,0.15157,0.40645,35.20125,9.25177,41.0,55.0,84645.0,0.0,1.27843,0.00014,0.08971985818844534,0.07606989737809992,0.53803494868905
YDL086W,1,0.0,0.2213401303490726,0.00018059317630496246,0.0,1.0,0.0,0.0,0,0.10989,-0.21758,35.02967,5.91071,34.0,29.0,17265.0,0.0,0.55988,0.00019,0.0,0.0,0.5
YDL158C,1,0.0,0.2213401303490726,0.00018059317630496246,0.0,1.0,0.0,0.0,0,0.14706,0.72549,40.23627,8.67731,7.0,10.0,17585.0,0.0,1.46698,0.00072,0.0,0.0,0.5
YEL011W,1,0.0,0.2213401303490726,0.00018059317630496246,0.0,1.0,0.0,0.0,0,0.13778,-0.4142,25.78737,5.75861,94.0,74.0,129985.0,0.0,1.60249,7e-05,0.0,0.0,0.5
YER076C,1,0.0,0.2213401303490726,0.00018059317630496246,0.0,1.0,0.0,0.0,0,0.11921,-0.22086,40.60639,4.70612,31.0,17.0,69995.0,0.0,2.09155,0.00014,0.0,0.0,0.5
YGR053C,1,0.0,0.2213401303490726,0.00018059317630496246,0.0,1.0,0.0,0.0,0,0.07067,-0.40389,44.34629,9.23444,33.0,44.0,23795.0,0.0,0.73898,0.00029,0.0,0.0,0.5
YGR204W,1,0.0,0.2213401303490726,0.00018059317630496246,0.0,1.0,0.5,0.0,0,0.05814,-0.12431,33.87749,6.3736,107.0,100.0,43165.0,0.0,0.42234,6e-05,0.0,0.0,0.5
YGR291C,1,0.0,0.2213401303490726,0.00018059317630496246,0.0,1.0,0.0,0.0,0,0.06849,0.03973,49.3274,9.36871,7.0,12.0,3355.0,0.0,0.39694,0.00111,0.0,0.0,0.5
YJL066C,1,0.0,0.2213401303490726,0.00018059317630496246,0.0,1.0,0.0,0.0,0,0.09921,-0.63849,35.5425,5.58905,37.0,32.0,35200.0,0.0,1.2364,0.0002,0.0,0.0,0.5
YJL079C,1,0.0,0.2213401303490726,0.00018059317630496246,0.0,1.0,0.0,0.0,0,0.07358,-0.17559,30.42375,4.44952,27.0,11.0,47370.0,0.0,1.54633,0.00015,0.0,0.0,0.5
YKL134C,1,0.0,0.2213401303490726,0.00018059317630496246,0.0,1.0,0.0,0.0,0,0.09974,-0.38135,34.8614,7.49445,94.0,95.0,89335.0,0.0,1.01308,8e-05,0.0,0.0,0.5
YKL208W,1,0.0,0.2213401303490726,0.00018059317630496246,0.0,1.0,0.0,0.0,0,0.09594,-0.47897,47.62214,9.48334,26.0,37.0,40255.0,0.0,1.29203,0.0003,0.0,0.0,0.5
YLL022C,1,0.0,0.2213401303490726,0.00018059317630496246,0.0,1.0,1.0,0.0,0,0.05714,-0.77377,52.52,4.64093,78.0,44.0,16180.0,0.0,0.37257,0.00011,0.0,0.0,0.5
YLR201C,1,0.0,0.2213401303490726,0.00018059317630496246,0.0,1.0,0.0,0.0,0,0.11154,-0.34154,39.03038,8.86334,27.0,31.0,30620.0,0.0,1.02209,0.0003,0.0,0.0,0.5
YML019W,1,0.0,0.2213401303490726,0.00018059317630496246,0.0,1.0,0.5,0.0,0,0.1506,0.39337,50.0362,8.68365,21.0,26.0,55195.0,0.0,1.45671,0.00023,0.0,0.0,0.5
YMR184W,1,0.0,0.2213401303490726,0.00018059317630496246,0.0,1.0,0.0,0.0,0,0.05556,-0.47475,44.02581,9.07513,21.0,29.0,16470.0,0.0,0.74494,0.00041,0.0,0.0,0.5
YMR193W,1,0.0,0.2213401303490726,0.00018059317630496246,0.0,1.0,0.0,0.0,0,0.10465,-0.73256,44.77674,10.13165,27.0,57.0,38390.0,0.0,1.27759,0.00034,0.0,0.0,0.5
YMR315W,1,0.0,0.2213401303490726,0.00018059317630496246,0.0,1.0,0.0,0.0,0,0.08883,-0.17736,22.37507,6.16522,45.0,41.0,24660.0,0.0,0.6453,0.00016,0.0,0.0,0.5
YOL066C,1,0.0,0.2213401303490726,0.00018059317630496246,0.0,1.0,0.0,0.0,1,0.0846,-0.61117,25.67445,6.09772,85.0,76.0,70385.0,0.0,1.04997,9e-05,0.08971985818844534,0.0,0.5
YOL147C,1,0.0,0.2213401303490726,0.00018059317630496246,0.0,1.0,0.0,0.0,0,0.11017,0.06102,34.29114,9.84418,17.0,31.0,39795.0,0.0,1.48074,0.00037,0.0,0.0,0.5
YOR074C,1,0.0,0.2213401303490726,0.00018059317630496246,0.0,1.0,0.5,0.0,1,0.10855,-0.51283,42.21385,6.66693,45.0,44.0,39015.0,0.0,1.11322,0.00019,0.08971985818844534,0.07606989737809992,0.53803494868905
YOR079C,1,0.0,0.2213401303490726,0.00018059317630496246,0.0,1.0,0.0,0.0,0,0.08946,0.61821,22.90639,5.13324,26.0,15.0,41410.0,0.0,1.20351,0.00015,0.0,0.0,0.5
YPL097W,1,0.0,0.2213401303490726,0.00018059317630496246,0.0,1.0,0.0,0.0,0,0.08943,-0.2313,41.53931,9.22284,49.0,62.0,45685.0,0.0,0.82633,0.00017,0.0,0.0,0.5
YPR157W,1,0.0,0.2213401303490726,0.00018059317630496246,0.0,1.0,0.0,0.0,0,0.13276,-0.4242,33.36666,7.01117,55.0,54.0,121195.0,0.0,2.25233,0.00013,0.0,0.0,0.5
YPR133C,1,0.0,0.18566487488228978,2.207248514172866e-05,0.0,0.0,1.0,0.0,1,0.03415,-0.96976,47.381,6.96649,69.0,69.0,21430.0,0.0,0.46504,0.00015,0.08971985818844534,0.08233295696528463,0.5
YPR103W,1,0.0,0.2164902058218928,0.0001866017222328813,0.0,1.0,0.5,0.0,1,0.10453,-0.23101,26.25819,5.81561,32.0,27.0,51505.0,0.0,1.62804,0.00018,0.08971985818844534,0.07606989737809992,0.53803494868905
YPR104C,2,3.9164117905339415e-05,0.22638809306274596,0.00018614682880588074,0.0,1.529550827423168,1.0,0.0,1,0.04274,-0.90214,46.79479,5.60858,139.0,119.0,39100.0,0.0,0.37777,5e-05,0.05900181244167522,0.055714552844473776,0.518212717042668
YPR106W,2,1.2960749119241407e-05,0.18704455017334715,1.1045755440510894e-05,0.0,1.933085501858736,0.0,0.0,0,0.09932,-0.16456,55.00594,6.42804,41.0,37.0,49570.0,0.0,0.99668,0.00013,0.0,0.0,0.5
YPR108W,1,0.0,0.1584971210764255,1.6377477050524298e-06,0.0,1.0,0.0,0.0,1,0.10023,-0.39814,31.61611,5.16351,66.0,54.0,55865.0,0.0,1.14108,0.00011,0.08971985818844534,0.0,0.5
YPR123C,1,0.0,0.17992184786278484,1.1398472661599964e-05,0.0,0.0,0.0,0.0,0,0.04861,1.17153,35.08618,2.96686,27.0,1.0,3105.0,0.0,0.19686,0.00019,0.0,0.0,0.0
YAL064W-B,1,0.0,0.20585644972831427,0.00010464000914860862,0.0,0.0,0.0,0.0,0,0.03175,0.96825,28.08889,4.18158,17.0,0.0,3605.0,0.0,0.2716,0.00032,0.0,0.0,0.0
YPR015C,1,0.0,0.23292223576530058,0.004393877001776534,0.0,1.0,0.0,0.0,1,0.06478,-0.56437,72.39514,9.41583,14.0,27.0,28180.0,0.0,1.0146,0.00034,0.08971985818844534,0.0,0.5
YIL090W,1,0.0,0.22811000055664213,0.0038085604475162874,0.0,0.0,0.0,0.0,0,0.0,0.0,0.0,0.0,0.0,0.0,0.0,0.0,0.0,0.0,0.0,0.0,0.0
YOL054W,1,0.0,0.22811000055664213,0.0038085604475162874,0.0,1.0,1.0,0.0,0,0.06404,-1.22192,67.18771,4.2663,115.0,48.0,32775.0,0.0,0.69634,9e-05,0.0,0.0,0.5
YPR154W,19,0.01159312491801365,0.24649974877989114,0.0015983209163766435,0.0,13.801015228426396,0.5,0.0,0,0.08837,-0.8014,63.42791,6.82172,15.0,15.0,24535.0,0.0,1.04233,0.00029,0.0,0.0,0.5
YLR450W,1,0.0,0.19633685534028378,4.676063557122767e-05,0.0,1.0,0.6666666666666666,0.0,0,0.089,0.1266,41.78864,7.50372,95.0,96.0,103455.0,0.0,0.89424,6e-05,0.0,0.0,0.5
YNR033W,1,0.0,0.19633685534028378,4.676063557122767e-05,0.0,1.0,0.0,0.0,0,0.09276,-0.26633,40.06417,5.52057,97.0,79.0,104220.0,0.0,1.17705,6e-05,0.0,0.0,0.5
YOR063W,1,0.0,0.19633685534028378,4.676063557122767e-05,0.0,1.0,0.0,0.0,1,0.08786,-0.55297,21.86592,10.29376,36.0,76.0,56630.0,0.0,1.29419,0.00024,0.08971985818844534,0.0,0.5
YPR158W-A,2,0.000214568661971831,0.1684071362134222,1.5537703861021568e-06,0.0,0.0,0.0,0.0,0,0.0,0.0,0.0,0.0,0.0,0.0,0.0,0.0,0.0,0.0,0.0,0.0,0.0
YER159C-A,1,0.0,0.14337989320581265,5.425678822900218e-08,0.0,0.0,0.0,0.0,0,0.07955,-0.82455,51.29116,7.73492,38.0,39.0,45185.0,0.0,0.91974,0.00016,0.0,0.0,0.0
YDR358W,1,0.0,0.2034106109153414,0.00014124232060738211,0.0,0.0,0.0,0.0,0,0.0,0.0,0.0,0.0,0.0,0.0,0.0,0.0,0.0,0.0,0.0,0.0,0.0
YLR018C,1,0.0,0.2034106109153414,0.00014124232060738211,0.0,0.0,0.3333333333333333,0.0,0,0.08696,-0.47258,46.45786,9.80414,21.0,35.0,34045.0,0.0,0.99454,0.00029,0.0,0.0,0.0
YLR165C,1,0.0,0.2034106109153414,0.00014124232060738211,0.0,0.0,0.0,0.0,0,0.0,0.0,0.0,0.0,0.0,0.0,0.0,0.0,0.0,0.0,0.0,0.0,0.0
YPR169W,1,0.0,0.18055177790525734,2.7636944661809657e-05,0.0,0.0,0.5,0.0,1,0.05691,-0.60569,38.67622,5.02411,93.0,68.0,37815.0,0.0,0.68427,9e-05,0.08971985818844534,0.07606989737809992,0.5
YPR174C,3,0.00024321432469040827,0.21616926645123363,0.000511126916941969,0.0,1.0,0.25,0.0,0,0.0543,-0.88507,86.8652,9.89349,23.0,36.0,17210.0,0.0,0.67727,0.00039,0.0,0.0,0.5
YIL119C,1,0.0,0.17660067614612787,1.5301955604004995e-05,0.0,0.0,1.0,0.0,0,0.086,-0.92678,48.69708,9.15656,33.0,42.0,34880.0,0.0,0.74814,0.0002,0.0,0.0,0.0
YPR201W,1,0.0,0.00022002200220022002,4.36630699855352e-12,0.0,1.0,0.0,0.0,0,0.12129,0.60866,35.18396,8.867,24.0,31.0,77445.0,0.0,1.68921,0.00019,0.0,0.0,0.5
YLR171W,1,0.0,0.00022002200220022002,4.36630699855352e-12,0.0,1.0,0.0,0.0,0,0.14729,0.62791,47.56202,9.34711,3.0,10.0,29045.0,0.0,1.9773,0.00064,0.0,0.0,0.5
SNRNA_U5,1,0.0,0.16327039344861127,1.0288504685765922e-06,0.0,0.0,0.0,0.0,0,0.0,0.0,0.0,0.0,0.0,0.0,0.0,0.0,0.0,0.0,0.0,0.0,0.0
