No. of Cluster,silhouette,calinski,davies
2,0.96683904709052,9806.28806921044,0.4900647890217331
3,0.9597896083087597,13181.396620482714,0.450088048966168
4,0.9601308896280848,13847.395641275429,0.33512332621675495
5,0.9301722822159904,21063.335018375838,0.4018535139576471
6,0.9309858467710814,25275.63664629065,0.40258653247381937
7,0.8881499702270725,32230.845785935966,0.45540221720358104
8,0.8883271557587212,37793.27590305926,0.4591697136863794
9,0.8884971937601195,42371.88896845688,0.44560825346851524
10,0.8840931504749374,49016.39325937912,0.43650994748089245
