No. of Cluster,silhouette,calinski,davies
2,0.9696999449618641,10813.682057331931,0.4471174067092426
3,0.961162954030135,12186.233230757212,0.4418840380837768
4,0.9215946562074746,14435.155146437864,0.5229359391116717
5,0.9221693719802765,22977.858703148246,0.41833729963934496
6,0.9094289585016078,27948.447977632586,0.4174699091909411
7,0.9099456570030519,36584.00572053273,0.43101387663044244
8,0.9100988832210726,38405.3539672755,0.41981008445796153
9,0.8712525457035386,40636.56040969762,0.4366291051811528
10,0.8700459317225785,45600.32821971345,0.4490502142651979
