No. of Cluster,silhouette,calinski,davies
2,0.9717324327377599,11183.393164350346,0.40296690976702104
3,0.955838400312271,13437.9053124155,0.463572508607935
4,0.9490508599239577,16786.009224687812,0.3998603718622423
5,0.9335103308314264,25906.210952491132,0.39977279403972593
6,0.923175525023924,31222.66319800613,0.44023056711094616
7,0.9133137943047405,37276.27795551879,0.43400802974876396
8,0.9024514537339325,41241.062477733154,0.45994389556217263
9,0.8922166674509441,46474.00310469546,0.4360459160898162
10,0.8895974534927779,56363.97851745551,0.42510805381666855
